t_rel;t_epoch;ID;subID;lon;lat;alt;heading;speed;distance;yaw;pitch;roll;easting;northing;flightphase;satid;orbit_lat;orbit_lng;orbit_dist;uav_az;uav_elev;uav_dist;gain_az;gain_elev;gain_value;sat_sel;beam_sel;alpha;EIRP0;d_alpha;db_at_alpha;EIRP;Tsky_uav;Tsys_uav;Tsky_sat;Tsys_sat;terrain_shadowing;DEM_x;DEM_y;DEM_z;DEM_dist;DEM_min_dz;atm_loss_up;atm_loss_down;rain_att_up;rain_att_down;path_in_atm;path_in_rain;path_loss_up;path_loss_down;f_down;f_up;bandwidth;CN0_downlink;CN_total_downlink;Es/N0_down;modcod_downlink;coderate_downlink;datarate_downlink;CN0_uplink;CN_total_uplink;Es/N0_up;modcod_uplink;coderate_uplink;datarate_uplink;act_flightphase_start;uplink_latency_active;uplink_datarate_active;uplink_availability_active;uplink_continuity_active;uplink_integrity_active;uplink_transaction_time_active;uplink_transaction_possibility_active;uplink_latency_avg;uplink_datarate_avg;uplink_availability_avg;uplink_continuity_avg;uplink_transaction_time_avg;uplink_transaction_possibility_avg;downlink_latency_active;downlink_datarate_active;downlink_availability_active;downlink_continuity_active;downlink_integrity_active;downlink_transaction_time_active;downlink_transaction_possibility_active;downlink_latency_avg;downlink_datarate_avg;downlink_availability_avg;downlink_continuity_avg;downlink_transaction_time_avg;downlink_transaction_possibility_avg
0;1786613815;0;0;4.45484;51.96271;-4.034686368;236.93867;0;0;0;3.7161;0.13177;599955.9489;5757890.313657626;0;60398;52.74023958467874;6.019813394007998;365.6097416379189;50.32437124392138;67.90884210788998;385.9944707504908;174.5564586091997;64.22691363766204;6.5;11;-1;;50;;;0;288.15;350;152.7055875434963;50;1;;;;;;3.237689537310691;3.237689537310691;0;0;17267.67753232368;0;165.7630298145223;165.7630298145223;12;12;250;90.65980934065192;3.316593309424307;35.25479356958544;27;0.9;0.71248432;99.11078974079448;5.499526169349238;37.43772642951037;27;0.9;0.71248432;0;0.07428313274760786;712484.32;1;1;1;0.02299559378373408;1;0.07428313274760786;712484.32;1;1;0.02299559378373408;1;0.07428313274760786;712484.32;1;1;1;0.02299559378373408;1;0.07428313274760786;712484.32;1;1;0.02299559378373408;1
10;1786613825;0;10.716475095783896;4.45484;51.96271;-4.045672224183909;235.7658690038315;0;0;0;3.441052681992338;0.4093767049808432;599955.9489;5757890.313657626;0;60398;52.84126954719688;7.044281251865698;365.6350404957375;59.95774107121114;59.0964762079233;414.7660382661835;184.4137692336178;55.63442233257558;6.5;11;-1;;50;;;0;288.15;350;160.5374826629902;50;1;;;;;;3.496367715173738;3.496367715173738;0;0;18647.2944809266;0;166.3874719111862;166.3874719111862;12;12;250;89.77668906612502;2.887161924546098;34.82536218470723;27;0.9;0.71248432;98.22766946626758;5.394218144398598;37.33241840455973;27;0.9;0.71248432;0;0.0743791043664659;712484.32;1;1;1;0.02299559378373408;1;0.07433111855703688;712484.32;1;1;0.02299559378373408;1;0.0743791043664659;712484.32;1;1;1;0.02299559378373408;1;0.07433111855703688;712484.32;1;1;0.02299559378373408;1
20;1786613835;0;20.22605363984732;4.45484;51.96271;-4.045672049011494;235.76584;0;0;0;3.441112605363985;0.4094122605363985;599955.9489;5757890.313657626;0;60398;52.93269248377966;8.073466085686354;365.6582295591552;64.882544530665;51.21375206339644;453.2422615171638;188.9453032829232;47.75106088712068;6.5;11;-1;;50;;;0;288.15;350;170.480963091733;50;1;;;;;;3.848678484664951;3.848678484664951;0;0;20526.2852515464;0;167.1580160999371;167.1580160999371;12;12;250;88.65383410788286;2.276538029604934;34.21473828976606;27;0.9;0.71248432;97.10481450802542;5.230514130341888;37.16871439050302;27;0.9;0.71248432;0;0.07450744723241946;712484.32;1;1;1;0.02299559378373408;1;0.0743898947821644;712484.32;1;1;0.02299559378373408;1;0.07450744723241946;712484.32;1;1;1;0.02299559378373408;1;0.0743898947821644;712484.32;1;1;0.02299559378373408;1
30;1786613845;0;29.73563218390945;4.45484;51.96271;-4.045670554206897;235.76584;0;0;0;3.441178275862069;0.4094173563218391;599955.9489;5757890.313657626;0;60398;53.01443680788988;9.106931346984148;365.6792950721174;67.84042100950748;44.50315843950001;499.1800925645456;191.7748286475612;41.05166500979687;6.5;11;-1;;50;;;0;288.15;350;181.6036450008169;50;1;;;;;;4.279914504564289;4.279914504564289;0;0;22826.21069100954;0;167.9965532876309;167.9965532876309;12;12;250;87.38406090028972;1.500976929339697;33.43917718950083;27;0.9;0.71248432;95.83504130043226;4.997403068018104;36.93560332817924;27;0.9;0.71248432;0;0.07466067934290632;712484.32;1;1;1;0.02299559378373408;1;0.07445759092234988;712484.32;1;1;0.02299559378373408;1;0.07466067934290632;712484.32;1;1;1;0.02299559378373408;1;0.07445759092234988;712484.32;1;1;0.02299559378373408;1
40;1786613855;0;39.21072796934869;4.45484;51.96271;-4.046473626298851;235.7656663218391;0;0;0;3.500152643678161;0.4102178927203065;599955.9489;5757890.313657626;0;60398;53.08643698154884;10.144214674931732;365.6982244596248;69.81022458306408;38.88201336163147;550.7101903672888;193.6979860914678;35.3856031755543;6.5;11;-1;;50;;;0;288.15;350;193.175070921364;50;1;;;;;;4.77921069419903;4.77921069419903;0;0;25489.12370239483;0;168.8498703980594;168.8498703980594;12;12;250;86.0314476002265;0.581758867899373;32.5199591280605;27;0.9;0.71248432;94.48242800036906;4.681997979197554;36.62019823935869;27;0.9;0.71248432;0;0.07483256524739676;712484.32;1;1;1;0.02299559378373408;1;0.07453258578735926;712484.32;1;1;0.02299559378373408;1;0.07483256524739676;712484.32;1;1;1;0.02299559378373408;1;0.07453258578735926;712484.32;1;1;0.02299559378373408;1
50;1786613865;0;48.69629629629658;4.45484;51.96271;-4.046472984;235.76566;0;0;0;3.500227851851852;0.4102269629629629;599955.9489;5757890.313657626;0;60398;53.14863573677146;11.184854102917404;365.7150068427373;71.21777539520358;34.17977658566925;606.4032098424278;195.1047154094843;30.69516801728413;6.5;11;-1;;50;;;0;288.15;350;204.6812287223129;50;1;;;;;;5.34006026931767;5.34006026931767;0;0;28480.3214363609;0;169.6866379720033;169.6866379720033;12;12;250;84.6338304511639;-0.4583308012596584;31.47986945890147;27;0.9;0.71248432;93.08481085130646;4.270560141248881;36.20876040141001;27;0.9;0.71248432;0;0.07501833716389752;712484.32;1;1;1;0.02299559378373408;1;0.07461354435011564;712484.32;1;1;0.02299559378373408;1;0.07501833716389752;712484.32;1;1;1;0.02299559378373408;1;0.07461354435011564;712484.32;1;1;0.02299559378373408;1
60;1786613875;0;58.19540229885056;4.45484;51.96271;-4.046468744827587;235.7656600000001;0;0;0;3.50023091954023;0.410213908045977;599955.9489;5757890.313657626;0;60398;53.20098313465486;12.2283769931972;365.7296327511449;72.27608043148538;30.22292536499616;665.2086615025386;196.1768501464355;26.7487069357354;0;11;-1;;50;;;0;288.15;350;215.7827767550239;50;1;;;;;;5.95988138424264;5.95988138424264;0;0;31786.03404929408;0;170.4905660511478;170.4905660511478;12;12;250;76.71008125709452;-7.469221662308038;24.46897859785309;27;0.9;0.71248432;85.16106165723708;-0.0559921791089826;31.88220808105215;27;0.9;0.71248432;0;0.07521449103665476;712484.32;1;1;1;0.02299559378373408;1;0.07469939387676408;712484.3200000002;1;1;0.02299559378373408;1;0.07521449103665476;712484.32;1;1;1;0.02299559378373408;1;0.07469939387676408;712484.3200000002;1;1;0.02299559378373408;1
70;1786613885;0;67.6814814814834;4.45484;51.96271;-4.046463840000001;235.76566;0;0;0;3.50023;0.4102199999999999;599955.9489;5757890.313657626;0;61252;51.88435616439034;5.883752681796238;365.4549879341221;94.50614444515586;73.76440837184684;373.1388317487544;213.3347073279759;70.68912511275434;6.5;56;-1;;50;;;0;288.15;350;149.1325980156581;50;1;;;;;;3.124608793711201;3.124608793711201;0;0;16664.58023312641;0;165.4688170923823;165.4688170923823;12;12;250;91.06710280639144;3.499587757217671;35.4377880173788;27;0.9;0.71248432;99.51808320653398;5.542050751814488;37.48025101197562;27;0.9;0.71248432;0;0.07424025095168976;712484.32;1;1;1;0.02299559378373408;1;0.0746420010111298;712484.3200000002;1;1;0.02299559378373408;1;0.07424025095168976;712484.32;1;1;1;0.02299559378373408;1;0.0746420010111298;712484.3200000002;1;1;0.02299559378373408;1
80;1786613895;0;77.1800766283534;4.45484;51.96271;-4.046457744;235.76562;0;0;0;3.50010459770115;0.4102154022988506;599955.9489;5757890.313657626;0;61252;51.71575929581446;6.861738038909198;365.4160950604637;98.45814272096768;63.51278817297718;398.5172192518503;218.9502779817511;60.59418154442394;6.5;56;-1;;50;;;0;288.15;350;156.218887948111;50;1;;;;;;3.35182824206098;3.35182824206098;0;0;17876.41729099189;0;166.0403499681183;166.0403499681183;12;12;250;90.2683504823056;3.131772581799728;35.06997284196086;27;0.9;0.71248432;98.71933088244816;5.455165325428806;37.39336558558994;27;0.9;0.71248432;0;0.07432490414034036;712484.32;1;1;1;0.02299559378373408;1;0.07460676802548652;712484.3200000002;1;1;0.02299559378373408;1;0.07432490414034036;712484.32;1;1;1;0.02299559378373408;1;0.07460676802548652;712484.3200000002;1;1;0.02299559378373408;1
90;1786613905;0;86.68965517241344;4.45484;51.96271;-4.046453750068965;235.76562;0;0;0;3.50008724137931;0.4102262068965518;599955.9489;5757890.313657626;0;61252;51.5383854364346;7.831986885476868;365.3752563942371;100.11585163429004;54.63380801330962;434.4761864759648;221.5487104190943;51.79133615165712;6.5;56;-1;;50;;;0;288.15;350;165.7887791009203;50;1;;;;;;3.678862456932839;3.678862456932839;0;0;19620.59977030847;0;166.7907277002786;166.7907277002786;12;12;250;89.1909385352734;2.577600639817987;34.51580089997911;27;0.9;0.71248432;97.64191893541596;5.313332091769602;37.25153235193073;27;0.9;0.71248432;0;0.07444485034400408;712484.32;1;1;1;0.02299559378373408;1;0.07459057625733828;712484.3200000002;1;1;0.02299559378373408;1;0.07444485034400408;712484.32;1;1;1;0.02299559378373408;1;0.07459057625733828;712484.3200000002;1;1;0.02299559378373408;1
100;1786613915;0;96.16475095785346;4.45484;51.96271;-4.0464486;235.76562;0;0;0;3.499986475095785;0.41023;599955.9489;5757890.313657626;0;61252;51.35235823411994;8.794215849405308;365.3324988280511;101.036422625784;47.18553192375652;478.6331508256456;223.053515032746;44.38819543892486;6.5;56;-1;;50;;;0;288.15;350;176.8322084108911;50;1;;;;;;4.089654654746005;4.089654654746005;0;0;21811.49149197869;0;167.6314636465226;167.6314636465226;12;12;250;87.93941039121632;1.851011176420251;33.78921143658138;27;0.9;0.71248432;96.39039079135886;5.106221002838584;37.04442126299971;27;0.9;0.71248432;0;0.07459214212260406;712484.32;1;1;1;0.02299559378373408;1;0.07459071860872608;712484.3200000002;1;1;0.02299559378373408;1;0.07459214212260406;712484.32;1;1;1;0.02299559378373408;1;0.07459071860872608;712484.3200000002;1;1;0.02299559378373408;1
110;1786613925;0;105.67432950191614;4.45484;51.96271;-4.0464486;235.76562;0;0;0;3.500133716475096;0.4102167432950192;599955.9489;5757890.313657626;0;61252;51.15780279966582;9.748173172172516;365.2878500866973;101.62855733809514;41.01208436256355;528.9346201583278;224.0422567038518;38.24466407263419;6.5;56;-1;;50;;;0;288.15;350;188.5257576748709;50;1;;;;;;4.57165015877221;4.57165015877221;0;0;24382.13418011845;0;168.4994480160824;168.4994480160824;12;12;250;86.58943051763036;0.9720230123923702;32.9102232725535;27;0.9;0.71248432;95.0404109177729;4.821269525876638;36.75946978603777;27;0.9;0.71248432;0;0.074759929763655;712484.32;1;1;1;0.02299559378373408;1;0.07460481953830348;712484.3200000002;1;1;0.02299559378373408;1;0.074759929763655;712484.32;1;1;1;0.02299559378373408;1;0.07460481953830348;712484.3200000002;1;1;0.02299559378373408;1
120;1786613935;0;115.1839080459794;4.45484;51.96271;-4.046444991448276;235.76559;0;0;0;3.500138965517242;0.41021;599955.9489;5757890.313657628;0;61252;50.95484733325894;10.693626860065668;365.2413391710307;102.04604850165398;35.89491611301661;583.7896380260604;224.7474634822327;33.14911176055188;6.5;56;-1;;50;;;0;288.15;350;200.278705000305;50;1;;;;;;5.116830204967228;5.116830204967228;0;0;27289.76109315855;0;169.3565357870495;169.3565357870495;12;12;250;85.18716270046824;-0.03637807715338895;31.90182218300774;27;0.9;0.71248432;93.6381431006108;4.444662254175044;36.38286251433618;27;0.9;0.71248432;0;0.07494290640767628;712484.32;1;1;1;0.02299559378373408;1;0.07463082622056294;712484.3200000002;1;1;0.02299559378373408;1;0.07494290640767628;712484.32;1;1;1;0.02299559378373408;1;0.07463082622056294;712484.3200000002;1;1;0.02299559378373408;1
130;1786613945;0;124.6934865900409;4.45484;51.96271;-4.046441569747127;235.76559;0;0;0;3.500186283524904;0.41021;599955.9489;5757890.313657626;0;61252;50.74362537267314;11.630353338424922;365.1929969380608;102.35964657176016;31.62432463314433;642.0261530299532;225.2801135043563;28.89494200005945;6.5;56;-1;;50;;;0;288.15;350;211.6977380692373;50;1;;;;;;5.72139708287409;5.72139708287409;0;0;30514.11777532847;0;170.182462532414;170.182462532414;12;12;250;83.75666907719682;-1.152150534179229;30.7860497259819;27;0.9;0.71248432;92.20764947733938;3.962458312969956;35.90065857313108;27;0.9;0.71248432;0;0.07513716251202394;712484.32;1;1;1;0.02299559378373408;1;0.07466699309852444;712484.3200000002;1;1;0.02299559378373408;1;0.07513716251202394;712484.32;1;1;1;0.02299559378373408;1;0.07466699309852444;712484.3200000002;1;1;0.02299559378373408;1
140;1786613955;0;134.2030651341016;4.45484;51.96271;-4.046436408;235.7655900000001;0;0;0;3.500133908045977;0.41021;599955.9489;5757890.313657626;0;62227;49.5202261939337;2.828447343491618;364.8223025665693;203.5346437693169;48.41059500607284;469.5961219397252;325.0643333655196;51.10074229312454;6.5;101;-1;;50;;;0;288.15;350;174.8008978293321;50;1;;;;;;4.011119628790087;4.011119628790087;0;0;21392.6380202138;0;167.4658981773403;167.4658981773403;12;12;250;88.1835108863545;1.999580162848197;33.93778042300932;27;0.9;0.71248432;96.63449128649706;5.150598295713842;37.08879855587498;27;0.9;0.71248432;0;0.07456199783896794;712484.32;1;1;1;0.02299559378373408;1;0.074659993414554;712484.3200000002;1;1;0.02299559378373407;1;0.07456199783896794;712484.32;1;1;1;0.02299559378373408;1;0.074659993414554;712484.3200000002;1;1;0.02299559378373407;1
150;1786613965;0;143.7126436781586;4.45484;51.96271;-4.046431187862069;235.76559;0;0;0;3.500066091954024;0.4102142528735632;599955.9489;5757890.313657626;0;62227;49.77209105244768;3.717230770772873;364.873209561255;192.3137474021777;53.30092739818816;440.6847183092173;312.6527277364349;55.46819678857762;6.5;101;-1;;50;;;0;288.15;350;167.5450726391769;50;1;;;;;;3.741649959075454;3.741649959075454;0;0;19955.46644840242;0;166.9139679563448;166.9139679563448;12;12;250;89.0049107770646;2.475180004659504;34.41338026482063;27;0.9;0.71248432;97.45589117720714;5.285623942295414;37.22382420245654;27;0.9;0.71248432;0;0.07446555977703874;712484.32;1;1;1;0.02299559378373408;1;0.0746478413122093;712484.3200000002;1;1;0.02299559378373407;1;0.07446555977703874;712484.32;1;1;1;0.02299559378373408;1;0.0746478413122093;712484.3200000002;1;1;0.02299559378373407;1
160;1786613975;0;153.2222222222219;4.45484;51.96271;-4.045280877333333;235.7656422222223;0;0;0;3.416836666666664;0.4094600000000002;599955.9489;5757890.313657628;0;62227;50.01640479751708;4.615546435585388;364.9224354003664;176.9546581752088;57.12703388342252;422.2443894597738;296.1068059986602;58.40750281604826;6.5;101;-1;;50;;;0;288.15;350;162.7393306897266;50;1;;;;;;3.571955616815833;3.571955616815833;0;0;19050.42995635111;0;166.5426858953653;166.5426858953653;12;12;250;89.54588718030378;2.767536675154163;34.7057369353153;27;0.9;0.71248432;97.99686758044632;5.363465187842784;37.30166544800391;27;0.9;0.71248432;0;0.07440404946096054;712484.32;1;1;1;0.02299559378373408;1;0.07463350061507702;712484.3200000002;1;1;0.02299559378373407;1;0.07440404946096054;712484.32;1;1;1;0.02299559378373408;1;0.07463350061507702;712484.3200000002;1;1;0.02299559378373407;1
170;1786613985;0;162.6973180076633;4.45484;51.96271;-4.045864505103449;235.7669940229885;6.085394047922274e-12;6.085394047922274e-11;0;3.459669348659005;0.4085333716475101;599955.9489;5757890.313657626;0;62227;50.25302799228474;5.52328384925295;364.9699444008748;158.1103493569141;58.68417826944872;415.6730358903341;276.5885319926656;58.85056951379924;6.5;101;-1;;50;;;0;288.15;350;160.9838112826794;50;1;;;;;;3.511583920479026;3.511583920479026;0;0;18728.44757588814;0;166.4064452101145;166.4064452101145;12;12;250;89.74249956189136;2.869634664233812;34.80783492439494;27;0.9;0.71248432;98.1934799620339;5.38975156633714;37.32795182649827;27;0.9;0.71248432;0;0.07438212978488436;712484.32;1;1;1;0.02299559378373408;1;0.0746195355689552;712484.3200000002;1;1;0.02299559378373407;1;0.07438212978488436;712484.32;1;1;1;0.02299559378373408;1;0.0746195355689552;712484.3200000002;1;1;0.02299559378373407;1
180;1786613995;0;172.1724137931063;4.454839999999999;51.96271;-4.03773132;235.7707486206897;6.085394047922274e-12;6.085394047922274e-11;0;2.860996896551724;0.3979920689655224;599955.9489;5757890.313657626;0;62227;50.48181848524006;6.44029989187615;365.0157013039971;139.1319412648932;57.31606941623958;421.5267756167456;259.1047820319236;56.48601565936292;6.5;101;-1;;50;;;0;288.15;350;162.5202369845836;50;1;;;;;;3.564375068101818;3.564375068101818;0;0;19010.0003632097;0;166.5279114721469;166.5279114721469;12;12;250;89.56824215223618;2.77925721763439;34.71745747779552;27;0.9;0.71248432;98.01922255237872;5.366506133558834;37.30470639371996;27;0.9;0.71248432;0;0.07440165575883802;712484.32;1;1;1;0.02299559378373408;1;0.07460806821052798;712484.3200000002;1;1;0.02299559378373407;1;0.07440165575883802;712484.32;1;1;1;0.02299559378373408;1;0.07460806821052798;712484.3200000002;1;1;0.02299559378373407;1
190;1786614005;0;181.6819923371621;4.45484;51.96271;-4.037718158712644;235.759138467433;0;0;0;2.861072758620689;0.4171010727969323;599955.9489;5757890.313657626;0;62227;50.70263846037234;7.36644380998356;365.0596726493614;123.49924360756728;53.60845875426484;439.3083004722722;244.4998716642405;52.06807509640322;6.5;101;-1;;50;;;0;288.15;350;167.1318171591861;50;1;;;;;;3.726794198843875;3.726794198843875;0;0;19876.23572716733;0;166.886796324475;166.886796324475;12;12;250;89.046938169166;2.498491210390173;34.43669147055131;27;0.9;0.71248432;97.49791856930856;5.291972329866984;37.23017259002811;27;0.9;0.71248432;0;0.0744609685413348;712484.32;1;1;1;0.02299559378373408;1;0.07460071322706832;712484.3200000002;1;1;0.02299559378373407;1;0.0744609685413348;712484.32;1;1;1;0.02299559378373408;1;0.07460071322706832;712484.3200000002;1;1;0.02299559378373407;1
200;1786614015;0;191.1915708812238;4.45484;51.96271;-4.036299472367817;235.7653749808429;0;0;0;2.755563716475099;0.3988009961685842;599955.9489;5757890.313657626;0;62227;50.9153517575136;8.301546013014574;365.1018261876289;112.03102470383372;48.7626983910949;467.6570006575174;234.0123439843078;46.85992509151528;6.5;101;-1;;50;;;0;288.15;350;174.2335593091965;50;1;;;;;;3.989436403309263;3.989436403309263;0;0;21276.99415098273;0;167.4299569420896;167.4299569420896;12;12;250;88.24113534708604;2.034174446274343;33.97237470643548;27;0.9;0.71248432;96.6921157472286;5.160779250172674;37.09897951033381;27;0.9;0.71248432;0;0.07455552962660814;712484.32;1;1;1;0.02299559378373408;1;0.07459856162704642;712484.3200000002;1;1;0.02299559378373407;1;0.07455552962660814;712484.32;1;1;1;0.02299559378373408;1;0.07459856162704642;712484.3200000002;1;1;0.02299559378373407;1
210;1786614025;0;200.7356321839059;4.45484;51.96271;-4.036291858206897;235.7675393103449;0;0;0;2.754731264367815;0.4044217241379258;599955.9489;5757890.313657628;0;62227;51.11982178049202;9.245406276421372;365.1421304216274;103.8740868834923;43.72210587345169;504.79224501073;226.4849304442373;41.55629507600281;6.5;101;-1;;50;;;0;288.15;350;183.0801858543045;50;1;;;;;;4.34052083292753;4.34052083292753;0;0;23149.44444228016;0;168.0936616295655;168.0936616295655;12;12;250;87.2263462299919;1.398580824358739;33.33678108451987;27;0.9;0.71248432;95.67732663013444;4.964418741933732;36.90261900209486;27;0.9;0.71248432;0;0.07467939946843456;712484.32;1;1;1;0.02299559378373408;1;0.07460223607438222;712484.3200000002;1;1;0.02299559378373407;1;0.07467939946843456;712484.32;1;1;1;0.02299559378373408;1;0.07460223607438222;712484.3200000002;1;1;0.02299559378373407;1
220;1786614035;0;210.2107279693502;4.45484;51.96271;-4.036273733701149;235.7580173563219;0;0;0;2.754666819923372;0.4162362452107275;599955.9489;5757890.313657626;0;62227;51.31591697345738;10.197816045337298;365.1805556411118;98.00015287319334;38.97943783831649;548.929649697263;221.0526352178118;36.64421082433472;6.5;101;-1;;50;;;0;288.15;350;192.955043487424;50;1;;;;;;4.769161075378496;4.769161075378496;0;0;25435.52573535198;0;168.8217419277939;168.8217419277939;12;12;250;86.06962568931246;0.6089380301216648;32.5471382902828;27;0.9;0.71248432;94.52060608945502;4.691958949397698;36.63015920955883;27;0.9;0.71248432;0;0.07482662600302114;712484.32;1;1;1;0.02299559378373408;1;0.0746119921582361;712484.3200000002;1;1;0.02299559378373407;1;0.07482662600302114;712484.32;1;1;1;0.02299559378373408;1;0.0746119921582361;712484.3200000002;1;1;0.02299559378373407;1
230;1786614045;0;219.7203065134117;4.45484;51.96271;-4.036270475494252;235.7630221072797;7.900874738066844e-11;7.900874738066844e-10;0;2.754681609195403;0.4073718773946353;599955.9489;5757890.313657626;0;62227;51.50350845042012;11.158547113461514;365.2170733962139;93.65620740204266;34.71957381221117;598.5174891732194;216.9887275670122;32.28462179343286;6.5;101;-1;;50;;;0;288.15;350;203.2694870399046;50;1;;;;;;5.267220518609902;5.267220518609902;0;0;28091.84276591948;0;169.5729450502308;169.5729450502308;12;12;250;84.82036312364424;-0.3146664688722447;31.62353379128889;27;0.9;0.71248432;93.27134352378678;4.330954001792958;36.26915426195409;27;0.9;0.71248432;0;0.07499203323109742;712484.32;1;1;1;0.02299559378373408;1;0.07462782720293866;712484.3200000002;1;1;0.02299559378373407;1;0.07499203323109742;712484.32;1;1;1;0.02299559378373408;1;0.07462782720293866;712484.3200000002;1;1;0.02299559378373407;1
240;1786614055;0;229.2298850574732;4.45484;51.96271;-4.036262884689655;235.7626632183908;7.900874738066844e-11;7.900874738066844e-10;0;2.75448367816092;0.409443448275863;599955.9489;5757890.313657626;0;62227;51.68246823755108;12.127339771420966;365.2516561062567;90.3512093389657;30.96996863412584;652.3081976401262;213.8871825743602;28.46236228883196;6.5;101;-1;;50;;;0;288.15;350;213.5841106134115;50;1;;;;;;5.829898450583798;5.829898450583798;0;0;31092.79173644692;0;170.3204648706519;170.3204648706519;12;12;250;83.51016537124924;-1.352239042575345;30.58596121758579;27;0.9;0.71248432;91.96114577139178;3.868502946908981;35.80670320707011;27;0.9;0.71248432;0;0.07517145972109574;712484.32;1;1;1;0.02299559378373408;1;0.07464957250366494;712484.3200000002;1;1;0.02299559378373407;1;0.07517145972109574;712484.32;1;1;1;0.02299559378373408;1;0.07464957250366494;712484.3200000002;1;1;0.02299559378373407;1
250;1786614065;0;238.7049808429105;4.45484;51.96271;-4.036263083218391;235.7547060153257;1.56511961922406;15.651196192240602;0;2.75445042145594;0.4232437164751195;599955.9489;5757890.313657626;0;62061;53.24190966871544;5.762964411495598;365.3947080087692;31.38578379407406;63.5735308864304;398.2929303476995;158.4219271834243;61.20188495550924;6.5;83;-1;;50;;;0;288.15;350;156.1651715793339;50;1;;;;;;3.350060351661623;3.350060351661623;0;0;17866.98854219532;0;166.0354600988793;166.0354600988793;12;12;250;90.27500824194402;3.134989487427784;35.07318974758892;27;0.9;0.71248432;98.72598864208658;5.455949762195188;37.39415002235632;27;0.9;0.71248432;0;0.0743241559930866;712484.32;1;1;1;0.02299559378373408;1;0.0746370564840273;712484.3200000002;1;1;0.02299559378373407;1;0.0743241559930866;712484.32;1;1;1;0.02299559378373408;1;0.0746370564840273;712484.3200000002;1;1;0.02299559378373407;1
260;1786614075;0;248.214559386972;4.454682835249043;51.96281214559388;12.599145372293804;237.4086109961735;16.46314629796013;164.6314629796013;3.584292452672232;-6.20711570881075;-1.609154636016336;599944.9241666036;5757901.457952718;0;62061;53.19960310675494;6.808949877590506;365.3863521071981;48.2906675022214;57.91847155736654;419.3579793978472;161.4667502166025;63.47165445983164;6.5;83;-1;;50;;;0;288.15;350;161.8331324657524;50;1;;;;;;3.540687000500238;3.540687000500238;0;0;18883.66400266793;0;166.4831063635663;166.4831063635663;12;12;250;89.63673532841836;2.814988946071119;34.75318920623225;27;0.9;0.71248432;98.0877157285609;5.375739436782564;37.31393969694369;27;0.9;0.71248432;0;0.07439442143335376;712484.32;1;1;1;0.02299559378373408;1;0.07462807000066904;712484.3200000002;1;1;0.02299559378373407;1;0.07439442143335376;712484.32;1;1;1;0.02299559378373408;1;0.07462807000066904;712484.3200000002;1;1;0.02299559378373407;1
270;1786614085;0;257.7241379310335;4.452383103448278;51.96238310344828;35.07402695241149;215.7339379310327;39.06825763175973;390.6825763175973;1.184749072156636;-9.951679310346386;-0.5319834482758852;599787.8805338948;5757850.58478382;0;62061;53.14740129935522;7.852544032280522;365.3758417372738;58.89367814307568;51.51760556551732;451.1330518099804;207.4274852652384;60.79418947726224;6.5;83;-1;;50;;;0;288.15;350;170.0390663373365;50;1;;;;;;3.832399447370512;3.832399447370512;0;0;20439.4637193094;0;167.1175010710838;167.1175010710838;12;12;250;88.7106281740306;2.309144670997632;34.24734493115876;27;0.9;0.71248432;97.16160857417316;5.239685512993246;37.17788577315437;27;0.9;0.71248432;0;0.07450041166614386;712484.32;1;1;1;0.02299559378373408;1;0.07462351077443598;712484.3200000002;1;1;0.02299559378373407;1;0.07450041166614386;712484.32;1;1;1;0.02299559378373408;1;0.07462351077443598;712484.3200000002;1;1;0.02299559378373407;1
280;1786614095;0;267.1992337164777;4.447634444444443;51.96043819923372;57.83332139249714;224.3276273563156;50.9302686556584;509.302686556584;0.1951141841911699;-4.874727356321174;0.358036973178838;599465.939502951;5757627.780965518;0;62061;53.0853464657671;8.893264808460818;365.3631843935955;65.71272399717618;45.41302980685646;491.6528461765678;203.603126016705;49.78518903506204;6.5;83;-1;;50;;;0;288.15;350;179.9339689517924;50;1;;;;;;4.212384457212936;4.212384457212936;0;0;22466.05043846899;0;167.8645792955284;167.8645792955284;12;12;250;87.58356493974356;1.62862464345797;33.5668249036191;27;0.9;0.71248432;96.0345453398861;5.037786989982522;36.97598725014366;27;0.9;0.71248432;0;0.07463557115159892;712484.32;1;1;1;0.02299559378373408;1;0.07462392664951058;712484.3200000002;1;1;0.02299559378373407;1;0.07463557115159892;712484.32;1;1;1;0.02299559378373408;1;0.07462392664951058;712484.3200000002;1;1;0.02299559378373407;1
290;1786614105;0;276.6851851851855;4.441462962962964;51.95788555555556;73.6012912302231;241.3083200000005;55.79508270107084;557.9508270107084;-0.1732908245925202;-2.308924814814401;-1.750609074075802;599047.5490140366;5757335.470659346;0;62061;53.01348835349922;9.93063936940177;365.3483889833942;70.34806746447628;39.98675352594361;538.9341409307992;187.9615869011075;42.53124298080676;6.5;83;-1;;50;;;0;288.15;350;190.7218943945431;50;1;;;;;;4.668457891436508;4.668457891436508;0;0;24898.44208766137;0;168.662122074478;168.662122074478;12;12;250;86.3299487265704;0.7924118505307542;32.73061211069188;27;0.9;0.71248432;94.78092912671294;4.75817194006199;36.69637220022312;27;0.9;0.71248432;0;0.07479328457464384;712484.32;1;1;1;0.02299559378373408;1;0.07462957191368168;712484.3200000002;1;1;0.02299559378373407;1;0.07479328457464384;712484.32;1;1;1;0.02299559378373408;1;0.07462957191368168;712484.3200000002;1;1;0.02299559378373407;1
300;1786614115;0;286.1839080459763;4.434380229885059;51.9554103448276;101.050239878159;239.4038409195404;57.05463494519894;570.5463494519894;-0.0700524905748654;-2.734534367816067;-1.64100873563227;598566.324605298;5757050.572691992;0;62061;52.9318850877115;10.964193071493634;365.331466039117;73.67211388138666;35.29596134542629;591.3426351612088;193.6011630164657;38.34563950914551;6.5;83;-1;;50;;;0;288.15;350;201.7886677594538;50;1;;;;;;5.192107140480974;5.192107140480974;0;0;27691.23808256519;0;169.4681919885962;169.4681919885962;12;12;250;85.00022956340774;-0.1774944749301321;31.760705785231;27;0.9;0.71248432;93.4512099635503;4.387540807563372;36.3257410677245;27;0.9;0.71248432;0;0.07496810049423048;712484.32;1;1;1;0.02299559378373408;1;0.07464049219047358;712484.3200000002;1;1;0.02299559378373407;1;0.07496810049423048;712484.32;1;1;1;0.02299559378373408;1;0.07464049219047358;712484.3200000002;1;1;0.02299559378373407;1
310;1786614125;0;295.6590038314184;4.427172567049809;51.95284206896552;126.54238238965718;239.2497231417625;57.83784331639226;578.3784331639226;0.07073397452626242;-2.75541517241379;-1.316180574712629;598076.6642091662;5756755.203305832;0;62061;52.84060121333498;11.993475858138376;365.3124273556414;76.15749426015712;31.27558765137455;647.6099739341036;196.5024352355871;34.29259511850318;6.5;83;-1;;50;;;0;288.15;350;212.6984883782805;50;1;;;;;;5.778621023378488;5.778621023378488;0;0;30819.31212468527;0;170.257678718125;170.257678718125;12;12;250;83.62422895098144;-1.259387273024976;30.67881298713615;27;0.9;0.71248432;92.07520935112398;3.912388792553831;35.85058905271496;27;0.9;0.71248432;0;0.07515578813370036;712484.32;1;1;1;0.02299559378373408;1;0.07465659518869942;712484.3200000002;1;1;0.02299559378373407;1;0.07515578813370036;712484.32;1;1;1;0.02299559378373408;1;0.07465659518869942;712484.3200000002;1;1;0.02299559378373407;1
320;1786614135;0;305.1685823754817;4.41987019157088;51.95023448275862;152.0769433620762;239.2047608429119;57.98330844451222;579.8330844451222;-0.2508696564972674;-2.676008045976995;-1.254318850574718;597580.523210373;5756455.38381944;0;59424;52.06937632386266;6.947764769053316;365.4095840566888;84.6364248079432;62.70139455044866;401.1938334085987;205.7159897832657;65.6564363505087;6.5;3;-1;;50;;;0;288.15;350;156.9508225232205;50;1;;;;;;3.37598935004399;3.37598935004399;0;0;18005.27653356794;0;166.0984931234625;166.0984931234625;12;12;250;90.18604621897836;3.091794145099948;35.02999440526108;27;0.9;0.71248432;98.63702661912092;5.445379935506026;37.38358019566715;27;0.9;0.71248432;0;0.07433383236413426;712484.32;1;1;1;0.02299559378373408;1;0.07464681449704592;712484.3200000002;1;1;0.02299559378373407;1;0.07433383236413426;712484.32;1;1;1;0.02299559378373408;1;0.07464681449704592;712484.3200000002;1;1;0.02299559378373407;1
330;1786614145;0;314.6436781609172;4.412544367816095;51.94762620689656;177.6106958137867;239.1665834482759;58.2721869060189;582.721869060189;0.08636004788749574;-2.632360344827598;-1.206767011494316;597082.7133253538;5756155.506565906;0;59424;52.21848820183886;7.941522793803426;365.4441602116404;81.50757434348188;53.9642049895448;437.9385712263844;202.0455103768878;56.85712234703548;6.5;3;-1;;50;;;0;288.15;350;166.6598160639063;50;1;;;;;;3.70988857759034;3.70988857759034;0;0;19786.07241381515;0;166.859672085869;166.859672085869;12;12;250;89.0909680290256;2.522805306021163;34.4610055661823;27;0.9;0.71248432;97.54194842916814;5.298567450885984;37.23676771104712;27;0.9;0.71248432;0;0.0744563996163691;712484.32;1;1;1;0.02299559378373408;1;0.07464121405937896;712484.3200000002;1;1;0.02299559378373407;1;0.0744563996163691;712484.32;1;1;1;0.02299559378373408;1;0.07464121405937896;712484.3200000002;1;1;0.02299559378373407;1
340;1786614155;0;324.1532567049805;4.405180459770118;51.94500708812262;203.5589230390793;239.2945355555556;58.52884615816844;585.2884615816844;0.1479825719388288;-2.903690383141793;-1.482132413793134;596582.2502483292;5755854.422859916;0;59424;52.35846383362522;8.942016211139046;365.4767213629484;79.78439122678978;46.6164015392792;482.874369860953;199.8634500244522;49.85238345270336;6.5;3;-1;;50;;;0;288.15;350;177.806828225543;50;1;;;;;;4.127845839041717;4.127845839041717;0;0;22015.17780822249;0;167.7080912310308;167.7080912310308;12;12;250;87.82459162241238;1.780002521009569;33.7182027811707;27;0.9;0.71248432;96.27557202255494;5.084633139417208;37.02283339957833;27;0.9;0.71248432;0;0.07460628930650456;712484.32;1;1;1;0.02299559378373408;1;0.07464021620929684;712484.3200000002;1;1;0.02299559378373407;1;0.07460628930650456;712484.32;1;1;1;0.02299559378373408;1;0.07464021620929684;712484.3200000002;1;1;0.02299559378373407;1
350;1786614165;0;333.6283524904215;4.397796168582375;51.94236406130268;228.9949013245211;239.220497164751;58.77179740678688;587.7179740678688;-0.2158691443482202;-2.76973122605364;-1.31512478927203;596080.3776138694;5755550.70416823;0;59424;52.4892003827643;9.948892989977808;365.5072467228411;78.70027307393624;40.52146575126003;533.9328747358344;199.3816058060091;43.57135527062679;6.5;3;-1;;50;;;0;288.15;350;189.5670426946185;50;1;;;;;;4.617282053017976;4.617282053017976;0;0;24625.50428276254;0;168.5811413746344;168.5811413746344;12;12;250;86.4621052648325;0.8843022893386868;32.82250254949982;27;0.9;0.71248432;94.91308566497506;4.790664617142292;36.72886487730343;27;0.9;0.71248432;0;0.07477660214631214;712484.32;1;1;1;0.02299559378373408;1;0.07464400470754726;712484.3200000002;1;1;0.02299559378373407;1;0.07477660214631214;712484.32;1;1;1;0.02299559378373408;1;0.07464400470754726;712484.3200000002;1;1;0.02299559378373407;1
360;1786614175;0;343.1379310344832;4.390371034482758;51.93972137931036;254.5489369896564;239.2218772413793;59.10844447447458;591.0844447447458;-0.0621987742654011;-2.739376551724136;-1.331831724137922;595575.6365894486;5755247.02176562;0;59424;52.61059888933954;10.961770820006366;365.5357165248907;77.95989337391054;35.46732946093609;589.5208505440082;198.4774587529987;38.48850996050384;6.5;3;-1;;50;;;0;288.15;350;201.3536617305704;50;1;;;;;;5.170286436284832;5.170286436284832;0;0;27574.86099351911;0;169.4413915448955;169.4413915448955;12;12;250;85.04885071130458;-0.1406472247314981;31.79755303542963;27;0.9;0.71248432;93.49983111144712;4.402562552459228;36.34076281262036;27;0.9;0.71248432;0;0.07496202367485566;712484.32;1;1;1;0.02299559378373408;1;0.07465259981477182;712484.3200000002;1;1;0.02299559378373407;1;0.07496202367485566;712484.32;1;1;1;0.02299559378373408;1;0.07465259981477182;712484.3200000002;1;1;0.02299559378373407;1
370;1786614185;0;352.6819923371655;4.382908045977011;51.9370590421456;280.1761847660712;239.2342461685824;58.95857227975648;589.5857227975648;-0.0002556454176245175;-2.712591570881225;-1.317615095785445;595068.2742630704;5754941.155843554;0;59424;52.7225681955772;11.980266222923476;365.562112873291;77.42500831223592;31.24771823515378;648.4699729092594;197.894542873365;34.23485148297785;6.5;3;-1;;50;;;0;288.15;350;212.7789150640098;50;1;;;;;;5.78325280534193;5.78325280534193;0;0;30844.01496182363;0;170.2692055646001;170.2692055646001;12;12;250;83.60807032254292;-1.27251333934469;30.66568692081644;27;0.9;0.71248432;92.05905072268546;3.906214859781503;35.84441511994263;27;0.9;0.71248432;0;0.07515865678150056;712484.32;1;1;1;0.02299559378373408;1;0.07466591710336994;712484.3200000002;1;1;0.02299559378373407;1;0.07515865678150056;712484.32;1;1;1;0.02299559378373408;1;0.07466591710336994;712484.3200000002;1;1;0.02299559378373407;1
380;1786614195;0;362.1518518518493;4.375470037037039;51.93439748148148;305.7430278634302;239.2189736666668;58.88118548167326;588.8118548167326;-0.08823017345211862;-2.694389148148151;-1.292357703703647;594562.5662644284;5754635.460921156;1;60408;52.18655176571022;359.85222465902;365.5632714219301;276.9497570660793;46.85431512686144;481.28096667162;37.16533838538553;43.93005539561177;6.5;21;-1;;50;;;0;288.15;350;177.3969869913113;50;1;;;;;;4.111744974114942;4.111744974114942;0;0;21929.30652861302;0;167.6793818803126;167.6793818803126;12;12;250;87.86940183805738;1.807800209976689;33.74600047013782;27;0.9;0.71248432;96.32038223819992;5.093113386639606;37.03131364680074;27;0.9;0.71248432;38;0.0746009742855732;712484.32;1;1;1;0.02299559378373408;1;0.0746009742855732;712484.32;1;1;0.02299559378373408;1;0.0746009742855732;712484.32;1;1;1;0.02299559378373408;1;0.0746009742855732;712484.32;1;1;0.02299559378373408;1
390;1786614205;0;371.611111111112;4.368033333333332;51.9317488888889;331.2746848166691;239.2307816666667;59.10567741919266;591.0567741919266;0.04007550446812971;-2.678732777777778;-1.329143888888894;594056.8596972778;5754331.261909816;1;60408;52.32868511217936;0.8511817892195678;365.5932381775738;281.7787858326038;53.85341970208048;438.6872797213819;41.4330071435651;50.9730327154664;6.5;21;-1;;50;;;0;288.15;350;166.8061131631068;50;1;;;;;;3.715121453717306;3.715121453717306;0;0;19813.9810864923;0;166.8745089765056;166.8745089765056;12;12;250;89.07089826226198;2.51173610284829;34.44993636300942;27;0.9;0.71248432;97.52187866240454;5.295568301177474;37.2337685613386;27;0.9;0.71248432;38;0.0744588970390861;712484.32;1;1;1;0.02299559378373408;1;0.07452993566232964;712484.32;1;1;0.02299559378373408;1;0.0744588970390861;712484.32;1;1;1;0.02299559378373408;1;0.07452993566232964;712484.32;1;1;0.02299559378373408;1
400;1786614215;0;381.1417624521073;4.360578007662835;51.92908030651342;356.8814428032338;239.212138697318;59.06029197220794;590.6029197220794;-0.07610553164704302;-2.662375670498084;-1.319786398467433;593549.8536444868;5754024.86769551;1;60408;52.46160323090588;1.85660925336305;365.6211621164639;290.0782924696061;61.75639237030386;404.6958715383743;48.82436657348018;59.03132343510918;6.5;21;-1;;50;;;0;288.15;350;157.8374962304559;50;1;;;;;;3.405439581260325;3.405439581260325;0;0;18162.3444333884;0;166.1739836229455;166.1739836229455;12;12;250;90.08110548827904;3.040255027015143;34.97845528717628;27;0.9;0.71248432;98.5320858884216;5.432664211737654;37.37086447189879;27;0.9;0.71248432;38;0.07434551390593534;712484.32;1;1;1;0.02299559378373408;1;0.07446846174353154;712484.32;1;1;0.02299559378373408;1;0.07434551390593534;712484.32;1;1;1;0.02299559378373408;1;0.07446846174353154;712484.32;1;1;0.02299559378373408;1
410;1786614225;0;390.65134099617;4.353121954022988;51.92642111111112;382.4702953049848;239.1873834482759;58.95610493357704;589.5610493357706;0.01837277173817523;-2.645197509578541;-1.284420842911843;593042.7166067926;5753719.568965642;1;60408;52.58520580365756;2.868128935445611;365.6470235642064;306.4521638409716;69.7192166250096;381.6176078370653;62.50100161785494;67.43126342354706;6.5;21;-1;;50;;;0;288.15;350;151.4708056155144;50;1;;;;;;3.198276370301671;3.198276370301671;0;0;17057.47397494225;0;165.6639762396855;165.6639762396855;12;12;250;90.79827608249778;3.379866356242525;35.31806661640366;27;0.9;0.71248432;99.24925648264034;5.514385420838968;37.4525856810001;27;0.9;0.71248432;38;0.07426853310443262;712484.32;1;1;1;0.02299559378373408;1;0.0744184795837568;712484.32;1;1;0.02299559378373408;1;0.07426853310443262;712484.32;1;1;1;0.02299559378373408;1;0.0744184795837568;712484.32;1;1;0.02299559378373408;1
420;1786614235;0;400.1264367816073;4.345681379310349;51.92376459770116;408.0345245770065;239.211859770115;58.84611762144238;588.4611762144238;0.07878911327625736;-2.633813103448284;-1.355905287356361;592536.5773212424;5753414.640345612;1;60408;52.6993998306007;3.885357246443651;365.6708045825435;340.1956477405584;74.84791569922522;371.4946406973807;91.03347325076902;73.7693068355432;6.5;21;-1;;50;;;0;288.15;350;148.6015417807045;50;1;;;;;;3.108050047305289;3.108050047305289;0;0;16576.26691896154;0;165.4304592002002;165.4304592002002;12;12;250;91.12201944497942;3.523540021479306;35.46174028164043;27;0.9;0.71248432;99.57299984512198;5.547515510392578;37.48571577055371;27;0.9;0.71248432;38;0.07423476652068592;712484.32;1;1;1;0.02299559378373408;1;0.07438173697114264;712484.32;1;1;0.02299559378373408;1;0.07423476652068592;712484.32;1;1;1;0.02299559378373408;1;0.07438173697114264;712484.32;1;1;0.02299559378373408;1
430;1786614245;0;409.5814814814831;4.338260629629629;51.9211071851852;433.5551252617081;239.1980173703704;58.9721517282346;589.721517282346;-0.04366333699983569;-2.616304777777772;-1.313356777777753;592031.742085115;5753109.688423628;1;60408;52.80409818422918;4.907893875530474;365.6924886043808;21.3231406771366;72.68995334535182;375.376932107327;133.0648383021242;73.74074053924322;6.5;21;-1;;50;;;0;288.15;350;149.6983763143459;50;1;;;;;;3.142319940607832;3.142319940607832;0;0;16759.03968324177;0;165.5207597543435;165.5207597543435;12;12;250;90.9974489975336;3.468961880848584;35.40716214100972;27;0.9;0.71248432;99.44842939767616;5.535029446382274;37.4732297065434;27;0.9;0.71248432;38;0.07424771645090046;712484.32;1;1;1;0.02299559378373408;1;0.07435940021776894;712484.32;1;1;0.02299559378373408;1;0.07424771645090046;712484.32;1;1;1;0.02299559378373408;1;0.07435940021776894;712484.32;1;1;0.02299559378373408;1
440;1786614255;0;419.0766283524922;4.330820229885056;51.91844854406132;459.1170226911926;239.2095968582375;59.01470867383844;590.1470867383844;-0.008342381777964026;-2.604577164750952;-1.347606704980803;591525.4972479184;5752804.62712992;1;60408;52.89921883025622;5.93531024283641;365.7120602186397;44.37604651475221;65.45420312894468;392.8487360989556;160.4097496343705;67.54548630607268;6.5;21;-1;;50;;;0;288.15;350;154.5749193959014;50;1;;;;;;3.298046024184736;3.298046024184736;0;0;17589.57879565192;0;165.9159153476339;165.9159153476339;12;12;250;90.4465673206663;3.217005084046951;35.15520534420808;27;0.9;0.71248432;98.89754772080886;5.47580121539466;37.41400147555579;27;0.9;0.71248432;38;0.07430599611579994;712484.32;1;1;1;0.02299559378373408;1;0.07435177106034478;712484.3200000002;1;1;0.02299559378373408;1;0.07430599611579994;712484.32;1;1;1;0.02299559378373408;1;0.07435177106034478;712484.3200000002;1;1;0.02299559378373408;1
450;1786614265;0;428.5862068965534;4.323376896551723;51.91578586206898;484.6881418758664;239.2281882758621;59.0181259292846;590.181259292846;0.01792831217696908;-2.587675172413793;-1.339481034482776;591018.9976674776;5752499.164893618;1;60408;52.98468765301006;6.967175195432808;365.7295057019983;55.4592621867843;57.34702449205944;422.2244588147797;173.6235534895597;59.80655230340582;6.5;21;-1;;50;;;0;288.15;350;162.4845188654829;50;1;;;;;;3.563140489852132;3.563140489852132;0;0;19003.41594587804;0;166.5422758970966;166.5422758970966;12;12;250;89.55511230553612;2.772376816434827;34.71057707659596;27;0.9;0.71248432;98.00609270567866;5.364721720239654;37.30292198040078;27;0.9;0.71248432;38;0.0744039829794849;712484.32;1;1;1;0.02299559378373408;1;0.0743582975502373;712484.3200000002;1;1;0.02299559378373408;1;0.0744039829794849;712484.32;1;1;1;0.02299559378373408;1;0.0743582975502373;712484.3200000002;1;1;0.02299559378373408;1
460;1786614275;0;438.0957854406114;4.315934329501919;51.91312222222222;510.2831164536352;239.214819118774;58.9432970364037;589.432970364037;0.1509782951455703;-2.57253551724138;-1.312682873563183;590512.4916793834;5752193.64905684;1;60408;53.06043729531518;8.003043862866608;365.7448127261214;61.53364822356586;49.9019095047939;461.2318429638658;180.5826790869407;52.50543447839256;6.5;21;-1;;50;;;0;288.15;350;172.4471931063306;50;1;;;;;;3.921861524908193;3.921861524908193;0;0;20916.59479951036;0;167.309793800723;167.309793800723;12;12;250;88.42887336685372;2.145604581838708;34.08380484199984;27;0.9;0.71248432;96.87985376699626;5.193185202980872;37.131385463142;27;0.9;0.71248432;38;0.07453409760748226;712484.32;1;1;1;0.02299559378373408;1;0.0743778308899312;712484.3200000002;1;1;0.02299559378373408;1;0.07453409760748226;712484.32;1;1;1;0.02299559378373408;1;0.0743778308899312;712484.3200000002;1;1;0.02299559378373408;1
470;1786614285;0;447.5851851851842;4.308497703703704;51.91046614814816;535.7463014170344;239.3490013333332;58.91568635360926;589.1568635360926;-0.5254320131137966;-2.479683851851843;9.380029851841008;590006.3179590532;5751889.03414298;1;60408;53.1264066756407;9.042446292536936;365.7579702180365;65.2965951638532;43.47997341843457;507.650282998962;195.9866421785716;44.08373993552211;6.5;21;-1;;50;;;0;288.15;350;183.5461823457539;50;1;;;;;;4.35982512372466;4.35982512372466;0;0;23252.40065986486;0;168.1427007953488;168.1427007953488;12;12;250;87.15800277341144;1.353805230032785;33.29200549019392;27;0.9;0.71248432;95.60898317355398;4.949829318179856;36.88802957834099;27;0.9;0.71248432;38;0.07468893285699042;712484.32;1;1;1;0.02299559378373408;1;0.07440894108663712;712484.3200000002;1;1;0.02299559378373408;1;0.07468893285699042;712484.32;1;1;1;0.02299559378373408;1;0.07440894108663712;712484.3200000002;1;1;0.02299559378373408;1
480;1786614295;0;457.080459770114;4.300165172413794;51.9091816091954;551.5373704675848;268.0324117241347;60.02538832645338;600.2538832645338;-0.7224114362522058;-2.19653333333339;17.76795126436781;589435.7319302688;5751735.904261404;1;60408;53.18254304999224;10.08491377154418;365.7689687356251;67.8633718982099;38.05784536241893;559.6336853982856;175.7820493951778;43.92504346458039;6.5;21;-1;;50;;;0;288.15;350;195.0653893203919;50;1;;;;;;4.866521606618362;4.866521606618362;0;0;25954.7819019646;0;168.9894850949108;168.9894850949108;12;12;250;85.80452199095572;0.4188004013095569;32.35700066147069;27;0.9;0.71248432;94.25550239109828;4.621443681963728;36.55964394212486;27;0.9;0.71248432;38;0.07486233082285694;712484.32;1;1;1;0.02299559378373408;1;0.07445015833538438;712484.3200000002;1;1;0.02299559378373408;1;0.07486233082285694;712484.32;1;1;1;0.02299559378373408;1;0.07445015833538438;712484.3200000002;1;1;0.02299559378373408;1
490;1786614305;0;466.590038314177;4.291570766283526;51.91019670498086;575.0955995854426;282.9306550574713;59.37448872293304;593.7448872293304;-0.03909653718560315;-2.465492183908098;-0.9538197318007374;588842.5608205442;5751838.272724628;1;60408;53.22880112673798;11.129967779045704;365.7778002489267;69.7406702901975;33.50109161347004;615.7179401554452;145.3526142036577;35.01586570176458;6.5;21;-1;;50;;;0;288.15;350;206.4907507805235;50;1;;;;;;5.435246646694802;5.435246646694802;0;0;28987.98211570562;0;169.8190442988625;169.8190442988625;12;12;250;84.40623774692756;-0.6355138930875298;31.3026863670736;27;0.9;0.71248432;92.85721814707012;4.194476225803735;36.13267648596487;27;0.9;0.71248432;38;0.0750494077597863;712484.32;1;1;1;0.02299559378373408;1;0.07450009578741788;712484.3200000002;1;1;0.02299559378373408;1;0.0750494077597863;712484.32;1;1;1;0.02299559378373408;1;0.07450009578741788;712484.3200000002;1;1;0.02299559378373408;1
500;1786614315;0;476.0651340996128;4.283172030651344;51.91148846743296;598.9738820985074;283.0591218390803;60.49576001873574;604.9576001873574;0.2894501909492763;-3.677873448275061;-1.179867088122772;588262.3320143064;5751971.717666348;1;61251;51.7903742878476;4.693921299827362;365.3162507319512;115.30164222461574;84.72360314125206;360.3699490316251;176.6012317627378;88.5129098443752;6.5;55;-1;;50;;;0;288.15;350;145.5060233314882;50;1;;;;;;3.012766096241047;3.012766096241047;0;0;16068.085846618912;0;165.1663795096267;165.1663795096267;12;12;250;91.48138308661712;3.67608103933343;35.61428129949456;27;0.9;0.71248432;99.93236348675966;5.581775980619332;37.51997624078046;27;0.9;0.71248432;38;0.07419765854358748;712484.32;1;1;1;0.02299559378373408;1;0.0744768313840463;712484.3200000002;1;1;0.02299559378373408;1;0.07419765854358748;712484.32;1;1;1;0.02299559378373408;1;0.0744768313840463;712484.3200000002;1;1;0.02299559378373408;1
510;1786614325;0;485.5747126436758;4.274612758620692;51.91280045977012;607.092146256321;282.9230425287356;62.0108159623239;620.108159623239;-0.1648866885514453;-4.296692528735611;-0.9361591954023996;587671.0548448372;5752107.28618966;1;61251;51.61682375735092;5.66762078455359;365.2766392673166;108.35713988881288;73.2938303960773;373.8077272273618;183.2400266176626;77.65069184538292;6.5;55;-1;;50;;;0;288.15;350;149.3755572643473;50;1;;;;;;3.132205552935282;3.132205552935282;0;0;16705.0962823215;0;165.4843736373314;165.4843736373314;12;12;250;91.04394950221822;3.489438083573014;35.42763834373415;27;0.9;0.71248432;99.49492990236078;5.539728058979684;37.47792831914082;27;0.9;0.71248432;38;0.0742424821468408;712484.32;1;1;1;0.02299559378373408;1;0.07446009215281734;712484.3200000002;1;1;0.02299559378373408;1;0.0742424821468408;712484.32;1;1;1;0.02299559378373408;1;0.07446009215281734;712484.3200000002;1;1;0.02299559378373408;1
520;1786614335;0;495.1148148148118;4.265843222222225;51.91415607407408;609.3093999383258;282.8257066666669;63.14095672107468;631.4095672107468;-0.03057663818810149;-4.33016329629632;-0.808792555555752;587065.2655851854;5752247.523980228;2;61251;51.43456394132264;6.63342587826322;365.2351140995798;107.11711874902746;62.93929867991238;400.2010987617562;183.1602933301679;67.31315370683432;6.5;55;-1;;50;;;0;288.15;350;156.7334276199713;50;1;;;;;;3.368799116518961;3.368799116518961;0;0;17966.92862143446;0;166.0769736761917;166.0769736761917;12;12;250;90.21475589977424;3.105783824699966;35.0439840848611;27;0.9;0.71248432;98.6657362999168;5.44881188270078;37.38701214286191;27;0.9;0.71248432;52;0.0743305209577918;712484.32;1;1;1;0.02299559378373408;1;0.0743305209577918;712484.32;1;1;0.02299559378373408;1;0.0743305209577918;712484.32;1;1;1;0.02299559378373408;1;0.0743305209577918;712484.32;1;1;0.02299559378373408;1
530;1786614345;0;504.6283524904198;4.257170766283528;51.91606080459772;608.6371651851484;292.5933731800767;63.55462505831246;635.5462505831246;-0.2299614720913647;-3.929710574712011;-0.733849999999857;586465.1340578552;5752449.019986104;2;61251;51.2437206023545;7.591064392105214;365.1917028235121;106.62728177528344;54.04640883651294;437.2125600603038;172.488492422675;57.8657988564643;6.5;55;-1;;50;;;0;288.15;350;166.5516650090591;50;1;;;;;;3.706024190276738;3.706024190276738;0;0;19765.4623481426;0;166.8452607365928;166.8452607365928;12;12;250;89.1092437656154;2.532865076018436;34.47106533617957;27;0.9;0.71248432;97.56022416575794;5.301288268109358;37.23948852827049;27;0.9;0.71248432;52;0.07445397790379192;712484.32;1;1;1;0.02299559378373408;1;0.07439224943079184;712484.32;1;1;0.02299559378373408;1;0.07445397790379192;712484.32;1;1;1;0.02299559378373408;1;0.07439224943079184;712484.32;1;1;0.02299559378373408;1
540;1786614355;0;514.1034482758622;4.249086206896553;51.91885413793104;608.057242186759;302.5466206896552;63.9217815531542;639.217815531542;0.2090474090025659;-3.68600241379317;-0.6562572413793042;585903.7870952166;5752750.10680853;2;61251;51.0444207045321;8.540295718613468;365.1464338473889;106.38950763639918;46.62288487693386;482.390284846422;161.6768260810832;49.9463910397942;6.5;55;-1;;50;;;0;288.15;350;177.7956133870513;50;1;;;;;;4.127404461936128;4.127404461936128;0;0;22012.82379699268;0;167.6993791967847;167.6993791967847;12;12;250;87.83374503376406;1.785689620320108;33.72388988048124;27;0.9;0.71248432;96.2847254339066;5.086371173980946;37.02457143414208;27;0.9;0.71248432;52;0.07460467457270584;712484.32;1;1;1;0.02299559378373408;1;0.07446305781142984;712484.32;1;1;0.02299559378373408;1;0.07460467457270584;712484.32;1;1;1;0.02299559378373408;1;0.07446305781142984;712484.32;1;1;0.02299559378373408;1
550;1786614365;0;523.613026819924;4.241369578544062;51.92207842911878;609.7018441042146;302.7536914559387;63.91675990422052;639.1675990422052;0.04707291587088538;-4.223410383141779;-0.649364559386952;585366.9924257014;5753099.61738721;2;61251;50.83679410223784;9.48089897961968;365.0993368453901;106.25685758771808;40.4890074940716;533.6550066480718;161.7110510945379;44.32525211219147;6.5;55;-1;;50;;;0;288.15;350;189.6365480266871;50;1;;;;;;4.62034510054299;4.62034510054299;0;0;24641.84053622928;0;168.5766199078009;168.5766199078009;12;12;250;86.46356368414102;0.8853115879172202;32.82351184807835;27;0.9;0.71248432;94.91454408428356;4.791019042765422;36.72921930292655;27;0.9;0.71248432;52;0.07477567527813936;712484.32;1;1;1;0.02299559378373408;1;0.07454121217810722;712484.32;1;1;0.02299559378373408;1;0.07477567527813936;712484.32;1;1;1;0.02299559378373408;1;0.07454121217810722;712484.32;1;1;0.02299559378373408;1
560;1786614375;0;533.0851851851824;4.233660148148153;51.92530896296296;610.0678347362964;302.7277891111112;63.98105030299984;639.8105030299982;0.212917434284448;-4.221888444444455;-0.6321908888889102;584830.7562476658;5753449.886918732;2;61251;50.62097584652798;10.412661690427292;365.0504433437391;106.17357828938484;35.41386116501846;589.4194559360214;161.7813265568392;39.25116033840063;6.5;55;-1;;50;;;0;288.15;350;201.489129475732;50;1;;;;;;5.17707000055065;5.17707000055065;0;0;27611.0400029368;0;169.4398974872707;169.4398974872707;12;12;250;85.04356120466356;-0.1446509998824424;31.79354926027869;27;0.9;0.71248432;93.4945416048061;4.400933963861987;36.33913422402312;27;0.9;0.71248432;52;0.07496168545884896;712484.32;1;1;1;0.02299559378373408;1;0.07462530683425558;712484.32;1;1;0.02299559378373408;1;0.07496168545884896;712484.32;1;1;1;0.02299559378373408;1;0.07462530683425558;712484.32;1;1;0.02299559378373408;1
570;1786614385;0;542.5632183908054;4.226191954022988;51.9287583908046;607.4266143078618;306.6647116091956;62.44039427915062;624.4039427915062;-0.2391797949010738;-3.20688758620632;0.5851641379316154;584310.7719316572;5753824.83739317;2;61251;50.39710082646386;11.33540224634529;364.9997855670026;106.12287822642188;31.18323314298209;648.5106462961904;159.343917711671;34.39213514921557;6.5;55;-1;;50;;;0;288.15;350;212.9652650737735;50;1;;;;;;5.794003744408418;5.794003744408418;0;0;30901.35330351156;0;170.269750344599;170.269750344599;12;12;250;83.59677460347746;-1.281694578297644;30.65650568186349;27;0.9;0.71248432;92.04775500362002;3.90189052828607;35.8400907884472;27;0.9;0.71248432;52;0.07515879245331566;712484.32;1;1;1;0.02299559378373408;1;0.07471422110409892;712484.32;1;1;0.02299559378373408;1;0.07515879245331566;712484.32;1;1;1;0.02299559378373408;1;0.07471422110409892;712484.32;1;1;0.02299559378373408;1
580;1786614395;0;552.0703703703712;4.219159333333334;51.93232603703704;608.515830917408;307.3859550370372;60.12873065087396;601.2873065087394;-0.11867020787396102;-2.381787259259361;0.3857772222219914;583820.5911600518;5754213.490585906;2;62218;49.92286474507398;2.533547957082516;364.5591360103527;208.5836048604967;52.84597848845974;442.7308770906287;264.5020051963457;52.75717303530754;6.5;92;-1;;50;;;0;288.15;350;168.1653990098287;50;1;;;;;;3.764045357461788;3.764045357461788;0;0;20074.90857312954;0;166.9542043778704;166.9542043778704;12;12;250;88.94227895715276;2.440253924780229;34.37845418494136;27;0.9;0.71248432;97.3932593572953;5.27606597181598;37.21426623197711;27;0.9;0.71248432;52;0.07447238502806428;712484.32;1;1;1;0.02299559378373408;1;0.07467967309323682;712484.3200000002;1;1;0.02299559378373408;1;0.07447238502806428;712484.32;1;1;1;0.02299559378373408;1;0.07467967309323682;712484.3200000002;1;1;0.02299559378373408;1
590;1786614405;0;561.5296296296306;4.212398666666667;51.93577066666668;609.905063572978;307.3763266666667;59.46134273208908;594.6134273208908;-0.00934773683554202;-3.068322185185176;0.01585911111114155;583349.4100629318;5754588.821415466;2;62218;50.1625052850505;3.437752927958704;364.613876565827;195.6952047373635;58.63091854152046;415.4811553662477;253.1860472399223;59.62829427266956;6.5;92;-1;;50;;;0;288.15;350;161.0420249885603;50;1;;;;;;3.513572474196495;3.513572474196495;0;0;18739.05319571464;0;166.4024347554888;166.4024347554888;12;12;250;89.74452146279958;2.870673063120999;34.80887332328213;27;0.9;0.71248432;98.19550186294214;5.390016562261818;37.32821682242295;27;0.9;0.71248432;52;0.07438148974035034;712484.32;1;1;1;0.02299559378373408;1;0.074642400174126;712484.3200000002;1;1;0.02299559378373408;1;0.07438148974035034;712484.32;1;1;1;0.02299559378373408;1;0.074642400174126;712484.3200000002;1;1;0.02299559378373408;1
600;1786614415;0;570.98888888889;4.205697888888888;51.93916611111112;610.0530600252;307.3921284444445;59.41910072414614;594.1910072414614;-0.525900453336638;-3.10905077777778;-0.02644133333333321;582882.506799912;5754958.79406544;2;62218;50.39436610345108;4.351295027335267;364.6669277316833;176.5524860798354;62.91162984884422;399.6575198913307;234.6629435544529;64.84126917278384;6.5;92;-1;;50;;;0;288.15;350;156.7585917776676;50;1;;;;;;3.369630800156392;3.369630800156392;0;0;17971.36426750076;0;166.0651679227876;166.0651679227876;12;12;250;90.22572996954088;3.111118753764312;35.04931901392544;27;0.9;0.71248432;98.67671036968344;5.4501184507165;37.38831871087763;27;0.9;0.71248432;52;0.07432870777385098;712484.32;1;1;1;0.02299559378373408;1;0.07460754546298434;712484.3200000002;1;1;0.02299559378373408;1;0.07432870777385098;712484.32;1;1;1;0.02299559378373408;1;0.07460754546298434;712484.3200000002;1;1;0.02299559378373408;1
610;1786614425;0;580.5148148148162;4.199009629629629;51.94256533333334;610.0849520718518;307.4176234074074;59.01572205259974;590.1572205259974;0.00506084450741079;-3.137557037037041;-0.0294378148148292;582416.526250793;5755329.244242228;2;62218;50.61830869707812;5.274030721611978;364.7182547193998;152.6010445550741;63.85841504777852;396.6337474425306;208.1797858940636;66.67625074424636;6.5;92;-1;;50;;;0;288.15;350;155.9152281107307;50;1;;;;;;3.341843769587208;3.341843769587208;0;0;17823.16677113178;0;165.9992014075205;165.9992014075205;12;12;250;90.31948351537722;3.156413739344164;35.09461399950529;27;0.9;0.71248432;98.77046391551976;5.461162831623678;37.39936309178481;27;0.9;0.71248432;52;0.07431862155464128;712484.32;1;1;1;0.02299559378373408;1;0.07457865307215004;712484.3200000002;1;1;0.02299559378373408;1;0.07431862155464128;712484.32;1;1;1;0.02299559378373408;1;0.07457865307215004;712484.3200000002;1;1;0.02299559378373408;1
620;1786614435;0;590.0076628352508;4.192354636015324;51.9459327586207;610.0939751246592;307.4118436781609;59.2263847379911;592.263847379911;-0.2615609917060497;-3.152892528735628;-0.007181417624556316;581952.9587962462;5755696.238367298;2;62218;50.834193536992;6.205786482808684;364.7678233517163;130.6435052914764;60.93652422477332;406.6934955438981;183.8683382865082;64.08339381917376;6.5;92;-1;;50;;;0;288.15;350;158.637153817505;50;1;;;;;;3.432171997789108;3.432171997789108;0;0;18304.91732154191;0;166.216752674184;166.216752674184;12;12;250;90.01160402051182;3.00577216037815;34.94397242053928;27;0.9;0.71248432;98.46258442065436;5.424092986784554;37.36229324694569;27;0.9;0.71248432;52;0.07435217726237482;712484.32;1;1;1;0.02299559378373408;1;0.07455806436217048;712484.3200000002;1;1;0.02299559378373408;1;0.07435217726237482;712484.32;1;1;1;0.02299559378373408;1;0.07455806436217048;712484.3200000002;1;1;0.02299559378373408;1
630;1786614445;0;599.5333333333316;4.185681333333335;51.94931666666666;610.0939753333334;307.4181086666667;59.2349332115655;592.349332115655;-0.03069692246916972;-3.153172666666664;-0.04682399999998866;581488.171313793;5756065.087956008;2;62218;51.04188662168482;7.146384494280846;364.8156015084642;114.99098743008186;55.64188065620882;428.9187142142904;166.4333001295165;58.70415330962424;6.5;92;-1;;50;;;0;288.15;350;164.5195389377899;50;1;;;;;;3.634045584559672;3.634045584559672;0;0;19381.57645098492;0;166.6789080511889;166.6789080511889;12;12;250;89.34757505673634;2.662307664802555;34.60050792496368;27;0.9;0.71248432;97.79855545687888;5.3358897213224;37.27408998148353;27;0.9;0.71248432;52;0.07442631261193852;712484.32;1;1;1;0.02299559378373408;1;0.07454708504965114;712484.3200000002;1;1;0.02299559378373408;1;0.07442631261193852;712484.32;1;1;1;0.02299559378373408;1;0.07454708504965114;712484.3200000002;1;1;0.02299559378373408;1
640;1786614455;0;609.0613026819922;4.179007088122606;51.9527014559387;610.0900564940692;307.3958524904215;58.9739871381231;589.739871381231;0.239954972040302;-3.156763908045978;-0.03640160919540236;581023.3858480346;5756434.076677576;2;62218;51.24125286836948;8.09561236414566;364.8615575490758;104.72117715486748;49.6714126598326;461.5519130798228;155.4681145692753;52.5471964236988;6.5;92;-1;;50;;;0;288.15;350;172.8026291874854;50;1;;;;;;3.93522347528763;3.93522347528763;0;0;20987.85853486736;0;167.3158192509911;167.3158192509911;12;12;250;88.40948596620616;2.134188120823694;34.07238838098482;27;0.9;0.71248432;96.8604663663487;5.18989215691932;37.12809241708045;27;0.9;0.71248432;52;0.07453516524646856;712484.32;1;1;1;0.02299559378373408;1;0.07454616814171402;712484.3200000002;1;1;0.02299559378373408;1;0.07453516524646856;712484.32;1;1;1;0.02299559378373408;1;0.07454616814171402;712484.3200000002;1;1;0.02299559378373408;1
650;1786614465;0;618.5518518518522;4.172358185185185;51.95606866666668;610.097501262889;307.3734163703704;59.03357926578354;590.3357926578354;-0.0601199869814347;-3.159655925925927;-0.002791629629621268;580560.4419352286;5756801.18148141;2;62218;51.43216239029488;9.05324930524018;364.9056616927283;97.87930967348296;43.95377442107932;502.5647356899692;148.9539900574209;46.68251540576826;6.5;92;-1;;50;;;0;288.15;350;182.6380041816827;50;1;;;;;;4.322282093057718;4.322282093057718;0;0;23052.1711629745;0;168.0552483718364;168.0552483718364;12;12;250;87.28299822759078;1.435512110405707;33.37371237056684;27;0.9;0.71248432;95.73397862773334;4.976376028962562;36.91457628912369;27;0.9;0.71248432;52;0.0746719692971233;712484.32;1;1;1;0.02299559378373408;1;0.07455515393852896;712484.3200000002;1;1;0.02299559378373408;1;0.0746719692971233;712484.32;1;1;1;0.02299559378373408;1;0.07455515393852896;712484.3200000002;1;1;0.02299559378373408;1
660;1786614475;0;628.0459770114932;4.165697816091955;51.95943609195402;610.0894218284598;307.3964804597701;59.2337519994513;592.3375199945128;-0.012409784769822808;-3.158037356321839;-0.07016436781611446;580096.7775860284;5757168.339826388;2;62218;51.6144881895953;10.01905479883744;364.9478854241152;93.12384392159272;38.83614485804343;550.0835555576638;144.1613362735568;41.38167611807531;6.5;92;-1;;50;;;0;288.15;350;193.2789114959645;50;1;;;;;;4.783961638529418;4.783961638529418;0;0;25514.4620721569;0;168.8399813858664;168.8399813858664;12;12;250;86.03658566808912;0.5854206894109234;32.52362094957205;27;0.9;0.71248432;94.48756606823168;4.683342313187786;36.62154257334891;27;0.9;0.71248432;52;0.07483047501866384;712484.32;1;1;1;0.02299559378373408;1;0.07457350867720462;712484.3200000002;1;1;0.02299559378373407;1;0.07483047501866384;712484.32;1;1;1;0.02299559378373408;1;0.07457350867720462;712484.3200000002;1;1;0.02299559378373407;1
670;1786614485;0;637.5555555555554;4.159021111111113;51.96282000000002;610.0897685644446;307.3809677777779;59.01405704501282;590.1405704501282;-0.02978569376512586;-3.161181111111112;-0.02227000000000122;579632.0298998698;5757537.356083546;2;62218;51.78810446775078;10.99275674201063;364.9882010325482;89.67365657611192;34.38154689346095;602.5662699787346;140.902870821513;36.84598668567022;6.5;92;-1;;50;;;0;288.15;350;204.1506989446689;50;1;;;;;;5.312543749602932;5.312543749602932;0;0;28333.56666454898;0;169.6315044907077;169.6315044907077;12;12;250;84.71648045217428;-0.3945002760891319;31.543699984072;27;0.9;0.71248432;93.16746085231682;4.29753629100342;36.23573655116455;27;0.9;0.71248432;52;0.0750055385101579;712484.32;1;1;1;0.02299559378373408;1;0.0746005105417642;712484.3200000002;1;1;0.02299559378373407;1;0.0750055385101579;712484.32;1;1;1;0.02299559378373408;1;0.0746005105417642;712484.3200000002;1;1;0.02299559378373407;1
680;1786614495;0;647.0306513409988;4.15236823754789;51.96619103448276;610.0933621219616;307.3922014176245;59.1018587190253;591.018587190253;0.1368732043029345;-3.16125509578544;-0.05394260536392294;579169.0105099528;5757905.009173458;2;62218;51.95289138903286;11.974074818408404;365.0265826459436;87.07556025730894;30.53922970157984;658.8200870160198;138.2351792750292;32.88606582530388;6.5;92;-1;;50;;;0;288.15;350;214.8459701260203;50;1;;;;;;5.90402196795378;5.90402196795378;0;0;31488.11716242017;0;170.4067447842178;170.4067447842178;12;12;250;83.34976194031334;-1.483572344585582;30.45462791557555;27;0.9;0.71248432;91.80074234045588;3.805583562000782;35.74378382216191;27;0.9;0.71248432;52;0.07519318104597274;712484.32;1;1;1;0.02299559378373408;1;0.0746353735126;712484.3200000002;1;1;0.02299559378373407;1;0.07519318104597274;712484.32;1;1;1;0.02299559378373408;1;0.0746353735126;712484.3200000002;1;1;0.02299559378373407;1
690;1786614505;0;656.5222222222224;4.145699222222223;51.96956277777778;610.0891099911112;307.4052538888889;59.0571628968879;590.5716289688792;-0.02193790692235412;-3.162992444444445;-0.04046766666666812;578704.9492382394;5758272.766156442;2;62059;53.1518971727606;6.048650390023456;365.4564383232164;43.6906159119248;61.32938554123924;406.035309953488;90.50594724785802;61.4771769486202;6.5;81;-1;;50;;;0;288.15;350;158.2504171987045;50;1;;;;;;3.419222910917381;3.419222910917381;0;0;18235.8555248927;0;166.20268419621;166.20268419621;12;12;250;90.03862158535756;3.019209848536204;34.95741010869733;27;0.9;0.71248432;98.48960198550012;5.427439204468412;37.36563946462954;27;0.9;0.71248432;52;0.07434998179156546;712484.32;1;1;1;0.02299559378373408;1;0.07461951841698696;712484.3200000002;1;1;0.02299559378373407;1;0.07434998179156546;712484.32;1;1;1;0.02299559378373408;1;0.07461951841698696;712484.3200000002;1;1;0.02299559378373407;1
700;1786614515;0;666.0153256704978;4.139039272030652;51.97293536398468;610.092310924521;307.3963331417625;59.15818969088834;591.5818969088834;0.2570159245497472;-3.168281570881227;-0.012381915708804814;578241.5772720288;5758640.669031584;2;62059;53.09058941959438;7.08956843559989;365.4409100713774;56.98532100820154;54.90055938488214;433.2335142954685;104.94161244313724;55.82316907434294;6.5;81;-1;;50;;;0;288.15;350;165.4480371312096;50;1;;;;;;3.666785371318678;3.666785371318678;0;0;19556.18864703295;0;166.7658490552992;166.7658490552992;12;12;250;89.22789426586704;2.597712244670562;34.5359125048317;27;0.9;0.71248432;97.6788746660096;5.318717093693524;37.25691735385466;27;0.9;0.71248432;52;0.07444070523578892;712484.32;1;1;1;0.02299559378373408;1;0.0746101071969239;712484.3200000002;1;1;0.02299559378373407;1;0.07444070523578892;712484.32;1;1;1;0.02299559378373408;1;0.0746101071969239;712484.3200000002;1;1;0.02299559378373407;1
710;1786614525;0;675.5407407407406;4.132361481481482;51.97630925925926;610.0921648985184;307.4018470370371;59.03478520566036;590.3478520566036;-0.1437663754888629;-3.164141851851852;-0.04901377777777712;577777.0460461952;5759008.741376082;2;62059;53.01947526347218;8.127173074971318;365.423205604282;65.25665316087202;48.451680952816;470.1122761391344;114.69369342614146;49.81284044619776;6.5;81;-1;;50;;;0;288.15;350;174.7343215448487;50;1;;;;;;4.008569522576263;4.008569522576263;0;0;21379.03745374007;0;167.4754399859957;167.4754399859957;12;12;250;88.17651918391294;1.995370289847565;33.9335705500087;27;0.9;0.71248432;96.6274995840555;5.1493554387952;37.08755569895633;27;0.9;0.71248432;52;0.07456371954405304;712484.32;1;1;1;0.02299559378373408;1;0.07460778781428036;712484.3200000002;1;1;0.02299559378373407;1;0.07456371954405304;712484.32;1;1;1;0.02299559378373408;1;0.07460778781428036;712484.3200000002;1;1;0.02299559378373407;1
720;1786614535;0;685.0344827586206;4.12570551724138;51.9796824137931;610.0887312446898;307.3796162068966;59.30455811474084;593.0455811474084;-0.12227992658624824;-3.166271379310345;-0.03876931034482764;577314.0833282118;5759376.797012048;2;62059;52.9386113128359;9.161001351368208;365.4033355362517;70.69606550549544;42.6111486316402;514.589682630028;120.8791010510665;44.26436315769991;6.5;81;-1;;50;;;0;288.15;350;185.2510025435394;50;1;;;;;;4.431189038849148;4.431189038849148;0;0;23633.00820719546;0;168.2606296325663;168.2606296325663;12;12;250;86.96871002106946;1.228527376235799;33.16672763639693;27;0.9;0.71248432;95.41969042121202;4.908468611829598;36.84666887199073;27;0.9;0.71248432;52;0.07471208020258198;712484.32;1;1;1;0.02299559378373408;1;0.0746127541184852;712484.3200000002;1;1;0.02299559378373407;1;0.07471208020258198;712484.32;1;1;1;0.02299559378373408;1;0.0746127541184852;712484.3200000002;1;1;0.02299559378373407;1
730;1786614545;0;694.5785440613032;4.119015019157088;51.98306827586208;610.096550168276;307.3554872796935;59.0131711331112;590.131711331112;-0.0171779900165279;-3.167893256704982;0.0010123754789364306;576848.7956321228;5759746.272019448;2;62059;52.84806245623766;10.190589790387878;365.3813121675576;74.4880801424675;37.53207864775973;564.8708924264012;125.1169148335406;39.40150104215592;6.5;81;-1;;50;;;0;288.15;350;196.2986822074558;50;1;;;;;;4.924446558252652;4.924446558252652;0;0;26263.71497734748;0;169.0703920686373;169.0703920686373;12;12;250;85.66569006559494;0.3179299417121663;32.2561302018733;27;0.9;0.71248432;94.11667046573748;4.583242910477928;36.52144317063906;27;0.9;0.71248432;52;0.07487980026509394;712484.32;1;1;1;0.02299559378373408;1;0.07462489257969468;712484.3200000002;1;1;0.02299559378373407;1;0.07487980026509394;712484.32;1;1;1;0.02299559378373408;1;0.07462489257969468;712484.3200000002;1;1;0.02299559378373407;1
740;1786614555;0;704.0881226053648;4.112349195402298;51.98643172413794;610.0884479200922;307.37815651341;59.05892146592578;590.5892146592578;-0.462487848417079;-3.165410881226054;-0.06865980842910386;576385.3090488174;5760113.322953034;2;62059;52.74789966430056;11.21550062379226;365.3571489983515;77.26387784033476;33.17802656488922;619.537709443646;128.6589293527632;35.13918421409592;6.5;81;-1;;50;;;0;288.15;350;207.3657332152978;50;1;;;;;;5.482032597600976;5.482032597600976;0;0;29237.50718720521;0;169.8727630577998;169.8727630577998;12;12;250;84.30573303708418;-0.7144063697820558;31.22379389037908;27;0.9;0.71248432;92.75671343722672;4.160028256906992;36.09822851706812;27;0.9;0.71248432;52;0.07506214913865114;712484.32;1;1;1;0.02299559378373408;1;0.07464390373443194;712484.3200000002;1;1;0.02299559378373407;1;0.07506214913865114;712484.32;1;1;1;0.02299559378373408;1;0.07464390373443194;712484.3200000002;1;1;0.02299559378373407;1
750;1786614565;0;713.5777777777792;4.105691333333334;51.989808;610.0890584526224;307.3626788888889;59.14521012066804;591.4521012066804;0.08761003814361202;-3.168524222222223;-0.0213399999999772;575922.4156347864;5760481.851511678;2;59421;52.1479012282177;5.709628054891546;365.5036447341663;80.28004425345224;71.7981346124249;376.9472878979704;124.8095559671037;73.77290986552164;6.5;0;-1;;50;;;0;288.15;350;150.1980313619593;50;1;;;;;;3.158021449012742;3.158021449012742;0;0;16842.78106140129;0;165.5570206018266;165.5570206018266;12;12;250;90.94548664164558;3.445935324061162;35.38413558422229;27;0.9;0.71248432;99.39646704178812;5.52972519235031;37.46792545251144;27;0.9;0.71248432;52;0.07425295459398492;712484.32;1;1;1;0.02299559378373408;1;0.0746276141869133;712484.3200000002;1;1;0.02299559378373407;1;0.07425295459398492;712484.32;1;1;1;0.02299559378373408;1;0.0746276141869133;712484.3200000002;1;1;0.02299559378373407;1
760;1786614575;0;723.1037037037076;4.099007407407405;51.99317733333334;610.0925323666668;307.373044074074;59.02366841441384;590.2366841441384;-0.3224384766085428;-3.168639925925925;-0.05271422222213192;575457.8125812968;5760849.622903706;2;59421;52.29235173019882;6.706879875721588;365.5366610779329;78.40876257822624;61.69380939641782;404.8234247868664;126.52098135237362;63.64635636022038;6.5;0;-1;;50;;;0;288.15;350;157.8975335274597;50;1;;;;;;3.407440914535041;3.407440914535041;0;0;18173.01821085355;0;166.1767208361376;166.1767208361376;12;12;250;90.0763669418123;3.037912848779927;34.97611310894106;27;0.9;0.71248432;98.52734734195486;5.432083646664596;37.37028390682573;27;0.9;0.71248432;52;0.07434593937777456;712484.32;1;1;1;0.02299559378373408;1;0.07461634719454776;712484.3200000002;1;1;0.02299559378373407;1;0.07434593937777456;712484.32;1;1;1;0.02299559378373408;1;0.07461634719454776;712484.3200000002;1;1;0.02299559378373407;1
770;1786614585;0;732.5962962962942;4.092356629629632;51.99655466666666;610.088426176178;307.3895827407407;59.11804695242652;591.1804695242654;0.2104586629010502;-3.17084374074074;-0.04036340740738479;574995.5403682956;5761218.361893254;2;59421;52.42761248707938;7.710687647429702;365.5676468919401;77.59684600752522;53.04756807352288;442.8886595646984;126.53139359148084;54.9807403728723;6.5;0;-1;;50;;;0;288.15;350;167.8892023094899;50;1;;;;;;3.754059671460616;3.754059671460616;0;0;20021.65158112328;0;166.9572993438561;166.9572993438561;12;12;250;88.94916967716822;2.444107379653538;34.38230763981467;27;0.9;0.71248432;97.40015007731076;5.277123260653286;37.21532352081442;27;0.9;0.71248432;52;0.07447291133374628;712484.32;1;1;1;0.02299559378373408;1;0.07461083043067078;712484.3200000002;1;1;0.02299559378373407;1;0.07447291133374628;712484.32;1;1;1;0.02299559378373408;1;0.07461083043067078;712484.3200000002;1;1;0.02299559378373407;1
780;1786614595;0;742.0919540229896;4.085675632183909;51.99992310344828;610.0914223689656;307.3754103448276;59.1561053709671;591.561053709671;-0.2160051900834001;-3.175323448275859;-0.0101419540230137;574531.2765275402;5761586.12236133;2;59421;52.55358337485576;8.720689994737618;365.5965821597156;77.15112868572442;45.83628955350436;488.766504284197;127.3413308446275;47.81311082128772;6.5;0;-1;;50;;;0;288.15;350;179.175387496935;50;1;;;;;;4.182047139345112;4.182047139345112;0;0;22304.25140984059;0;167.8134368541792;167.8134368541792;12;12;250;87.66504469896054;1.680147710064186;33.61834797022532;27;0.9;0.71248432;96.1160250991031;5.053858238125216;36.99205849828634;27;0.9;0.71248432;52;0.0746259433513813;712484.32;1;1;1;0.02299559378373408;1;0.07461139016847486;712484.3200000002;1;1;0.02299559378373407;1;0.0746259433513813;712484.32;1;1;1;0.02299559378373408;1;0.07461139016847486;712484.3200000002;1;1;0.02299559378373407;1
790;1786614605;0;751.6015325670516;4.078998927203063;52.00330053639848;610.0912904068966;307.385049118774;59.05018187026438;590.5018187026438;-0.10435921690319832;-3.171463639846745;-0.04802099616859242;574067.360962293;5761954.930575832;2;59421;52.67016837779366;9.736495565104978;365.6234479112082;76.87508663713336;39.8732432663772;540.4647714575478;127.42117405930204;41.81095315631871;6.5;0;-1;;50;;;0;288.15;350;190.9697573042451;50;1;;;;;;4.679520680170774;4.679520680170774;0;0;24957.44362757746;0;168.6867559639339;168.6867559639339;12;12;250;86.29425204838024;0.7674457176951636;32.70564597785629;27;0.9;0.71248432;94.74523244852278;4.749266962581278;36.68746722274241;27;0.9;0.71248432;52;0.07479839020851122;712484.32;1;1;1;0.02299559378373408;1;0.0746180687413333;712484.3200000002;1;1;0.02299559378373407;1;0.07479839020851122;712484.32;1;1;1;0.02299559378373408;1;0.0746180687413333;712484.3200000002;1;1;0.02299559378373407;1
800;1786614615;0;761.111111111113;4.072331111111109;52.00667;610.087744;307.3639633333333;59.09813512360252;590.9813512360252;-0.10245308675446508;-3.173435555555555;-0.03680333333333583;573604.1369797638;5762322.903901212;2;59421;52.77727896160282;10.757708166452968;365.6482269313074;76.69115734099278;34.93177679390225;596.4665514241432;127.61385511632758;36.87999769156408;6.5;0;-1;;50;;;0;288.15;350;202.7211244729425;50;1;;;;;;5.23925357421364;5.23925357421364;0;0;27942.68572913941;0;169.543130030399;169.543130030399;12;12;250;84.87814508787222;-0.2704532390687106;31.66774702109242;27;0.9;0.71248432;93.32912548801476;4.34930775243169;36.28750801259282;27;0.9;0.71248432;52;0.07498519203915166;712484.32;1;1;1;0.02299559378373408;1;0.074630728165396;712484.3200000002;1;1;0.02299559378373407;1;0.07498519203915166;712484.32;1;1;1;0.02299559378373408;1;0.074630728165396;712484.3200000002;1;1;0.02299559378373407;1
810;1786614625;0;770.6333333333334;4.065656666666668;52.01004166666668;610.0957125990668;307.3377943333333;59.1320505029892;591.320505029892;0.04699078335301696;-3.175278333333334;0.0006136666666670294;573140.5228440838;5762691.158495914;2;59421;52.87483269952836;11.783915543521238;365.6709033820144;76.5630305698549;30.80399127077557;655.6649335641166;127.63586052480394;32.77758420459209;6.5;0;-1;;50;;;0;288.15;350;214.0684511033749;50;1;;;;;;5.858199933472104;5.858199933472104;0;0;31243.73297851789;0;170.3650472876671;170.3650472876671;12;12;250;83.43728147134568;-1.411805086230965;30.52639517393016;27;0.9;0.71248432;91.88826187148822;3.840088766274096;35.77828902643523;27;0.9;0.71248432;52;0.0751826565869088;712484.32;1;1;1;0.02299559378373408;1;0.07464912577944642;712484.3200000002;1;1;0.02299559378373407;1;0.0751826565869088;712484.32;1;1;1;0.02299559378373408;1;0.07464912577944642;712484.3200000002;1;1;0.02299559378373407;1
820;1786614635;0;780.1592592592606;4.058978518518519;52.01341574074074;610.087902551852;307.3638307777778;59.14563610182026;591.4563610182026;-0.02121259820386554;-3.173174777777778;-0.0640075555555344;572676.718925869;5763059.719779246;2;60407;52.40927648602124;359.7170889655289;365.4833589974624;280.15511142866;47.96388041368234;473.4599132233162;334.3620897872032;45.14999736569102;6.5;20;-1;;50;;;0;288.15;350;175.5312051254429;50;1;;;;;;4.03919171666163;4.03919171666163;0;0;21542.35582219536;0;167.5370724261835;167.5370724261835;12;12;250;88.08426454963978;1.939569393429728;33.87776965359086;27;0.9;0.71248432;96.53524494978234;5.132801295404004;37.07100155556513;27;0.9;0.71248432;52;0.0745748860594034;712484.32;1;1;1;0.02299559378373408;1;0.07464673094976762;712484.3200000002;1;1;0.02299559378373407;1;0.0745748860594034;712484.32;1;1;1;0.02299559378373408;1;0.07464673094976762;712484.3200000002;1;1;0.02299559378373407;1
830;1786614645;0;789.6743295019138;4.052301226053642;52.0167927586207;610.0880104102072;307.3443593103448;59.06603391562026;590.6603391562026;0.04394873220468335;-3.175690498084292;-0.01882750957858209;572213.0375420644;5763428.651966834;2;60407;52.5365975712179;0.726261017815144;365.5118007919764;285.6075229511271;55.07542055233516;432.4659649482362;339.7862051058411;52.11697196934042;6.5;20;-1;;50;;;0;288.15;350;165.2265890622385;50;1;;;;;;3.658954445795853;3.658954445795853;0;0;19514.42371091122;0;166.7504468266307;166.7504468266307;12;12;250;89.2511274200584;2.610315968406653;34.54851622856778;27;0.9;0.71248432;97.70210782020096;5.322082515826326;37.26028277598746;27;0.9;0.71248432;52;0.07443814496675362;712484.32;1;1;1;0.02299559378373408;1;0.07464021263779842;712484.3200000002;1;1;0.02299559378373407;1;0.07443814496675362;712484.32;1;1;1;0.02299559378373408;1;0.07464021263779842;712484.3200000002;1;1;0.02299559378373407;1
840;1786614655;0;799.1839080459766;4.045631264367817;52.0201643678161;610.0917893551724;307.35568;59.03358817958414;590.3358817958414;0.1677101683480271;-3.176023563218392;-0.05083091954023988;571749.9362644206;5763797.032788506;2;60407;52.65454548497708;1.741293421112811;365.5381865655463;295.1127158170951;62.965125754094;400.450329930697;348.8686968255687;59.86602671381058;6.5;20;-1;;50;;;0;288.15;350;156.7099668035355;50;1;;;;;;3.368023872303683;3.368023872303683;0;0;17962.79398561964;0;166.0823812591176;166.0823812591176;12;12;250;90.2101235610636;3.103529782520595;35.04173004268172;27;0.9;0.71248432;98.66110396120616;5.44825948496316;37.38645974512429;27;0.9;0.71248432;52;0.07433135230348542;712484.32;1;1;1;0.02299559378373408;1;0.07463085323372834;712484.3200000002;1;1;0.02299559378373407;1;0.07433135230348542;712484.32;1;1;1;0.02299559378373408;1;0.07463085323372834;712484.3200000002;1;1;0.02299559378373407;1
850;1786614665;0;808.67037037037;4.038960740740741;52.02353133333334;610.0875709562964;307.3721462222223;59.07941856737498;590.7941856737498;0.09201888091430998;-3.178209925925926;-0.0393685555555525;571286.8722502524;5764164.938657752;2;60407;52.7630308041222;2.761792332660709;365.5624989971357;313.9327883049774;70.53070407781226;379.6947535492655;5.694217430620422;67.3661312930773;6.5;20;-1;;50;;;0;288.15;350;150.9557926858836;50;1;;;;;;3.181942725945941;3.181942725945941;0;0;16970.36120504502;0;165.6201000687582;165.6201000687582;12;12;250;90.85848589778072;3.407038080337659;35.34523834049879;27;0.9;0.71248432;99.30946629792328;5.520715799155164;37.4589160593163;27;0.9;0.71248432;52;0.07426211915292554;712484.32;1;1;1;0.02299559378373408;1;0.07462000811370472;712484.3200000002;1;1;0.02299559378373407;1;0.07426211915292554;712484.32;1;1;1;0.02299559378373408;1;0.07462000811370472;712484.3200000002;1;1;0.02299559378373407;1
860;1786614675;0;818.1685823754786;4.032281992337165;52.02689900383142;610.090679572368;307.3545848275862;59.05372791838104;590.5372791838104;-0.1550434355861703;-3.182889655172415;-0.011510881226047238;570823.311020451;5764532.957772404;2;60407;52.8619701692343;3.787347711587165;365.5847221404529;349.9371722575681;74.43992997305686;372.0909604012989;36.06760545173127;71.96875504881202;6.5;20;-1;;50;;;0;288.15;350;148.7968892638505;50;1;;;;;;3.114133795645264;3.114133795645264;0;0;16608.71357677474;0;165.4443905303388;165.4443905303388;12;12;250;91.10200436650086;3.514830086111371;35.4530303462725;27;0.9;0.71248432;99.55298476664342;5.545531011860208;37.48373127202134;27;0.9;0.71248432;52;0.07423675562911078;712484.32;1;1;1;0.02299559378373408;1;0.07460905804271632;712484.3200000002;1;1;0.02299559378373407;1;0.07423675562911078;712484.32;1;1;1;0.02299559378373408;1;0.07460905804271632;712484.3200000002;1;1;0.02299559378373407;1
870;1786614685;0;827.6781609195414;4.025608505747126;52.03026735632184;610.0903117202762;307.3657237931035;59.05539781215372;590.5539781215372;-0.1411956711067669;-3.178558390804599;-0.04483367816092116;570360.1781387104;5764901.10027327;2;60407;52.95128556622182;4.817521807542438;365.6048412018036;27.37586099789497;71.13362130398514;378.4338140618645;71.3635568114491;70.305534009418;6.5;20;-1;;50;;;0;288.15;350;150.5882908264719;50;1;;;;;;3.170324841472146;3.170324841472146;0;0;16908.39915451811;0;165.5912068393113;165.5912068393113;12;12;250;90.89899701170148;3.425203833213293;35.36340409337442;27;0.9;0.71248432;99.34997741184404;5.524931074121646;37.46313133428278;27;0.9;0.71248432;52;0.0742579131115334;712484.32;1;1;1;0.02299559378373408;1;0.07459930401685012;712484.3200000002;1;1;0.02299559378373407;1;0.0742579131115334;712484.32;1;1;1;0.02299559378373408;1;0.07459930401685012;712484.3200000002;1;1;0.02299559378373407;1
880;1786614695;0;837.187739463604;4.018936704980842;52.0336375862069;610.0871606170422;307.3500467816092;59.20254583152622;592.0254583152622;-0.08255529727905164;-3.181069195402297;-0.03361191570882543;569897.2262542252;5765269.49639858;2;60407;53.03090700137182;5.851874995100892;365.622843084343;47.53264174332276;63.72546469210552;398.0563152274601;93.8051361222619;64.08238298318126;6.5;20;-1;;50;;;0;288.15;350;156.0314652384661;50;1;;;;;;3.345662987667789;3.345662987667789;0;0;17843.53593422821;0;166.0302985120679;166.0302985120679;12;12;250;90.28456719274916;3.139603738183127;35.07780399834426;27;0.9;0.71248432;98.73554759289172;5.45707417221396;37.39527443237509;27;0.9;0.71248432;52;0.07432336673000166;712484.32;1;1;1;0.02299559378373408;1;0.07459184625234072;712484.3200000002;1;1;0.02299559378373407;1;0.07432336673000166;712484.32;1;1;1;0.02299559378373408;1;0.07459184625234072;712484.3200000002;1;1;0.02299559378373407;1
890;1786614705;0;846.6973180076618;4.01224490421456;52.03701406130268;610.0951507157088;307.3201795402299;59.20217528273476;592.0217528273478;-0.1969541718805928;-3.182750229885055;0.002852375478899859;569432.961274882;5765638.61034009;2;60407;53.1007713972498;6.889954650267586;365.638716088557;57.61580025297352;55.8011239970002;429.1392304412559;105.95860607128344;56.80028039263378;6.5;20;-1;;50;;;0;288.15;350;164.3235934105115;50;1;;;;;;3.62716777350162;3.62716777350162;0;0;19344.89479200864;0;166.6833725041198;166.6833725041198;12;12;250;89.34998841486346;2.663601798320319;34.60180205848145;27;0.9;0.71248432;97.800968815006;5.336231851712408;37.27443211187354;27;0.9;0.71248432;52;0.07442704817489576;712484.32;1;1;1;0.02299559378373408;1;0.074587509460829;712484.3200000002;1;1;0.02299559378373407;1;0.07442704817489576;712484.32;1;1;1;0.02299559378373408;1;0.074587509460829;712484.3200000002;1;1;0.02299559378373407;1
900;1786614715;0;856.2068965517212;4.005555172413796;52.04039241379312;610.0871990751724;307.3476596551725;59.08339639540836;590.8339639540836;0.10371375898037162;-3.180712068965518;-0.06411172413798114;568968.9040000002;5766007.977882326;2;60407;53.16082216755026;7.931283822211436;365.6524497652172;63.33188853521792;48.60293112833614;469.4078161274056;112.482336140816;49.84818420309962;6.5;20;-1;;50;;;0;288.15;350;174.4900888060958;50;1;;;;;;3.999227349619194;3.999227349619194;0;0;21329.21253130237;0;167.4624144783703;167.4624144783703;12;12;250;88.1988868644954;2.008828922063355;33.94702918222449;27;0.9;0.71248432;96.64986726463794;5.153325773719866;37.091526033881;27;0.9;0.71248432;52;0.07456136971838886;712484.32;1;1;1;0.02299559378373408;1;0.07458683921102284;712484.3200000002;1;1;0.02299559378373407;1;0.07456136971838886;712484.32;1;1;1;0.02299559378373408;1;0.07458683921102284;712484.3200000002;1;1;0.02299559378373407;1
910;1786614725;0;865.750957854407;3.998876819923371;52.04376283524904;610.0879245724138;307.3265045977012;59.07060115824754;590.7060115824754;-0.0009467568280924626;-3.183454674329502;-0.01563739463600328;568505.7079520052;5766376.517214142;2;60407;53.21101112153454;8.975387661871426;365.6640353040712;66.95239428723098;42.41023096863632;516.7146631981386;116.99041364524038;43.90682333124701;6.5;20;-1;;50;;;0;288.15;350;185.6526180542547;50;1;;;;;;4.448172748390952;4.448172748390952;0;0;23723.58799141841;0;168.2964238632278;168.2964238632278;12;12;250;86.91593208086618;1.193269862638448;33.13147012279958;27;0.9;0.71248432;95.36691248100874;4.896683805212642;36.83488406537377;27;0.9;0.71248432;52;0.07471916837478714;712484.32;1;1;1;0.02299559378373408;1;0.07459014744011694;712484.3200000002;1;1;0.02299559378373407;1;0.07471916837478714;712484.32;1;1;1;0.02299559378373408;1;0.07459014744011694;712484.3200000002;1;1;0.02299559378373407;1
920;1786614735;0;875.2605363984652;3.992197624521075;52.04713118773948;610.0913309490422;307.3348371647511;58.98569388504778;589.8569388504778;0.09668481421672934;-3.18324501915709;-0.04793099616862894;568042.5257163716;5766744.867706368;2;60407;53.25129763285618;10.02178239009372;365.6734653080821;69.4379749003377;37.17928861979402;569.3034139207078;119.85361253786644;38.77493187222921;6.5;20;-1;;50;;;0;288.15;350;197.1383395385364;50;1;;;;;;4.964330094210552;4.964330094210552;0;0;26476.42716912295;0;169.1382839055759;169.1382839055759;12;12;250;85.5579146926985;0.23901995509325;32.17722021525438;27;0.9;0.71248432;94.00889509284104;4.552973611990264;36.4911738721514;27;0.9;0.71248432;52;0.07489458556531088;712484.32;1;1;1;0.02299559378373408;1;0.07459757276024362;712484.3200000002;1;1;0.02299559378373407;1;0.07489458556531088;712484.32;1;1;1;0.02299559378373408;1;0.07459757276024362;712484.3200000002;1;1;0.02299559378373407;1
930;1786614745;0;884.7701149425276;3.985530919540231;52.05049724137932;609.757673734483;307.099437356322;58.46651969202024;584.6651969202024;0.142592355976384;-2.946012298850622;0.2168506896550548;567580.2718479476;5767113.017163688;2;60407;53.28164849368004;11.069964135600924;365.6807337223773;71.24737176569104;32.77193150434958;625.837442861417;122.4480018534994;34.56798042447651;6.5;20;-1;;50;;;0;288.15;350;208.4781313229783;50;1;;;;;;5.54225043825917;5.54225043825917;0;0;29558.6690040489;0;169.9606389975836;169.9606389975836;12;12;250;84.15763925664214;-0.8313637482802128;31.10683651188092;27;0.9;0.71248432;92.6086196567847;4.108309800829606;36.04651006099074;27;0.9;0.71248432;52;0.07508316278742602;712484.32;1;1;1;0.02299559378373408;1;0.07460913442755748;712484.3200000002;1;1;0.02299559378373407;1;0.07508316278742602;712484.32;1;1;1;0.02299559378373408;1;0.07460913442755748;712484.3200000002;1;1;0.02299559378373407;1
940;1786614755;0;894.270370370372;3.978933444444444;52.05384192592592;609.8100087222224;307.2180475185185;58.04117444173604;580.4117444173604;0.3108810010424031;-2.780131518518586;0.1652343703703626;567122.8650631866;5767478.896385334;2;-1;0;0.003500163320792e-309;0.00000000000002e-309;0.003500163320832e-309;0.00000000000002e-309;0.003500163320872e-309;;;;-1;-1;;;-1;;;;;;;1;;;;;;;;;;;0.013690307607005e-309;;;;;;;;;;;;;;;;;;;;;;;;;;;;;;;;;;;;;;;;;;;;
950;1786614765;0;903.7892720306532;3.97237540229885;52.05715624521074;609.9666864652264;307.2531814176246;57.73345215559422;577.334521555942;-0.10673028541788262;-2.832887011494256;0.12464973180075884;566668.274134831;5767841.47628137;2;-1;0;0.003500163320792e-309;0.00000000000002e-309;0.003500163320832e-309;0.00000000000002e-309;0.003500163320872e-309;;;;-1;-1;;;-1;;;;;;;1;;;;;;;;;;;0.013690307581551e-309;;;;;;;;;;;;;;;;;;;;;;;;;;;;;;;;;;;;;;;;;;;;
960;1786614775;0;913.2988505747148;3.965853793103447;52.06045459770116;610.0232183426668;307.2428624137931;57.5601689578886;575.6016895788858;-0.013739571047094904;-2.855151839080456;0.07298885057432396;566216.2706709774;5768202.35468019;2;-1;0;0.003500163320792e-309;0.00000000000002e-309;0.003500163320832e-309;0.00000000000002e-309;0.003500163320872e-309;;;;-1;-1;;;-1;;;;;;;1;;;;;;;;;;;0.013690307581551e-309;;;;;;;;;;;;;;;;;;;;;;;;;;;;;;;;;;;;;;;;;;;;
970;1786614785;0;922.8084291187706;3.959069846743298;52.06352061302682;610.549067765901;302.3036271647508;57.70724746638768;577.0724746638768;0.04201184309182092;-3.019033065134279;0.1758044444445315;565746.6903987512;5768537.195676336;2;-1;0;0.003500163320792e-309;0.00000000000002e-309;0.003500163320832e-309;0.00000000000002e-309;0.003500163320872e-309;;;;-1;-1;;;-1;;;;;;;1;;;;;;;;;;;0.013690307647004e-309;;;;;;;;;;;;;;;;;;;;;;;;;;;;;;;;;;;;;;;;;;;;
980;1786614795;0;932.3180076628334;3.952111034482759;52.06645858237548;610.1571243921534;302.2500623371648;57.62126401022574;576.2126401022574;-0.08940376403899992;-2.877541417624536;0.08296716475094698;565265.3737230238;5768857.682516704;2;62219;49.32037300470228;358.6751766145563;364.6767989692453;232.734023727706;33.67772869116801;611.4740609837006;292.3030361921069;32.54845482752515;6.5;93;-1;;50;;;0;288.15;350;206.0160741363051;50;1;;;;;;5.41007465472515;5.41007465472515;0;0;28853.73149186746;0;169.7589689185868;169.7589689185868;12;12;250;84.49148511917292;-0.5689074078690114;31.36929285229212;27;0.9;0.71248432;92.94246551931548;4.223285418211753;36.16148567837289;27;0.9;0.71248432;52;0.07503525170262576;712484.32;1;1;1;0.02299559378373408;1;0.07461904413162884;712484.3200000002;0.9148936170212766;1;0.02299559378373406;1;0.07503525170262576;712484.32;1;1;1;0.02299559378373408;1;0.07461904413162884;712484.3200000002;0.9148936170212766;1;0.02299559378373406;1
990;1786614805;0;941.827586206896;3.945155862068966;52.06938655172414;610.0729200372414;302.2191355172414;57.682670617612;576.8267061761202;-0.0002536246551724138;-2.873708965517242;0.1270224137930963;564784.383147133;5769177.105881928;2;62219;49.57798600067842;359.5565423705688;364.7299260172531;229.8452777148978;38.11750393661458;557.4069788834834;289.6953531932055;37.07733648002061;6.5;93;-1;;50;;;0;288.15;350;194.9268037287759;50;1;;;;;;4.860060581737442;4.860060581737442;0;0;25920.3231025997;0;168.9548561807085;168.9548561807085;12;12;250;85.84561193003894;0.4484851832963385;32.38668544345747;27;0.9;0.71248432;94.29659233018148;4.632580817266056;36.57078107742719;27;0.9;0.71248432;52;0.07485490332941812;712484.32;1;1;1;0.02299559378373408;1;0.07462440456794224;712484.3200000002;0.9166666666666666;1;0.02299559378373406;1;0.07485490332941812;712484.32;1;1;1;0.02299559378373408;1;0.07462440456794224;712484.3200000002;0.9166666666666666;1;0.02299559378373406;1
1000;1786614815;0;951.3371647509582;3.938200498084292;52.0723245210728;610.0533950302682;302.2331321455939;57.56700364832852;575.6700364832852;0.3277474032373068;-2.873660383141763;0.09569490421456414;564303.4271080844;5769497.687787618;2;62219;49.82815831371012;0.4475232189593834;364.7814158163328;225.8579241610317;43.28588346357573;507.9227523841656;285.860213652908;42.46960350576744;6.5;93;-1;;50;;;0;288.15;350;183.9225714552173;50;1;;;;;;4.375480241746324;4.375480241746324;0;0;23335.89462264706;0;168.1473614922834;168.1473614922834;12;12;250;87.1376869584552;1.340448422192637;33.27864868235377;27;0.9;0.71248432;95.58866735859774;4.9454575567726;36.88365781693373;27;0.9;0.71248432;52;0.07468984171702988;712484.32;1;1;1;0.02299559378373408;1;0.07462585872681086;712484.3200000002;0.9183673469387756;1;0.02299559378373406;1;0.07468984171702988;712484.32;1;1;1;0.02299559378373408;1;0.07462585872681086;712484.3200000002;0.9183673469387756;1;0.02299559378373406;1
1010;1786614825;0;960.8185185185212;3.931244296296294;52.07524374074074;610.042108358578;302.2470098148149;57.61055194629052;576.1055194629052;-0.179902012586942;-2.87558288888889;0.10670925925925306;563822.5025228262;5769816.229694404;2;62219;50.0707488057805;1.348018701431049;364.8312314414052;220.0800783161406;49.19780363820452;464.4933654481334;281.2467051805194;48.6112351203867;6.5;93;-1;;50;;;0;288.15;350;173.5424691448921;50;1;;;;;;3.963168913050542;3.963168913050542;0;0;21136.90086960289;0;167.370998446142;167.370998446142;12;12;250;88.3263613332924;2.085002154730381;34.02320241489151;27;0.9;0.71248432;96.77734173343496;5.17563404273854;37.11383430289967;27;0.9;0.71248432;52;0.0745449768754466;712484.32;1;1;1;0.02299559378373408;1;0.07462410042569424;712484.3200000002;0.92;1;0.02299559378373406;1;0.0745449768754466;712484.32;1;1;1;0.02299559378373408;1;0.07462410042569424;712484.3200000002;0.92;1;0.02299559378373406;1
1020;1786614835;0;970.321839080461;3.924295057471263;52.07817655172414;610.0438707054714;302.2269017241379;57.6511673094487;576.511673094487;0.1434186250453725;-2.880829310344825;0.1326896551723809;563342.0977161704;5770136.335482244;2;62219;50.30561435053292;2.25789977174625;364.8793365549791;211.2204405427635;55.64537498858218;428.9704964129974;273.0517668868232;55.46476121512382;6.5;93;-1;;50;;;0;288.15;350;164.5152260174524;50;1;;;;;;3.633894081053463;3.633894081053463;0;0;19380.76843228514;0;166.6799566119078;166.6799566119078;12;12;250;89.34667799952362;2.661826543917911;34.60002680407904;27;0.9;0.71248432;97.79765839966618;5.335762508153666;37.2739627683148;27;0.9;0.71248432;52;0.07442648533876112;712484.32;1;1;1;0.02299559378373408;1;0.07461989584937652;712484.3200000002;0.9215686274509804;1;0.02299559378373406;1;0.07442648533876112;712484.32;1;1;1;0.02299559378373408;1;0.07461989584937652;712484.3200000002;0.9215686274509804;1;0.02299559378373406;1
1030;1786614845;0;979.837037037035;3.917328962962964;52.08110111111112;610.0431525742816;302.2472400740741;57.76011352871566;577.6011352871566;-0.2178989505067337;-2.877134148148145;0.09608407407407544;562860.6114644178;5770455.554909654;2;62219;50.53261598950626;3.177030020585484;364.9256966294106;196.9686543981071;61.88722098545232;403.4507462050815;260.3024111459906;62.41086882345344;6.5;93;-1;;50;;;0;288.15;350;157.7125210156671;50;1;;;;;;3.40127650905297;3.40127650905297;0;0;18140.14138161584;0;166.1472186039485;166.1472186039485;12;12;250;90.11203357948344;3.055510481219237;34.99371074138036;27;0.9;0.71248432;98.563013979626;5.436439883582986;37.37464014374412;27;0.9;0.71248432;52;0.07434136061488326;712484.32;1;1;1;0.02299559378373408;1;0.07461409303199124;712484.3200000002;0.9230769230769232;1;0.02299559378373406;1;0.07434136061488326;712484.32;1;1;1;0.02299559378373408;1;0.07461409303199124;712484.3200000002;0.9230769230769232;1;0.02299559378373406;1
1040;1786614855;0;989.375478927204;3.910534674329501;52.08419141762452;608.8455192049812;307.099815210728;57.62321427390498;576.2321427390498;-0.2039051310952133;-2.47598701149437;0.4047211877389602;562390.728263838;5770793.40284668;2;62219;50.75161617345786;4.105254514655093;364.9702783329513;174.7040934237825;66.19425829041754;389.9146408663751;232.8765229211289;67.46427762626892;6.5;93;-1;;50;;;0;288.15;350;153.9871584843783;50;1;;;;;;3.278977994628727;3.278977994628727;0;0;17487.88263801988;0;165.8507989983319;165.8507989983319;12;12;250;90.53075169952428;3.256632223905538;35.19483248406667;27;0.9;0.71248432;98.98173209966682;5.485291273398648;37.42349153355978;27;0.9;0.71248432;52;0.07429620902758514;712484.32;1;1;1;0.02299559378373408;1;0.07460760560332988;712484.3200000002;0.9245283018867924;1;0.02299559378373406;1;0.07429620902758514;712484.32;1;1;1;0.02299559378373408;1;0.07460760560332988;712484.3200000002;0.9245283018867924;1;0.02299559378373406;1
1050;1786614865;0;998.8850574712622;3.904018160919542;52.08748091954024;609.8056406666666;307.1998931034483;57.66801566386938;576.6801566386938;-0.10414249648043442;-2.851331839080389;0.13278275862059;561939.6648288858;5771153.686379602;2;62219;50.96247658464018;5.042388027977694;365.0130490413631;147.2963266136901;66.3217153747787;389.6047557896303;203.0573007723101;68.92424977168228;6.5;93;-1;;50;;;0;288.15;350;153.8880582406955;50;1;;;;;;3.275771234774658;3.275771234774658;0;0;17470.77991879818;0;165.8438931336917;165.8438931336917;12;12;250;90.54086432401858;3.261365077064774;35.19956533722591;27;0.9;0.71248432;98.99184472416112;5.486420317029216;37.42462057719035;27;0.9;0.71248432;52;0.07429517536223274;712484.32;1;1;1;0.02299559378373408;1;0.07460135699850794;712484.3200000002;0.925925925925926;1;0.02299559378373406;1;0.07429517536223274;712484.32;1;1;1;0.02299559378373408;1;0.07460135699850794;712484.3200000002;0.925925925925926;1;0.02299559378373406;1
1060;1786614875;0;1008.3946360153236;3.897497701149427;52.0907741762452;609.9753270551724;307.2320489655173;57.54817892469352;575.4817892469352;0.08585620161471122;-2.87730348659004;0.07637762452104576;561488.3912264376;5771514.424842388;2;62219;51.16506455607606;5.988240943985522;365.0539780927893;124.60928902749556;62.19110731605658;402.5392458885564;177.1665376527827;65.06873969131014;6.5;93;-1;;50;;;0;288.15;350;157.4249965936598;50;1;;;;;;3.391713855244684;3.391713855244684;0;0;18089.14056130498;0;166.1275727160161;166.1275727160161;12;12;250;90.14124212122408;3.069867213575036;35.00806747373616;27;0.9;0.71248432;98.59222252136664;5.43998401698225;37.37818427714338;27;0.9;0.71248432;52;0.07433832017709972;712484.32;1;1;1;0.02299559378373408;1;0.07459619941377444;712484.3200000002;0.9272727272727272;1;0.02299559378373406;1;0.07433832017709972;712484.32;1;1;1;0.02299559378373408;1;0.07459619941377444;712484.3200000002;0.9272727272727272;1;0.02299559378373406;1
1070;1786614885;0;1017.9042145593878;3.890986091954023;52.0940574329502;610.0224970368738;307.2009285440613;57.72506812792794;577.2506812792794;-0.3304452133777221;-2.882126666666666;0.1230121839080571;561037.8028740226;5771874.099102222;2;62219;51.35924662984724;6.942588843344626;365.0930354284992;109.99350593153012;56.0107760217113;427.5154328244081;161.9569411940294;58.79719743265236;6.5;93;-1;;50;;;0;288.15;350;164.0674938141577;50;1;;;;;;3.618194906827848;3.618194906827848;0;0;19297.03950308185;0;166.6504440805878;166.6504440805878;12;12;250;89.39188970506928;2.686017672195411;34.62421793235654;27;0.9;0.71248432;97.84287010521182;5.342146051679202;37.28034631184034;27;0.9;0.71248432;52;0.07442163176906728;712484.32;1;1;1;0.02299559378373408;1;0.07459284234368392;712484.3200000002;0.9285714285714286;1;0.02299559378373406;1;0.07442163176906728;712484.32;1;1;1;0.02299559378373408;1;0.07459284234368392;712484.3200000002;0.9285714285714286;1;0.02299559378373406;1
1080;1786614895;0;1027.41379310345;3.884257931034482;52.09719827586208;610.8249710172414;302.372518965517;58.13995714586894;581.3995714586894;-0.02117854780277204;-3.217274482758731;-0.2483231034474453;560572.63893997;5772217.793815274;2;62219;51.54489469582644;7.905198884610128;365.1301927801778;100.91335638840842;49.5597858793667;462.5921665954986;156.760826406832;52.44176195748744;6.5;93;-1;;50;;;0;288.15;350;172.9758485457609;50;1;;;;;;3.941750260715475;3.941750260715475;0;0;21022.6680571492;0;167.3353736283825;167.3353736283825;12;12;250;88.38340480338696;2.11879693439627;34.0569971945574;27;0.9;0.71248432;96.8343852035295;5.185442856149028;37.12364311631016;27;0.9;0.71248432;52;0.07453863515869588;712484.32;1;1;1;0.02299559378373408;1;0.07459181956660868;712484.3200000002;0.9298245614035088;1;0.02299559378373406;1;0.07453863515869588;712484.32;1;1;1;0.02299559378373408;1;0.07459181956660868;712484.3200000002;0.9298245614035088;1;0.02299559378373406;1
1090;1786614905;0;1036.923371647511;3.877228237547892;52.10014624521074;610.240827544276;302.2736780842913;58.19490824110874;581.9490824110874;-0.454299203603922;-3.100824750957838;0.038776091954027;560087.1449425286;5772539.830364658;2;62219;51.72188374810926;8.875818457314628;365.1654231569601;95.00486098471618;43.61892369130509;505.680663573134;151.7879464630541;46.3873085018224;6.5;93;-1;;50;;;0;288.15;350;183.2782836649755;50;1;;;;;;4.348716715980087;4.348716715980087;0;0;23193.15581856046;0;168.1089350871876;168.1089350871876;12;12;250;87.20287688931718;1.383232156319141;33.32143241648027;27;0.9;0.71248432;95.65385728945972;4.959429040089428;36.89762930025056;27;0.9;0.71248432;52;0.07468236291377382;712484.32;1;1;1;0.02299559378373408;1;0.07459349629525988;712484.3200000002;0.9310344827586206;1;0.02299559378373406;1;0.07468236291377382;712484.32;1;1;1;0.02299559378373408;1;0.07459349629525988;712484.3200000002;0.9310344827586206;1;0.02299559378373406;1
1100;1786614915;0;1046.418518518519;3.870194481481481;52.10309974074074;610.1059114092592;302.2504764074074;58.40417184605316;584.0417184605316;-0.1554827156481335;-3.061891296296296;0.05897303703703518;559601.4286130416;5772862.525381054;2;62219;51.89009026352128;9.854163333017582;365.1987004692919;90.9394407226277;38.41627992201782;554.9078745924838;147.5460430181506;41.04983058476233;6.5;93;-1;;50;;;0;288.15;350;194.2368825923385;50;1;;;;;;4.828037903280136;4.828037903280136;0;0;25749.53548416072;0;168.9158258998075;168.9158258998075;12;12;250;85.91666488939726;0.4996317538962674;32.4378320140574;27;0.9;0.71248432;94.3676452895398;4.651658550050834;36.58985881021197;27;0.9;0.71248432;52;0.0748465672148018;712484.32;1;1;1;0.02299559378373408;1;0.0745980975847061;712484.3200000002;0.9322033898305084;1;0.02299559378373406;1;0.0748465672148018;712484.32;1;1;1;0.02299559378373408;1;0.0745980975847061;712484.3200000002;0.9322033898305084;1;0.02299559378373406;1
1110;1786614925;0;1055.942528735634;3.863133103448275;52.10606218390804;610.0757459588968;302.2714822988506;58.3245023058274;583.245023058274;-0.3734991103461668;-3.050597011494256;0.02573321839080746;559113.8718528708;5773186.240126932;2;62219;52.04939683724448;10.839941214828464;365.2300003935871;88.00128135125244;33.94438880760116;608.7826982475192;144.8993950306726;36.47340441525061;6.5;93;-1;;50;;;0;288.15;350;205.3044479124435;50;1;;;;;;5.372608508901238;5.372608508901238;0;0;28653.91204747327;0;169.7206541664961;169.7206541664961;12;12;250;84.5672660170876;-0.509938637766895;31.42826162239424;27;0.9;0.71248432;93.01824641723016;4.248582034138601;36.18678229429973;27;0.9;0.71248432;52;0.07502627428286632;712484.32;1;1;1;0.02299559378373408;1;0.07460574359717324;712484.3200000002;0.9333333333333334;1;0.02299559378373406;1;0.07502627428286632;712484.32;1;1;1;0.02299559378373408;1;0.07460574359717324;712484.3200000002;0.9333333333333334;1;0.02299559378373406;1
1120;1786614935;0;1065.452107279692;3.856085440613028;52.1090246743295;610.0646746361074;302.253116934866;58.32464121281674;583.2464121281674;-0.02964763678873053;-3.04966501915709;0.0410685823754907;558627.3181292492;5773510.018806742;2;62219;52.19969024790734;11.83284038021297;365.2592999244407;85.79152460967138;30.11568755036757;666.1711035190176;142.4714297172959;32.57690471309947;6.5;93;-1;;50;;;0;288.15;350;216.1023435720598;50;1;;;;;;5.97910188729361;5.97910188729361;0;0;31888.54339889926;0;170.503123950575;170.503123950575;12;12;250;83.17830285461626;-1.624917784916397;30.31328247524474;27;0.9;0.71248432;91.6292832547588;3.736759540167512;35.67495980032864;27;0.9;0.71248432;52;0.07521770139765884;712484.32;1;1;1;0.02299559378373408;1;0.07461647969893614;712484.3200000002;0.9344262295081968;1;0.02299559378373406;1;0.07521770139765884;712484.32;1;1;1;0.02299559378373408;1;0.07461647969893614;712484.3200000002;0.9344262295081968;1;0.02299559378373406;1
1130;1786614945;0;1074.961685823754;3.849038352490422;52.11198812260538;610.071637342912;302.2238585057471;58.34399163224244;583.4399163224244;0.125214064687517;-3.050712720306511;0.08088371647505564;558140.8659731398;5773833.951694402;2;62063;53.07705824870234;5.544014572052308;365.4163355714191;46.24971748586006;65.03198005642438;393.7783491949089;97.39555543592044;65.67633601063828;6.5;85;-1;;50;;;0;288.15;350;154.9197780025173;50;1;;;;;;3.309272957970223;3.309272957970223;0;0;17649.45577584119;0;165.9364448225717;165.9364448225717;12;12;250;90.41481091194302;3.201951114262771;35.1401513744239;27;0.9;0.71248432;98.86579131208558;5.47217874876758;37.41037900892871;27;0.9;0.71248432;52;0.0743090969713123;712484.32;1;1;1;0.02299559378373408;1;0.07461117999673572;712484.3200000002;0.9354838709677418;1;0.02299559378373406;1;0.0743090969713123;712484.32;1;1;1;0.02299559378373408;1;0.07461117999673572;712484.3200000002;0.9354838709677418;1;0.02299559378373406;1
1140;1786614955;0;1084.471264367815;3.841981264367817;52.11494609195402;610.0628554011496;302.2515003448276;58.40290335550938;584.0290335550938;-0.0002563098850574713;-3.048037471264369;0.014287816091945832;557653.7999158096;5774157.314679692;2;62063;53.00398771849486;6.580929247401032;365.4157778201861;60.87448208345324;57.95620038580796;419.2328229384939;114.1514989480111;59.32495906076886;6.5;85;-1;;50;;;0;288.15;350;161.7906563958807;50;1;;;;;;3.539226861229597;3.539226861229597;0;0;18875.87659322452;0;166.4805136921502;166.4805136921502;12;12;250;89.64078813910508;2.817094781125369;34.7552950412865;27;0.9;0.71248432;98.09176853924762;5.376281841168074;37.31448210132921;27;0.9;0.71248432;52;0.07439400395634254;712484.32;1;1;1;0.02299559378373408;1;0.07460749904689856;712484.3200000002;0.9365079365079366;1;0.02299559378373406;1;0.07439400395634254;712484.32;1;1;1;0.02299559378373408;1;0.07460749904689856;712484.3200000002;0.9365079365079366;1;0.02299559378373406;1
1150;1786614965;0;1093.980842911876;3.834924176245212;52.1179138697318;610.0154041073106;302.3169756321838;58.40915672274518;584.0915672274518;-0.1260733151725581;-3.003529310344864;5.268234176240858;557166.7847977562;5774481.815900426;2;62063;52.92117958209938;7.613969752169202;365.413101704803;69.29361962767686;50.87599942036232;454.9204529964834;128.4094735932225;56.87842976365272;6.5;85;-1;;50;;;0;288.15;350;170.9780789790307;50;1;;;;;;3.867064971510657;3.867064971510657;0;0;20624.34651472351;0;167.1901174014763;167.1901174014763;12;12;250;88.603346319498;2.247399619757067;34.1855998799182;27;0.9;0.71248432;97.05432671964056;5.222276331216918;37.16047659137805;27;0.9;0.71248432;52;0.07451304507664314;712484.32;1;1;1;0.02299559378373408;1;0.07460592481406096;712484.3200000002;0.9375;1;0.02299559378373406;1;0.07451304507664314;712484.32;1;1;1;0.02299559378373408;1;0.07460592481406096;712484.3200000002;0.9375;1;0.02299559378373406;1
1160;1786614975;0;1103.49042145594;3.828206704980842;52.12116655172414;609.6011080453948;307.1184504980843;58.31012553830998;583.1012553830998;-0.2093761634689908;-3.074782452107282;0.2261429885058185;556702.7235233902;5774838.317618798;2;62063;52.82870032899344;8.642675185675926;365.4083174139869;74.56445548817596;44.52708489625994;498.6232480288848;125.278503478623;46.53714077001676;6.5;85;-1;;50;;;0;288.15;350;181.5590491168707;50;1;;;;;;4.278097108354282;4.278097108354282;0;0;22816.51791122284;0;167.986858610358;167.986858610358;12;12;250;87.3955729737726;1.508399952001384;33.44660021216252;27;0.9;0.71248432;95.84655337391516;4.999773747225096;36.93797400738623;27;0.9;0.71248432;52;0.07465882190946926;712484.32;1;1;1;0.02299559378373408;1;0.07460679197955946;712484.3200000002;0.9384615384615384;1;0.02299559378373406;1;0.07465882190946926;712484.32;1;1;1;0.02299559378373408;1;0.07460679197955946;712484.3200000002;0.9384615384615384;1;0.02299559378373406;1
1170;1786614985;0;1113.000000000004;3.821599999999998;52.12449000000002;609.9087441000002;307.2516200000001;58.36798384541978;583.6798384541978;-0.2727530439984029;-3.041149999999986;0.03833999999989737;556246.2224356566;5775202.81891468;2;62063;52.72662245411306;9.666610601263394;365.4014365367821;78.12456833531428;39.05862935663941;548.4315210379076;129.2135270502172;41.05057277088792;6.5;85;-1;;50;;;0;288.15;350;192.7767236046111;50;1;;;;;;4.761033449641476;4.761033449641476;0;0;25392.17839808788;0;168.8138563000293;168.8138563000293;12;12;250;86.0856389428141;0.6203174271591922;32.55851768732032;27;0.9;0.71248432;94.53661934295664;4.696117695220072;36.6343179553812;27;0.9;0.71248432;52;0.07482496442466564;712484.32;1;1;1;0.02299559378373408;1;0.0746103108899644;712484.3200000002;0.9393939393939394;1;0.02299559378373406;1;0.07482496442466564;712484.32;1;1;1;0.02299559378373408;1;0.0746103108899644;712484.3200000002;0.9393939393939394;1;0.02299559378373406;1
1180;1786614995;0;1122.509578544061;3.814988390804598;52.12781835249042;609.8026847046744;307.0600790421456;58.13553143833172;581.3553143833172;0.002063544687116378;-2.985517279693481;0.1954247892720363;555789.4466109358;5775567.903692894;2;62063;52.6150250106638;10.685355596316334;365.3924720498481;80.67638862789286;34.41037088203368;602.8338018813838;132.153520787203;36.58563061589974;6.5;85;-1;;50;;;0;288.15;350;204.0751867226169;50;1;;;;;;5.308641358840356;5.308641358840356;0;0;28312.75391381523;0;169.6353600614406;169.6353600614406;12;12;250;84.71652727220396;-0.3944641955445718;31.54373606461656;27;0.9;0.71248432;93.16750767234652;4.297551474704859;36.23575173486599;27;0.9;0.71248432;52;0.07500643090052834;712484.32;1;1;1;0.02299559378373408;1;0.0746165985091797;712484.3200000002;0.9402985074626866;1;0.02299559378373406;1;0.07500643090052834;712484.32;1;1;1;0.02299559378373408;1;0.0746165985091797;712484.3200000002;0.9402985074626866;1;0.02299559378373406;1
1190;1786615005;0;1132.01915708812;3.808406973180079;52.13113670498084;609.9255969049808;307.1924400000001;57.85916906557132;578.5916906557132;-0.2631005998559406;-2.834563754789269;0.1310993103448673;555334.8166637062;5775931.940818854;2;62063;52.493994838059;11.698493141365332;365.3814384558027;82.5911930475808;30.46198506597387;660.688469193739;134.4945809050293;32.561917216527;6.5;85;-1;;50;;;0;288.15;350;215.073951463713;50;1;;;;;;5.917549917667818;5.917549917667818;0;0;31560.2662275617;0;170.4313426879857;170.4313426879857;12;12;250;83.31163608683136;-1.514917155822528;30.4232831043386;27;0.9;0.71248432;91.76261648697392;3.790420287108731;35.72862054726987;27;0.9;0.71248432;52;0.0751994132980787;712484.32;1;1;1;0.02299559378373408;1;0.07462570499025626;712484.3200000002;0.9411764705882352;1;0.02299559378373406;1;0.0751994132980787;712484.32;1;1;1;0.02299559378373408;1;0.07462570499025626;712484.3200000002;0.9411764705882352;1;0.02299559378373406;1
1200;1786615015;0;1141.544444444445;3.801712555555555;52.13432877777778;610.7958848604002;302.5801084444444;57.8824374739479;578.824374739479;-0.0002527187111111123;-2.943101000000027;-1.219402444444133;554872.6745374136;5776281.888937232;2;59426;52.50632740620828;6.609446773285914;365.4541963526936;76.68945774548726;59.8125843363073;411.7254616908544;128.7862821403146;60.84819622271488;6.5;5;-1;;50;;;0;288.15;350;159.780282680498;50;1;;;;;;3.470674624896216;3.470674624896216;0;0;18510.26466611315;0;166.3235626472215;166.3235626472215;12;12;250;89.86629142036716;2.932777492033966;34.8709777521951;27;0.9;0.71248432;98.31727182050972;5.405779794885222;37.34398005504635;27;0.9;0.71248432;52;0.0743689620947236;712484.32;1;1;1;0.02299559378373408;1;0.07462175509955576;712484.3200000002;0.9420289855072464;1;0.02299559378373406;1;0.0743689620947236;712484.32;1;1;1;0.02299559378373408;1;0.07462175509955576;712484.3200000002;0.9420289855072464;1;0.02299559378373406;1
1210;1786615025;0;1151.070370370368;3.794717222222224;52.13727181481482;610.3840570977778;302.2148360740741;58.1568686857959;581.5686868579588;0.2026034623232311;-3.119355851851828;0.04819225925919652;554390.3065730912;5776603.955588238;2;59426;52.62655465571792;7.623106978559798;365.4819400833194;76.68940611320754;51.45527813583746;451.6256099808412;131.3286009969916;53.61104974601988;6.5;5;-1;;50;;;0;288.15;350;170.129300583935;50;1;;;;;;3.835718633095272;3.835718633095272;0;0;20457.16604317478;0;167.126979365822;167.126979365822;12;12;250;88.6978306935676;2.301813226671549;34.24001348683268;27;0.9;0.71248432;97.14881109371016;5.237627683850302;37.17582794401143;27;0.9;0.71248432;52;0.0745020546633498;712484.32;1;1;1;0.02299559378373408;1;0.07461994145658294;712484.3200000002;0.9428571428571428;1;0.02299559378373406;1;0.0745020546633498;712484.32;1;1;1;0.02299559378373408;1;0.07461994145658294;712484.3200000002;0.9428571428571428;1;0.02299559378373406;1
1220;1786615035;0;1160.582375478926;3.787679042145596;52.14022053639848;610.1415030394638;302.234148467433;58.31878403860952;583.1878403860952;0.06797576930278362;-3.081338084291193;0.004143333333325545;553905.0624527144;5776926.669463112;2;59426;52.73733983664452;8.64232724725809;365.5076191754233;76.70105349460262;44.50968400009505;498.8969624558466;132.1121961584077;46.6248899707716;6.5;5;-1;;50;;;0;288.15;350;181.5914784603967;50;1;;;;;;4.279418611512952;4.279418611512952;0;0;22823.56592806908;0;167.9916253375674;167.9916253375674;12;12;250;87.38948474340458;1.504475111849451;33.44267537201058;27;0.9;0.71248432;95.84046514354714;4.998520620730528;36.93672088089166;27;0.9;0.71248432;52;0.07465973492252098;712484.32;1;1;1;0.02299559378373408;1;0.07462053538891036;712484.3200000002;0.9436619718309858;1;0.02299559378373406;1;0.07465973492252098;712484.32;1;1;1;0.02299559378373408;1;0.07462053538891036;712484.3200000002;0.9436619718309858;1;0.02299559378373406;1
1230;1786615045;0;1170.091954022989;3.780621954022988;52.14317850574714;610.0807145839082;302.2036944827587;58.2598076987164;582.598076987164;-0.0002561284597701115;-3.066331954022989;0.05471252873563478;553418.5765559402;5777250.444803868;2;59426;52.8385981854517;9.666701316660062;365.5312172600216;76.7183398110846;38.76993182226661;551.642739798245;132.6942721223272;40.92485356485801;6.5;5;-1;;50;;;0;288.15;350;193.4290914743027;50;1;;;;;;4.790841923620338;4.790841923620338;0;0;25551.15692597513;0;168.8645662783894;168.8645662783894;12;12;250;86.00512049047516;0.5629764335446066;32.50117669370574;27;0.9;0.71248432;94.4561008906177;4.675091259528044;36.61329151968917;27;0.9;0.71248432;52;0.0748356758974684;712484.32;1;1;1;0.02299559378373408;1;0.07462369921991858;712484.3200000002;0.9444444444444444;1;0.02299559378373406;1;0.0748356758974684;712484.32;1;1;1;0.02299559378373408;1;0.07462369921991858;712484.3200000002;0.9444444444444444;1;0.02299559378373406;1
1240;1786615055;0;1179.601532567051;3.773574865900383;52.1461364750958;609.9541895649502;302.0823637931032;58.08176387418308;580.8176387418308;0.2934029439800757;-3.072047816091883;0.08011957854418952;552932.8386761026;5777574.275047754;2;59426;52.93025123402176;10.695807443176168;365.5527193487806;76.73861907729002;34.00875672602528;608.4345236381794;132.8400666472635;36.18581507205987;6.5;5;-1;;50;;;0;288.15;350;205.1335651306558;50;1;;;;;;5.363659686232166;5.363659686232166;0;0;28606.18499323822;0;169.7156851169959;169.7156851169959;12;12;250;84.58118388925684;-0.4991333377036878;31.43906692245744;27;0.9;0.71248432;93.03216428939938;4.253196074482212;36.19139633464335;27;0.9;0.71248432;52;0.07502511289738096;712484.32;1;1;1;0.02299559378373408;1;0.07462951680944702;712484.3200000002;0.9452054794520548;1;0.02299559378373406;1;0.07502511289738096;712484.32;1;1;1;0.02299559378373408;1;0.07462951680944702;712484.3200000002;0.9452054794520548;1;0.02299559378373406;1
1250;1786615065;0;1189.111111111113;3.766547777777777;52.14908444444446;609.9246777333334;302.171748888889;58.00524330465604;580.0524330465604;0.10809394527531046;-2.844401111111097;0.1428699999999401;552448.5444232384;5777897.054705118;2;59426;53.01222616670486;11.72919693705316;365.5721116201057;76.76062543097032;30.024340506571;668.2345523381374;133.3091088041871;32.09971390417798;6.5;5;-1;;50;;;0;288.15;350;216.3753378999741;50;1;;;;;;5.995588907361868;5.995588907361868;0;0;31976.47417259663;0;170.5299867009293;170.5299867009293;12;12;250;83.13495308419372;-1.66080818356362;30.27739207659751;27;0.9;0.71248432;91.58593348433626;3.719100768432244;35.65730102859338;27;0.9;0.71248432;52;0.07522458432204222;712484.32;1;1;1;0.02299559378373408;1;0.07463801777391266;712484.3200000002;0.945945945945946;1;0.02299559378373406;1;0.07522458432204222;712484.32;1;1;1;0.02299559378373408;1;0.07463801777391266;712484.3200000002;0.945945945945946;1;0.02299559378373406;1
1260;1786615075;0;1198.620689655175;3.759526896551723;52.15202620689656;610.019061036414;302.163367586207;57.72783498340108;577.2783498340108;-0.03953525610210886;-2.881732758620693;0.1491672413792528;551964.7453303966;5778219.195702626;2;60406;52.6169699027008;359.6869762399341;365.9496932785178;282.1788481418039;49.819057512887;462.0080676305484;340.9841892777506;47.05241733597352;6.5;19;-1;;50;;;0;288.15;350;172.5746073980604;50;1;;;;;;3.926646699605398;3.926646699605398;0;0;20942.11573122879;0;167.3243993291462;167.3243993291462;12;12;250;88.40948266373334;2.134186174345503;34.07238643450664;27;0.9;0.71248432;96.8604630638759;5.189891594937876;37.128091855099;27;0.9;0.71248432;52;0.07453668681426838;712484.32;1;1;1;0.02299559378373408;1;0.07463659057729796;712484.3200000002;0.9466666666666666;1;0.02299559378373406;1;0.07453668681426838;712484.32;1;1;1;0.02299559378373408;1;0.07463659057729796;712484.3200000002;0.9466666666666666;1;0.02299559378373406;1
1270;1786615085;0;1208.130268199232;3.752544904214561;52.15495908045978;610.0383223905288;302.1785927969349;57.64220994685662;576.4220994685662;0.2315534753241565;-2.891608888888886;0.10840670498086182;551483.6798589736;5778540.422106666;32;60406;52.72843216352074;0.7056330554060424;365.9717624326722;288.3247270372706;57.20937480802256;423.1134961338699;346.7670379503749;54.37385218911962;6.5;19;-1;;50;;;0;288.15;350;162.643691456523;50;1;;;;;;3.568644912725538;3.568644912725538;0;0;19032.77286786954;0;166.5605457093997;166.5605457093997;12;12;250;89.53133807035968;2.759893271137237;34.69809353129836;27;0.9;0.71248432;97.98231847050224;5.36147879779589;37.29967905795702;27;0.9;0.71248432;127;0.0744069484887743;712484.32;1;1;1;0.02299559378373408;1;0.0744069484887743;712484.32;1;1;0.02299559378373408;1;0.0744069484887743;712484.32;1;1;1;0.02299559378373408;1;0.0744069484887743;712484.32;1;1;0.02299559378373408;1
1280;1786615095;0;1217.639846743294;3.745566513409962;52.157881954023;610.0377711630194;302.165036283525;57.63324469468452;576.332446946845;-0.11535530810502334;-2.898443218390805;0.1211896168582495;551002.9347338306;5778860.585253094;32;60406;52.83037628924452;1.729469520150705;365.9916906618573;299.456862684447;65.23512668303588;393.8008051053353;357.4295707944355;62.33416869086074;6.5;19;-1;;50;;;0;288.15;350;154.7529849823724;50;1;;;;;;3.303839357222685;3.303839357222685;0;0;17620.47657185432;0;165.9369401367472;165.9369401367472;12;12;250;90.41974919851504;3.204295886482395;35.14249614664353;27;0.9;0.71248432;98.8707295986576;5.472743603006878;37.41094386316801;27;0.9;0.71248432;127;0.07430917187616674;712484.32;1;1;1;0.02299559378373408;1;0.07435806018247052;712484.32;1;1;0.02299559378373408;1;0.07430917187616674;712484.32;1;1;1;0.02299559378373408;1;0.07435806018247052;712484.32;1;1;0.02299559378373408;1
1290;1786615105;0;1227.149425287356;3.738590919540231;52.1608063218391;610.0264589230348;302.1347647126437;57.6329951185739;576.329951185739;-0.2301339467240034;-2.892509885057472;0.1653554022988477;550522.4413848266;5779180.963236218;32;60406;52.92272380774426;2.758069338806773;366.0094634488633;322.2732708915901;72.37554056200906;376.319147951889;17.20596146143784;69.6892798859509;6.5;19;-1;;50;;;0;288.15;350;149.8713987808413;50;1;;;;;;3.147750696302243;3.147750696302243;0;0;16788.00371361197;0;165.5425344777836;165.5425344777836;12;12;250;90.97024351839904;3.456925201616905;35.39512546177804;27;0.9;0.71248432;99.42122391854158;5.532259452119886;37.47045971228102;27;0.9;0.71248432;127;0.0742508593446572;712484.32;1;1;1;0.02299559378373408;1;0.07432232656986608;712484.32;1;1;0.02299559378373408;1;0.0742508593446572;712484.32;1;1;1;0.02299559378373408;1;0.07432232656986608;712484.32;1;1;0.02299559378373408;1
1300;1786615115;0;1236.659003831417;3.731618927203066;52.16373429118774;610.0369462042146;302.1642847126437;57.68670494228302;576.8670494228302;-0.01967156350450873;-2.899820306513411;0.08575574712643562;550042.2526392852;5779501.79031147;32;60406;53.00540139716544;3.790985115216313;366.0250674016125;2.436165160466283;74.56063981082286;372.3409678244914;51.84643721044944;73.00866355281348;6.5;19;-1;;50;;;0;288.15;350;148.7385133302863;50;1;;;;;;3.112314888479189;3.112314888479189;0;0;16599.01273855567;0;165.4502246083407;165.4502246083407;12;12;250;91.09798919566506;3.51308007873396;35.45128033889509;27;0.9;0.71248432;99.54896959580762;5.545131913925518;37.48333217408665;27;0.9;0.71248432;127;0.0742375895641099;712484.32;1;1;1;0.02299559378373408;1;0.07430114231842702;712484.32;1;1;0.02299559378373408;1;0.0742375895641099;712484.32;1;1;1;0.02299559378373408;1;0.07430114231842702;712484.32;1;1;0.02299559378373408;1
1310;1786615125;0;1246.168582375478;3.724636934865901;52.1666622605364;610.0549307617472;302.1631866283524;57.7786340649262;577.786340649262;-0.03182996031550087;-2.899331226053657;0.12286984674331186;549561.4421774594;5779822.6569478;32;60406;53.07834385526214;4.827768418572456;366.0384907825201;35.92592064958667;69.60822308523792;382.2886728852533;85.96527234802092;69.72528823605462;6.5;19;-1;;50;;;0;288.15;350;151.5430813339159;50;1;;;;;;3.200573519326829;3.200573519326829;0;0;17069.72543640975;0;165.6792367463601;165.6792367463601;12;12;250;90.78071842679794;3.371903927464237;35.31010418762537;27;0.9;0.71248432;99.23169882694048;5.512524599982546;37.45072486014368;27;0.9;0.71248432;127;0.0742707715364888;712484.32;1;1;1;0.02299559378373408;1;0.07429506816203938;712484.32;1;1;0.02299559378373408;1;0.0742707715364888;712484.32;1;1;1;0.02299559378373408;1;0.07429506816203938;712484.32;1;1;0.02299559378373408;1
1320;1786615135;0;1255.678160919541;3.717638160919539;52.16959022988506;610.1752317183908;302.2102494252874;58.18411800838258;581.8411800838258;-0.0940070798732227;-3.108104942528757;-0.013027011494232906;549079.54644023;5780143.5585467;32;60406;53.14149305851988;5.867958683859086;366.0497232609614;52.52329239617704;61.76648209961556;405.1373911497876;104.7688244686435;62.69457079542368;6.5;19;-1;;50;;;0;288.15;350;157.8278323408043;50;1;;;;;;3.405117523267937;3.405117523267937;0;0;18160.62679076233;0;166.1834546861247;166.1834546861247;12;12;250;90.0719564830923;3.035731677154135;34.97393193731527;27;0.9;0.71248432;98.52293688323484;5.431542779148836;37.36974303930997;27;0.9;0.71248432;127;0.07434698665683226;712484.32;1;1;1;0.02299559378373408;1;0.07430372124450486;712484.32;1;1;0.02299559378373408;1;0.07434698665683226;712484.32;1;1;1;0.02299559378373408;1;0.07430372124450486;712484.32;1;1;0.02299559378373408;1
1330;1786615145;0;1265.187739463604;3.710589195402297;52.17253819923372;609.9657898182986;301.9868280459766;57.40243937666888;574.0243937666888;0.22741708106706;-3.144263371647378;-2.680853180095107;548594.2591019382;5780466.69755276;32;60406;53.1947976017697;6.911071924863752;366.0587558228235;61.0046181262566;53.92527159918344;438.8753333527841;113.32231868640404;52.89682214173074;6.5;19;-1;;50;;;0;288.15;350;166.7111582830841;50;1;;;;;;3.711724310702069;3.711724310702069;0;0;19795.86299041104;0;166.8782315897735;166.8782315897735;12;12;250;89.07057279200936;2.511556405204587;34.44975666536571;27;0.9;0.71248432;97.52155319215192;5.295519566947266;37.2337198271084;27;0.9;0.71248432;127;0.07445952431848018;712484.32;1;1;1;0.02299559378373408;1;0.07432597882650134;712484.3200000002;1;1;0.02299559378373408;1;0.07445952431848018;712484.32;1;1;1;0.02299559378373408;1;0.07432597882650134;712484.3200000002;1;1;0.02299559378373408;1
1340;1786615155;0;1274.697318007662;3.702756360153259;52.17442881226054;611.1276537842912;277.2399288122639;57.15802933284536;571.5802933284536;0.9171197614561292;-3.150210651340734;-17.08304310344824;548056.5731625536;5780671.760736832;32;60406;53.23821452213554;7.956627268713816;366.0655810465969;65.93681658859242;46.94631903531076;481.2803152581138;133.1879333209149;38.37703454010705;6.5;19;-1;;50;;;0;288.15;350;177.2394312454811;50;1;;;;;;4.105571149620613;4.105571149620613;0;0;21896.37946464327;0;167.6793701239581;167.6793701239581;12;12;250;87.87558741890622;1.8116288321332;33.74982909229433;27;0.9;0.71248432;96.32656781904876;5.094278431423628;37.03247869158476;27;0.9;0.71248432;127;0.07460097211269162;712484.32;1;1;1;0.02299559378373408;1;0.07436035298727512;712484.3200000002;1;1;0.02299559378373408;1;0.07460097211269162;712484.32;1;1;1;0.02299559378373408;1;0.07436035298727512;712484.3200000002;1;1;0.02299559378373408;1
1350;1786615165;0;1284.172413793104;3.694438620689655;52.17379379310344;610.9793801817932;248.8427417241368;57.44663241427092;574.4663241427094;1.048896061868904;-2.97794586206896;-17.15573965517242;547488.4644286874;5780595.653074304;32;60406;53.27170852891086;9.004135940538862;366.0701929319621;69.0907296492927;40.98239928885271;530.3307523959548;163.3801019861073;41.31196136943395;6.5;19;-1;;50;;;0;288.15;350;188.5882665319491;50;1;;;;;;4.57437597844724;4.57437597844724;0;0;24396.67188505194;0;168.5223443702395;168.5223443702395;12;12;250;86.56380834379812;0.9544349794019328;32.89263523956307;27;0.9;0.71248432;95.01478874394068;4.81516547221508;36.75336573237621;27;0.9;0.71248432;127;0.0747645867595212;712484.32;1;1;1;0.02299559378373408;1;0.07440526785085802;712484.3200000002;1;1;0.02299559378373408;1;0.0747645867595212;712484.32;1;1;1;0.02299559378373408;1;0.07440526785085802;712484.3200000002;1;1;0.02299559378373408;1
1360;1786615175;0;1293.681992337165;3.687584444444444;52.17079038314176;611.0814156030652;220.3419384291176;57.47871139406876;574.7871139406876;1.0671391618478;-2.961137739463603;-17.18399329501916;547022.9207970134;5780257.13621107;32;60406;53.295251919583;10.053090134464948;366.0725868874515;71.25466232124512;35.96180982439378;584.2686162961952;196.6692890846391;45.55629307785614;6.5;19;-1;;50;;;0;288.15;350;200.1118766101892;50;1;;;;;;5.108592707323594;5.108592707323594;0;0;27245.8277723925;0;169.363659323245;169.363659323245;12;12;250;85.18827666191626;-0.03554162285530347;31.90265863730583;27;0.9;0.71248432;93.63925706205882;4.444997546145166;36.38319780630629;27;0.9;0.71248432;127;0.07494450410720926;712484.32;1;1;1;0.02299559378373408;1;0.07445919147649314;712484.3200000002;1;1;0.02299559378373408;1;0.07494450410720926;712484.32;1;1;1;0.02299559378373408;1;0.07445919147649314;712484.3200000002;1;1;0.02299559378373408;1
1370;1786615185;0;1303.226053639847;3.683903831417625;52.16614019157088;611.3154447191572;191.4125132183892;57.1417437437434;571.417437437434;1.196031061996668;-2.810192375478916;-17.10281203065133;546776.0882192846;5779737.543151746;32;60406;53.30882549879878;11.102989912853234;366.0727598443464;72.825046388684;31.74200394356397;641.7184668028782;233.9804718769818;47.65343524688194;6.5;19;-1;;50;;;0;288.15;350;211.3623992626093;50;1;;;;;;5.702389492652634;5.702389492652634;0;0;30412.74396081404;0;170.1782988870574;170.1782988870574;12;12;250;83.77984031277488;-1.133453025929784;30.80474723423135;27;0.9;0.71248432;92.23082071291742;3.971120849779255;35.90932110994039;27;0.9;0.71248432;127;0.07513613618124456;712484.32;1;1;1;0.02299559378373408;1;0.07452073190419782;712484.3200000002;1;1;0.02299559378373408;1;0.07513613618124456;712484.32;1;1;1;0.02299559378373408;1;0.07452073190419782;712484.3200000002;1;1;0.02299559378373408;1
1380;1786615195;0;1312.73563218391;3.684313908045978;52.16100747126438;611.3984827797242;162.7660994252831;57.1957296300522;571.957296300522;1.053380914979331;-2.808430000000001;-17.04879839080461;546809.5205806498;5779166.926039944;32;61249;51.00585569628144;4.549688202741988;365.3417952098034;154.6443486480639;67.23388252447048;387.4693978652347;25.71788585871814;61.72786398201318;6.5;54;-1;;50;;;0;288.15;350;153.1968718816851;50;1;;;;;;3.253470916937532;3.253470916937532;0;0;17351.8448903335;0;165.7961562996525;165.7961562996525;12;12;250;90.61090147589488;3.293982621731488;35.23218288189261;27;0.9;0.71248432;99.06188187603744;5.494175938720538;37.43237619888167;27;0.9;0.71248432;127;0.07428805257489298;712484.32;1;1;1;0.02299559378373408;1;0.07450134196008908;712484.3200000002;1;1;0.02299559378373408;1;0.07428805257489298;712484.32;1;1;1;0.02299559378373408;1;0.07450134196008908;712484.3200000002;1;1;0.02299559378373408;1
1390;1786615205;0;1322.270370370372;3.688675740740742;52.15661455555556;611.2041156628446;134.4872594444401;57.89885871115118;578.9885871115118;1.0052336859816222;-2.959154666666644;-17.01736418518461;547112.5200909242;5778681.152265866;32;61249;50.79667779352094;5.48856868224538;365.2951767997238;139.7237098822945;59.74571810781544;411.8001426444869;27.16788279355574;52.11016877465756;6.5;54;-1;;50;;;0;288.15;350;159.8500260360888;50;1;;;;;;3.47303479099736;3.47303479099736;0;0;18522.85221865259;0;166.3251379972038;166.3251379972038;12;12;250;89.86235590428374;2.930783665354832;34.86898392551597;27;0.9;0.71248432;98.31333630442628;5.405276335877908;37.34347659603904;27;0.9;0.71248432;127;0.07436921120357086;712484.32;1;1;1;0.02299559378373408;1;0.07449117805574154;712484.3200000002;1;1;0.02299559378373408;1;0.07436921120357086;712484.32;1;1;1;0.02299559378373408;1;0.07449117805574154;712484.3200000002;1;1;0.02299559378373408;1
1400;1786615215;0;1331.720306513411;3.695473026819924;52.15349670498086;611.0339828965518;122.418221532567;58.22885323943164;582.2885323943164;-0.03321330449037872;-3.220081340996126;-0.3658108812260412;547580.8430700746;5778338.808858694;32;61249;50.57933401751206;6.418576509072586;365.2467377512603;131.655821968643;52.3292390663716;446.396729434128;9.074373584401456;49.09204053812924;6.5;54;-1;;50;;;0;288.15;350;168.8831128317451;50;1;;;;;;3.790101629031075;3.790101629031075;0;0;20213.8753548324;0;167.0258282237062;167.0258282237062;12;12;250;88.84459883974766;2.385339275703709;34.32353953586484;27;0.9;0.71248432;97.2955792398902;5.260924687349216;37.19912494751034;27;0.9;0.71248432;127;0.07448461299526518;712484.32;1;1;1;0.02299559378373408;1;0.07449070912285036;712484.3200000002;1;1;0.02299559378373408;1;0.07448461299526518;712484.32;1;1;1;0.02299559378373408;1;0.07449070912285036;712484.3200000002;1;1;0.02299559378373408;1
1410;1786615225;0;1341.195402298849;3.702516551724137;52.15053942528736;610.331425376552;122.20887632183906;58.39297053794646;583.9297053794646;0.0728672874638882;-3.100113103448276;0.03119816091956464;548065.9052115978;5778014.5317964;32;61249;50.35395953641856;7.339533678851638;365.1965103986713;126.78281033766802;45.72447788005906;489.0627837746576;4.241991249998766;42.63574775928965;6.5;54;-1;;50;;;0;288.15;350;179.374673996957;50;1;;;;;;4.189996537818958;4.189996537818958;0;0;22346.64820170111;0;167.8187004540046;167.8187004540046;12;12;250;87.65183170066138;1.671816733919647;33.61001699408078;27;0.9;0.71248432;96.10281210080394;5.051268498954592;36.98946875911572;27;0.9;0.71248432;127;0.07462693163338292;712484.32;1;1;1;0.02299559378373408;1;0.07449979062355254;712484.3200000002;1;1;0.02299559378373407;1;0.07462693163338292;712484.32;1;1;1;0.02299559378373408;1;0.07449979062355254;712484.3200000002;1;1;0.02299559378373407;1
1420;1786615235;0;1350.739463601531;3.709587203065133;52.14758076628354;610.0546091141762;122.17059509578528;57.87227594985622;578.7227594985622;0.03188416137827468;-2.905489540229816;0.18678287356331;548552.8885153846;5777690.166683844;32;61249;50.12069418175994;8.251270228928138;365.1445289322501;123.56876823752096;40.06270374669479;537.874533726959;1.17051293613793;37.162053369082;6.5;54;-1;;50;;;0;288.15;350;190.5565797657298;50;1;;;;;;4.661095089001388;4.661095089001388;0;0;24859.1738080074;0;168.6450277950215;168.6450277950215;12;12;250;86.35440580846206;0.8094813928302562;32.74768165299138;27;0.9;0.71248432;94.8053862086046;4.764241400503568;36.7024416606647;27;0.9;0.71248432;127;0.07478975010546168;712484.32;1;1;1;0.02299559378373408;1;0.07451791309117186;712484.3200000002;1;1;0.02299559378373407;1;0.07478975010546168;712484.32;1;1;1;0.02299559378373408;1;0.07451791309117186;712484.3200000002;1;1;0.02299559378373407;1
1430;1786615245;0;1360.214559386976;3.716588773946362;52.14464348659004;610.1649442168742;122.31605819923386;58.08571152606352;580.8571152606352;0.0356654127653392;-2.892654022988851;0.05658858237504748;549035.185118795;5777368.180438428;32;61249;49.87967668173298;9.153646087056736;365.0908281675047;121.307495367043;35.26679965524776;591.3121568240326;358.9546392730685;32.37359516125229;6.5;54;-1;;50;;;0;288.15;350;201.8629320427852;50;1;;;;;;5.195843354706598;5.195843354706598;0;0;27711.16455843519;0;169.4677442984081;169.4677442984081;12;12;250;84.99694103937018;-0.1799902662306083;31.75820999393052;27;0.9;0.71248432;93.44792143951272;4.386520602348615;36.32472086250975;27;0.9;0.71248432;127;0.07496799882944084;712484.32;1;1;1;0.02299559378373408;1;0.07454438872283474;712484.3200000002;1;1;0.02299559378373407;1;0.07496799882944084;712484.32;1;1;1;0.02299559378373408;1;0.07454438872283474;712484.3200000002;1;1;0.02299559378373407;1
1440;1786615255;0;1369.724137931037;3.723615862068967;52.14169551724138;610.165733937931;122.20819517241372;58.16563241642894;581.6563241642894;0.12004998363540186;-3.123285172413821;0.02309793103445954;549519.3025680438;5777045.069066036;32;61249;49.63104692704434;10.046539338956586;365.0354441015407;119.63853899927528;31.20442378708258;648.2228832972854;357.3801409093132;28.08341942606152;0;54;-1;;50;;;0;288.15;350;212.903988533851;50;1;;;;;;5.790465629326414;5.790465629326414;0;0;30882.48335640754;0;170.2658953078711;170.2658953078711;12;12;250;77.10416775528736;-7.093653266056838;24.84454699410429;27;0.9;0.71248432;85.55514815542992;0.2369874868583744;32.1751877470195;27;0.9;0.71248432;127;0.07515783257927204;712484.32;1;1;1;0.02299559378373408;1;0.07457846893708126;712484.3200000002;1;1;0.02299559378373407;1;0.07515783257927204;712484.32;1;1;1;0.02299559378373408;1;0.07457846893708126;712484.3200000002;1;1;0.02299559378373407;1
1450;1786615265;0;1379.199233716475;3.730657432950191;52.1387482375479;610.0886217804598;122.18376026819922;58.4635003625569;584.635003625569;-0.02392947325662769;-3.095827701149425;0.07250203065133438;550004.473502032;5776722.09144533;32;62222;50.45466487347462;1.121438682804818;364.5987975829221;225.1871466028016;51.9436975998051;447.7480189035145;99.11787741192494;52.60993705306032;6.5;96;-1;;50;;;0;288.15;350;169.4278121208334;50;1;;;;;;3.8099815591134;3.8099815591134;0;0;20319.9016486048;0;167.0520816019373;167.0520816019373;12;12;250;88.79846553143418;2.359215825667208;34.29741608582834;27;0.9;0.71248432;97.24944593157674;5.253673064161674;37.1918733243228;27;0.9;0.71248432;127;0.07448912041175724;712484.32;1;1;1;0.02299559378373408;1;0.07457376638311684;712484.3200000002;1;1;0.02299559378373407;1;0.07448912041175724;712484.32;1;1;1;0.02299559378373408;1;0.07457376638311684;712484.3200000002;1;1;0.02299559378373407;1
1460;1786615275;0;1388.708812260536;3.737731609195402;52.13578318007664;610.064261211004;122.21033758620692;58.22292328242514;582.2292328242514;0.03160221626746206;-3.083544789272033;0.011585555555555374;550491.9594591792;5776397.206458698;32;62222;50.67646331854428;2.046616128031565;364.6521157810385;216.593435367952;59.15846623656358;413.3876073495982;89.17673657485376;59.26510413006526;6.5;96;-1;;50;;;0;288.15;350;160.4710348865208;50;1;;;;;;3.494106934435571;3.494106934435571;0;0;18635.23698365638;0;166.3585572045124;166.3585572045124;12;12;250;89.80786455353692;2.903085428376557;34.84128568853769;27;0.9;0.71248432;98.25884495367948;5.398264393197294;37.33646465335842;27;0.9;0.71248432;127;0.07437450641585106;712484.32;1;1;1;0.02299559378373408;1;0.07456380338475356;712484.3200000002;1;1;0.02299559378373407;1;0.07437450641585106;712484.32;1;1;1;0.02299559378373408;1;0.07456380338475356;712484.3200000002;1;1;0.02299559378373407;1
1470;1786615285;0;1398.183908045979;3.744584022988507;52.13266459770114;605.3576693691924;131.7009825287441;58.62804087518522;586.2804087518522;-1.225108625550311;-2.686737701147687;17.87360712643605;550964.5058356344;5776055.137767098;32;62222;50.89016883493316;2.980772663593554;364.7036703473414;201.2830774001134;66.29728638613926;389.3377653083243;25.25122919389204;78.8481069134518;6.5;96;-1;;50;;;0;288.15;350;153.9070040639172;50;1;;;;;;3.276384114862793;3.276384114862793;0;0;17474.04861260156;0;165.8379387792097;165.8379387792097;12;12;250;90.54620579841244;3.263862597546415;35.20206285770755;27;0.9;0.71248432;98.997186198555;5.487015734320862;37.42521599448199;27;0.9;0.71248432;127;0.0742942847778495;712484.32;1;1;1;0.02299559378373408;1;0.07455096916537716;712484.3200000002;1;1;0.02299559378373407;1;0.0742942847778495;712484.32;1;1;1;0.02299559378373408;1;0.07455096916537716;712484.3200000002;1;1;0.02299559378373407;1
1480;1786615295;0;1407.693486590042;3.748870306513411;52.12809551724138;601.0276901763984;160.4266378544159;58.32527238615632;583.2527238615632;-1.072573678674572;-1.423835862068863;17.53596536398467;551263.1284300986;5775549.969581516;32;62222;51.09564456990332;3.923710232116701;364.7534283647101;173.9135551205965;71.12963600219136;377.5472095011477;328.6276554529721;66.79202295146118;6.5;96;-1;;50;;;0;288.15;350;150.590677967664;50;1;;;;;;3.170400206284699;3.170400206284699;0;0;16908.80110018506;0;165.5708334366526;165.5708334366526;12;12;250;90.9192950495476;3.434270622080884;35.37247088224202;27;0.9;0.71248432;99.37027544969016;5.527029916691068;37.4652301768522;27;0.9;0.71248432;127;0.07425495571705246;712484.32;1;1;1;0.02299559378373408;1;0.07453751400863512;712484.3200000002;1;1;0.02299559378373407;1;0.07425495571705246;712484.32;1;1;1;0.02299559378373408;1;0.07453751400863512;712484.3200000002;1;1;0.02299559378373407;1
1490;1786615305;0;1417.162962962963;3.749094148148149;52.12285200000002;600.542285919704;188.9852159999982;57.97987846988916;579.7987846988916;-1.0412440831260938;-1.726453999999983;17.40642133333334;551284.4700537876;5774966.928573008;32;62222;51.29275868597;4.875222457424552;364.8013588090789;139.4353031163938;70.3307057112194;379.334766489438;295.7838544844326;54.71497938499238;6.5;96;-1;;50;;;0;288.15;350;151.0805412509979;50;1;;;;;;3.185893494778602;3.185893494778602;0;0;16991.43197215254;0;165.6118611056489;165.6118611056489;12;12;250;90.86277409205738;3.408965390669924;35.34716565083105;27;0.9;0.71248432;99.31375449219994;5.521163664452526;37.45936392461366;27;0.9;0.71248432;127;0.0742609183653466;712484.32;1;1;1;0.02299559378373408;1;0.07452548811110084;712484.3200000002;1;1;0.02299559378373407;1;0.0742609183653466;712484.32;1;1;1;0.02299559378373408;1;0.07452548811110084;712484.3200000002;1;1;0.02299559378373407;1
1500;1786615315;0;1426.655555555555;3.745243222222223;52.11820466666668;600.4546471911112;217.4795368888877;57.75619024468742;577.5619024468742;-1.146163241699959;-1.866531555555596;17.30401688888888;551026.1385405704;5774447.324977778;32;62222;51.4813819779596;5.835083325774144;364.8474319105653;115.35273852329138;64.52251475780744;394.7039122778001;265.5361210133775;47.59379511873996;6.5;96;-1;;50;;;0;288.15;350;155.3452083787142;50;1;;;;;;3.323163026033059;3.323163026033059;0;0;17723.53613884298;0;165.9568367651085;165.9568367651085;12;12;250;90.38052890134338;3.185634897152757;35.12383515731389;27;0.9;0.71248432;98.83150930148594;5.46824176702017;37.4064420271813;27;0.9;0.71248432;127;0.07431218431743524;712484.32;1;1;1;0.02299559378373408;1;0.07451660045303146;712484.3200000002;1;1;0.02299559378373407;1;0.07431218431743524;712484.32;1;1;1;0.02299559378373408;1;0.07451660045303146;712484.3200000002;1;1;0.02299559378373407;1
1510;1786615325;0;1436.153256704981;3.738261264367816;52.1152724137931;600.2930168869732;245.9925625287367;57.61028885489764;576.1028885489764;-0.9539675875325244;-1.764005517241342;17.30806942528734;550551.4135496932;5774116.306853018;32;62222;51.66138610206086;6.803035334030936;364.8916186462666;102.25271868946422;57.11313460402108;422.2799444803617;234.3804426072228;45.75380480203214;6.5;96;-1;;50;;;0;288.15;350;162.7555060773453;50;1;;;;;;3.572515803177599;3.572515803177599;0;0;19053.41761694719;0;166.5434172585071;166.5434172585071;12;12;250;89.54459563080022;2.766858648616524;34.70505890877765;27;0.9;0.71248432;97.99557603094278;5.36328908490536;37.30148934506649;27;0.9;0.71248432;127;0.07440416805974326;712484.32;1;1;1;0.02299559378373408;1;0.07451210315729992;712484.3200000002;1;1;0.02299559378373407;1;0.07440416805974326;712484.32;1;1;1;0.02299559378373408;1;0.07451210315729992;712484.3200000002;1;1;0.02299559378373407;1
1520;1786615335;0;1445.64074074074;3.729869740740742;52.11473485185186;600.1934941921926;274.5570397777751;57.48845133683304;574.8845133683304;-1.145525757884562;-1.527627666666704;17.22900270370371;549977.4244837462;5774050.707161916;32;62222;51.83264916031114;7.778816585865042;364.933892033876;94.83932559635978;49.95792251942514;459.8664252005362;201.6473352043576;47.95235955428474;6.5;96;-1;;50;;;0;288.15;350;172.3612733576237;50;1;;;;;;3.918637694308999;3.918637694308999;0;0;20899.40103631466;0;167.284042201574;167.284042201574;12;12;250;88.45784879660188;2.162627967626803;34.10082822778793;27;0.9;0.71248432;96.90882919674442;5.19808411900501;37.13628437916614;27;0.9;0.71248432;127;0.07452954306407434;712484.32;1;1;1;0.02299559378373408;1;0.07451277392294508;712484.3200000002;1;1;0.02299559378373407;1;0.07452954306407434;712484.32;1;1;1;0.02299559378373408;1;0.07451277392294508;712484.3200000002;1;1;0.02299559378373407;1
1530;1786615345;0;1455.137931034479;3.722076551724141;52.11669137931036;602.540126862065;300.3956462068935;57.55007621468396;575.5007621468396;-0.2701625077247786;-1.751648620688569;4.428027586215056;549441.632580406;5774262.981223648;32;62222;51.99505027112428;8.762129723997358;364.9742257243697;90.25308408960898;43.65331035348888;505.133125572269;153.3186631969617;47.29492479648906;6.5;96;-1;;50;;;0;288.15;350;183.2121859151595;50;1;;;;;;4.345980339905698;4.345980339905698;0;0;23178.56181283039;0;168.0995251342084;168.0995251342084;12;12;250;87.21502321837076;1.39117929330448;33.32937955346561;27;0.9;0.71248432;95.66600361851332;4.962014062400842;36.90021432256197;27;0.9;0.71248432;127;0.07468053652359538;712484.32;1;1;1;0.02299559378373408;1;0.07451898735259878;712484.3200000002;1;1;0.02299559378373407;1;0.07468053652359538;712484.32;1;1;1;0.02299559378373408;1;0.07451898735259878;712484.3200000002;1;1;0.02299559378373407;1
1540;1786615355;0;1464.647509578543;3.715087318007664;52.11958425287358;608.1914323084286;302.2971125287356;57.48061226065688;574.8061226065688;-0.1287959508696939;-2.952542528735542;-0.09188521072793502;548959.9060657658;5774579.997919054;32;62222;52.14847484301992;9.752669519326042;365.0125952253675;87.17082026148946;38.27508448000772;556.1482964390164;143.5194883534738;40.61835202804116;6.5;96;-1;;50;;;0;288.15;350;194.5620688288676;50;1;;;;;;4.84310200353798;4.84310200353798;0;0;25829.87735220256;0;168.9352203679198;168.9352203679198;12;12;250;85.8822063210271;0.4748564699971178;32.41305673015825;27;0.9;0.71248432;94.33318672116966;4.642434930740668;36.5806351909018;27;0.9;0.71248432;127;0.07485070481671082;712484.32;1;1;1;0.02299559378373408;1;0.0745308344048885;712484.3200000002;1;1;0.02299559378373407;1;0.07485070481671082;712484.32;1;1;1;0.02299559378373408;1;0.0745308344048885;712484.3200000002;1;1;0.02299559378373407;1
1550;1786615365;0;1474.157088122606;3.708133754789271;52.12249869731802;609.437819975479;302.1426342145594;57.54977484088324;575.4977484088324;-0.05972007259777574;-2.914987356321825;0.11966011494252926;548480.659792471;5774899.48404461;32;62222;52.29281270625772;10.750111520227576;365.0489773683039;84.9643735458787;33.72318782925965;611.4897716413386;141.7059554510007;36.1028657635072;6.5;96;-1;;50;;;0;288.15;350;205.8943367028693;50;1;;;;;;5.403642385441338;5.403642385441338;0;0;28819.42605568713;0;169.7591920830579;169.7591920830579;12;12;250;84.4976942239857;-0.564067230071792;31.37413303008934;27;0.9;0.71248432;92.94867462412824;4.225369164093218;36.16356942425435;27;0.9;0.71248432;127;0.07503530410773876;712484.32;1;1;1;0.02299559378373408;1;0.07454822991188334;712484.3200000002;1;1;0.02299559378373407;1;0.07503530410773876;712484.32;1;1;1;0.02299559378373408;1;0.07454822991188334;712484.3200000002;1;1;0.02299559378373407;1
1560;1786615375;0;1483.677777777779;3.701175222222221;52.12542011111112;609.8748228432446;302.1537046666667;57.70053883649728;577.0053883649728;-0.009991246210578924;-2.923460111111109;0.085880888888898;548001.1277267332;5775219.787776074;32;62060;53.01185658885976;4.750641263940634;365.5006985192568;35.38690066247495;70.23703749869512;380.2819049109891;85.08768604922926;70.28042869716578;6.5;82;-1;;50;;;0;288.15;350;151.139455752388;50;1;;;;;;3.18776055862654;3.18776055862654;0;0;17001.38964600822;0;165.6335213571273;165.6335213571273;12;12;250;90.83924677673104;3.398378243658627;35.33657850381975;27;0.9;0.71248432;99.2902271768736;5.518701556535156;37.45690181669628;27;0.9;0.71248432;127;0.07426407767905272;712484.32;1;1;1;0.02299559378373408;1;0.074538758170789;712484.3200000002;1;1;0.02299559378373407;1;0.07426407767905272;712484.32;1;1;1;0.02299559378373408;1;0.074538758170789;712484.3200000002;1;1;0.02299559378373407;1
1570;1786615385;0;1493.203703703705;3.694191296296296;52.12834314814816;609.7692459296298;302.1307422222223;57.86387875227032;578.6387875227032;-0.3223114620365246;-2.835129444444342;0.2361955555554842;547519.9176399816;5775540.302079406;32;62060;52.93000144818198;5.784036869348812;365.4886474669902;57.001295091544;63.5996732319989;398.3140192904417;109.9554018603968;64.9076522175065;6.5;82;-1;;50;;;0;288.15;350;156.1420991407681;50;1;;;;;;3.349301222210898;3.349301222210898;0;0;17862.93985179146;0;166.0359199899946;166.0359199899946;12;12;250;90.2753074802794;3.135134013975158;35.07333427413629;27;0.9;0.71248432;98.72628788042194;5.455984994426664;37.39418525458779;27;0.9;0.71248432;127;0.07432422633822764;712484.32;1;1;1;0.02299559378373408;1;0.07453183778909346;712484.3200000002;1;1;0.02299559378373407;1;0.07432422633822764;712484.32;1;1;1;0.02299559378373408;1;0.07453183778909346;712484.3200000002;1;1;0.02299559378373407;1
1580;1786615395;0;1502.720306513411;3.687196973180076;52.13128329501916;610.1346409432952;302.2111240996169;58.03088964054744;580.3088964054744;-0.0002534315478927147;-3.115231417624549;0.014513141762438288;547038.0401708154;5775862.758614778;32;62060;52.83846821598294;6.81315271166218;365.4744418449482;68.42918968109132;55.9994779119371;428.0178139362525;122.28201967392564;57.76608404467102;6.5;82;-1;;50;;;0;288.15;350;164.0812408728899;50;1;;;;;;3.618676086865224;3.618676086865224;0;0;19299.60579661453;0;166.6606450339974;166.6606450339974;12;12;250;89.3812075716223;2.680312618494496;34.61851287865562;27;0.9;0.71248432;97.83218797176486;5.34064296279884;37.27884322295997;27;0.9;0.71248432;127;0.07442330753207746;712484.32;1;1;1;0.02299559378373408;1;0.07452844621856172;712484.3200000002;1;1;0.02299559378373407;1;0.07442330753207746;712484.32;1;1;1;0.02299559378373408;1;0.07452844621856172;712484.3200000002;1;1;0.02299559378373407;1
1590;1786615405;0;1512.229885057473;3.680167586206896;52.13421896551724;609.9048175172418;301.9014552873556;57.5822725390664;575.822725390664;0.5948927008766822;-3.036578045976939;-8.023895632195838;546553.8301748178;5776184.7416172;32;62060;52.73732967497242;7.837540045129414;365.4580944566151;75.00325281303472;48.90777324025166;467.170968988071;124.4567897550209;44.49821446983657;6.5;82;-1;;50;;;0;288.15;350;174.0019113555283;50;1;;;;;;3.980614035103909;3.980614035103909;0;0;21229.94152055418;0;167.4209250817711;167.4209250817711;12;12;250;88.25898957560986;2.044855806474838;33.98305606663597;27;0.9;0.71248432;96.70996997575242;5.163911177163172;37.1021114373243;27;0.9;0.71248432;127;0.07455390839946758;712484.32;1;1;1;0.02299559378373408;1;0.07452921779980128;712484.3200000002;1;1;0.02299559378373407;1;0.07455390839946758;712484.32;1;1;1;0.02299559378373408;1;0.07452921779980128;712484.3200000002;1;1;0.02299559378373407;1
1600;1786615415;0;1521.73946360153;3.672224482758624;52.1359643678161;610.8085165183908;275.4547333333429;57.14575728390986;571.4575728390986;1.0310985754259452;-2.98713808429129;-17.18726268199233;546008.3751984386;5776373.805975796;32;62060;52.62666426249096;8.85677705919497;365.4396193660487;79.15879830815804;42.72222021295391;513.6758381102536;147.7226188459874;38.1358573035156;6.5;82;-1;;50;;;0;288.15;350;185.030177508953;50;1;;;;;;4.421878905848759;4.421878905848759;0;0;23583.35416452672;0;168.2451909067221;168.2451909067221;12;12;250;86.99345887991404;1.245011429513475;33.1832116896746;27;0.9;0.71248432;95.4444392800566;4.91395656655599;36.85215682671712;27;0.9;0.71248432;127;0.07470903194537808;712484.32;1;1;1;0.02299559378373408;1;0.07453450645114178;712484.3200000002;1;1;0.02299559378373407;1;0.07470903194537808;712484.32;1;1;1;0.02299559378373408;1;0.07453450645114178;712484.3200000002;1;1;0.02299559378373407;1
1610;1786615425;0;1531.214559386972;3.663954061302684;52.13516279693486;611.4487422517244;246.9287491187787;57.35954657997414;573.5954657997414;0.748611530923105;-3.219711609195497;-17.12461942528736;545443.1530262314;5776279.441472444;32;62060;52.5065567121712;9.87045741381637;365.4190320229373;81.97031554088516;37.46163145981883;565.721467003877;179.667685768496;42.79174362293292;6.5;82;-1;;50;;;0;288.15;350;196.4655689231456;50;1;;;;;;4.93234452910013;4.93234452910013;0;0;26305.83748853403;0;169.0834613207708;169.0834613207708;12;12;250;85.64472284261402;0.3026194920602444;32.24081975222137;27;0.9;0.71248432;94.09570324275658;4.577396428799688;36.51559668896081;27;0.9;0.71248432;127;0.07488263747648728;712484.32;1;1;1;0.02299559378373408;1;0.07454445305186594;712484.3200000002;1;1;0.02299559378373407;1;0.07488263747648728;712484.32;1;1;1;0.02299559378373408;1;0.07454445305186594;712484.3200000002;1;1;0.02299559378373407;1
1620;1786615435;0;1540.724137931033;3.657291724137932;52.13201862068966;611.3120382736552;218.0208055172458;57.29565563247032;572.9565563247032;0.8913547451711106;-2.830145517241298;-17.10046172413794;544990.3333689802;5775925.584374384;32;62060;52.37709936771218;10.878179037165402;365.3963495410372;83.98192375552436;33.02266326083231;621.7965788567082;215.2324056911829;46.28069862879298;6.5;82;-1;;50;;;0;288.15;350;207.7896602386689;50;1;;;;;;5.504882830773496;5.504882830773496;0;0;29359.37509745865;0;169.9043747070874;169.9043747070874;12;12;250;84.25127115462402;-0.7573201920686124;31.18088006809252;27;0.9;0.71248432;92.70225155476658;4.141142020355345;36.07934228051647;27;0.9;0.71248432;127;0.07506968391597052;712484.32;1;1;1;0.02299559378373408;1;0.07455904279809106;712484.3200000002;1;1;0.02299559378373407;1;0.07506968391597052;712484.32;1;1;1;0.02299559378373408;1;0.07455904279809106;712484.3200000002;1;1;0.02299559378373407;1
1630;1786615445;0;1550.225925925928;3.65389837037037;52.12730574074074;610.856049665689;189.4867805555487;57.28511786362028;572.8511786362028;0.9762965965517046;-2.769440629629111;-17.18653755555544;544762.7901151038;5775399.302791362;32;-1;0.0000212199587e-309;0.013679297603334e-309;0;0;0.695322374642994e-309;0.000000000000119e-309;;;;-1;-1;;;-1;;;;;;;1;;;;;;;;;;;0.000000000000005e-309;;;;;;;;;;;;;;;;;;;;;;;;;;;;;;;;;;;;;;;;;;;;
1640;1786615455;0;1559.708812260534;3.65458846743295;52.12217141762452;611.3408166605364;160.8232459387047;57.11988983659228;571.1988983659228;1.0551062626272794;-2.80040444444442;-17.06371942528735;544815.1805700124;5774828.67157505;32;-1;0.0000212199587e-309;0.013679297603334e-309;0;0;0.695322374642994e-309;0.000000000000119e-309;;;;-1;-1;;;-1;;;;;;;1;;;;;;;;;;;0.000000000000005e-309;;;;;;;;;;;;;;;;;;;;;;;;;;;;;;;;;;;;;;;;;;;;
1650;1786615465;0;1569.183908045977;3.659171379310345;52.11787379310346;610.793710327586;132.2975085057487;57.84241144431868;578.4241144431868;1.0175501077809686;-2.535662873563193;-16.53698264367932;545133.2784273896;5774353.514950336;32;60731;47.4008960905626;4.478973018437369;364.6690048761939;173.262108279914;31.01372993275505;650.5148240517964;44.4279974314367;17.99596666857275;0;35;-1;;50;;;0;288.15;350;213.4568057117078;50;1;;;;;;5.822490147065582;5.822490147065582;0;0;31053.28078434977;0;170.2965520986985;170.2965520986985;12;12;250;77.04148644672082;-7.15328109450259;24.78491916565854;27;0.9;0.71248432;85.49246684686338;0.1908460920365835;32.12904635219771;27;0.9;0.71248432;127;0.0751654776707123;712484.32;1;1;1;0.02299559378373408;1;0.07457543292978354;712484.3200000002;0.9487179487179486;1;0.02299559378373407;1;0.0751654776707123;712484.32;1;1;1;0.02299559378373408;1;0.07457543292978354;712484.3200000002;0.9487179487179486;1;0.02299559378373407;1
1660;1786615475;0;1578.703703703703;3.666007777777778;52.11480185185186;611.0147683814816;122.40427148148152;58.06644506861504;580.6644506861504;-0.06360600804079902;-3.173115555555613;-0.3437844444444711;545604.4943394994;5774016.116454612;32;60731;47.70492297079368;5.293956283400942;364.7342129676581;165.9657311721596;32.34877980351763;630.3291326442478;42.46153860480842;29.79479564386603;6.5;35;-1;;50;;;0;288.15;350;209.6521768912376;50;1;;;;;;5.606724342275268;5.606724342275268;0;0;29902.5298254681;0;170.022755740346;170.022755740346;12;12;250;84.03104860986364;-0.9319977671659648;31.00620249299517;27;0.9;0.71248432;92.48202901000618;4.063186854639778;36.00138711480091;27;0.9;0.71248432;127;0.07509814545180922;712484.32;1;1;1;0.02299559378373408;1;0.07458918852246844;712484.3200000002;0.95;1;0.02299559378373407;1;0.07509814545180922;712484.32;1;1;1;0.02299559378373408;1;0.07458918852246844;712484.3200000002;0.95;1;0.02299559378373407;1
1670;1786615485;0;1588.203065134099;3.673030268199234;52.11185704980844;610.2108847854406;122.134979348659;57.94113451232092;579.4113451232092;0.000255591869731803;-2.940166398467441;0.1402521072796994;546088.3864438276;5773693.020977288;32;60731;48.0024732914554;6.11884232518186;364.7980500320819;158.0919119829989;33.22292379583608;617.9196406835572;34.82172787276632;30.90689037160023;6.5;35;-1;;50;;;0;288.15;350;207.2436066405947;50;1;;;;;;5.47547205693324;5.47547205693324;0;0;29202.51763697729;0;169.8500481340323;169.8500481340323;12;12;250;84.33500850151934;-0.69138572761204;31.24681453254909;27;0.9;0.71248432;92.78598890166188;4.170116525791907;36.10831678595304;27;0.9;0.71248432;127;0.07505675184223186;712484.32;1;1;1;0.02299559378373408;1;0.07460117732553928;712484.3200000002;0.951219512195122;1;0.02299559378373407;1;0.07505675184223186;712484.32;1;1;1;0.02299559378373408;1;0.07460117732553928;712484.3200000002;0.951219512195122;1;0.02299559378373407;1
1680;1786615495;0;1597.655555555554;3.680035111111111;52.10891677777778;610.1568023266668;122.11079211111136;58.20206014090844;582.0206014090844;0.03833264967968357;-3.161351555555528;0.006548999999950056;546571.1284185162;5773370.465392854;32;60731;48.2934031235006;6.953623488710674;364.8604707485538;149.8928157193956;33.53138031365868;613.7491628811192;26.82984307682712;30.72457553625666;6.5;35;-1;;50;;;0;288.15;350;206.4091692896665;50;1;;;;;;5.430910003253278;5.430910003253278;0;0;28964.85335068415;0;169.791226398406;169.791226398406;12;12;250;84.43839229082562;-0.6103569595410674;31.32784330062006;27;0.9;0.71248432;92.88937269096818;4.205386780943515;36.14358704110465;27;0.9;0.71248432;127;0.07504284062568472;712484.32;1;1;1;0.02299559378373408;1;0.07461221890804294;712484.3200000002;0.9523809523809524;1;0.02299559378373407;1;0.07504284062568472;712484.32;1;1;1;0.02299559378373408;1;0.07461221890804294;712484.3200000002;0.9523809523809524;1;0.02299559378373407;1
1690;1786615505;0;1607.153256704981;3.687071877394636;52.10596402298852;609.9650416689656;122.09884340996168;57.75186987484652;577.5186987484652;0.11865488953647812;-2.88605544061302;0.1992936015325679;547056.1326212452;5773046.588780378;32;60731;48.57757141819686;7.798288716333174;364.9214316086364;141.6937309670146;33.2343436683103;617.9821160326998;18.77524422512919;30.572741845005;6.5;35;-1;;50;;;0;288.15;350;207.2125702486799;50;1;;;;;;5.473806385219244;5.473806385219244;0;0;29193.63405450263;0;169.8509262847191;169.8509262847191;12;12;250;84.33579602254656;-0.690766921907376;31.24743333825376;27;0.9;0.71248432;92.78677642268912;4.170387288651546;36.10858754881267;27;0.9;0.71248432;127;0.07505696023756496;712484.32;1;1;1;0.02299559378373408;1;0.07462306625754346;712484.3200000002;0.9534883720930232;1;0.02299559378373407;1;0.07505696023756496;712484.32;1;1;1;0.02299559378373408;1;0.07462306625754346;712484.3200000002;0.9534883720930232;1;0.02299559378373407;1
1700;1786615515;0;1616.628352490422;3.694054980842912;52.10303521072798;610.1440217827588;122.28317429118778;57.98034158751166;579.8034158751166;-0.07600311519543308;-2.930567701149435;0.04121222222220045;547537.4993527684;5772725.387027062;32;60731;48.85483649558436;8.652813067457784;364.9808901432116;133.8194229245616;32.37108586390527;630.4542302087078;11.241008374652018;29.50672422871176;6.5;35;-1;;50;;;0;288.15;350;209.589906757287;50;1;;;;;;5.603280571008284;5.603280571008284;0;0;29884.16304537751;0;170.0244794046558;170.0244794046558;12;12;250;84.03276871682088;-0.9306263379708106;31.00757392219032;27;0.9;0.71248432;92.48374911696342;4.063805663015153;36.00200592317629;27;0.9;0.71248432;127;0.07509856273236824;712484.32;1;1;1;0.02299559378373408;1;0.07463438760218216;712484.3200000002;0.9545454545454546;1;0.02299559378373407;1;0.07509856273236824;712484.32;1;1;1;0.02299559378373408;1;0.07463438760218216;712484.3200000002;0.9545454545454546;1;0.02299559378373407;1
1710;1786615525;0;1626.103448275865;3.701057586206899;52.10008793103448;610.1667802257932;122.18169551724148;58.15550105675026;581.5550105675026;0.351118816943051;-3.152808275862094;0.03731620689659941;548020.2840015942;5772402.190534704;32;60731;49.12505303751024;9.517146533320604;365.0388042543791;126.52419569878982;31.04711513078362;650.6850045791292;3.84949740552259;27.90422785883559;0;35;-1;;50;;;0;288.15;350;213.3597966093944;50;1;;;;;;5.816853330616702;5.816853330616702;0;0;31023.21776328908;0;170.2988241083543;170.2988241083543;12;12;250;77.04485125351392;-7.150079139347544;24.78812112081359;27;0.9;0.71248432;85.49583165365648;0.1933274755883115;32.13152773574944;27;0.9;0.71248432;127;0.07516604533184852;712484.32;1;1;1;0.02299559378373408;1;0.0746467517354302;712484.3200000002;0.9555555555555556;1;0.02299559378373406;1;0.07516604533184852;712484.32;1;1;1;0.02299559378373408;1;0.0746467517354302;712484.3200000002;0.9555555555555556;1;0.02299559378373406;1
1720;1786615535;0;1635.592592592592;3.707637777777778;52.09676925925926;603.1768911235558;137.8044633333306;58.27121678548778;582.7121678548778;-1.101028398888934;-1.272745555555726;17.52606962962969;548474.5986728378;5772037.451423948;32;60405;52.96932881500978;1.560451925217334;365.6365348843365;304.5311673091926;62.5767747256799;401.8654721663907;202.4289586961683;62.25096981783936;6.5;18;-1;;50;;;0;288.15;350;157.0656286938112;50;1;;;;;;3.379791318546526;3.379791318546526;0;0;18025.55369891481;0;166.1130220167747;166.1130220167747;12;12;250;90.16771535716364;3.082837061675677;35.02103732183681;27;0.9;0.71248432;98.6186957573062;5.443178200751008;37.38137846091214;27;0.9;0.71248432;127;0.0743360727098797;712484.32;1;1;1;0.02299559378373408;1;0.07463969084848588;712484.3200000002;0.9565217391304348;1;0.02299559378373406;1;0.0743360727098797;712484.32;1;1;1;0.02299559378373408;1;0.07463969084848588;712484.3200000002;0.9565217391304348;1;0.02299559378373406;1
1730;1786615545;0;1645.088122605364;3.711142337164751;52.09199153256706;601.5161039118774;166.0557653639855;58.044132332526;580.44132332526;-0.849924372268257;-1.871052796934914;17.4039141762452;548719.8691691706;5771508.405877794;32;60405;53.04688036568434;2.595633880308506;365.6521674647702;325.0020038088121;68.92712681923622;383.4976870059787;208.0927337235565;69.6499247977094;6.5;18;-1;;50;;;0;288.15;350;151.9963389392069;50;1;;;;;;3.215007236856418;3.215007236856418;0;0;17146.70526323423;0;165.7066631213875;165.7066631213875;12;12;250;90.73885833424094;3.352849304958417;35.29104956511955;27;0.9;0.71248432;99.1898387343835;5.508060907652062;37.44626116781319;27;0.9;0.71248432;127;0.07427480437350142;712484.32;1;1;1;0.02299559378373408;1;0.0746315822601529;712484.3200000002;0.9574468085106384;1;0.02299559378373406;1;0.07427480437350142;712484.32;1;1;1;0.02299559378373408;1;0.0746315822601529;712484.3200000002;0.9574468085106384;1;0.02299559378373406;1
1740;1786615555;0;1654.632183908048;3.710532988505747;52.08678494252874;600.32727755977;194.4086674712682;57.6379413834229;576.379413834229;-0.953216051459633;-1.627118505747115;17.29253896551723;548683.7897556366;5770928.907498482;32;60405;53.11466217304968;3.634440062741749;365.6656651027806;357.4497020511413;71.32617766038274;378.0905159793616;215.4376803705781;69.8439429391129;6.5;18;-1;;50;;;0;288.15;350;150.4736162208857;50;1;;;;;;3.166705970932251;3.166705970932251;0;0;16889.09851163867;0;165.5833238160063;165.5833238160063;12;12;250;90.91049890554638;3.430344412733622;35.36854467289475;27;0.9;0.71248432;99.36147930568894;5.526121464150192;37.46432172431132;27;0.9;0.71248432;127;0.07425676799239066;712484.32;1;1;1;0.02299559378373408;1;0.0746234341238972;712484.3200000002;0.9583333333333334;1;0.02299559378373406;1;0.07425676799239066;712484.32;1;1;1;0.02299559378373408;1;0.0746234341238972;712484.3200000002;0.9583333333333334;1;0.02299559378373406;1
1750;1786615565;0;1664.107279693488;3.706008122605364;52.08241030651342;599.9871729053642;223.0001168965553;57.58671832729286;575.8671832729286;-1.160320423371362;-1.512007547892553;17.27360187739466;548378.4922534112;5770439.326282224;32;60405;53.1726199940985;4.676403745065294;365.6770180716112;28.05327306266412;67.81566425241372;386.3041702194195;209.2750211786335;66.9057254057454;6.5;18;-1;;50;;;0;288.15;350;152.7723983804226;50;1;;;;;;3.2398323157326;3.2398323157326;0;0;17279.1056839072;0;165.7699960718988;165.7699960718988;12;12;250;90.6507003048535;3.312392468010278;35.25059272817141;27;0.9;0.71248432;99.10168070499606;5.49853375743328;37.43673401759441;27;0.9;0.71248432;127;0.07428416579383922;712484.32;1;1;1;0.02299559378373408;1;0.07461621564878956;712484.3200000002;0.9591836734693878;1;0.02299559378373406;1;0.07428416579383922;712484.32;1;1;1;0.02299559378373408;1;0.07461621564878956;712484.3200000002;0.9591836734693878;1;0.02299559378373406;1
1760;1786615575;0;1673.596296296297;3.698631222222222;52.07990651851852;600.7053095540742;251.5482769259272;57.47395577526956;574.7395577526956;-1.0516242768518166;-1.868006259259337;17.22226740740738;547875.6826141458;5770155.960830456;32;60405;53.2207064810292;5.72103549348513;365.6862179562759;46.35019315606788;61.02813857597028;407.3908532651773;190.1381374886306;65.17803371452308;6.5;18;-1;;50;;;0;288.15;350;158.546378892843;50;1;;;;;;3.4291291151116;3.4291291151116;0;0;18288.68861392853;0;166.2316336228122;166.2316336228122;12;12;250;89.99976595456108;2.999871039292312;34.93807129945344;27;0.9;0.71248432;98.45074635470362;5.422621046948348;37.36082130710948;27;0.9;0.71248432;127;0.0743545033973481;712484.32;1;1;1;0.02299559378373408;1;0.07461076331021788;712484.3200000002;0.96;1;0.02299559378373406;1;0.0743545033973481;712484.32;1;1;1;0.02299559378373408;1;0.07461076331021788;712484.3200000002;0.96;1;0.02299559378373406;1
1770;1786615585;0;1683.091954022987;3.690220919540232;52.07987379310346;600.3458045345294;279.9288126436727;57.73122048997268;577.3122048997268;-1.393831761840259;-1.843980804597972;17.22674367816092;547299.3842859788;5770146.810225026;32;60405;53.2588827652879;6.767849786897884;365.6932579321829;56.56159083169484;53.71807665230836;439.5040299453662;161.9051255557547;64.1950909483528;6.5;18;-1;;50;;;0;288.15;350;166.985688396082;50;1;;;;;;3.721553281385277;3.721553281385277;0;0;19848.28416738815;0;166.8906653749457;166.8906653749457;12;12;250;89.04831003615392;2.499250446207595;34.43745070636872;27;0.9;0.71248432;97.49929043629646;5.2921786773216;37.23037893748273;27;0.9;0.71248432;127;0.07446162142458076;712484.32;1;1;1;0.02299559378373408;1;0.0746077195982661;712484.3200000002;0.9607843137254902;1;0.02299559378373406;1;0.07446162142458076;712484.32;1;1;1;0.02299559378373408;1;0.0746077195982661;712484.3200000002;0.9607843137254902;1;0.02299559378373406;1
1780;1786615595;0;1692.636015325669;3.682665708812262;52.08219716475096;604.204457071416;301.4495390804592;57.01702099161714;570.1702099161714;0.10719172143445188;-2.088781149424719;1.477256704982443;546779.2186865384;5770400.327903156;32;60405;53.2871177342444;7.816354011580624;365.6981325927591;62.73802311623232;47.00510329484394;480.3804287447194;120.03984019775212;49.34009553500572;6.5;18;-1;;50;;;0;288.15;350;177.1390357483944;50;1;;;;;;4.101641723505312;4.101641723505312;0;0;21875.42252536166;0;167.6631142514535;167.6631142514535;12;12;250;87.8957727175261;1.824108248534822;33.76230850869595;27;0.9;0.71248432;96.34675311766864;5.098070943622624;37.03627120378376;27;0.9;0.71248432;127;0.0745979704143854;712484.32;1;1;1;0.02299559378373408;1;0.0746075246145885;712484.3200000002;0.9615384615384616;1;0.02299559378373406;1;0.0745979704143854;712484.32;1;1;1;0.02299559378373408;1;0.0746075246145885;712484.3200000002;0.9615384615384616;1;0.02299559378373406;1
1790;1786615605;0;1702.111111111113;3.675758888888888;52.08507444444444;608.6185023555564;302.2804766666668;57.5012925619993;575.012925619993;-0.2740578588885987;-2.77512333333395;0.03537666666633353;546302.960959654;5770715.919960978;32;60405;53.3053879948864;8.866037354819182;365.7008379326308;66.79038793097494;41.17194056182602;528.0186217131874;122.72757231940146;42.74381776921597;6.5;18;-1;;50;;;0;288.15;350;188.1902320569612;50;1;;;;;;4.557048081033226;4.557048081033226;0;0;24304.2564321772;0;168.4843929255072;168.4843929255072;12;12;250;86.61908768594444;0.9923401436368396;32.93054040379797;27;0.9;0.71248432;95.070068086087;4.828300654550656;36.76650091471179;27;0.9;0.71248432;127;0.07475687432172942;712484.32;1;1;1;0.02299559378373408;1;0.0746104530402187;712484.3200000002;0.9622641509433962;1;0.02299559378373406;1;0.07475687432172942;712484.32;1;1;1;0.02299559378373408;1;0.0746104530402187;712484.3200000002;0.9622641509433962;1;0.02299559378373406;1
1800;1786615615;0;1711.655172413793;3.668811724137931;52.08799310344828;609.4035575344828;302.1174296551725;57.57806150324978;575.7806150324978;-0.04209578079313808;-2.807706896551729;0.2025100000000141;545823.9573325858;5771036.1343319;32;60405;53.31367864897822;9.91639775168117;365.7013714675404;69.6308084771899;36.20232183820871;580.7848380615118;125.94893022700366;38.04494550486403;6.5;18;-1;;50;;;0;288.15;350;199.5150435293925;50;1;;;;;;5.07925011593072;5.07925011593072;0;0;27089.3339516305;0;169.3117135462575;169.3117135462575;12;12;250;85.26956503029664;0.0253516919523707;31.9635519521135;27;0.9;0.71248432;93.72054543043918;4.469302739346221;36.40750299950735;27;0.9;0.71248432;127;0.07493288347386202;712484.32;1;1;1;0.02299559378373408;1;0.07461665362548108;712484.3200000002;0.962962962962963;1;0.02299559378373406;1;0.07493288347386202;712484.32;1;1;1;0.02299559378373408;1;0.07461665362548108;712484.3200000002;0.962962962962963;1;0.02299559378373406;1
1810;1786615625;0;1721.164750957856;3.661849731800766;52.09091107279694;609.759056877012;302.2726028352492;57.9265602373185;579.2656023731852;-0.10161345035995348;-2.766375402299156;0.200708122604956;545344.0002726752;5771356.308605678;32;60405;53.3119828325087;10.966930906600294;365.6997321375802;71.72603006938226;31.98625149557636;637.4021925037656;128.2466997174192;33.87995322236752;6.5;18;-1;;50;;;0;288.15;350;210.6701849640057;50;1;;;;;;5.66341472065671;5.66341472065671;0;0;30204.87851016912;0;170.1196792029246;170.1196792029246;12;12;250;83.87743476890358;-1.0549138611557554;30.88328639900538;27;0.9;0.71248432;92.32841516904614;4.007289454974453;35.94548971513558;27;0.9;0.71248432;127;0.07512173863993246;712484.32;1;1;1;0.02299559378373408;1;0.07462618353141412;712484.3200000002;0.9636363636363636;1;0.02299559378373406;1;0.07512173863993246;712484.32;1;1;1;0.02299559378373408;1;0.07462618353141412;712484.3200000002;0.9636363636363636;1;0.02299559378373406;1
1820;1786615635;0;1730.674329501918;3.6548477394636;52.0938490421456;610.108159598912;302.1850312260537;58.16628366260016;581.6628366260016;0.04205610370985464;-3.165984674329556;0.04256770114940658;544861.3449503656;5771678.72877996;32;61248;50.66854301289522;4.305400459296564;365.189150314699;163.8069080934287;63.9426649977923;396.8835922209022;226.3787697044927;66.19358259860114;6.5;53;-1;;50;;;0;288.15;350;155.8419370291791;50;1;;;;;;3.339437360574334;3.339437360574334;0;0;17810.33258972978;0;166.0046710403434;166.0046710403434;12;12;250;90.31642029156716;3.154941795196971;35.0931420553581;27;0.9;0.71248432;98.76740069170972;5.460805292210962;37.39900555237209;27;0.9;0.71248432;127;0.07431945494711566;712484.32;1;1;1;0.02299559378373408;1;0.07462050337244562;712484.3200000002;0.9642857142857144;1;0.02299559378373406;1;0.07431945494711566;712484.32;1;1;1;0.02299559378373408;1;0.07462050337244562;712484.3200000002;0.9642857142857144;1;0.02299559378373406;1
1830;1786615645;0;1740.183908045979;3.647813908045976;52.09679701149426;609.7361081947592;302.1594686206899;58.14658369300152;581.4658369300152;0.05306898626488392;-2.855617586206887;0.29767264367789;544376.5613884836;5772002.287933028;32;61248;50.44638308211658;5.230058486729538;365.1401655591162;148.3624303190928;57.4606039832762;421.0385549125984;208.7534630977485;59.85824150386004;6.5;53;-1;;50;;;0;288.15;350;162.3538453510615;50;1;;;;;;3.558626815933192;3.558626815933192;0;0;18979.34301831036;0;166.5178454713843;166.5178454713843;12;12;250;89.58405640516744;2.787531176459781;34.72573143662091;27;0.9;0.71248432;98.03503680531;5.36864919056252;37.30684945072365;27;0.9;0.71248432;127;0.07440002722986366;712484.32;1;1;1;0.02299559378373408;1;0.07461649471530776;712484.3200000002;0.9649122807017544;1;0.02299559378373406;1;0.07440002722986366;712484.32;1;1;1;0.02299559378373408;1;0.07461649471530776;712484.3200000002;0.9649122807017544;1;0.02299559378373406;1
1840;1786615655;0;1749.659003831417;3.640782337164752;52.09974429118776;609.999380864736;302.058156704981;58.04069362545206;580.4069362545206;0.0557523386274747;-3.13925191570879;0.07030762452104238;543891.9966141676;5772325.819559388;32;61248;50.21627411224302;6.145565575527294;365.0894228094913;139.1177008399739;50.68798637018766;455.623583570561;198.3190028262273;53.65822067739646;6.5;53;-1;;50;;;0;288.15;350;171.2575232792915;50;1;;;;;;3.877434867695981;3.877434867695981;0;0;20679.6526277119;0;167.203532053676;167.203532053676;12;12;250;88.57956177111294;2.233623052778783;34.17182331293992;27;0.9;0.71248432;97.0305421712555;5.218367704434366;37.1565679645955;27;0.9;0.71248432;127;0.07451539046778062;712484.32;1;1;1;0.02299559378373408;1;0.07461468928231622;712484.3200000002;0.9655172413793104;1;0.02299559378373406;1;0.07451539046778062;712484.32;1;1;1;0.02299559378373408;1;0.07461468928231622;712484.3200000002;0.9655172413793104;1;0.02299559378373406;1
1850;1786615665;0;1759.168582375478;3.633601762452108;52.10253540229886;610.1244430711116;294.0095000383162;57.56703954486778;575.6703954486778;1.003438107993534;-3.417568429119102;-17.89963934865934;543397.4409297708;5772631.939022168;32;61248;49.97835698693384;7.051763037372388;365.0369569289224;133.2523791979028;44.48190873811312;498.4655166174172;178.6561334318215;50.5930186410862;6.5;53;-1;;50;;;0;288.15;350;181.6432832284877;50;1;;;;;;4.281530502269032;4.281530502269032;0;0;22834.82934543484;0;167.9841105347754;167.9841105347754;12;12;250;87.39488765544044;1.507958252166442;33.44615851232757;27;0.9;0.71248432;95.845868055583;4.999632759399622;36.93783301956075;27;0.9;0.71248432;127;0.07465829577411376;712484.32;1;1;1;0.02299559378373408;1;0.07461545430848812;712484.3200000002;0.9661016949152542;1;0.02299559378373406;1;0.07465829577411376;712484.32;1;1;1;0.02299559378373408;1;0.07461545430848812;712484.3200000002;0.9661016949152542;1;0.02299559378373406;1
1860;1786615675;0;1768.688888888889;3.625286888888889;52.10338244444446;610.8822132644446;265.2978375555548;57.48726888231082;574.8726888231082;1.0374900512000028;-2.925877777777761;-17.17886755555556;542827.1224386652;5772721.212767638;32;61248;49.73277124043278;7.94852175220423;364.9828033871163;129.2505193568765;39.08021129766036;547.5699099689542;210.0997961465284;51.7520297349897;6.5;53;-1;;50;;;0;288.15;350;192.7282085695101;50;1;;;;;;4.758824816815912;4.758824816815912;0;0;25380.3990230182;0;168.8001996386677;168.8001996386677;12;12;250;86.10150423700132;0.631579697689144;32.56977995785027;27;0.9;0.71248432;94.55248463714386;4.700226830041516;36.63842709020265;27;0.9;0.71248432;127;0.07482209039949936;712484.32;1;1;1;0.02299559378373408;1;0.07461901699971244;712484.3200000002;0.9666666666666666;1;0.02299559378373406;1;0.07482209039949936;712484.32;1;1;1;0.02299559378373408;1;0.07461901699971244;712484.3200000002;0.9666666666666666;1;0.02299559378373406;1
1870;1786615685;0;1778.187739463602;3.617332950191571;52.1016918007663;611.1969633509888;236.7334073946351;57.69801569967206;576.9801569967206;0.9846704440513418;-3.047073371647519;-17.19720892720307;542283.9455807092;5772528.51199383;32;61248;49.47965738919148;8.835730465859492;364.9269988231236;126.36341737270582;34.4683264915561;601.2993668491248;244.3516893159637;51.45772010095504;6.5;53;-1;;50;;;0;288.15;350;203.923565517387;50;1;;;;;;5.30081631042728;5.30081631042728;0;0;28271.02032227883;0;169.6132230737596;169.6132230737596;12;12;250;84.74648930829798;-0.3713931122187905;31.56680714794234;27;0.9;0.71248432;93.19746970844054;4.307245476173;36.24544573633413;27;0.9;0.71248432;127;0.07500131257619658;712484.32;1;1;1;0.02299559378373408;1;0.07462549658575454;712484.3200000002;0.9672131147540984;1;0.02299559378373406;1;0.07500131257619658;712484.32;1;1;1;0.02299559378373408;1;0.07462549658575454;712484.3200000002;0.9672131147540984;1;0.02299559378373406;1
1880;1786615695;0;1787.697318007664;3.611640153256705;52.09785831417624;611.0764430605374;208.0781611877349;57.69354556540864;576.9354556540864;1.049227763740019;-2.595636321839759;-17.1554241379309;541897.6152896754;5772098.83933376;32;61248;49.2191598315931;9.713284719422502;364.8695817296339;124.19719885299562;30.54579706826326;658.4050564645388;278.3972268401651;47.29539866665544;6.5;53;-1;;50;;;0;288.15;350;214.826610800056;50;1;;;;;;5.902875163550948;5.902875163550948;0;0;31482.00087227172;0;170.4012712936703;170.4012712936703;12;12;250;83.35638223526366;-1.478134524821434;30.4600657353397;27;0.9;0.71248432;91.8073626354062;3.808208395330021;35.74640865549115;27;0.9;0.71248432;127;0.0751917966530689;712484.32;1;1;1;0.02299559378373408;1;0.07463493492020978;712484.3200000002;0.967741935483871;1;0.02299559378373406;1;0.0751917966530689;712484.32;1;1;1;0.02299559378373408;1;0.07463493492020978;712484.3200000002;0.967741935483871;1;0.02299559378373406;1
1890;1786615705;0;1797.206896551727;3.609505517241379;52.09283827586208;612.4961618724138;183.5080662068948;58.03073212956418;580.3073212956418;0.2516741343260487;-3.459616551724953;-3.138019655167682;541756.0799609062;5771539.265419364;32;62220;50.94517510496892;1.517524254975032;364.7199456767649;229.4920874060871;60.0884082377417;409.823121285934;45.21555465287706;55.42646254803536;6.5;94;-1;;50;;;0;288.15;350;159.4946642975236;50;1;;;;;;3.4610224499618;3.4610224499618;0;0;18458.78639979627;0;166.2833372760492;166.2833372760492;12;12;250;89.91616896647386;2.957969407538846;34.89616966769997;27;0.9;0.71248432;98.36714936661642;5.412126110571208;37.35032637073234;27;0.9;0.71248432;127;0.07436261657016432;712484.32;1;1;1;0.02299559378373408;1;0.07463047068496316;712484.3200000002;0.9682539682539682;1;0.02299559378373406;1;0.07436261657016432;712484.32;1;1;1;0.02299559378373408;1;0.07463047068496316;712484.3200000002;0.9682539682539682;1;0.02299559378373406;1
1900;1786615715;0;1806.681992337163;3.608852260536399;52.08763490421456;610.7084996179316;182.1592622222222;58.540699316012;585.40699316012;0.08740098616040202;-3.249625402298883;0.0779834865900276;541716.1793136068;5770960.155180542;32;62220;51.14843826120954;2.462741634883648;364.7630007982116;217.6690734878802;68.76296983200098;382.9507714230622;30.98532716168507;66.08437343529766;6.5;94;-1;;50;;;0;288.15;350;152.1081034744314;50;1;;;;;;3.218573696506145;3.218573696506145;0;0;17165.7263813661;0;165.6942671170676;165.6942671170676;12;12;250;90.7476878789111;3.356876821860329;35.29507708202146;27;0.9;0.71248432;99.19866827905366;5.509005634738196;37.44720589489933;27;0.9;0.71248432;127;0.07427298005948578;712484.32;1;1;1;0.02299559378373408;1;0.07462470470713286;712484.3200000002;0.96875;1;0.02299559378373406;1;0.07427298005948578;712484.32;1;1;1;0.02299559378373408;1;0.07462470470713286;712484.3200000002;0.96875;1;0.02299559378373406;1
1910;1786615725;0;1816.191570881227;3.608218505747126;52.08238463601534;610.385354367816;182.1974608429119;58.53763354788568;585.3763354788568;0.1314719995398179;-3.299807318007558;-0.04662302681987432;541677.6479367208;5770375.841146472;32;62220;51.34330488301776;3.416472072093122;364.804192462213;189.2294362595965;76.1754031955227;368.5120297576615;5.752180517275654;72.8903816779695;6.5;94;-1;;50;;;0;288.15;350;148.0041226551705;50;1;;;;;;3.089497206493632;3.089497206493632;0;0;16477.3184346327;0;165.3604415347479;165.3604415347479;12;12;250;91.21058995124334;3.561811245319327;35.50001150548046;27;0.9;0.71248432;99.6615703513859;5.556198990324108;37.49439925048524;27;0.9;0.71248432;127;0.07422481760149156;712484.32;1;1;1;0.02299559378373408;1;0.0746183572927576;712484.3200000002;0.9692307692307692;1;0.02299559378373406;1;0.07422481760149156;712484.32;1;1;1;0.02299559378373408;1;0.0746183572927576;712484.3200000002;0.9692307692307692;1;0.02299559378373406;1
1920;1786615735;0;1825.701149425289;3.60759091954023;52.0771343678161;610.1324995339312;182.2129648275863;58.32932262678502;583.2932262678502;-0.0705888798387779;-3.119877241379274;0.04528367816087012;541639.5287410662;5769791.531445956;32;62220;51.5296466162343;4.378484255369464;364.8434920478703;138.5817467112376;76.56778228234408;367.9757466741403;323.9558282150662;74.13647263214418;6.5;94;-1;;50;;;0;288.15;350;147.8386266774267;50;1;;;;;;3.084371719590891;3.084371719590891;0;0;16449.98250448475;0;165.3477920471378;165.3477920471378;12;12;250;91.22836492575624;3.569438425083218;35.50763868524435;27;0.9;0.71248432;99.6793453258988;5.557922483568582;37.49612274372971;27;0.9;0.71248432;127;0.07422302875367632;712484.32;1;1;1;0.02299559378373408;1;0.07461218028433446;712484.3200000002;0.9696969696969698;1;0.02299559378373406;1;0.07422302875367632;712484.32;1;1;1;0.02299559378373408;1;0.07461218028433446;712484.3200000002;0.9696969696969698;1;0.02299559378373406;1
1930;1786615745;0;1835.176245210732;3.606959425287356;52.0719030651341;610.2080429919538;182.1524567816094;58.49097719711882;584.9097719711882;0.11671221206297732;-3.23870996168558;0.02854689655186377;541601.1136287322;5769209.32962192;32;62220;51.70733818374968;5.348527105251806;364.8808722103004;108.00687289721328;69.46422363125244;381.4003532336855;293.6264772439395;68.34363523403672;6.5;94;-1;;50;;;0;288.15;350;151.6375109503274;50;1;;;;;;3.203576620667219;3.203576620667219;0;0;17085.74197689183;0;165.6590299614703;165.6590299614703;12;12;250;90.7979221103474;3.379706002976002;35.31790626313713;27;0.9;0.71248432;99.24890251048996;5.514347972046114;37.45254823220724;27;0.9;0.71248432;127;0.07426780842108058;712484.32;1;1;1;0.02299559378373408;1;0.07460688225566902;712484.3200000002;0.9701492537313434;1;0.02299559378373406;1;0.07426780842108058;712484.32;1;1;1;0.02299559378373408;1;0.07460688225566902;712484.3200000002;0.9701492537313434;1;0.02299559378373406;1
1940;1786615755;0;1844.696296296296;3.60633125925926;52.06665703703704;610.06681974;182.1593147407408;58.4982563238397;584.982563238397;-0.0637082795853382;-3.137328222222224;0.02930037037037143;541562.9298613976;5768625.493072186;32;62220;51.876255755171;6.326317923995426;364.9163064785289;95.3945120866216;60.78994267305702;407.4053170364301;278.8365194313009;60.42867586516476;6.5;94;-1;;50;;;0;288.15;350;158.7831402798578;50;1;;;;;;3.437070112265241;3.437070112265241;0;0;18331.04059874795;0;166.2319419961833;166.2319419961833;12;12;250;89.9915165840364;2.995754066502282;34.93395432666341;27;0.9;0.71248432;98.44249698417894;5.421593245012818;37.35979350517395;27;0.9;0.71248432;127;0.07435455164329582;712484.32;1;1;1;0.02299559378373408;1;0.07460305906457244;712484.3200000002;0.9705882352941176;1;0.02299559378373406;1;0.07435455164329582;712484.32;1;1;1;0.02299559378373408;1;0.07460305906457244;712484.3200000002;0.9705882352941176;1;0.02299559378373406;1
1950;1786615765;0;1854.195402298849;3.60569827586207;52.06141057471266;609.8673582954026;181.9711366666663;58.41549806439168;584.1549806439168;0.1446149772766112;-3.089619195402727;0.1716842528733107;541524.4057786666;5768041.60591954;32;62220;52.03628159937866;7.311565923123488;364.9497701720739;89.1686804979095;52.7420392463789;443.7817386391245;271.1153678989355;52.61969642231452;6.5;94;-1;;50;;;0;288.15;350;168.3086351485463;50;1;;;;;;3.769233008584756;3.769233008584756;0;0;20102.57604578537;0;166.9747966887939;166.9747966887939;12;12;250;88.91649899510628;2.425813260168058;34.36401352032919;27;0.9;0.71248432;97.36747939524884;5.272097766321406;37.21029802648254;27;0.9;0.71248432;127;0.07447589032488032;712484.32;1;1;1;0.02299559378373408;1;0.07460116102368152;712484.3200000002;0.9710144927536232;1;0.02299559378373406;1;0.07447589032488032;712484.32;1;1;1;0.02299559378373408;1;0.07460116102368152;712484.3200000002;0.9710144927536232;1;0.02299559378373406;1
1960;1786615775;0;1863.670498084293;3.6050730651341;52.05617122605364;610.0703333386976;182.1499857854406;58.65187373320742;586.5187373320742;-0.0706054840225244;-3.11789256704988;0.03421827586209062;541486.3975302682;5767458.51576007;32;62220;52.18730214141544;8.303960865189208;364.9812399274915;85.55042992867674;45.80107126347552;488.2121858360142;266.683775229186;46.0346821076649;6.5;94;-1;;50;;;0;288.15;350;179.2380730868166;50;1;;;;;;4.184546055212469;4.184546055212469;0;0;22317.57896113317;0;167.8035804480353;167.8035804480353;12;12;250;87.67240218923712;1.684782647863514;33.62298290802464;27;0.9;0.71248432;96.12338258937968;5.055297557464524;36.99349781762565;27;0.9;0.71248432;127;0.0746240943440651;712484.32;1;1;1;0.02299559378373408;1;0.07460149827839304;712484.3200000002;0.9714285714285714;1;0.02299559378373406;1;0.0746240943440651;712484.32;1;1;1;0.02299559378373408;1;0.07460149827839304;712484.3200000002;0.9714285714285714;1;0.02299559378373406;1
1970;1786615785;0;1873.180076628355;3.604439195402299;52.0509109578544;610.0604858629426;182.1690332183908;58.35042342979432;583.5042342979432;0.11527046210946348;-3.138973256704971;0.05210655172410184;541447.8044670028;5766873.094545444;32;62220;52.32920666119416;9.30316127606104;365.0106933668267;83.20821420346506;39.96086927362505;538.7029759984292;263.5555844649503;40.33329277322786;6.5;94;-1;;50;;;0;288.15;350;190.7783318271097;50;1;;;;;;4.670974369330384;4.670974369330384;0;0;24911.86330309538;0;168.658395638018;168.658395638018;12;12;250;86.33115868513648;0.7932570098417354;32.73145727000287;27;0.9;0.71248432;94.78213908527902;4.758472817301464;36.69667307746259;27;0.9;0.71248432;127;0.07479251349142876;712484.32;1;1;1;0.02299559378373408;1;0.07460426661481384;712484.3200000002;0.971830985915493;1;0.02299559378373406;1;0.07479251349142876;712484.32;1;1;1;0.02299559378373408;1;0.07460426661481384;712484.3200000002;0.971830985915493;1;0.02299559378373406;1
1980;1786615795;0;1882.689655172416;3.603811724137931;52.0456775862069;609.6356781012418;182.0370044827587;58.29602795238578;582.9602795238578;-0.03739178827521677;-2.755074482758529;0.3765493103446489;541409.6147947388;5766290.66933772;32;62220;52.4618918111055;10.308822900402952;365.0381099755205;81.57805960463874;35.07266017942892;593.7036169778302;261.5423839790663;35.15316009002437;6.5;94;-1;;50;;;0;288.15;350;202.3591138337433;50;1;;;;;;5.220888935025778;5.220888935025778;0;0;27844.74098680415;0;169.5028020379388;169.5028020379388;12;12;250;84.93683771952036;-0.2256851130192208;31.71251514714191;27;0.9;0.71248432;93.38781811966292;4.367780598280883;36.30598085844202;27;0.9;0.71248432;127;0.07497597588186488;712484.32;1;1;1;0.02299559378373408;1;0.07460957674720028;712484.3200000002;0.9722222222222222;1;0.02299559378373406;1;0.07497597588186488;712484.32;1;1;1;0.02299559378373408;1;0.07460957674720028;712484.3200000002;0.9722222222222222;1;0.02299559378373406;1
1990;1786615805;0;1892.164750957853;3.60317846743295;52.04044938697318;610.2066668551724;182.2005427586207;58.53860215187944;585.3860215187944;0.03511883668709361;-3.132758850574621;-0.04953865900383706;541371.0131474558;5765708.816975538;32;62220;52.58525739995806;11.320567101570922;365.0634701659801;80.38305277314972;30.96466251779464;652.0679966859014;260.010091134764;31.60706191400726;6.5;94;-1;;50;;;0;288.15;350;213.5995577200396;50;1;;;;;;5.83079823038913;5.83079823038913;0;0;31097.59056207536;0;170.3172658564227;170.3172658564227;12;12;250;83.51246460567308;-1.350362918024963;30.58783734213617;27;0.9;0.71248432;91.96344500581562;3.869394584980237;35.80759484514137;27;0.9;0.71248432;127;0.07517065849695612;712484.32;1;1;1;0.02299559378373408;1;0.07461747930705602;712484.3200000002;0.9726027397260274;1;0.02299559378373406;1;0.07517065849695612;712484.32;1;1;1;0.02299559378373408;1;0.07461747930705602;712484.3200000002;0.9726027397260274;1;0.02299559378373406;1
2000;1786615815;0;1901.674329501915;3.602549540229885;52.03519911877396;610.2955671246592;182.2504940996169;58.66079463433134;586.6079463433134;-0.0630160757392411;-3.451925172413836;-0.11981605363987032;541332.718336071;5765124.51352556;32;62069;52.88762310550098;4.528717613236758;365.2148035618657;33.20077945308147;71.40651481284734;377.4501850134962;216.9532327854711;74.33999633958308;6.5;91;-1;;50;;;0;288.15;350;150.4261564999722;50;1;;;;;;3.165209131564101;3.165209131564101;0;0;16881.11536834187;0;165.5686009945205;165.5686009945205;12;12;250;90.9267185664003;3.437580726060816;35.37578098622195;27;0.9;0.71248432;99.37769896654286;5.52779532346414;37.46599558362527;27;0.9;0.71248432;127;0.0742546320781981;712484.32;1;1;1;0.02299559378373408;1;0.07461243976221076;712484.3200000002;0.972972972972973;1;0.02299559378373406;1;0.0742546320781981;712484.32;1;1;1;0.02299559378373408;1;0.07461243976221076;712484.3200000002;0.972972972972973;1;0.02299559378373406;1
2010;1786615825;0;1911.149425287359;3.601921034482759;52.02993781609196;610.034589758621;182.1521854022989;58.5395061030593;585.395061030593;0.1501575307956974;-3.027948505747522;0.06388770114932402;541294.4521564618;5764538.983605784;32;62069;52.79145448739262;5.55572235635005;365.1952854067404;56.71332253553974;64.96104628062336;393.7509712407546;240.1492215362212;66.54626678255688;6.5;91;-1;;50;;;0;288.15;350;154.9783989609854;50;1;;;;;;3.311184263148792;3.311184263148792;0;0;17659.64940346022;0;165.9358409037531;165.9358409037531;12;12;250;90.413503525583;3.201330113263379;35.13953037342451;27;0.9;0.71248432;98.86448392572556;5.472029111216846;37.41022937137798;27;0.9;0.71248432;127;0.07430900564828724;712484.32;1;1;1;0.02299559378373408;1;0.07460828313051318;712484.3200000002;0.9733333333333334;1;0.02299559378373406;1;0.07430900564828724;712484.32;1;1;1;0.02299559378373408;1;0.07460828313051318;712484.3200000002;0.9733333333333334;1;0.02299559378373406;1
2020;1786615835;0;1920.659003831421;3.601290459770115;52.02468754789272;610.2600291969346;182.1926788505746;58.4312171431736;584.312171431736;-0.06553523153762608;-3.306794942528646;-0.08181574712622464;541256.0234005724;5763954.680793188;32;62069;52.68571563713348;6.577792276804446;365.1736838718007;68.88742005827598;57.28545088139148;421.8493634938799;251.6446236454953;58.53748383838672;6.5;91;-1;;50;;;0;288.15;350;162.5556107586215;50;1;;;;;;3.565598090238205;3.565598090238205;0;0;19016.52314793709;0;166.5345561060323;166.5345561060323;12;12;250;89.5603744962144;2.775135538106025;34.71333579826716;27;0.9;0.71248432;98.01135489635694;5.365437438657992;37.30363769881912;27;0.9;0.71248432;127;0.0744027317961716;712484.32;1;1;1;0.02299559378373408;1;0.07460550540977882;712484.3200000002;0.9736842105263158;1;0.02299559378373406;1;0.0744027317961716;712484.32;1;1;1;0.02299559378373408;1;0.07460550540977882;712484.3200000002;0.9736842105263158;1;0.02299559378373406;1
2030;1786615845;0;1930.168582375481;3.600654827586207;52.0194472796935;609.6261459835242;182.1941761685842;58.4212276805859;584.212276805859;-0.4593062922724234;-2.917041724137984;8.220786781626042;541217.2278970492;5763371.488190096;32;62069;52.5704881018973;7.594512743211666;365.1500142293426;75.74138850347334;50.04800664271628;459.5836700712394;259.1987811475797;42.71631483625431;6.5;91;-1;;50;;;0;288.15;350;172.2234627494275;50;1;;;;;;3.913471837495033;3.913471837495033;0;0;20871.84979997351;0;167.2786999215792;167.2786999215792;12;12;250;88.46835693341066;2.168790034542794;34.10699029470392;27;0.9;0.71248432;96.91933733355322;5.19985404216234;37.13805430232347;27;0.9;0.71248432;127;0.07452859989448568;712484.32;1;1;1;0.02299559378373408;1;0.07460448000290826;712484.3200000002;0.974025974025974;1;0.02299559378373406;1;0.07452859989448568;712484.32;1;1;1;0.02299559378373408;1;0.07460448000290826;712484.3200000002;0.974025974025974;1;0.02299559378373406;1
2040;1786615855;0;1939.678160919538;3.597947701149426;52.01446448275864;602.4037184310358;208.8738006896481;58.43710827183726;584.3710827183726;-1.0591859439080966;-2.066887471264658;17.43547494252885;541036.0239401684;5762815.761446346;32;62069;52.4458595833426;8.60548506103259;365.1242931281313;80.03790112652808;43.70727033245643;504.8915039743274;241.109359198072;30.18781543386185;6.5;91;-1;;50;;;0;288.15;350;183.1086244283853;50;1;;;;;;4.341696469112211;4.341696469112211;0;0;23155.71450193179;0;168.0953693967887;168.0953693967887;12;12;250;87.22346282658402;1.396696659749661;33.33489691991079;27;0.9;0.71248432;95.67444322672656;4.963806859182276;36.9020071193434;27;0.9;0.71248432;127;0.0746797305606984;712484.32;1;1;1;0.02299559378373408;1;0.07460547014182656;712484.3200000002;0.9743589743589744;1;0.02299559378373406;1;0.0746797305606984;712484.32;1;1;1;0.02299559378373408;1;0.07460547014182656;712484.3200000002;0.9743589743589744;1;0.02299559378373406;1
2050;1786615865;0;1949.187739463601;3.591701685823755;52.01088118773946;600.3196777532262;237.4907471647498;57.99185560331;579.9185560331;-0.7567168279347626;-1.535420651341005;17.45137781609192;540610.6193478232;5762413.713935312;32;62069;52.31192529754782;9.61031525301563;365.0965389322282;82.9764811121674;38.29642899642227;556.0432302595284;217.2519189635652;30.32574926197197;6.5;91;-1;;50;;;0;288.15;350;194.5128120899437;50;1;;;;;;4.840816847517278;4.840816847517278;0;0;25817.68985342548;0;168.9335792958193;168.9335792958193;12;12;250;85.8861325491483;0.477682166625662;32.41588242678679;27;0.9;0.71248432;94.33711294929086;4.643488581643962;36.58168884180509;27;0.9;0.71248432;127;0.07485035435365986;712484.32;1;1;1;0.02299559378373408;1;0.07460865045626596;712484.3200000002;0.9746835443037974;1;0.02299559378373406;1;0.07485035435365986;712484.32;1;1;1;0.02299559378373408;1;0.07460865045626596;712484.3200000002;0.9746835443037974;1;0.02299559378373406;1
2060;1786615875;0;1958.662835249043;3.583540076628352;52.00948022988506;603.4704506904218;260.9948066283527;57.76253991781422;577.6253991781422;-0.1257614532144202;-2.08826647509588;2.566173065133463;540051.7141987246;5762253.369248342;32;62069;52.16878463584776;10.608639237374302;365.0667710902171;85.12150527090692;33.71973660196521;611.5656307849624;186.1967763370342;35.56593455579101;6.5;91;-1;;50;;;0;288.15;350;205.9035728325226;50;1;;;;;;5.404130063152354;5.404130063152354;0;0;28822.02700347921;0;169.7602695553442;169.7602695553442;12;12;250;84.4961290739883;-0.565287166190612;31.37291309397052;27;0.9;0.71248432;92.94710947413086;4.224844093817445;36.16304435397857;27;0.9;0.71248432;127;0.07503555714660482;712484.32;1;1;1;0.02299559378373408;1;0.07461412361896262;712484.3200000002;0.975;1;0.02299559378373406;1;0.07503555714660482;712484.32;1;1;1;0.02299559378373408;1;0.07461412361896262;712484.3200000002;0.975;1;0.02299559378373406;1
2070;1786615885;0;1968.172413793104;3.575146551724138;52.00893965517242;608.2691388289656;261.7005393103446;59.3057393284497;593.057393284497;0.2139464792884257;-3.215455517241453;0.1567562068967051;539476.0986162402;5762188.654591578;32;60730;47.3356777800665;2.576540259993858;364.3938322378863;188.2774218932198;31.16966306178175;647.5976648346374;288.1576125688486;30.06554805194219;6.5;34;-1;;50;;;0;288.15;350;213.0045256989435;50;1;;;;;;5.796272173800312;5.796272173800312;0;0;30913.45159360166;0;170.2575136241643;170.2575136241643;12;12;250;83.60674289452032;-1.273592050228087;30.66460820993305;27;0.9;0.71248432;92.05772329466288;3.90570704143639;35.84390730159752;27;0.9;0.71248432;127;0.0751557470749641;712484.32;1;1;1;0.02299559378373408;1;0.07462097961207656;712484.3200000002;0.9753086419753086;1;0.02299559378373406;1;0.0751557470749641;712484.32;1;1;1;0.02299559378373408;1;0.07462097961207656;712484.3200000002;0.9753086419753086;1;0.02299559378373406;1
2080;1786615895;0;1977.716475095786;3.566520842911877;52.00843417624522;585.7169762278606;261.8272676628351;61.58479438414374;615.8479438414374;0.356929097379018;-5.82643149425294;0.02589203065174692;538884.502195082;5762127.785672706;32;60730;47.64108344594272;3.389488474703566;364.4619427362077;181.5699839281556;33.40695533967508;614.796741446298;283.0743443489474;32.2453265390644;6.5;34;-1;;50;;;0;288.15;350;206.74479726895;50;1;;;;;;5.448778851417108;5.448778851417108;0;0;29060.15387422457;0;169.8060392824465;169.8060392824465;12;12;250;84.40571055862126;-0.6359266898978594;31.30227357026327;27;0.9;0.71248432;92.8566909587638;4.194296897443116;36.13249715760424;27;0.9;0.71248432;127;0.07504633497164714;712484.32;1;1;1;0.02299559378373408;1;0.0746262965540712;712484.3200000002;0.975609756097561;1;0.02299559378373406;1;0.07504633497164714;712484.32;1;1;1;0.02299559378373408;1;0.0746262965540712;712484.3200000002;0.975609756097561;1;0.02299559378373406;1
2090;1786615905;0;1987.218518518519;3.557570222222222;52.00786907407408;559.3539854846212;261.613654814815;63.2715033897372;632.715033897372;-0.4347306974326405;-5.264952851851746;0.653539777777866;538270.6418625122;5762060.184442422;32;60730;47.94004008274776;4.212335531897329;364.5287181310496;173.8221755422504;35.36145267325727;589.1901125736054;276.2932660181553;34.29892801383658;6.5;34;-1;;50;;;0;288.15;350;201.622138923068;50;1;;;;;;5.18374079025413;5.18374079025413;0;0;27646.61754802203;0;169.4365171462086;169.4365171462086;12;12;250;85.04027075602218;-0.1471422301404687;31.79105803002066;27;0.9;0.71248432;93.49125115616474;4.399920173394192;36.33812043355532;27;0.9;0.71248432;127;0.0749609204517372;712484.32;1;1;1;0.02299559378373408;1;0.07463042771330164;712484.3200000002;0.9759036144578314;1;0.02299559378373406;1;0.0749609204517372;712484.32;1;1;1;0.02299559378373408;1;0.07463042771330164;712484.3200000002;0.9759036144578314;1;0.02299559378373406;1
2100;1786615915;0;1996.735632183908;3.548371724137932;52.00730586206896;515.8285065390828;261.6116711494253;65.67159436009184;656.7159436009184;0.013706183712635218;-6.545601149425174;1.04281781609201;537639.750279075;5761992.740698626;32;60730;48.23240747872144;5.045086492846338;364.5941133070847;165.1225482794473;36.8177722847803;571.761660608272;268.4541364888001;36.2368444975605;6.5;34;-1;;50;;;0;288.15;350;198.0089531768655;50;1;;;;;;5.006074500436096;5.006074500436096;0;0;26699.06400232585;0;169.175708751785;169.175708751785;12;12;250;85.4787454402638;0.1807219899792545;32.11892225014039;27;0.9;0.71248432;93.92972584040634;4.530392810576994;36.46859307073813;27;0.9;0.71248432;127;0.074902785393632;712484.32;1;1;1;0.02299559378373408;1;0.0746337491484276;712484.3200000002;0.9761904761904762;1;0.02299559378373406;1;0.074902785393632;712484.32;1;1;1;0.02299559378373408;1;0.0746337491484276;712484.3200000002;0.9761904761904762;1;0.02299559378373406;1
2110;1786615925;0;2006.210727969346;3.538825057471267;52.00671735632184;464.5183326571014;261.3832463984674;66.84460338021384;668.4460338021382;0.01740323965517175;-6.808477931034502;1.43406927203054;536984.9653466892;5761922.386384168;32;60730;48.51804114122318;5.887723154472488;364.6580833934404;155.7482593660198;37.57235701773035;563.2793810950354;259.8052678473601;37.69919686053958;6.5;34;-1;;50;;;0;288.15;350;196.2034388880522;50;1;;;;;;4.919945564878398;4.919945564878398;0;0;26239.70967935146;0;169.045885225397;169.045885225397;12;12;250;85.69469790220956;0.3390787921417075;32.27727905230284;27;0.9;0.71248432;94.1456783023521;4.5912979133039;36.52949817346503;27;0.9;0.71248432;127;0.07487449155472148;712484.32;1;1;1;0.02299559378373408;1;0.0746366496593468;712484.3200000002;0.976470588235294;1;0.02299559378373406;1;0.07487449155472148;712484.32;1;1;1;0.02299559378373408;1;0.0746366496593468;712484.3200000002;0.976470588235294;1;0.02299559378373406;1
2120;1786615935;0;2015.662962962964;3.529107148148148;52.0061235925926;412.8027911156831;261.3278460740741;67.34649795818074;673.4649795818074;-0.09984914853186736;-6.719414111111064;1.511518370370458;536318.4130412406;5761851.44757618;32;60730;48.79679955450458;6.740223447189276;364.7205853664618;146.1567622649378;37.50343363790188;564.1529191819072;250.3455110262639;38.66620414266838;6.5;34;-1;;50;;;0;288.15;350;196.3664942438591;50;1;;;;;;4.92765405386662;4.92765405386662;0;0;26280.82162062198;0;169.0593449372283;169.0593449372283;12;12;250;85.67352970139002;0.3236493868898228;32.26184964705095;27;0.9;0.71248432;94.12451010153256;4.585423682423402;36.52362394258453;27;0.9;0.71248432;127;0.07487740536413718;712484.32;1;1;1;0.02299559378373408;1;0.07463951579868956;712484.3200000002;0.9767441860465116;1;0.02299559378373406;1;0.07487740536413718;712484.32;1;1;1;0.02299559378373408;1;0.07463951579868956;712484.3200000002;0.9767441860465116;1;0.02299559378373406;1
2130;1786615945;0;2025.160919540228;3.519315862068968;52.0055287356322;360.6337271208371;261.2783740229883;67.3191198981869;673.191198981869;0.2155698731663924;-6.512749425287392;1.762136551724266;535646.8070283782;5761780.440602306;32;60730;49.06854074049254;7.602550867041742;364.7815772571776;136.8698839078667;36.62339711561588;574.3402793249528;240.4543246835273;38.59509090612868;6.5;34;-1;;50;;;0;288.15;350;198.4813432892274;50;1;;;;;;5.02889383521851;5.02889383521851;0;0;26820.76712116539;0;169.2147936439821;169.2147936439821;12;12;250;85.4168412132843;0.1349430325489822;32.07314329271012;27;0.9;0.71248432;93.86782161342686;4.512530711772232;36.45073097193336;27;0.9;0.71248432;127;0.0749113867398229;712484.32;1;1;1;0.02299559378373408;1;0.07464271428034994;712484.3200000002;0.9770114942528736;1;0.02299559378373406;1;0.0749113867398229;712484.32;1;1;1;0.02299559378373408;1;0.07464271428034994;712484.3200000002;0.9770114942528736;1;0.02299559378373406;1
2140;1786615955;0;2034.67049808429;3.509529386973181;52.00492977011494;309.2347810944146;261.2720293103449;67.26162499506112;672.6162499506112;-0.10373404465174286;-6.700400038314138;1.65081229885059;534975.516391954;5761709.069367496;32;60730;49.33311933240286;8.474643208779696;364.8410174644187;128.318588801321;35.07301641546002;593.3587266660484;231.8365427008678;38.17660837261192;6.5;34;-1;;50;;;0;288.15;350;202.3582005292761;50;1;;;;;;5.220842701562422;5.220842701562422;0;0;27844.49440833291;0;169.4977548232146;169.4977548232146;12;12;250;84.94193116770788;-0.2218068356139841;31.71639342454715;27;0.9;0.71248432;93.39291156785044;4.369375644425112;36.30757590458625;27;0.9;0.71248432;127;0.07497482545161696;712484.32;1;1;1;0.02299559378373408;1;0.07464657603815538;712484.3200000002;0.9772727272727272;1;0.02299559378373406;1;0.07497482545161696;712484.32;1;1;1;0.02299559378373408;1;0.07464657603815538;712484.3200000002;0.9772727272727272;1;0.02299559378373406;1
2150;1786615965;0;2044.145593869733;3.499750038314174;52.00433980842912;257.2688035881144;261.2944636015329;67.35472616473838;673.5472616473838;0.2118712450258955;-6.566100038314126;1.739230651340811;534304.689828195;5761638.79317402;32;60730;49.59039337925934;9.356432723228534;364.8988662494822;120.74644832663872;33.06220886398998;620.3949235276638;223.2857718679908;36.85701827298626;6.5;34;-1;;50;;;0;288.15;350;207.6815613136472;50;1;;;;;;5.499044724663458;5.499044724663458;0;0;29328.23853153844;0;169.8847728523937;169.8847728523937;12;12;250;84.2767111154277;-0.7372603022556948;31.20093995790544;27;0.9;0.71248432;92.72769151557026;4.149983319923461;36.08818358008459;27;0.9;0.71248432;127;0.0750650084970544;712484.32;1;1;1;0.02299559378373408;1;0.07465138560664846;712484.3200000002;0.9775280898876404;1;0.02299559378373406;1;0.0750650084970544;712484.32;1;1;1;0.02299559378373408;1;0.07465138560664846;712484.3200000002;0.9775280898876404;1;0.02299559378373406;1
2160;1786615975;0;2053.655172413795;3.489958620689653;52.00374068965518;205.936753948263;261.2830355172413;67.47624866061734;674.7624866061734;-0.11641991255095518;-6.90798137931017;1.574126551724449;533633.0237704948;5761567.583188996;32;60730;49.8402211922695;10.247835252123246;364.9550849926827;114.21309086263344;30.80177467670561;654.453017650141;216.5702706042364;35.58130740219422;6.5;34;-1;;50;;;0;288.15;350;214.0749354382631;50;1;;;;;;5.858580086716272;5.858580086716272;0;0;31245.76046248678;0;170.3489776339811;170.3489776339811;12;12;250;83.45297097178756;-1.398967068458394;30.53923319170274;27;0.9;0.71248432;91.9039513719301;3.846229985485228;35.78443024564636;27;0.9;0.71248432;127;0.07517861407055578;712484.32;1;1;1;0.02299559378373408;1;0.07465737683919286;712484.3200000002;0.9777777777777778;1;0.02299559378373406;1;0.07517861407055578;712484.32;1;1;1;0.02299559378373408;1;0.07465737683919286;712484.3200000002;0.9777777777777778;1;0.02299559378373406;1
2170;1786615985;0;2063.199233716477;3.480148773946359;52.00314605363986;154.5099874218303;261.3670407662836;66.1806324071147;661.8063240711468;0.1981535424793423;-6.79941555555336;1.397492183908172;532960.0711781822;5761496.95378027;32;60404;53.14888236662254;2.484956601797766;365.490724942265;332.5108488958418;66.89180099880074;388.5501577340063;55.91541239004968;65.0813626640185;6.5;17;-1;;50;;;0;288.15;350;153.4523875518236;50;1;;;;;;3.261701495393291;3.261701495393291;0;0;17395.74130876422;0;165.8203499348435;165.8203499348435;12;12;250;90.57847726224808;3.278917026416826;35.21711728657795;27;0.9;0.71248432;99.02945766239062;5.490599240987232;37.42879950114836;27;0.9;0.71248432;127;0.07429165760177052;712484.32;1;1;1;0.02299559378373408;1;0.074653267634278;712484.3200000002;0.978021978021978;1;0.02299559378373406;1;0.07429165760177052;712484.32;1;1;1;0.02299559378373408;1;0.074653267634278;712484.3200000002;0.978021978021978;1;0.02299559378373406;1
2180;1786615995;0;2072.708812260539;3.470528275862067;52.00255747126438;126.37626278160296;261.5812351340997;64.4834596218276;644.834596218276;-0.0080364984713545;-4.657330536398352;1.193309655172109;532300.09418213;5761427.173183694;32;60404;53.20124355483314;3.528559378033566;365.5007283005416;1.665127389505228;68.47079339337206;384.4558415056101;88.08317917875168;70.00164732488142;6.5;17;-1;;50;;;0;288.15;350;152.3094672023419;50;1;;;;;;3.22500671037133;3.22500671037133;0;0;17200.03578864709;0;165.7283374239319;165.7283374239319;12;12;250;90.70718455818166;3.338364949313424;35.27656520947456;27;0.9;0.71248432;99.15816495832422;5.504657793223758;37.44285805338488;27;0.9;0.71248432;127;0.07427800043288872;712484.32;1;1;1;0.02299559378373408;1;0.07464909799870702;712484.3200000002;0.9782608695652174;1;0.02299559378373406;1;0.07427800043288872;712484.32;1;1;1;0.02299559378373408;1;0.07464909799870702;712484.3200000002;0.9782608695652174;1;0.02299559378373406;1
2190;1786616005;0;2082.2183908046;3.461153793103448;52.00198908045978;100.48034093309978;261.5252796551728;63.67193073152536;636.7193073152536;-0.11514179535487964;-4.821035747126566;1.232829540229698;531656.9736393638;5761359.83238663;32;60404;53.24370913270684;4.574553426250798;365.5085997053912;28.17584478951218;65.01234255103222;393.9368805783304;118.8977909180695;68.67116441274942;6.5;17;-1;;50;;;0;288.15;350;154.935987024552;50;1;;;;;;3.30980136038329;3.30980136038329;0;0;17652.27392204421;0;165.9399409746508;165.9399409746508;12;12;250;90.41078635745084;3.200039160070256;35.13823942023139;27;0.9;0.71248432;98.86176675759338;5.471717988767708;37.40991824892883;27;0.9;0.71248432;127;0.07430962577508702;712484.32;1;1;1;0.02299559378373408;1;0.0746453675347112;712484.3200000002;0.978494623655914;1;0.02299559378373406;1;0.07430962577508702;712484.32;1;1;1;0.02299559378373408;1;0.0746453675347112;712484.3200000002;0.978494623655914;1;0.02299559378373406;1
2200;1786616015;0;2091.693486590038;3.451897318007664;52.0014283908046;75.13852328712828;261.7461647892719;63.46919184082792;634.6919184082792;-0.00025791630651341;-5.19187716475092;0.8605216091954614;531021.9322172416;5761293.481395138;32;60404;53.27624467966956;5.622448898944692;365.514333163108;45.14461628548066;58.74337813567346;416.0596280085442;138.7481773818078;63.32726489006606;6.5;17;-1;;50;;;0;288.15;350;160.9192551494504;50;1;;;;;;3.509379776534135;3.509379776534135;0;0;18716.69214151539;0;166.4145196716845;166.4145196716845;12;12;250;89.73662924426632;2.866618480106416;34.80481874026754;27;0.9;0.71248432;98.18760964440886;5.388981578582816;37.32718183874395;27;0.9;0.71248432;127;0.07438341931738558;712484.32;1;1;1;0.02299559378373408;1;0.07464252027147938;712484.3200000002;0.9787234042553192;1;0.02299559378373406;1;0.07438341931738558;712484.32;1;1;1;0.02299559378373408;1;0.07464252027147938;712484.3200000002;0.9787234042553192;1;0.02299559378373406;1
2210;1786616025;0;2101.162962962963;3.442671925925926;52.00086022222222;49.21221100277038;261.6261831111111;62.9013062405636;629.013062405636;-0.03616252039999894;-5.155450296296298;0.974095925925926;530389.013544451;5761226.392494938;32;60404;53.29882360774826;6.67174974574093;365.5179240971966;55.25905661773936;51.9309658077696;448.9563516673061;151.6057305658096;56.95804041659254;6.5;17;-1;;50;;;0;288.15;350;169.4459351455457;50;1;;;;;;3.810644563271751;3.810644563271751;0;0;20323.43767078267;0;167.0754905463552;167.0754905463552;12;12;250;88.77439358285794;2.345537078522918;34.28373733868405;27;0.9;0.71248432;97.22537398300048;5.249863391821824;37.18806365198295;27;0.9;0.71248432;127;0.07449315097600776;712484.32;1;1;1;0.02299559378373408;1;0.07464091415002272;712484.3200000002;0.9789473684210526;1;0.02299559378373406;1;0.07449315097600776;712484.32;1;1;1;0.02299559378373408;1;0.07464091415002272;712484.3200000002;0.9789473684210526;1;0.02299559378373406;1
2220;1786616035;0;2110.643678160918;3.433528505747128;52.00030137931034;35.47053489264457;261.7823819540229;61.07009717171698;610.7009717171696;-0.186820572781212;-3.598231149425417;0.7215962068966414;529761.699811426;5761160.454547804;32;60404;53.3114271760649;7.721942629857658;365.5193693462288;61.611255679825;45.59769183112966;490.4563159091992;159.4172444934693;49.22290093240354;6.5;17;-1;;50;;;0;288.15;350;179.6016094640907;50;1;;;;;;4.199066588572405;4.199066588572405;0;0;22395.02180571949;0;167.8434147745274;167.8434147745274;12;12;250;87.6180473293851;1.650472674232353;33.58867293439348;27;0.9;0.71248432;96.06902772952764;5.044617923394196;36.98281818355533;27;0.9;0.71248432;127;0.0746315799562388;712484.32;1;1;1;0.02299559378373408;1;0.07464081485008884;712484.3200000002;0.9791666666666666;1;0.02299559378373406;1;0.0746315799562388;712484.32;1;1;1;0.02299559378373408;1;0.07464081485008884;712484.3200000002;0.9791666666666666;1;0.02299559378373406;1
2230;1786616045;0;2120.11877394636;3.424650727969348;51.99976287356322;32.36113016559389;262.1213851724138;59.6566453906529;596.566453906529;0.2686721854635468;-3.455690459770129;0.2519937164750824;529152.5935727372;5761096.964164878;32;60404;53.31404511105706;8.772523914252698;365.5186672522987;65.87977674384798;40.04946520249935;538.5584224841108;162.8187272206013;43.42997428154056;6.5;17;-1;;50;;;0;288.15;350;190.5853643983318;50;1;;;;;;4.662376205185884;4.662376205185884;0;0;24866.00642765805;0;168.6560645865546;168.6560645865546;12;12;250;86.34208790074436;0.8008878784578466;32.73908813861898;27;0.9;0.71248432;94.79306830088692;4.761187704355824;36.69938796451695;27;0.9;0.71248432;127;0.07479203131280664;712484.32;1;1;1;0.02299559378373408;1;0.07464240660232798;712484.3200000002;0.979381443298969;1;0.02299559378373406;1;0.07479203131280664;712484.32;1;1;1;0.02299559378373408;1;0.07464240660232798;712484.3200000002;0.979381443298969;1;0.02299559378373406;1
2240;1786616055;0;2129.593869731801;3.415979578544061;51.99923030651342;31.63062536027587;262.0572762452108;58.9728364085716;589.728364085716;0.05058868320912108;-3.618777203065166;0.07658954022987166;528557.654033341;5761034.28991176;32;60404;53.30667519533056;9.822988680932796;365.5158175797669;68.9189621169277;35.2947051406886;591.6462347237364;166.2325121827757;38.83175967261261;6.5;17;-1;;50;;;0;288.15;350;201.7918654224279;50;1;;;;;;5.19226794776117;5.19226794776117;0;0;27692.09572139291;0;169.4726502424637;169.4726502424637;12;12;250;84.99561050226006;-0.1810001930406076;31.75720006712052;27;0.9;0.71248432;93.44659090240262;4.386107675806844;36.32430793596798;27;0.9;0.71248432;127;0.07496911319336426;712484.32;1;1;1;0.02299559378373408;1;0.07464580979598462;712484.3200000002;0.9795918367346938;1;0.02299559378373406;1;0.07496911319336426;712484.32;1;1;1;0.02299559378373408;1;0.07464580979598462;712484.3200000002;0.9795918367346938;1;0.02299559378373406;1
2250;1786616065;0;2139.103448275866;3.40740793103448;51.99870379310346;30.97889926379229;261.9356227586203;58.55576564587192;585.5576564587192;0.2732399699761314;-3.52712034482729;0.2733075862072407;527969.5274649566;5760972.397793496;32;60404;53.28932354615786;10.872819732640708;365.5108215887367;71.18491866611772;31.24050402183402;648.4914506473094;168.7153871211605;34.75386998094776;6.5;17;-1;;50;;;0;288.15;350;212.7997450246579;50;1;;;;;;5.78445321094218;5.78445321094218;0;0;30850.41712502496;0;170.2694932420267;170.2694932420267;12;12;250;83.60658223951604;-1.273722607863911;30.66447765229722;27;0.9;0.71248432;92.05756263965858;3.905645575061438;35.84384583522257;27;0.9;0.71248432;127;0.07515872842352314;712484.32;1;1;1;0.02299559378373408;1;0.07465109761688706;712484.3200000002;0.9797979797979798;1;0.02299559378373406;1;0.07515872842352314;712484.32;1;1;1;0.02299559378373408;1;0.07465109761688706;712484.3200000002;0.9797979797979798;1;0.02299559378373406;1
2260;1786616075;0;2148.613026819923;3.39889827586207;51.9981732183908;30.87203009260499;262.2179237164749;58.34369276926608;583.4369276926608;-0.05301222430999742;-3.165416475095667;0.1963691570883327;527385.6453482822;5760910.146926616;32;61247;50.3160595046734;4.013143100104565;364.9162172785828;166.8292422915536;60.27442182984124;409.3320831105522;270.2207923077458;60.21946327170792;6.5;52;-1;;50;;;0;288.15;350;159.3039224067761;50;1;;;;;;3.454588452982115;3.454588452982115;0;0;18424.47174923795;0;166.2729238552777;166.2729238552777;12;12;250;89.93301638422514;2.966446268759827;34.90464652892096;27;0.9;0.71248432;98.3839967843677;5.414255403391046;37.35245566355218;27;0.9;0.71248432;127;0.07436097864311754;712484.32;1;1;1;0.02299559378373408;1;0.07464813721919554;712484.32;0.98;1;0.02299559378373406;1;0.07436097864311754;712484.32;1;1;1;0.02299559378373408;1;0.07464813721919554;712484.32;0.98;1;0.02299559378373406;1
2270;1786616085;0;2158.122605363982;3.390419655172417;51.9976438697318;30.89557797152492;262.0042865900382;58.48401450403624;584.8401450403624;-0.2560470777224187;-3.51189030651344;0.2087065900383341;526803.8791968702;5760848.112109504;32;61247;50.08147483798022;4.92342136169216;364.8629670283636;152.6388919875919;54.4985711599046;434.5260349451107;255.7726504553358;55.30698793965932;6.5;52;-1;;50;;;0;288.15;350;165.9628826844295;50;1;;;;;;3.685046284549459;3.685046284549459;0;0;19653.58018426378;0;166.7917241955497;166.7917241955497;12;12;250;89.1837582123857;2.573684002006195;34.51188426216732;27;0.9;0.71248432;97.63473861252826;5.312281263321198;37.25048152348233;27;0.9;0.71248432;127;0.07444501662059914;712484.32;1;1;1;0.02299559378373408;1;0.0746460854959774;712484.32;0.9801980198019802;1;0.02299559378373406;1;0.07444501662059914;712484.32;1;1;1;0.02299559378373408;1;0.0746460854959774;712484.32;0.9801980198019802;1;0.02299559378373406;1
2280;1786616095;0;2167.644444444444;3.38192;51.99711777777778;30.91028785133333;262.0295353333333;58.4302528943983;584.302528943983;0.10804921136421098;-3.523411777777778;0.1319646666666662;526220.6531600948;5760786.4998;32;61247;49.8391608744842;5.824311654208488;364.808042114054;143.4687431655472;48.3912897093437;469.7101884155434;245.0395057021735;49.86413688653492;6.5;52;-1;;50;;;0;288.15;350;174.8322147662655;50;1;;;;;;4.01231969582613;4.01231969582613;0;0;21399.03837773936;0;167.468007752916;167.468007752916;12;12;250;88.18020124374272;1.99758768316982;33.93578794333095;27;0.9;0.71248432;96.63118164388528;5.150010173077632;37.08821043323876;27;0.9;0.71248432;127;0.07456237832377592;712484.32;1;1;1;0.02299559378373408;1;0.07464524842425538;712484.3199999998;0.980392156862745;1;0.02299559378373406;1;0.07456237832377592;712484.32;1;1;1;0.02299559378373408;1;0.07464524842425538;712484.3199999998;0.980392156862745;1;0.02299559378373406;1
2290;1786616105;0;2177.170370370368;3.373428370370373;51.99659148148148;30.90148558925927;262.0426069629629;58.38935574942644;583.8935574942644;0.05874584569048676;-3.527868962962963;0.1451151111111577;525637.964374757;5760724.935853818;32;61247;49.58925781102202;6.715695116746804;364.7514788777817;137.3513428996052;42.70725249793503;512.8282403813892;238.1408980480012;44.52412188307226;6.5;52;-1;;50;;;0;288.15;350;185.0598857708449;50;1;;;;;;4.423130264973448;4.423130264973448;0;0;23590.02807985839;0;168.2308468000442;168.2308468000442;12;12;250;87.00655162746722;1.253719198533913;33.19191945869504;27;0.9;0.71248432;95.45753202760978;4.916849994836282;36.85505025499741;27;0.9;0.71248432;127;0.07470620466368286;712484.32;1;1;1;0.02299559378373408;1;0.07464585195137842;712484.3199999998;0.9805825242718446;1;0.02299559378373406;1;0.07470620466368286;712484.32;1;1;1;0.02299559378373408;1;0.07464585195137842;712484.3199999998;0.9805825242718446;1;0.02299559378373406;1
2300;1786616115;0;2186.685823754787;3.364942758620692;51.99606570881226;31.33998536183888;262.1857003448276;58.46959197300804;584.6959197300804;0.1308092022870892;-3.795472337164355;-0.08534099616835624;525055.6746720318;5760663.500273958;32;61247;49.33190665968682;7.59747045924849;364.693314817323;133.0731876351549;37.68924220863731;562.0527951046042;233.1232332948757;40.09731221358831;6.5;52;-1;;50;;;0;288.15;350;195.9277670223125;50;1;;;;;;4.906944137561328;4.906944137561328;0;0;26170.36873366041;0;169.0269503811101;169.0269503811101;12;12;250;85.72663417381344;0.3623183539855079;32.30051861414664;27;0.9;0.71248432;94.177614573956;4.600121221281206;36.53832148144234;27;0.9;0.71248432;127;0.07487040010426068;712484.32;1;1;1;0.02299559378373408;1;0.07464805340385766;712484.3199999998;0.9807692307692308;1;0.02299559378373406;1;0.07487040010426068;712484.32;1;1;1;0.02299559378373408;1;0.07464805340385766;712484.3199999998;0.9807692307692308;1;0.02299559378373406;1
2310;1786616125;0;2196.160919540231;3.356446781609195;51.99553195402298;30.88557507806895;262.0121649425288;58.49747851717086;584.9747851717086;-0.2340626473094575;-3.544243908045982;0.1850164367815857;524472.6638978496;5760601.241011496;32;61247;49.06725220477454;8.469542932523166;364.633589297544;129.9476306121882;33.34999609577943;615.9160387868082;230.0969094158603;35.52987132500381;6.5;52;-1;;50;;;0;288.15;350;206.8988769527487;50;1;;;;;;5.457006748628246;5.457006748628246;0;0;29104.03599268398;0;169.8218384128505;169.8218384128505;12;12;250;84.38168353100616;-0.6547517617717322;31.2834484983894;27;0.9;0.71248432;92.83266393114872;4.186108610060077;36.12430887022121;27;0.9;0.71248432;127;0.0750500685456936;712484.32;1;1;1;0.02299559378373408;1;0.07465195646348714;712484.3199999996;0.980952380952381;1;0.02299559378373406;1;0.0750500685456936;712484.32;1;1;1;0.02299559378373408;1;0.07465195646348714;712484.3199999996;0.980952380952381;1;0.02299559378373406;1
2320;1786616135;0;2205.670498084293;3.347946551724137;51.99499977011494;30.88163832199234;262.0220578927203;58.45457055318394;584.5457055318394;-0.2325840477245659;-3.525952030651337;0.1567770114942232;523889.3462746546;5760539.22419908;32;62224;50.92170465345936;359.6543517256651;364.7948961985976;246.5042828331943;49.62154849776928;461.7780329089478;345.5533343262937;46.17326582530946;6.5;98;-1;;50;;;0;288.15;350;172.8799192147826;50;1;;;;;;3.938134498142623;3.938134498142623;0;0;21003.38399009399;0;167.3200735306851;167.3200735306851;12;12;250;88.40232066365718;2.129963460254869;34.068163720416;27;0.9;0.71248432;96.85330106379974;5.1886720035434;37.12687226370453;27;0.9;0.71248432;127;0.07453591950103064;712484.32;1;1;1;0.02299559378373408;1;0.07465084072346352;712484.3199999996;0.9811320754716982;1;0.02299559378373406;1;0.07453591950103064;712484.32;1;1;1;0.02299559378373408;1;0.07465084072346352;712484.3199999996;0.9811320754716982;1;0.02299559378373406;1
2330;1786616145;0;2215.14559386973;3.339451877394637;51.99447272030652;31.37867079245214;262.1442760536399;57.75883127430384;577.5883127430384;-0.1927347849388481;-3.837113563218248;-0.1452029118774692;523306.393474381;5760477.847376944;32;62224;51.12590700008906;0.5985917385495184;364.8398901154606;244.1258481707551;57.5705763780608;420.2195116918905;344.0134205394321;53.94089071991364;6.5;98;-1;;50;;;0;288.15;350;162.2278932980197;50;1;;;;;;3.554280664335609;3.554280664335609;0;0;18956.16354312325;0;166.500932418056;166.500932418056;12;12;250;89.6053156100933;2.798631275766489;34.73683153592762;27;0.9;0.71248432;98.05629601023586;5.37151950348728;37.30971976364841;27;0.9;0.71248432;127;0.07439729519575522;712484.32;1;1;1;0.02299559378373408;1;0.074648426004152;712484.3199999996;0.9813084112149532;1;0.02299559378373406;1;0.07439729519575522;712484.32;1;1;1;0.02299559378373408;1;0.074648426004152;712484.3199999996;0.9813084112149532;1;0.02299559378373406;1
2340;1786616155;0;2224.633333333332;3.331059000000002;51.99394833333334;43.78991485966207;261.9937756666667;54.64333566259974;546.4333566259974;-0.12309610520064808;-1.147863333332808;0.10247433333318218;522730.414816484;5760416.867089244;32;62224;51.32172751423668;1.551369555330826;364.8830517444085;239.4263795938419;66.88337651180894;387.9207527111658;338.3236957288766;65.7810354928978;6.5;98;-1;;50;;;0;288.15;350;153.4587358964452;50;1;;;;;;3.261906184694065;3.261906184694065;0;0;17396.83298503502;0;165.8062684188721;165.8062684188721;12;12;250;90.59235408891876;3.285372129877956;35.22357239003908;27;0.9;0.71248432;99.04333448906132;5.492132894854692;37.43033315501583;27;0.9;0.71248432;127;0.07428955813260094;712484.32;1;1;1;0.02299559378373408;1;0.07464504045819398;712484.3199999996;0.9814814814814816;1;0.02299559378373406;1;0.07428955813260094;712484.32;1;1;1;0.02299559378373408;1;0.07464504045819398;712484.3199999996;0.9814814814814816;1;0.02299559378373406;1
2350;1786616165;0;2234.130268199235;3.323117088122604;51.99346348659004;80.64063282031492;262.5076694636016;50.32617664414458;503.2617664414458;0.02089570878923562;1.397363026819164;-0.8173829118771454;522185.3664956648;5760360.488390044;32;62224;51.50903751766722;2.512456084279471;364.924352096501;226.4015047364894;77.07706859902646;367.3367821234674;323.0679343326124;78.68645516297478;6.5;98;-1;;50;;;0;288.15;350;147.6313011355167;50;1;;;;;;3.077959275619629;3.077959275619629;0;0;16415.78280330469;0;165.3326964877685;165.3326964877685;12;12;250;91.24987292909676;3.57864361335852;35.51684387351965;27;0.9;0.71248432;99.70085332923932;5.559999436750328;37.49819969691146;27;0.9;0.71248432;127;0.07422089739735424;712484.32;1;1;1;0.02299559378373408;1;0.07464107650435436;712484.3199999994;0.981651376146789;1;0.02299559378373406;1;0.07422089739735424;712484.32;1;1;1;0.02299559378373408;1;0.07464107650435436;712484.3199999994;0.981651376146789;1;0.02299559378373406;1
2360;1786616175;0;2243.651851851854;3.315807629629628;51.99298740740742;131.7575470222337;263.0165206666666;47.63992475799862;476.3992475799862;0.0092476653036454;0.9524009629631046;-1.309482444444411;521683.7269446282;5760305.332944716;32;62224;51.68771136967068;3.481602471859954;364.963763454155;161.3432698377445;83.96655766344046;360.4624384208754;244.7557583721977;84.91367386771676;6.5;98;-1;;50;;;0;288.15;350;145.6355157602012;50;1;;;;;;3.016710419051936;3.016710419051936;0;0;16089.12223494366;0;165.1686084678315;165.1686084678315;12;12;250;91.47520980560148;3.673521825440827;35.61172208560196;27;0.9;0.71248432;99.92619020574404;5.581208857111958;37.51940911727309;27;0.9;0.71248432;127;0.07419796705498188;712484.32;1;1;1;0.02299559378373408;1;0.07463697363908238;712484.3199999994;0.9818181818181818;1;0.02299559378373406;1;0.07419796705498188;712484.32;1;1;1;0.02299559378373408;1;0.07463697363908238;712484.3199999994;0.9818181818181818;1;0.02299559378373406;1
2370;1786616185;0;2253.183908045979;3.308889425287356;51.9925308045977;182.4077150862155;262.9947158620691;46.11882451202198;461.1882451202198;0.3523216463090513;1.254040114942719;-1.207597816091889;521208.9316691504;5760252.508188832;32;62224;51.857624824211;4.458528252075278;365.0012589440339;100.29535236523962;76.6321591260832;368.045635068214;190.9698469015921;75.7051759864114;6.5;98;-1;;50;;;0;288.15;350;147.8119538207905;50;1;;;;;;3.083546214623939;3.083546214623939;0;0;16445.57981132767;0;165.3494415722597;165.3494415722597;12;12;250;91.22754090560128;3.569085234809752;35.50728549497088;27;0.9;0.71248432;99.67852130574382;5.557842725840852;37.49604298600198;27;0.9;0.71248432;127;0.07422326187626566;712484.32;1;1;1;0.02299559378373408;1;0.07463317811832262;712484.3199999994;0.981981981981982;1;0.02299559378373406;1;0.07422326187626566;712484.32;1;1;1;0.02299559378373408;1;0.07463317811832262;712484.3199999994;0.981981981981982;1;0.02299559378373406;1
2380;1786616195;0;2262.693486590042;3.302194559386971;51.9920753256705;234.2257885287531;263.5170813793102;45.35400103415458;453.5400103415458;0.1340636730999105;0.48255463601457;-1.898704827586483;520749.461094319;5760199.91717452;32;62224;52.01865970601312;5.442944840783758;365.0368135028339;88.00368117337138;66.4666660430703;389.2306108990872;180.0030244421329;66.05632012745374;6.5;98;-1;;50;;;0;288.15;350;153.7761112645141;50;1;;;;;;3.272151616591477;3.272151616591477;0;0;17451.47528848787;0;165.8355479002395;165.8355479002395;12;12;250;90.5528291756539;3.266957227861566;35.20515748802269;27;0.9;0.71248432;99.00380957579646;5.487753142918476;37.42595340307961;27;0.9;0.71248432;127;0.07429392734921386;712484.32;1;1;1;0.02299559378373408;1;0.07463009402042162;712484.3199999994;0.982142857142857;1;0.02299559378373406;1;0.07429392734921386;712484.32;1;1;1;0.02299559378373408;1;0.07463009402042162;712484.3199999994;0.982142857142857;1;0.02299559378373406;1
2390;1786616205;0;2272.168582375478;3.295613678160921;51.99161157088124;284.6516846858177;263.3823670881226;44.90735354215421;449.0735354215421;-0.0001835640229885093;0.8441940613026608;-1.656327969348633;520297.8114063756;5760146.47988222;32;62224;52.17070195590042;6.43454417684455;365.0704033798729;83.47158679047;57.23148313029076;421.9676052523648;177.5973543273804;56.35381729431958;6.5;98;-1;;50;;;0;288.15;350;162.6180666095761;50;1;;;;;;3.567758296440977;3.567758296440977;0;0;19028.04424768521;0;166.536990365853;166.536990365853;12;12;250;89.5557800301909;2.77272696148662;34.71092722164775;27;0.9;0.71248432;98.00676043033346;5.364812579977524;37.30301284013865;27;0.9;0.71248432;127;0.07440312620822344;712484.32;1;1;1;0.02299559378373408;1;0.07462804926535676;712484.3199999992;0.9823008849557522;1;0.02299559378373406;1;0.07440312620822344;712484.32;1;1;1;0.02299559378373408;1;0.07462804926535676;712484.3199999992;0.9823008849557522;1;0.02299559378373406;1
2400;1786616215;0;2281.67816091954;3.289098850574713;51.99114609195402;335.5570435931006;263.4015928735633;44.3406079479403;443.406079479403;-0.3005569924940156;0.8616664367816092;-1.68391011494252;519850.688575076;5760092.909773972;32;62224;52.31364031725184;7.432986930931762;365.102005779585;81.15510884610554;49.36111763099792;463.8115798391674;176.1890115049637;48.4158489376123;6.5;98;-1;;50;;;0;288.15;350;173.2858981345987;50;1;;;;;;3.953457262063546;3.953457262063546;0;0;21085.10539767224;0;167.358239889482;167.358239889482;12;12;250;88.3488315409393;2.098335977281204;34.03653623744234;27;0.9;0.71248432;96.79981194108186;5.179510608121198;37.11771086828233;27;0.9;0.71248432;127;0.07454270268344886;712484.32;1;1;1;0.02299559378373408;1;0.07462728724230402;712484.3199999992;0.9824561403508772;1;0.02299559378373406;1;0.07454270268344886;712484.32;1;1;1;0.02299559378373408;1;0.07462728724230402;712484.3199999992;0.9824561403508772;1;0.02299559378373406;1
2410;1786616225;0;2291.153256704981;3.282665785440613;51.99068927203066;386.2167793107288;263.1512505747126;44.30250072928528;443.0250072928528;0.7982668630846574;0.524897931034506;-9.676058237548524;519409.1668764492;5760040.36464376;32;62224;52.44737088308592;8.43793092618408;365.1315997995316;79.75941170597842;42.80512404764679;512.5297553908786;167.3274544683048;40.85857305358167;6.5;98;-1;;50;;;0;288.15;350;184.8659070525872;50;1;;;;;;4.414966074989841;4.414966074989841;0;0;23546.48573327915;0;168.2257898194187;168.2257898194187;12;12;250;87.01977279807634;1.26250345330432;33.20070371346545;27;0.9;0.71248432;95.47075319821888;4.919764914311762;36.85796517447289;27;0.9;0.71248432;127;0.07470520902492496;712484.32;1;1;1;0.02299559378373408;1;0.07462797681560154;712484.319999999;0.982608695652174;1;0.02299559378373406;1;0.07470520902492496;712484.32;1;1;1;0.02299559378373408;1;0.07462797681560154;712484.319999999;0.982608695652174;1;0.02299559378373406;1
2420;1786616235;0;2300.662835249044;3.276615555555555;51.98927754789272;433.8637808425348;238.3676457088087;44.31512877877179;443.1512877877179;0.986383122744402;1.0045058237549302;-13.550431992337192;518994.3275353936;5759881.752017916;32;62224;52.57179284758892;9.448999549446402;365.1591654248914;78.8175815611803;37.37142426176591;566.343460590045;188.8508395934631;39.73717448726414;6.5;98;-1;;50;;;0;288.15;350;196.679834591693;50;1;;;;;;4.9425058290891;4.9425058290891;0;0;26360.0310884752;0;169.0930059468023;169.0930059468023;12;12;250;85.62501691659348;0.2882118930949301;32.22641215325606;27;0.9;0.71248432;94.07599731673602;4.571883071388504;36.51008333154963;27;0.9;0.71248432;127;0.07488471222376518;712484.32;1;1;1;0.02299559378373408;1;0.07463022888058544;712484.319999999;0.9827586206896552;1;0.02299559378373406;1;0.07488471222376518;712484.32;1;1;1;0.02299559378373408;1;0.07463022888058544;712484.319999999;0.9827586206896552;1;0.02299559378373406;1
2430;1786616245;0;2310.2;3.272162;51.986386;482.061558839998;212.5663020000009;44.45417887208953;444.5417887208953;1.125860369670727;1.065517999999966;-13.610168000000068;518689.7199595374;5759558.993100366;32;62224;52.68681270607074;10.46581064537501;365.1846843926142;78.13009249562914;32.85215150951313;623.8727828927806;216.2205123489935;40.89781204887563;6.5;98;-1;;50;;;0;288.15;350;208.2572783733513;50;1;;;;;;5.53022831249785;5.53022831249785;0;0;29494.55099998853;0;169.9333289326251;169.9333289326251;12;12;250;84.196971447362;-0.8002194173664888;31.13798084279464;27;0.9;0.71248432;92.64795184750454;4.122157711255459;36.06035797141659;27;0.9;0.71248432;127;0.07507660938717792;712484.32;1;1;1;0.02299559378373408;1;0.07463411045020798;712484.319999999;0.9829059829059828;1;0.02299559378373406;1;0.07507660938717792;712484.32;1;1;1;0.02299559378373408;1;0.07463411045020798;712484.319999999;0.9829059829059828;1;0.02299559378373406;1
2440;1786616255;0;2319.716475095787;3.270179846743295;51.98257908045978;529.9983923874712;186.9188536015292;44.25658214208693;442.5658214208693;1.0235229569969538;1.082574865900687;-13.654270804597632;518555.1761977012;5759135.071435442;32;62067;52.72916553415042;4.435021476530662;365.3239839765493;43.22680417316125;71.25179557313848;377.8896874047461;171.4922157878318;73.5411325310769;6.5;89;-1;;50;;;0;288.15;350;150.5177594458118;50;1;;;;;;3.168098674063839;3.168098674063839;0;0;16896.52626167381;0;165.5787089468113;165.5787089468113;12;12;250;90.91372107160976;3.431783156037836;35.36998341619897;27;0.9;0.71248432;99.36470147175232;5.526454436134244;37.46465469629537;27;0.9;0.71248432;127;0.07425609810037284;712484.32;1;1;1;0.02299559378373408;1;0.07463085172305424;712484.319999999;0.9830508474576272;1;0.02299559378373406;1;0.07425609810037284;712484.32;1;1;1;0.02299559378373408;1;0.07463085172305424;712484.319999999;0.9830508474576272;1;0.02299559378373406;1
2450;1786616265;0;2329.185185185184;3.271058148148148;51.97863592592594;577.6712490296218;160.9553929629672;46.14390302325758;461.4390302325758;0.9588281072329006;0.2051737037050861;-13.63248185185196;518617.1298851852;5758696.729652654;32;62067;52.61769318000322;5.453876835182388;365.2970175407954;63.61060642023628;63.93817984445726;397.0210722009478;252.4515828495973;77.22611881740342;6.5;89;-1;;50;;;0;288.15;350;155.8458315935176;50;1;;;;;;3.339565199547834;3.339565199547834;0;0;17811.01439758845;0;166.0076793006537;166.0076793006537;12;12;250;90.31328419228342;3.153434274100346;35.09163453426148;27;0.9;0.71248432;98.76426459242598;5.46043901594974;37.39863927611087;27;0.9;0.71248432;127;0.07431991353096718;712484.32;1;1;1;0.02299559378373408;1;0.07462819413166888;712484.3199999988;0.9831932773109244;1;0.02299559378373406;1;0.07431991353096718;712484.32;1;1;1;0.02299559378373408;1;0.07462819413166888;712484.3199999988;0.9831932773109244;1;0.02299559378373406;1
2460;1786616275;0;2338.666666666668;3.274713333333335;51.97515;599.560525000001;136.4056799999967;50.67410172500592;506.7410172500592;0.8824420471755466;-3.127623333333099;-14.513483333333518;518869.6435507394;5758309.959612596;32;62067;52.49678515618512;6.467139261502422;365.2679745751839;73.83666213881302;56.07889383205706;427.4057031312386;316.5270953194218;66.07272452558126;6.5;89;-1;;50;;;0;288.15;350;163.9847412581654;50;1;;;;;;3.615299494676003;3.615299494676003;0;0;19281.59730493868;0;166.6482144012173;166.6482144012173;12;12;250;89.39701479659162;2.688752531173834;34.62695279133497;27;0.9;0.71248432;97.84799519673416;5.342866079040532;37.28106633920166;27;0.9;0.71248432;127;0.0744212657502091;712484.32;1;1;1;0.02299559378373408;1;0.0746264405013175;712484.3199999988;0.9833333333333332;1;0.02299559378373406;1;0.0744212657502091;712484.32;1;1;1;0.02299559378373408;1;0.0746264405013175;712484.3199999988;0.9833333333333332;1;0.02299559378373406;1
2470;1786616285;0;2348.17624521073;3.280995708812262;51.9727435632184;606.070294158238;109.7748858620645;53.96504446959516;539.6504446959516;1.0479187845461174;-3.240313869732115;-15.74631402298872;519302.203590669;5758043.95963327;32;62067;52.36653275300534;7.474420170283072;365.2368730827611;79.66305592924444;48.92751709173714;466.7611192755896;347.7105954116691;51.82234585360114;6.5;89;-1;;50;;;0;288.15;350;173.9704800983044;50;1;;;;;;3.979418347754073;3.979418347754073;0;0;21223.56452135506;0;167.4133015947016;167.4133015947016;12;12;250;88.2678087500292;2.050125400191079;33.98832566035221;27;0.9;0.71248432;96.71878915017174;5.165454292295188;37.10365455245632;27;0.9;0.71248432;127;0.07455254128798248;712484.32;1;1;1;0.02299559378373408;1;0.07462581949952476;712484.3199999988;0.9834710743801654;1;0.02299559378373406;1;0.07455254128798248;712484.32;1;1;1;0.02299559378373408;1;0.07462581949952476;712484.3199999988;0.9834710743801654;1;0.02299559378373406;1
2480;1786616295;0;2357.651340996167;3.28883712643678;51.97227605363986;609.2770437317998;84.16077674329836;56.40022384233946;564.0022384233946;0.2365740231778064;-3.227869923371415;-4.83693340996875;519841.0529019044;5757994.071995996;32;62067;52.22703464506056;8.475336212967132;365.2037328432043;83.3954915738562;42.76244766710731;512.9993700918222;3.03479944836595;39.44710347932273;6.5;89;-1;;50;;;0;288.15;350;184.9504095081179;50;1;;;;;;4.418520733796947;4.418520733796947;0;0;23565.44391358372;0;168.2337447797383;168.2337447797383;12;12;250;87.00826317894962;1.254856873077455;33.19305713323858;27;0.9;0.71248432;95.45924357909218;4.917227736670284;36.85542799683141;27;0.9;0.71248432;127;0.0747067754909531;712484.32;1;1;1;0.02299559378373408;1;0.07462649413278668;712484.3199999988;0.9836065573770492;1;0.02299559378373406;1;0.0747067754909531;712484.32;1;1;1;0.02299559378373408;1;0.07462649413278668;712484.3199999988;0.9836065573770492;1;0.02299559378373406;1
2490;1786616305;0;2367.160919540228;3.297029999999998;51.97277965517242;610.0368839494256;81.9739639080458;57.43956526430158;574.3956526430158;0.2920483827133069;-3.542946551724359;-0.159699655172912;520403.6150119492;5758052.349978332;32;62067;52.07839340919562;9.469534296654492;365.1685746516769;85.97877884253404;37.53928072264508;564.4708007976794;3.658519538249321;33.99340080334898;6.5;89;-1;;50;;;0;288.15;350;196.2816426657393;50;1;;;;;;4.923640963646872;4.923640963646872;0;0;26259.41847278332;0;169.0642377720264;169.0642377720264;12;12;250;85.67264995681164;0.3230077039696372;32.26120796413077;27;0.9;0.71248432;94.12363035695418;4.585179103108136;36.52337936326927;27;0.9;0.71248432;127;0.07487846570307262;712484.32;1;1;1;0.02299559378373408;1;0.07462857654245846;712484.3199999988;0.983739837398374;1;0.02299559378373406;1;0.07487846570307262;712484.32;1;1;1;0.02299559378373408;1;0.07462857654245846;712484.3199999988;0.983739837398374;1;0.02299559378373406;1
2500;1786616315;0;2376.636015325672;3.305369693486592;51.97331816091956;610.295234847893;82.19038314176214;58.08271089780598;580.8271089780598;-0.2338673187208194;-3.416451800766597;-0.2264124521074481;520976.2333443062;5758114.61589534;32;62067;51.9207165839951;10.456679889520546;365.1314206466314;87.86414396987218;33.12745171110233;619.8811025996564;5.825095645380782;29.70575980008274;6.5;89;-1;;50;;;0;288.15;350;207.5035081055574;50;1;;;;;;5.489445669261172;5.489445669261172;0;0;29277.04356939292;0;169.8775760800049;169.8775760800049;12;12;250;84.29350694321886;-0.7240301116549458;31.21417014850619;27;0.9;0.71248432;92.74448734336142;4.155801966531069;36.0940022266922;27;0.9;0.71248432;127;0.07506329457492496;712484.32;1;1;1;0.02299559378373408;1;0.07463213980501966;712484.3199999986;0.9838709677419354;1;0.02299559378373406;1;0.07506329457492496;712484.32;1;1;1;0.02299559378373408;1;0.07463213980501966;712484.3199999986;0.9838709677419354;1;0.02299559378373406;1
2510;1786616325;0;2386.140740740742;3.31380525925926;51.97384844444446;609.966321477778;82.00041274074086;58.0954644086624;580.954644086624;0.2588464078338017;-3.164914148148123;0.09956933333329656;521555.4272849236;5758176.061383948;32;60729;47.77811549736218;2.009894714085634;364.8883210852219;191.8560060923817;34.0472373076572;606.771207888495;107.55123662106368;35.15013606874938;6.5;33;-1;;50;;;0;288.15;350;205.0315732503847;50;1;;;;;;5.358327329623362;5.358327329623362;0;0;28577.74575799126;0;169.6919074377396;169.6919074377396;12;12;250;84.61029392512192;-0.47655850240259;31.46164175775854;27;0.9;0.71248432;93.06127432526446;4.262814679263349;36.20101493942448;27;0.9;0.71248432;127;0.07501956467325024;712484.32;1;1;1;0.02299559378373408;1;0.07463528960069632;712484.3199999986;0.984;1;0.02299559378373406;1;0.07501956467325024;712484.32;1;1;1;0.02299559378373408;1;0.07463528960069632;712484.3199999986;0.984;1;0.02299559378373406;1
2520;1786616335;0;2395.620689655173;3.322242413793104;51.97438103448276;609.9629549991728;81.98180586206894;57.85203855570194;578.5203855570194;0.07979609352317044;-2.968060689655216;0.1760344827586147;522134.7154103338;5758237.831065316;32;60729;48.0740401571909;2.837164889486577;364.9513629232788;184.767164698932;36.71136872100823;573.5438277274118;100.53787619057798;37.48196860093772;6.5;33;-1;;50;;;0;288.15;350;198.2671729240931;50;1;;;;;;5.018533235582562;5.018533235582562;0;0;26765.51058977366;0;169.202740350891;169.202740350891;12;12;250;85.4392551060113;0.151538013255891;32.08973827341702;27;0.9;0.71248432;93.89023550615386;4.51901903341188;36.45721929357301;27;0.9;0.71248432;127;0.07490873006325786;712484.32;1;1;1;0.02299559378373408;1;0.07463749476571698;712484.3199999986;0.984126984126984;1;0.02299559378373406;1;0.07490873006325786;712484.32;1;1;1;0.02299559378373408;1;0.07463749476571698;712484.3199999986;0.984126984126984;1;0.02299559378373406;1
2530;1786616345;0;2405.095785440612;3.330645249042145;51.97490574712644;610.1481663513408;82.12316195402278;58.21475121209898;582.1475121209898;0.2788516781529281;-3.22031448275872;0.006198697318077646;522711.636328943;5758298.781256194;32;60729;48.36331251722242;3.67433365781182;365.0129600501414;176.3702095213599;39.06797777372349;547.7111365945036;91.34915232414836;39.22362709541797;6.5;33;-1;;50;;;0;288.15;350;192.755704549508;50;1;;;;;;4.760076425384714;4.760076425384714;0;0;25387.07426871847;0;168.8024395731468;168.8024395731468;12;12;250;86.0980126939534;0.6291021862804712;32.5673024464416;27;0.9;0.71248432;94.54899309409594;4.699323469641204;36.63752372980233;27;0.9;0.71248432;127;0.07482256148081506;712484.32;1;1;1;0.02299559378373408;1;0.07463897529943776;712484.3199999984;0.984251968503937;1;0.02299559378373406;1;0.07482256148081506;712484.32;1;1;1;0.02299559378373408;1;0.07463897529943776;712484.3199999984;0.984251968503937;1;0.02299559378373406;1
2540;1786616355;0;2414.605363984674;3.33909877394636;51.97544632183908;609.92721512046;82.0636577011494;58.33768315511532;583.3768315511532;-0.2176525105937695;-3.043483946360158;0.231788007662861;523292.0171595112;5758361.578484944;32;60729;48.64578786277978;4.521376556821154;365.0730685265198;166.7343304966148;40.8247508207531;530.360104271175;82.26350629667914;40.71444938453524;6.5;33;-1;;50;;;0;288.15;350;188.9212967774213;50;1;;;;;;4.588927315587128;4.588927315587128;0;0;24474.27901646468;0;168.5228250892865;168.5228250892865;12;12;250;86.54877628761126;0.9441012735675356;32.88230153372867;27;0.9;0.71248432;94.9997566877538;4.811571554055196;36.74977181421633;27;0.9;0.71248432;127;0.0747646846668382;712484.32;1;1;1;0.02299559378373408;1;0.07463997299282984;712484.3199999984;0.984375;1;0.02299559378373406;1;0.0747646846668382;712484.32;1;1;1;0.02299559378373408;1;0.07463997299282984;712484.3199999984;0.984375;1;0.02299559378373406;1
2550;1786616365;0;2424.114942528738;3.347572298850576;51.97597574712644;610.074018058207;82.07884655172412;58.26441469140438;582.644146914044;-0.2658522081337633;-3.209575517241378;0.05681850574714142;523873.763580574;5758423.209578838;32;60729;48.92132451396328;5.37826499921105;365.1316462302985;156.21538627607;41.69637940246367;522.335449652704;71.69554687143852;40.81449026864167;6.5;33;-1;;50;;;0;288.15;350;187.1022947367779;50;1;;;;;;4.510035919637788;4.510035919637788;0;0;24053.52490473487;0;168.390398170053;168.390398170053;12;12;250;86.76009460279414;1.088338875487017;33.02653913564815;27;0.9;0.71248432;95.2110750029367;4.86123264426907;36.7994329044302;27;0.9;0.71248432;127;0.07473791730026734;712484.32;1;1;1;0.02299559378373408;1;0.07464074420784902;712484.3199999984;0.9844961240310078;1;0.02299559378373406;1;0.07473791730026734;712484.32;1;1;1;0.02299559378373408;1;0.07464074420784902;712484.3199999984;0.9844961240310078;1;0.02299559378373406;1
2560;1786616375;0;2433.590038314175;3.356035134099616;51.97650540229886;610.3956656509582;82.0704520689658;58.41708220862722;584.1708220862722;0.1499914586733719;-3.362635325670638;-0.1297099616860864;524454.761771583;5758484.93054272;32;60729;49.18978042931258;6.244955657529346;365.1886521083561;145.4533159281696;41.51661108506635;524.068025790133;60.72993617661812;39.82174546956945;6.5;33;-1;;50;;;0;288.15;350;187.4730167643002;50;1;;;;;;4.525998538128008;4.525998538128008;0;0;24138.65887001604;0;168.4191614133423;168.4191614133423;12;12;250;86.71536874101464;1.0579969326968656;32.99619719285799;27;0.9;0.71248432;95.16634914115718;4.850875625850384;36.78907588601151;27;0.9;0.71248432;127;0.07474369655218376;712484.32;1;1;1;0.02299559378373408;1;0.07464154852303914;712484.3199999984;0.9846153846153846;1;0.02299559378373406;1;0.07474369655218376;712484.32;1;1;1;0.02299559378373408;1;0.07464154852303914;712484.3199999984;0.9846153846153846;1;0.02299559378373406;1
2570;1786616385;0;2443.099616858237;3.364518659003831;51.9770459770115;610.1137343984676;82.0498367816092;58.47319747555052;584.7319747555052;-0.013442914704663674;-3.192443141762453;0.11140463601532034;525037.1611350968;5758547.94059093;32;60729;49.45101032686258;7.121379153940294;365.2440455385677;135.1792779041389;40.32231288180516;535.462517958871;51.0215143814569;38.44768349413311;6.5;33;-1;;50;;;0;288.15;350;189.9947157694019;50;1;;;;;;4.636163623530346;4.636163623530346;0;0;24726.20599216185;0;168.605989660634;168.605989660634;12;12;250;86.4183754083206;0.85399063590784;32.79219089606897;27;0.9;0.71248432;94.86935580846316;4.779995445157828;36.71819570531896;27;0.9;0.71248432;127;0.07478170448688884;712484.32;1;1;1;0.02299559378373408;1;0.07464263500337906;712484.3199999984;0.9847328244274808;1;0.02299559378373406;1;0.07478170448688884;712484.32;1;1;1;0.02299559378373408;1;0.07464263500337906;712484.3199999984;0.9847328244274808;1;0.02299559378373406;1
2580;1786616395;0;2452.609195402298;3.373012183908046;51.97757655172414;610.3272550862068;82.26347908045978;58.33628272424902;583.3628272424902;0.1292586529787728;-3.269217701149322;-0.11397195402287758;525620.2388676078;5758609.910151436;32;60729;49.70487241591632;8.007460334730626;365.29778772795;125.9476054671689;38.33372926705841;555.9223637981528;41.9365439790377;35.85503366747269;6.5;33;-1;;50;;;0;288.15;350;194.4268183953458;50;1;;;;;;4.836830242477854;4.836830242477854;0;0;25796.42795988189;0;168.9316910489991;168.9316910489991;12;12;250;85.89200740100794;0.4819089452518678;32.420109205413;27;0.9;0.71248432;94.34298780115048;4.645063868118932;36.58326412828007;27;0.9;0.71248432;127;0.07484995118654158;712484.32;1;1;1;0.02299559378373408;1;0.07464422974324954;712484.3199999982;0.9848484848484848;1;0.02299559378373406;1;0.07484995118654158;712484.32;1;1;1;0.02299559378373408;1;0.07464422974324954;712484.3199999982;0.9848484848484848;1;0.02299559378373406;1
2590;1786616405;0;2462.049808429121;3.38148482758621;51.97811249042146;610.6033715100078;82.23993314176242;58.75988954658162;587.5988954658162;-0.3287439162646626;-3.472605900383635;-0.2686627969348948;526201.8653772796;5758672.536553724;32;60729;49.9512252883441;8.903107366473996;365.3498410158336;118.00700718898554;35.84975299549468;584.496210082965;34.8589837271957;32.86556542975658;6.5;33;-1;;50;;;0;288.15;350;200.391543733748;50;1;;;;;;5.122410722581;5.122410722581;0;0;27319.52385376533;0;169.3670421330192;169.3670421330192;12;12;250;85.17107583688468;-0.04846337883902076;31.88973688132211;27;0.9;0.71248432;93.62205623702724;4.439813552804956;36.37801381296608;27;0.9;0.71248432;127;0.07494526327836482;712484.32;1;1;1;0.02299559378373408;1;0.07464652770916644;712484.3199999982;0.9849624060150376;1;0.02299559378373406;1;0.07494526327836482;712484.32;1;1;1;0.02299559378373408;1;0.07464652770916644;712484.3199999982;0.9849624060150376;1;0.02299559378373406;1
2600;1786616415;0;2471.593869731804;3.390018544061306;51.97865563218392;609.7664691720308;82.00866624521076;58.54630866045602;585.4630866045602;-0.2158418421582461;-3.066166436781415;0.25980582375467;526787.6681814704;5758736.054589416;32;60729;50.1899253575491;9.808200169741326;365.4001682959634;111.35036128744936;33.14540331307117;620.0558827700618;28.49811132070681;30.59013577749692;6.5;33;-1;;50;;;0;288.15;350;207.4545799509459;50;1;;;;;;5.4868116074786;5.4868116074786;0;0;29262.99523988587;0;169.8800247871553;169.8800247871553;12;12;250;84.29369229785098;-0.7238841671403376;31.21431609302079;27;0.9;0.71248432;92.74467269799354;4.155866097655355;36.09406635781648;27;0.9;0.71248432;127;0.07506387757881896;712484.32;1;1;1;0.02299559378373408;1;0.0746496894506032;712484.3199999982;0.9850746268656716;1;0.02299559378373406;1;0.07506387757881896;712484.32;1;1;1;0.02299559378373408;1;0.0746496894506032;712484.3199999982;0.9850746268656716;1;0.02299559378373406;1
2610;1786616425;0;2481.103448275865;3.398523103448279;51.97918620689656;610.011816548414;82.08889724137938;58.52923314587004;585.2923314587006;-0.05499687520785786;-3.171907586206924;0.0787417241378799;527371.4617448278;5758798.23254467;32;60729;50.42083309881544;10.722611502924714;365.4487342931261;105.83191708935954;30.42025404764314;661.4750679951414;23.06144488509005;27.54098756171101;0;33;-1;;50;;;0;288.15;350;215.1973312580235;50;1;;;;;;5.924888635366146;5.924888635366146;0;0;31599.40605528611;0;170.441677735039;170.441677735039;12;12;250;76.79396232207972;-7.389149081320372;24.54905117884076;27;0.9;0.71248432;85.24494272222228;0.006937270172923922;31.94513753033405;27;0.9;0.71248432;127;0.07520203710925344;712484.32;1;1;1;0.02299559378373408;1;0.07465384244051788;712484.3199999982;0.9851851851851852;1;0.02299559378373406;1;0.07520203710925344;712484.32;1;1;1;0.02299559378373408;1;0.07465384244051788;712484.3199999982;0.9851851851851852;1;0.02299559378373406;1
2620;1786616435;0;2490.578544061303;3.407024904214559;51.97971892720308;610.0500678754788;82.08311586206896;58.44122072381848;584.4122072381848;0.03795350106780221;-3.195945287356322;0.09958252873563142;527955.0506192904;5758860.716467226;32;60403;53.2674760354842;3.580222329197454;365.5942778990029;4.609768381950788;66.96384849365764;388.4650874974133;289.4919260316996;65.9856871649345;6.5;16;-1;;50;;;0;288.15;350;153.3982051455956;50;1;;;;;;3.259954887702164;3.259954887702164;0;0;17386.42606774488;0;165.8184480141438;165.8184480141438;12;12;250;90.582125790639;3.280615286538718;35.21881554669985;27;0.9;0.71248432;99.03310619078156;5.491002895363682;37.42920315552481;27;0.9;0.71248432;127;0.07429137383800554;712484.32;1;1;1;0.02299559378373408;1;0.07465113745094688;712484.3199999982;0.9852941176470588;1;0.02299559378373406;1;0.07429137383800554;712484.32;1;1;1;0.02299559378373408;1;0.07465113745094688;712484.3199999982;0.9852941176470588;1;0.02299559378373406;1
2630;1786616445;0;2500.085185185186;3.415514962962963;51.98024511111112;610.0578149166666;82.10596637037038;58.3247348520688;583.247348520688;0.3292906322460509;-3.196906444444445;0.06144522222221998;528537.8232228806;5758922.5369165;32;60403;53.29296198253086;4.629125081526718;365.6036229094971;28.87113117915444;63.59769682356726;398.4443375944946;311.1665156985897;61.54451692242076;6.5;16;-1;;50;;;0;288.15;350;156.1438424936701;50;1;;;;;;3.349358577379788;3.349358577379788;0;0;17863.24574602554;0;166.0387613292969;166.0387613292969;12;12;250;90.27240878580826;3.133733781862367;35.0719340420235;27;0.9;0.71248432;98.72338918595082;5.4556436128846;37.39384387304573;27;0.9;0.71248432;127;0.07432466103329942;712484.32;1;1;1;0.02299559378373408;1;0.07464871910711246;712484.3199999982;0.9854014598540146;1;0.02299559378373406;1;0.07432466103329942;712484.32;1;1;1;0.02299559378373408;1;0.07464871910711246;712484.3199999982;0.9854014598540146;1;0.02299559378373406;1
2640;1786616455;0;2509.563218390807;3.423986896551726;51.98077816091954;610.055466016092;82.0954433333333;58.29565889023558;582.9565889023558;0.05945337795622144;-3.200903908045976;0.07472655172411434;529119.332614384;5758985.181962684;32;60403;53.3084779260065;5.679074312487264;365.6108084378411;45.03763559094232;57.72184071192528;420.4580957678833;325.6096411284142;55.07957720705684;6.5;16;-1;;50;;;0;288.15;350;162.0555651094053;50;1;;;;;;3.548341276977672;3.548341276977672;0;0;18924.48681054758;0;166.5058625244148;166.5058625244148;12;12;250;89.60632489109242;2.799157607464244;34.73735786762537;27;0.9;0.71248432;98.05730529123496;5.371655469634196;37.30985572979533;27;0.9;0.71248432;127;0.0743980910265696;712484.32;1;1;1;0.02299559378373408;1;0.07464687625357906;712484.319999998;0.9855072463768116;1;0.02299559378373406;1;0.0743980910265696;712484.32;1;1;1;0.02299559378373408;1;0.07464687625357906;712484.319999998;0.9855072463768116;1;0.02299559378373406;1
2650;1786616465;0;2519.038314176242;3.432454482758619;51.98131229885058;610.064725387663;82.07117053639844;58.41391432666322;584.1391432666322;-0.03466346961975436;-3.203728007662826;0.1138519157088043;529700.5288236934;5759048.013770116;32;60403;53.3140110116301;6.729554467460936;365.6158316683332;55.08693137666126;51.28841071155326;452.7520977230968;334.6066759755517;48.3625369299811;6.5;16;-1;;50;;;0;288.15;350;170.3719207014844;50;1;;;;;;3.844655796893083;3.844655796893083;0;0;20504.83091676311;0;167.1486175667303;167.1486175667303;12;12;250;88.66725532886154;2.284259812227715;34.22246007238884;27;0.9;0.71248432;97.11823572900408;5.232690536396706;37.17089079655784;27;0.9;0.71248432;127;0.07450581222199478;712484.32;1;1;1;0.02299559378373408;1;0.07464584658911494;712484.319999998;0.9856115107913668;1;0.02299559378373406;1;0.07450581222199478;712484.32;1;1;1;0.02299559378373408;1;0.07464584658911494;712484.319999998;0.9856115107913668;1;0.02299559378373406;1
2660;1786616475;0;2528.362962962963;3.440940296296297;51.98184177777778;610.0556735266372;82.10863985185186;58.45724491520626;584.5724491520626;0.10327791304104638;-3.201716;0.04307170370370624;530282.965961115;5759110.40269527;32;60403;53.30955679915434;7.780060891228224;365.6186913347811;61.57813486949104;45.2415857142649;493.307523116409;340.382905023634;42.22034054764477;6.5;16;-1;;50;;;0;288.15;350;180.2444910521042;50;1;;;;;;4.224864298646254;4.224864298646254;0;0;22532.60959278002;0;167.8937629160167;167.8937629160167;12;12;250;87.54190147782198;1.602141998014547;33.54034225817568;27;0.9;0.71248432;95.99288187796452;5.029475311873572;36.9676755720347;27;0.9;0.71248432;127;0.07464109055976174;712484.32;1;1;1;0.02299559378373408;1;0.0746458121251341;712484.319999998;0.9857142857142858;1;0.02299559378373406;1;0.07464109055976174;712484.32;1;1;1;0.02299559378373408;1;0.0746458121251341;712484.319999998;0.9857142857142858;1;0.02299559378373406;1
2670;1786616485;0;2537.816091954027;3.449432643678165;51.9823708045977;610.0558483712644;82.08727850574716;58.4052314161588;584.052314161588;0.2325320273827161;-3.204670229885054;0.08949275862074708;530865.8382541572;5759172.81231898;32;60403;53.29511891272208;8.830088841402944;365.619387595073;66.02013305460748;39.89243526935756;540.2630019782126;344.3328670575998;36.78692032709742;6.5;16;-1;;50;;;0;288.15;350;190.9277823623969;50;1;;;;;;4.677645242393402;4.677645242393402;0;0;24947.44129276481;0;168.6835126912184;168.6835126912184;12;12;250;86.29937075887308;0.7710295131127124;32.70922977327384;27;0.9;0.71248432;94.75035115901562;4.750547263715776;36.68874752387691;27;0.9;0.71248432;127;0.07479771717797308;712484.32;1;1;1;0.02299559378373408;1;0.07464690496724086;712484.319999998;0.9858156028368794;1;0.02299559378373406;1;0.07479771717797308;712484.32;1;1;1;0.02299559378373408;1;0.07464690496724086;712484.319999998;0.9858156028368794;1;0.02299559378373406;1
2680;1786616495;0;2547.314814814812;3.457916481481479;51.98290574074074;610.6295401574076;82.25898074074102;58.54973606053218;585.4973606053218;-0.1365598775585735;-3.570166481481001;-0.3339705555557718;531448.108072265;5759235.94361278;32;60403;53.27070938090472;9.879122500683464;365.6179220616659;69.22201315265222;35.27192598273214;592.0930524797204;347.8200211018714;31.85925483872282;6.5;16;-1;;50;;;0;288.15;350;201.8498720903783;50;1;;;;;;5.195186079380166;5.195186079380166;0;0;27707.65909002756;0;169.4792074463059;169.4792074463059;12;12;250;84.98613516679882;-0.1881944777816666;31.75000578237946;27;0.9;0.71248432;93.43711556694138;4.38316452193996;36.32136478210109;27;0.9;0.71248432;127;0.07497060361696918;712484.32;1;1;1;0.02299559378373408;1;0.07464921710045322;712484.319999998;0.9859154929577464;1;0.02299559378373406;1;0.07497060361696918;712484.32;1;1;1;0.02299559378373408;1;0.07464921710045322;712484.319999998;0.9859154929577464;1;0.02299559378373406;1
2690;1786616505;0;2556.835249042143;3.466421724137929;51.98344011494252;610.0925137075868;82.07632333333322;58.31488684135652;583.1488684135652;0.07208170463439852;-3.34354279693498;0.09694356321810398;532031.834254623;5759299.089450792;32;60403;53.23634823982688;10.926662000836754;365.6142978172666;71.6303372792969;31.30757814602664;647.6218528786336;349.77330098276;28.00119381178118;0;16;-1;;50;;;0;288.15;350;212.6062513244337;50;1;;;;;;5.773315155046412;5.773315155046412;0;0;30791.01416024753;0;170.2578380397214;170.2578380397214;12;12;250;77.12937549771704;-7.069685369295332;24.8685148908658;27;0.9;0.71248432;85.5803558978596;0.2554939365447289;32.19369419670586;27;0.9;0.71248432;127;0.0751558277575942;712484.32;1;1;1;0.02299559378373408;1;0.0746528100838372;712484.319999998;0.986013986013986;1;0.02299559378373406;1;0.0751558277575942;712484.32;1;1;1;0.02299559378373408;1;0.0746528100838372;712484.319999998;0.986013986013986;1;0.02299559378373406;1
2700;1786616515;0;2566.344827586207;3.474893793103448;51.9839672413793;610.0263545497932;82.10529103448276;58.48927836335568;584.8927836335566;-0.129532936477255;-3.198145172413796;0.10380000000000918;532613.2734217414;5759361.48251936;32;61245;49.92503067161676;3.774520589394445;364.8774529890925;174.6324082161807;55.5257987379149;429.5323917485875;87.98951136931524;55.64773667931476;6.5;50;-1;;50;;;0;288.15;350;164.6631523256724;50;1;;;;;;3.63909343080123;3.63909343080123;0;0;19408.49829760656;0;166.6913265481941;166.6913265481941;12;12;250;89.33010871348958;2.65293161332643;34.59113187348756;27;0.9;0.71248432;97.78108911363214;5.333408731514334;37.27160899167547;27;0.9;0.71248432;127;0.07442835961985324;712484.32;1;1;1;0.02299559378373408;1;0.07465122944676688;712484.3199999978;0.9861111111111112;1;0.02299559378373406;1;0.07442835961985324;712484.32;1;1;1;0.02299559378373408;1;0.07465122944676688;712484.3199999978;0.9861111111111112;1;0.02299559378373406;1
2710;1786616525;0;2575.85440613027;3.48339042145594;51.98450126436782;610.053748267433;82.13200007662836;58.41315114953934;584.1315114953934;-0.2440985354924288;-3.204275823754794;0.0617436398467414;533196.3802211576;5759424.722058344;32;61245;49.6778267205937;4.669268741021452;364.8220794780946;161.5063482626553;51.01487459762388;453.3503933269582;75.77695318042344;50.39194445295524;6.5;50;-1;;50;;;0;288.15;350;170.7729199234686;50;1;;;;;;3.859467457298333;3.859467457298333;0;0;20583.82643892444;0;167.160088080039;167.160088080039;12;12;250;88.64097315514758;2.269129086674104;34.20732934683523;27;0.9;0.71248432;97.09195355529014;5.22842328565774;37.16662354581887;27;0.9;0.71248432;127;0.07450780792131242;712484.32;1;1;1;0.02299559378373408;1;0.07465022649903642;712484.3199999978;0.9862068965517242;1;0.02299559378373406;1;0.07450780792131242;712484.32;1;1;1;0.02299559378373408;1;0.07465022649903642;712484.3199999978;0.9862068965517242;1;0.02299559378373406;1
2720;1786616535;0;2585.351851851854;3.491876666666668;51.98503111111112;610.0541387185186;82.11954777777774;58.37703467480124;583.7703467480124;-0.11343263648198528;-3.209378148148148;0.07586814814813482;533778.7631064374;5759487.560401334;32;61245;49.42312557615712;5.55444168310357;364.765084254027;152.1216880643681;45.97192943178712;486.627937258344;67.05637051657614;44.87013531154224;6.5;50;-1;;50;;;0;288.15;350;178.9346920139135;50;1;;;;;;4.172465325275603;4.172465325275603;0;0;22253.14840146988;0;167.7753489050506;167.7753489050506;12;12;250;87.71271446215872;1.710126221171418;33.64832648133255;27;0.9;0.71248432;96.16369486230126;5.063148960066366;37.0013492202275;27;0.9;0.71248432;127;0.0746188098596313;712484.32;1;1;1;0.02299559378373408;1;0.07465000832792944;712484.3199999978;0.9863013698630136;1;0.02299559378373406;1;0.0746188098596313;712484.32;1;1;1;0.02299559378373408;1;0.07465000832792944;712484.3199999978;0.9863013698630136;1;0.02299559378373406;1
2730;1786616545;0;2594.873563218393;3.50035747126437;51.9855624137931;610.0631918074484;82.0959790804598;58.40313864809662;584.0313864809662;-0.3122716238512285;-3.212437931034489;0.11357252873569416;534360.7573232876;5759550.625679832;32;61245;49.16106866563176;6.429949226981872;364.7065054829264;145.4183389335957;41.06523620076192;527.5754123941596;61.17177976798216;39.67709358157115;6.5;50;-1;;50;;;0;288.15;350;188.4139924488828;50;1;;;;;;4.566780679923686;4.566780679923686;0;0;24356.16362625965;0;168.47709908463;168.47709908463;12;12;250;86.61664892793118;0.9906710817054864;32.92887134186662;27;0.9;0.71248432;95.06762932807374;4.827723854781068;36.7659241149422;27;0.9;0.71248432;127;0.07475539593457458;712484.32;1;1;1;0.02299559378373408;1;0.07465073513900974;712484.3199999976;0.9863945578231292;1;0.02299559378373406;1;0.07475539593457458;712484.32;1;1;1;0.02299559378373408;1;0.07465073513900974;712484.3199999976;0.9863945578231292;1;0.02299559378373406;1
2740;1786616555;0;2604.337037037036;3.508843333333332;51.98608685185186;610.054965244815;82.12848522222222;58.35831023047978;583.5831023047978;-0.06278919694906666;-3.210498666666667;0.04705911111109326;534943.090217488;5759612.998066302;32;61245;48.89180106785238;7.29570741554886;364.6463831903575;140.5195090441496;36.58739207527282;574.5501610291932;56.4881197494486;34.90011848522932;6.5;50;-1;;50;;;0;288.15;350;198.5691771062951;50;1;;;;;;5.033149997659172;5.033149997659172;0;0;26843.46665418225;0;169.2179671569235;169.2179671569235;12;12;250;85.40941153790224;0.1294372855613977;32.06763754572253;27;0.9;0.71248432;93.86039193804478;4.510374732948818;36.44857499310995;27;0.9;0.71248432;127;0.07491208682983064;712484.32;1;1;1;0.02299559378373408;1;0.07465252521908386;712484.3199999976;0.9864864864864866;1;0.02299559378373406;1;0.07491208682983064;712484.32;1;1;1;0.02299559378373408;1;0.07465252521908386;712484.3199999976;0.9864864864864866;1;0.02299559378373406;1
2750;1786616565;0;2613.823754789272;3.517321379310344;51.98661942528736;610.0550366033718;82.10650398467432;58.27845176561684;582.7845176561684;-0.2044984109379569;-3.213115057471265;0.09158540229883682;535524.8660942328;5759676.339291148;32;61245;48.61546492271478;8.151659036745478;364.5847578258754;136.8363448272255;32.61825425779733;626.1939702308774;53.29462712925204;30.80850282601392;6.5;50;-1;;50;;;0;288.15;350;208.9027479653025;50;1;;;;;;5.565458357192676;5.565458357192676;0;0;29682.44457169427;0;169.9655857703809;169.9655857703809;12;12;250;84.12948456491138;-0.853693403565922;31.08450685659521;27;0.9;0.71248432;92.58046496505392;4.098347260958098;36.03654752111923;27;0.9;0.71248432;127;0.0750843520347201;712484.32;1;1;1;0.02299559378373408;1;0.07465546281646914;712484.3199999976;0.9865771812080538;1;0.02299559378373406;1;0.0750843520347201;712484.32;1;1;1;0.02299559378373408;1;0.07465546281646914;712484.3199999976;0.9865771812080538;1;0.02299559378373406;1
2760;1786616575;0;2623.298850574714;3.525788965517243;51.98714494252874;610.059291488552;82.12535908045974;58.46055989480256;584.6055989480258;-0.115233625067986;-3.213826896551723;0.05878862068968238;536105.9154022528;5759738.958454438;32;62221;51.28008848219836;359.602297345724;364.6234652977037;255.3919014367988;49.64171392775646;461.4361863721284;172.9807324032341;52.8398145248828;6.5;95;-1;;50;;;0;288.15;350;172.8486455036521;50;1;;;;;;3.936956381673919;3.936956381673919;0;0;20997.1007022609;0;167.3136411309979;167.3136411309979;12;12;250;88.4099311798131;2.134450524256858;34.07265078441799;27;0.9;0.71248432;96.86091157995566;5.189967915624656;37.12816817578579;27;0.9;0.71248432;127;0.07453477922372314;712484.32;1;1;1;0.02299559378373408;1;0.07465464738678844;712484.3199999976;0.9866666666666666;1;0.02299559378373406;1;0.07453477922372314;712484.32;1;1;1;0.02299559378373408;1;0.07465464738678844;712484.3199999976;0.9866666666666666;1;0.02299559378373406;1
2770;1786616585;0;2632.814814814812;3.534283333333331;51.98767074074074;610.0545714980742;82.14500481481476;58.30162744153332;583.0162744153332;0.2317021304764515;-3.216147777777776;0.0701392592592744;536688.7897402566;5759801.690007974;32;62221;51.46926065817614;0.5616641164514098;364.6715506154487;255.4817839861928;57.54668669379804;420.1281550735908;172.551224941351;60.7464723111014;6.5;95;-1;;50;;;0;288.15;350;162.2552065719281;50;1;;;;;;3.55522277776656;3.55522277776656;0;0;18961.18814808832;0;166.4990438818257;166.4990438818257;12;12;250;89.60626203289266;2.799124829141805;34.73732508930294;27;0.9;0.71248432;98.05724243303522;5.371647002436796;37.30984726259793;27;0.9;0.71248432;127;0.074396990462878;712484.32;1;1;1;0.02299559378373408;1;0.07465291814568836;712484.3199999976;0.9867549668874172;1;0.02299559378373406;1;0.074396990462878;712484.32;1;1;1;0.02299559378373408;1;0.07465291814568836;712484.3199999976;0.9867549668874172;1;0.02299559378373406;1
2780;1786616595;0;2642.352490421456;3.542753716475096;51.9882011494253;610.0577690199234;82.12654249042146;58.35072031700458;583.5072031700458;-0.12127961567060856;-3.220654022988505;0.0976998850574634;537269.9993820162;5759864.990205826;32;62221;51.6498217096675;1.52914218235934;364.7177547563888;255.6196613601803;66.90745407221166;387.6777859946066;172.9029777619335;70.11737498242938;6.5;95;-1;;50;;;0;288.15;350;153.4405991710558;50;1;;;;;;3.261321428916252;3.261321428916252;0;0;17393.71428755334;0;165.8008264742333;165.8008264742333;12;12;250;90.59838078933538;3.288172143274743;35.22637240343588;27;0.9;0.71248432;99.04936118947794;5.492797603592264;37.43099786375339;27;0.9;0.71248432;127;0.07428874768287122;712484.32;1;1;1;0.02299559378373408;1;0.0746504903426029;712484.3199999976;0.9868421052631578;1;0.02299559378373406;1;0.07428874768287122;712484.32;1;1;1;0.02299559378373408;1;0.0746504903426029;712484.3199999976;0.9868421052631578;1;0.02299559378373406;1
2790;1786616605;0;2651.866666666664;3.551231333333331;51.988732;610.0577534866666;82.15109399999998;58.49391968889246;584.9391968889246;-0.3028097975990388;-3.217039333333329;0.06374066666666646;537851.6914849406;5759928.410939396;32;62221;51.82164873643348;2.504467024301958;364.7620502270456;255.9406275996394;77.60707444149982;366.4509364607371;172.4477551052823;80.80975268855316;6.5;95;-1;;50;;;0;288.15;350;147.4244635636319;50;1;;;;;;3.071571345056795;3.071571345056795;0;0;16381.713840302904;0;165.3117248601278;165.3117248601278;12;12;250;91.27723248730032;3.590315534990376;35.52851579515151;27;0.9;0.71248432;99.72821288744288;5.56262805709135;37.50082831725248;27;0.9;0.71248432;127;0.0742179425342845;712484.32;1;1;1;0.02299559378373408;1;0.07464762578758094;712484.3199999976;0.9869281045751634;1;0.02299559378373406;1;0.0742179425342845;712484.32;1;1;1;0.02299559378373408;1;0.07464762578758094;712484.3199999976;0.9869281045751634;1;0.02299559378373406;1
2800;1786616615;0;2661.4061302682;3.559731455938697;51.9892543678161;610.0540012398468;82.14014716475098;58.40078435222236;584.0078435222234;0.08432270157011166;-3.219355134099617;0.07672187739463784;538434.922223738;5759990.968078706;32;62221;51.98462060177896;3.487342503395459;364.8044103309149;264.1085713991598;89.1551959345887;358.449265165455;357.4815777888283;87.62269510819166;6.5;95;-1;;50;;;0;288.15;350;145.0968471902932;50;1;;;;;;3.000326134938401;3.000326134938401;0;0;16001.739386338136;0;165.1199620308931;165.1199620308931;12;12;250;91.5402405266534;3.700374295008418;35.63857455516955;27;0.9;0.71248432;99.99122092679596;5.587146441702802;37.52534670186393;27;0.9;0.71248432;127;0.07419125183182766;712484.32;1;1;1;0.02299559378373408;1;0.07464462332734572;712484.3199999976;0.987012987012987;1;0.02299559378373406;1;0.07419125183182766;712484.32;1;1;1;0.02299559378373408;1;0.07464462332734572;712484.3199999976;0.987012987012987;1;0.02299559378373406;1
2810;1786616625;0;2670.915708812258;3.568216666666664;51.98978494252874;610.0629290444752;82.11641340996168;58.29089109589554;582.9089109589554;-0.3242315034742916;-3.221726168582366;0.11483371647498842;539017.1081305894;5760054.49805716;32;62221;52.13862244388182;4.477464587295732;364.8448102516404;74.76613315409226;79.21750022704294;364.5447362504811;354.1080079680434;76.00314882381252;6.5;95;-1;;50;;;0;288.15;350;146.8512947478713;50;1;;;;;;3.053918650018018;3.053918650018018;0;0;16287.56613342943;0;165.2664247775097;165.2664247775097;12;12;250;91.34018526495722;3.617011984892025;35.55521224505316;27;0.9;0.71248432;99.79116566509978;5.56861978575596;37.50682004591709;27;0.9;0.71248432;127;0.0742115841348005;712484.32;1;1;1;0.02299559378373408;1;0.07464179300582582;712484.3199999974;0.9870967741935484;1;0.02299559378373406;1;0.0742115841348005;712484.32;1;1;1;0.02299559378373408;1;0.07464179300582582;712484.3199999974;0.9870967741935484;1;0.02299559378373406;1
2820;1786616635;0;2680.390804597701;3.576687816091954;51.99030344827588;610.0541393012416;82.1506291954023;58.40174192103516;584.0174192103516;0.08319503584943714;-3.219453563218391;0.04670471264367548;539598.3251593336;5760116.74637931;32;62221;52.28354380092238;5.474509998495992;364.8832264958692;75.15436859141864;68.3639005558455;384.0664224558749;353.6882796216185;65.1608805611515;6.5;95;-1;;50;;;0;288.15;350;152.3839189629129;50;1;;;;;;3.227387653098557;3.227387653098557;0;0;17212.73414985897;0;165.7195349432829;165.7195349432829;12;12;250;90.7136060961035;3.341306139533798;35.27950639969493;27;0.9;0.71248432;99.16458649624604;5.505349531636236;37.44354979179737;27;0.9;0.71248432;127;0.07427670147075894;712484.32;1;1;1;0.02299559378373408;1;0.07463942228157212;712484.3199999974;0.9871794871794872;1;0.02299559378373406;1;0.07427670147075894;712484.32;1;1;1;0.02299559378373408;1;0.07463942228157212;712484.3199999974;0.9871794871794872;1;0.02299559378373406;1
2830;1786616645;0;2689.903703703704;3.585173333333333;51.99083422222222;610.0543687015114;82.12597703703704;58.4649371167561;584.649371167561;-0.2768775405588692;-3.221892296296297;0.09417807407407356;540180.504149206;5760180.43419568;32;62221;52.41927738211796;6.478124450647644;364.9196364773143;75.3052481887692;58.80678956340386;415.1212495593323;353.8657031542396;55.59417548704238;6.5;95;-1;;50;;;0;288.15;350;160.850281607179;50;1;;;;;;3.507026044162984;3.507026044162984;0;0;18704.13890220258;0;166.3949074420689;166.3949074420689;12;12;250;89.75859520625306;2.877894478431779;34.81609473859291;27;0.9;0.71248432;98.20957560639562;5.391858138434326;37.33005839859546;27;0.9;0.71248432;127;0.07438028922380192;712484.32;1;1;1;0.02299559378373408;1;0.07463775045539296;712484.3199999974;0.9872611464968152;1;0.02299559378373406;1;0.07438028922380192;712484.32;1;1;1;0.02299559378373408;1;0.07463775045539296;712484.3199999974;0.9872611464968152;1;0.02299559378373406;1
2840;1786616655;0;2699.409961685825;3.593668965517242;51.9913604980843;610.0587209005672;82.14211697318006;58.35295710862578;583.5295710862576;-0.054292637333838;-3.222206130268199;0.06154632183909204;540763.36771814;5760243.69589709;32;62221;52.54572291857976;7.48794723568856;364.954019455774;75.39969471931708;50.70691540977904;455.3520067947214;353.6649954040969;47.49849573543582;6.5;95;-1;;50;;;0;288.15;350;171.2293005189398;50;1;;;;;;3.876386424717407;3.876386424717407;0;0;20674.06093182617;0;167.1983532409876;167.1983532409876;12;12;250;88.58578902677988;2.237233092639768;34.1754333528009;27;0.9;0.71248432;97.03676942692244;5.219392787799926;37.15759304796106;27;0.9;0.71248432;127;0.07451448458516552;712484.32;1;1;1;0.02299559378373408;1;0.07463696028955818;712484.3199999974;0.9873417721518988;1;0.02299559378373406;1;0.07451448458516552;712484.32;1;1;1;0.02299559378373408;1;0.07463696028955818;712484.3199999974;0.9873417721518988;1;0.02299559378373406;1
2850;1786616665;0;2708.919540229887;3.602148390804599;51.9918859770115;610.0541490000002;82.16279114942534;58.34131634357908;583.4131634357908;0.2895235554564423;-3.22473459770115;0.07244229885057186;541345.1053652708;5760306.927514602;32;62221;52.66278558935884;8.503599934683178;364.9863560475415;75.47221648814428;43.96819980380664;502.5565992276708;353.3065139939534;40.75775665328179;6.5;95;-1;;50;;;0;288.15;350;182.6105890905902;50;1;;;;;;4.321153816015274;4.321153816015274;0;0;23046.1536854148;0;168.0551077471952;168.0551077471952;12;12;250;87.28426712927444;1.436337382556731;33.37453764271786;27;0.9;0.71248432;95.735247529417;4.976642443303854;36.91484270346499;27;0.9;0.71248432;127;0.07467194215680646;712484.32;1;1;1;0.02299559378373408;1;0.07463718310399924;712484.3199999974;0.9874213836477988;1;0.02299559378373406;1;0.07467194215680646;712484.32;1;1;1;0.02299559378373408;1;0.07463718310399924;712484.3199999974;0.9874213836477988;1;0.02299559378373406;1
2860;1786616675;0;2718.429118773948;3.610626206896553;51.9924114559387;610.0573149655172;82.14608750957856;58.41842205509254;584.1842205509254;-0.06368525319964732;-3.22916885057471;0.0985308045976663;541926.7186094172;5760370.226285672;32;62221;52.77037510901174;9.524674795801702;365.0166278818442;75.53391554140714;38.38658611761138;554.9525402316614;353.6522449393811;35.16677298532361;6.5;95;-1;;50;;;0;288.15;350;194.3051430082017;50;1;;;;;;4.831195705055822;4.831195705055822;0;0;25766.37709363105;0;168.9165250162145;168.9165250162145;12;12;250;85.9128079712146;0.4968614241984148;32.43506168435955;27;0.9;0.71248432;94.36378837135714;4.650628820600836;36.58882908076196;27;0.9;0.71248432;127;0.07484671620333698;712484.32;1;1;1;0.02299559378373408;1;0.07463850926285582;712484.3199999974;0.9875;1;0.02299559378373406;1;0.07484671620333698;712484.32;1;1;1;0.02299559378373408;1;0.07463850926285582;712484.3199999974;0.9875;1;0.02299559378373406;1
2870;1786616685;0;2727.938697318006;3.619115440613025;51.9929369348659;610.0575422868968;82.1716262835249;58.30872338178826;583.0872338178826;0.3027399891979408;-3.226077624521069;0.0640677394636011;542509.101982365;5760433.599218392;32;62221;52.86840924794772;10.550764256513006;365.044818500006;75.58948449535144;33.74370450209834;611.2002765929538;353.3164349244119;30.53263653302783;6.5;95;-1;;50;;;0;288.15;350;205.839450915231;50;1;;;;;;5.400745485130508;5.400745485130508;0;0;28803.97592069604;0;169.7550789849073;169.7550789849073;12;12;250;84.50470422244706;-0.5586045667118368;31.3795956934493;27;0.9;0.71248432;92.95568462258962;4.227719307881527;36.16591956804266;27;0.9;0.71248432;127;0.07503433845619998;712484.32;1;1;1;0.02299559378373408;1;0.07464099875463786;712484.3199999974;0.9875776397515528;1;0.02299559378373406;1;0.07503433845619998;712484.32;1;1;1;0.02299559378373408;1;0.07464099875463786;712484.3199999974;0.9875776397515528;1;0.02299559378373406;1
2880;1786616695;0;2737.41379310345;3.62758827586207;51.99346482758622;610.0662295406898;82.11904517241372;57.75776539129872;577.5776539129872;0.2023482645973547;-3.273061724138011;-2.874184827591391;543090.3432217928;5760497.299465464;32;62065;52.40537509516088;4.753967891285282;365.0101366295285;58.79382619387764;75.17582838611126;370.2779605521289;349.3763668133451;72.8758862247226;6.5;87;-1;;50;;;0;288.15;350;148.4485517135789;50;1;;;;;;3.103291388696039;3.103291388696039;0;0;16550.88740637887;0;165.4019654032443;165.4019654032443;12;12;250;91.15527190054454;3.537960346295004;35.47616060645614;27;0.9;0.71248432;99.60625230068708;5.550794331074032;37.48899459123516;27;0.9;0.71248432;127;0.07423070811256796;712484.32;1;1;1;0.02299559378373408;1;0.07463843443812492;712484.3199999974;0.9876543209876542;1;0.02299559378373406;1;0.07423070811256796;712484.32;1;1;1;0.02299559378373408;1;0.07463843443812492;712484.3199999974;0.9876543209876542;1;0.02299559378373406;1
2890;1786616705;0;2746.923371647511;3.635601762452109;51.99508777777778;610.8596172160922;57.63289168581884;57.65035468009708;576.5035468009706;0.6973598118131886;-3.159652337164847;-17.23136980842912;543638.9676267128;5760682.58482036;32;62065;52.26859795981888;5.756847876073278;364.9849716355903;77.32910858196844;66.26604483832218;389.7335563697947;42.1560359279258;54.50414807521814;6.5;87;-1;;50;;;0;288.15;350;153.9312666154259;50;1;;;;;;3.277169112582392;3.277169112582392;0;0;17478.23526710609;0;165.8467641529072;165.8467641529072;12;12;250;90.53659542699532;3.259367887162441;35.19756814732357;27;0.9;0.71248432;98.98757582713788;5.485943992559668;37.4241442527208;27;0.9;0.71248432;127;0.07429560499472258;712484.32;1;1;1;0.02299559378373408;1;0.07463630506270006;712484.3199999972;0.9877300613496932;1;0.02299559378373406;1;0.07429560499472258;712484.32;1;1;1;0.02299559378373408;1;0.07463630506270006;712484.3199999972;0.9877300613496932;1;0.02299559378373406;1
2900;1786616715;0;2756.467432950194;3.641370996168583;51.9988643678161;611.1565255544062;29.15846149424683;57.74094991242844;577.4094991242844;0.8313756486203218;-3.132563563218374;-17.21843888888892;544031.3608832324;5761106.099577892;32;62065;52.12264554577478;6.75311505482026;364.9577892290345;85.08077784325012;57.5008454013967;420.6599186761373;62.03854985241736;41.14149230633094;6.5;87;-1;;50;;;0;288.15;350;162.3076914624446;50;1;;;;;;3.557033706587692;3.557033706587692;0;0;18970.84643513435;0;166.5100308135516;166.5100308135516;12;12;250;89.59346417234566;2.792446470294012;34.73064673045514;27;0.9;0.71248432;98.0444445724882;5.369920880069098;37.30812114023023;27;0.9;0.71248432;127;0.07439876423532742;712484.32;1;1;1;0.02299559378373408;1;0.07463483876129652;712484.3199999972;0.9878048780487804;1;0.02299559378373406;1;0.07439876423532742;712484.32;1;1;1;0.02299559378373408;1;0.07463483876129652;712484.3199999972;0.9878048780487804;1;0.02299559378373406;1
2910;1786616725;0;2765.97777777778;3.643628;52.00386777777778;611.955686491734;3.715474444442117;58.50185177652732;585.0185177652732;0.2135514552702939;-3.273493111111458;-3.797911555550208;544181.3807361606;5761663.953912316;32;62065;51.9676258148441;7.742417348047124;364.9286105678202;89.2053351053831;49.78940732213158;460.903109226457;82.0494496147821;45.65216687761896;6.5;87;-1;;50;;;0;288.15;350;172.6202996082251;50;1;;;;;;3.92836400273723;3.92836400273723;0;0;20951.27468126523;0;167.303600900047;167.303600900047;12;12;250;88.4285637897007;2.145422448937968;34.0836227090991;27;0.9;0.71248432;96.87954418984324;5.193132715599166;37.1313329757603;27;0.9;0.71248432;127;0.07453300106976546;712484.32;1;1;1;0.02299559378373408;1;0.07463421399018284;712484.3199999972;0.987878787878788;1;0.02299559378373406;1;0.07453300106976546;712484.32;1;1;1;0.02299559378373408;1;0.07463421399018284;712484.3199999972;0.987878787878788;1;0.02299559378373406;1
2920;1786616735;0;2775.486590038313;3.644304061302682;52.00911249042146;610.680795376644;2.149393065134155;58.70961232604324;587.0961232604324;0.0008085341763177362;-3.321080114942531;0.05473260536390096;544222.6182758138;5762247.688589486;32;62065;51.80364984442878;8.724433733996822;364.8974578526095;91.73964049511536;43.26613677128863;508.2674707282694;86.46717605062898;43.20651862587753;6.5;87;-1;;50;;;0;288.15;350;183.9610081107514;50;1;;;;;;4.37708211433926;4.37708211433926;0;0;23344.43794314272;0;168.1532544551163;168.1532544551163;12;12;250;87.13019212302936;1.335515475969977;33.2737157361311;27;0.9;0.71248432;95.58117252317192;4.943840686861956;36.88204094702309;27;0.9;0.71248432;127;0.07469099157365536;712484.32;1;1;1;0.02299559378373408;1;0.07463456019496012;712484.3199999972;0.9879518072289156;1;0.02299559378373406;1;0.07469099157365536;712484.32;1;1;1;0.02299559378373408;1;0.07463456019496012;712484.3199999972;0.9879518072289156;1;0.02299559378373406;1
2930;1786616745;0;2784.996168582371;3.644939770114943;52.01437785440614;610.204120326621;2.16433459770107;58.44461656806548;584.4461656806548;-0.234562633730087;-3.244317126436803;0.09294022988505774;544261.054948786;5762833.69647314;32;62065;51.63083306849488;9.698862480050952;364.8643546069098;93.452452958841;37.81845099103659;560.907355657916;89.00167263051316;37.92626580098604;6.5;87;-1;;50;;;0;288.15;350;195.6242703332651;50;1;;;;;;4.892675286743142;4.892675286743142;0;0;26094.26819596342;0;169.0092308492732;169.0092308492732;12;12;250;85.75862255646854;0.3855491072263539;32.32374936738749;27;0.9;0.71248432;94.2096029566111;4.60891193182239;36.54711219198352;27;0.9;0.71248432;127;0.0748665793295343;712484.32;1;1;1;0.02299559378373408;1;0.07463596637153328;712484.319999997;0.9880239520958084;1;0.02299559378373406;1;0.0748665793295343;712484.32;1;1;1;0.02299559378373408;1;0.07463596637153328;712484.319999997;0.9880239520958084;1;0.02299559378373406;1
2940;1786616755;0;2794.471264367815;3.645578275862069;52.0196191954023;610.0965993939312;2.151156091954011;58.65328639795582;586.5328639795582;0.02487327806418859;-3.236936321839083;0.10916908045979786;544299.6966261448;5763417.035054548;32;62065;51.44929716374504;10.665409789302898;364.8293260994651;94.68925998751152;33.26410551616911;617.4678651500702;90.38702953974568;33.45521091199786;6.5;87;-1;;50;;;0;288.15;350;207.1317367443354;50;1;;;;;;5.469471181293658;5.469471181293658;0;0;29170.51296689951;0;169.8436953539023;169.8436953539023;12;12;250;84.3473621572889;-0.6816814397849348;31.2565188203762;27;0.9;0.71248432;92.79834255743146;4.174360208423601;36.11256046858473;27;0.9;0.71248432;127;0.07505524488126126;712484.32;1;1;1;0.02299559378373408;1;0.07463849214568828;712484.319999997;0.9880952380952382;1;0.02299559378373406;1;0.07505524488126126;712484.32;1;1;1;0.02299559378373408;1;0.07463849214568828;712484.319999997;0.9880952380952382;1;0.02299559378373406;1
2950;1786616765;0;2803.980842911877;3.646218659003831;52.02487927203066;610.0682174229886;2.175635363984665;58.494124749026;584.94124749026;-0.02560177059765362;-3.233088582375477;0.07204168582375302;544338.4379939014;5764002.459451944;32;60728;48.23969505216442;1.582740295214122;364.7994318413921;200.106063007379;35.9641511497462;582.2030585608714;198.7923604051449;39.0098792925322;6.5;32;-1;;50;;;0;288.15;350;200.1060440637396;50;1;;;;;;5.10830499573487;5.10830499573487;0;0;27244.29331058597;0;169.3328977956928;169.3328977956928;12;12;250;85.21932590105724;-0.01224882139133442;31.9259514387698;27;0.9;0.71248432;93.67030630119978;4.454318910137431;36.39251917029856;27;0.9;0.71248432;127;0.07493761414823862;712484.32;1;1;1;0.02299559378373408;1;0.07464028329540414;712484.319999997;0.9881656804733728;1;0.02299559378373406;1;0.07493761414823862;712484.32;1;1;1;0.02299559378373408;1;0.07464028329540414;712484.319999997;0.9881656804733728;1;0.02299559378373406;1
2960;1786616775;0;2813.455938697321;3.646851915708813;52.03012532567052;610.0565875448276;2.1615006896551;58.42734231476112;584.2734231476112;-0.1015828704191977;-3.235639808429117;0.08490865900380238;544376.693631034;5764586.320544602;32;60728;48.5251227426962;2.425594311260134;364.8654036512944;193.0572328829105;39.28379623003353;545.271839872459;191.6207815975428;42.4400526647438;6.5;32;-1;;50;;;0;288.15;350;192.2722890672961;50;1;;;;;;4.738123905789438;4.738123905789438;0;0;25269.99416421034;0;168.76366953234;168.76366953234;12;12;250;86.15873525435546;0.6721067849037682;32.6103070450649;27;0.9;0.71248432;94.60971565449802;4.71495753777242;36.65315779793355;27;0.9;0.71248432;127;0.07481442486277498;712484.32;1;1;1;0.02299559378373408;1;0.07464131985235276;712484.319999997;0.9882352941176472;1;0.02299559378373406;1;0.07481442486277498;712484.32;1;1;1;0.02299559378373408;1;0.07464131985235276;712484.319999997;0.9882352941176472;1;0.02299559378373406;1
2970;1786616785;0;2822.9;3.647493;52.035365;610.06337893;2.135097999999996;58.68951989859076;586.8951989859076;0.2109238347340723;-3.238162999999999;0.12390899999998818;544415.4820045772;5765169.478110224;32;60728;48.8036708099842;3.278305578051376;364.9298883306892;184.3167819833431;42.39840588268643;515.757894542268;182.207994247496;45.62990998529664;6.5;32;-1;;50;;;0;288.15;350;185.6763424080821;50;1;;;;;;4.449178095880356;4.449178095880356;0;0;23728.94984469523;0;168.2803258289109;168.2803258289109;12;12;250;86.9310247676936;1.203366823709644;33.14156708387078;27;0.9;0.71248432;95.38200516783616;4.900065219205988;36.83826547936712;27;0.9;0.71248432;127;0.07471597693807704;712484.32;1;1;1;0.02299559378373408;1;0.07464176161025646;712484.319999997;0.9883040935672514;1;0.02299559378373406;1;0.07471597693807704;712484.32;1;1;1;0.02299559378373408;1;0.07464176161025646;712484.319999997;0.9883040935672514;1;0.02299559378373406;1
2980;1786616795;0;2832.425925925926;3.648129814814815;52.04062851851852;610.054082751852;2.167032592592594;58.59551074274906;585.9551074274906;0.003682065462966268;-3.236140185185185;0.05372611111111032;544453.9432134972;5765755.28572326;32;60728;49.07519739705652;4.140837054230874;364.9928437129529;173.7680660406631;44.91209569930525;494.9957779586348;171.1427479420631;48.11969652745496;6.5;32;-1;;50;;;0;288.15;350;180.8465801163498;50;1;;;;;;4.249164836905465;4.249164836905465;0;0;22662.21246349582;0;167.9234380359684;167.9234380359684;12;12;250;87.48792581961106;1.567695891348533;33.50589615150966;27;0.9;0.71248432;95.93890621975362;5.01861216611876;36.95681242627989;27;0.9;0.71248432;127;0.07464672197175086;712484.32;1;1;1;0.02299559378373408;1;0.07464179078885348;712484.319999997;0.9883720930232558;1;0.02299559378373406;1;0.07464672197175086;712484.32;1;1;1;0.02299559378373408;1;0.07464179078885348;712484.319999997;0.9883720930232558;1;0.02299559378373406;1
2990;1786616805;0;2841.915708812261;3.648764942528736;52.04588363984674;610.0539799136554;2.140361264367816;58.3784168370096;583.784168370096;-0.1762940017988144;-3.238787279693487;0.09875681992337148;544492.2864009316;5766340.159255062;32;60728;49.33956041830442;5.013136569765;365.0542287106973;161.7156426621531;46.3654273595716;484.1126545064248;158.5814808857776;49.42781711986632;6.5;32;-1;;50;;;0;288.15;350;178.2429660994297;50;1;;;;;;4.145045597740719;4.145045597740719;0;0;22106.90985461717;0;167.7303368442173;167.7303368442173;12;12;250;87.78514625052692;1.755442860846619;33.69364312100775;27;0.9;0.71248432;96.23612665066946;5.077109297012554;37.01530955717368;27;0.9;0.71248432;127;0.0746104197794782;712484.32;1;1;1;0.02299559378373408;1;0.0746416073326583;712484.319999997;0.9884393063583816;1;0.02299559378373406;1;0.0746104197794782;712484.32;1;1;1;0.02299559378373408;1;0.0746416073326583;712484.319999997;0.9884393063583816;1;0.02299559378373406;1
3000;1786616815;0;2851.390804597698;3.649407356321839;52.05111885057472;610.0582698892874;2.15677885057482;58.598401130672;585.98401130672;0.0799599656777364;-3.239538160919542;0.06682701149420174;544531.1384759818;5766922.823580058;32;60728;49.59661473994596;5.895125461250148;365.114002624613;149.0344465717971;46.4230573660783;483.7764102923932;144.8543372189266;49.14137640053934;6.5;32;-1;;50;;;0;288.15;350;178.1424715852904;50;1;;;;;;4.141076400291425;4.141076400291425;0;0;22085.74080155427;0;167.7243018958782;167.7243018958782;12;12;250;87.79515039631526;1.761679654461075;33.6998799146222;27;0.9;0.71248432;96.2461307964578;5.079022732579158;37.01722299274029;27;0.9;0.71248432;127;0.074609298189508;712484.32;1;1;1;0.02299559378373408;1;0.07464141948880278;712484.319999997;0.9885057471264368;1;0.02299559378373406;1;0.074609298189508;712484.32;1;1;1;0.02299559378373408;1;0.07464141948880278;712484.319999997;0.9885057471264368;1;0.02299559378373406;1
3010;1786616825;0;2860.90038314176;3.650043026819923;52.05637421455938;610.053536523157;2.173061111111067;58.57996344055744;585.7996344055744;-0.02395241927369968;-3.241934137931034;0.07914103448277298;544569.497421174;5767507.726142204;32;60728;49.84621882137304;6.78671899827394;365.1721266470377;136.9017492629063;45.07139794166604;494.011574549407;132.3594972672139;47.36344317682222;6.5;32;-1;;50;;;0;288.15;350;180.5546061191711;50;1;;;;;;4.237363676011493;4.237363676011493;0;0;22599.27293872797;0;167.9061506315942;167.9061506315942;12;12;250;87.5170143848792;1.58627883527345;33.52447909543458;27;0.9;0.71248432;95.96799478502174;5.024479930183988;36.96268019034512;27;0.9;0.71248432;127;0.07464343902255396;712484.32;1;1;1;0.02299559378373408;1;0.07464143116240828;712484.319999997;0.9885714285714286;1;0.02299559378373406;1;0.07464343902255396;712484.32;1;1;1;0.02299559378373408;1;0.07464143116240828;712484.319999997;0.9885714285714286;1;0.02299559378373406;1
3020;1786616835;0;2870.396296296297;3.650677740740741;52.06162796296296;610.0567779108594;2.15308025925926;58.61313414248844;586.1313414248844;-0.1401194005144259;-3.246044185185184;0.10535403703702342;544607.7818159258;5768092.449339862;32;60728;50.08823166252014;7.68781543111222;365.2285631120031;126.22888758208674;42.62840367600681;514.1846910119086;121.68254339404788;44.48308621096358;6.5;32;-1;;50;;;0;288.15;350;185.2166414357846;50;1;;;;;;4.429739039449914;4.429739039449914;0;0;23625.27487706621;0;168.2537909850044;168.2537909850044;12;12;250;86.97699866803064;1.234051548323805;33.17225180848493;27;0.9;0.71248432;95.42797906817318;4.91030929539332;36.84850955555445;27;0.9;0.71248432;127;0.07471072929595536;712484.32;1;1;1;0.02299559378373408;1;0.0746418294275436;712484.319999997;0.9886363636363636;1;0.02299559378373406;1;0.07471072929595536;712484.32;1;1;1;0.02299559378373408;1;0.0746418294275436;712484.319999997;0.9886363636363636;1;0.02299559378373406;1
3030;1786616845;0;2879.916666666668;3.651324166666667;52.06688416666668;610.0573691833334;2.17893500000001;58.31956228652192;583.1956228652192;0.1699749011064036;-3.243374166666668;0.06913916666666646;544646.8559600334;5768677.453624978;32;60728;50.32251030456944;8.598284383786194;365.2832748641668;117.35982814659202;39.55210707384439;543.1869043064884;112.5238355425487;40.92314818857602;6.5;32;-1;;50;;;0;288.15;350;191.676173673069;50;1;;;;;;4.711205435699902;4.711205435699902;0;0;25126.42899039948;0;168.7303939626888;168.7303939626888;12;12;250;86.2189292940962;0.714563415859506;32.65276367602064;27;0.9;0.71248432;94.66990969423876;4.730295870441702;36.66849613060284;27;0.9;0.71248432;127;0.07480747026631888;712484.32;1;1;1;0.02299559378373408;1;0.07464277594662232;712484.3199999968;0.9887005649717514;1;0.02299559378373406;1;0.07480747026631888;712484.32;1;1;1;0.02299559378373408;1;0.07464277594662232;712484.3199999968;0.9887005649717514;1;0.02299559378373406;1
3040;1786616855;0;2889.394636015327;3.65198735632184;52.07211310344828;609.443355030804;3.167750766284601;58.62700385485502;586.2700385485502;-0.7704741692143336;-3.367756551724405;15.182822681995476;544687.095507586;5769259.436377726;32;60728;50.54891597300242;9.517988097728676;365.3362266408713;110.19881357524668;36.24616965346999;579.6899584466908;109.94071275434588;51.69443861454324;6.5;32;-1;;50;;;0;288.15;350;199.4067373867474;50;1;;;;;;5.073946559925316;5.073946559925316;0;0;27061.04831960169;0;169.2953236921191;169.2953236921191;12;12;250;85.29125844044054;0.04155382289712553;31.97975408305826;27;0.9;0.71248432;93.7422388405831;4.475735256217736;36.41393551637887;27;0.9;0.71248432;127;0.07492923134858134;712484.32;1;1;1;0.02299559378373408;1;0.07464440353413344;712484.3199999968;0.9887640449438202;1;0.02299559378373406;1;0.07492923134858134;712484.32;1;1;1;0.02299559378373408;1;0.07464440353413344;712484.3199999968;0.9887640449438202;1;0.02299559378373406;1
3050;1786616865;0;2898.904214559386;3.655101149425287;52.07702593869732;601.9873884291196;31.7012496551675;58.55539466725036;585.5539466725036;-1.0347675532334792;-2.215390076628539;17.50823758620685;544895.5836946162;5769807.774444066;32;60728;50.76731132641044;10.446770268150696;365.3873843780803;104.46882216047326;32.99061326638319;622.2293836600742;67.23127944162748;48.8145148137232;6.5;32;-1;;50;;;0;288.15;350;207.8773670425584;50;1;;;;;;5.509625391917094;5.509625391917094;0;0;29384.66875689116;0;169.9104184634426;169.9104184634426;12;12;250;84.24048483712518;-0.7658329012374924;31.17236735892364;27;0.9;0.71248432;92.69146523726772;4.137383181331832;36.07558344149296;27;0.9;0.71248432;127;0.07507112759739684;712484.32;1;1;1;0.02299559378373408;1;0.07464681440454736;712484.3199999968;0.9888268156424582;1;0.02299559378373406;1;0.07507112759739684;712484.32;1;1;1;0.02299559378373408;1;0.07464681440454736;712484.3199999968;0.9888268156424582;1;0.02299559378373406;1
3060;1786616875;0;2908.413793103446;3.661653448275861;52.08041931034482;600.3883711862072;60.22856862068358;58.25729347289024;582.5729347289024;-0.8383438896214432;-1.867884137931036;17.49464724137936;545341.1845165606;5770189.264340428;32;60402;53.31194218178978;3.782007449431654;365.8164907557375;3.349614100935866;67.9221689856747;386.1785055195598;292.7058098756064;51.54484556537048;6.5;15;-1;;50;;;0;288.15;350;152.6960581941185;50;1;;;;;;3.237383995118385;3.237383995118385;0;0;17266.04797396472;0;165.7671700933797;165.7671700933797;12;12;250;90.6559746039868;3.314825411017329;35.25302567117846;27;0.9;0.71248432;99.10695500412936;5.499108608213512;37.43730886837465;27;0.9;0.71248432;127;0.07428374662152014;712484.32;1;1;1;0.02299559378373408;1;0.07464477469790114;712484.3199999968;0.988888888888889;1;0.02299559378373406;1;0.07428374662152014;712484.32;1;1;1;0.02299559378373408;1;0.07464477469790114;712484.3199999968;0.988888888888889;1;0.02299559378373406;1
3070;1786616885;0;2917.957854406129;3.670002068965516;52.08148042145594;600.0796846670498;88.67640977010948;58.02878866511966;580.2878866511966;-0.9871590905588164;-1.876653524904203;17.41639984674333;545912.1961891092;5770312.528652136;32;60402;53.31238436705156;4.832488738891778;365.8143848159971;29.38121934437651;64.95844793674466;394.4320951606174;292.3571750773451;48.52569047900526;6.5;15;-1;;50;;;0;288.15;350;154.9805500303539;50;1;;;;;;3.31125441362341;3.31125441362341;0;0;17660.02353932486;0;165.9508530726836;165.9508530726836;12;12;250;90.39842120617792;3.194159000850018;35.13235926101115;27;0.9;0.71248432;98.84940160632046;5.47029996971226;37.40850022987339;27;0.9;0.71248432;127;0.07431127763312772;712484.32;1;1;1;0.02299559378373408;1;0.07464291158580742;712484.3199999968;0.988950276243094;1;0.02299559378373406;1;0.07431127763312772;712484.32;1;1;1;0.02299559378373408;1;0.07464291158580742;712484.3199999968;0.988950276243094;1;0.02299559378373406;1
3080;1786616895;0;2927.432950191569;3.678127701149424;52.07996444444444;600.0763431091954;117.18787643677558;58.13557520852678;581.3557520852678;-1.137426801041995;-1.888036896551729;17.37776199233719;546470.5769700812;5770149.085922692;32;60402;53.3028414674435;5.882734542437278;365.8100898639859;46.73013108364158;59.06920114068426;415.0736984772714;286.383063135635;41.97900298473784;6.5;15;-1;;50;;;0;288.15;350;160.5667734935414;50;1;;;;;;3.497364663315822;3.497364663315822;0;0;18652.61153768438;0;166.3939124385402;166.3939124385402;12;12;250;89.7692515906289;2.883354823530612;34.82155508369174;27;0.9;0.71248432;98.22023199077146;5.393249099503428;37.33144935966456;27;0.9;0.71248432;127;0.0743801306104653;712484.32;1;1;1;0.02299559378373408;1;0.07464145169149998;712484.3199999968;0.989010989010989;1;0.02299559378373406;1;0.0743801306104653;712484.32;1;1;1;0.02299559378373408;1;0.07464145169149998;712484.3199999968;0.989010989010989;1;0.02299559378373406;1
3090;1786616905;0;2936.942528735634;3.684092988505748;52.07623701149426;600.1901955535178;145.5917477011543;58.03244264110784;580.3244264110784;-0.5747098976660828;-1.876354022988444;13.552088160914308;546883.2649048084;5769738.34548566;32;60402;53.28332134008052;6.932240848187096;365.8036075754126;57.26837409266034;52.443975782644;446.4495050423651;273.6709510330097;38.81352060349584;6.5;15;-1;;50;;;0;288.15;350;168.722536023513;50;1;;;;;;3.784258371164044;3.784258371164044;0;0;20182.7113128749;0;167.0268550592161;167.0268550592161;12;12;250;88.84941526210472;2.3880596823693;34.32625994253043;27;0.9;0.71248432;97.30039566224726;5.261678035948464;37.19987829610959;27;0.9;0.71248432;127;0.07448478903574528;712484.32;1;1;1;0.02299559378373408;1;0.07464058615196542;712484.3199999968;0.9890710382513662;1;0.02299559378373406;1;0.07448478903574528;712484.32;1;1;1;0.02299559378373408;1;0.07464058615196542;712484.3199999968;0.9890710382513662;1;0.02299559378373406;1
3100;1786616915;0;2946.452107279695;3.687906321839081;52.07157394636016;607.1369798390814;152.1803250574714;57.73860624311166;577.3860624311164;0.02376885426045399;-2.967791072796979;0.1518613793100754;547149.514887915;5769222.17703525;32;60402;53.2538398686647;7.980506080087464;365.7949410518122;63.93088484796954;46.17514604077896;486.5086473452388;274.7926898248074;45.85462289255062;6.5;15;-1;;50;;;0;288.15;350;178.5762481967598;50;1;;;;;;4.158235152040436;4.158235152040436;0;0;22177.25414421566;0;167.7732194218069;167.7732194218069;12;12;250;87.72907411863754;1.720386296311733;33.65858655647286;27;0.9;0.71248432;96.18005451878008;5.066318530020614;37.00451879018174;27;0.9;0.71248432;127;0.074618411951312;712484.32;1;1;1;0.02299559378373408;1;0.0746404643156981;712484.3199999968;0.9891304347826086;1;0.02299559378373406;1;0.074618411951312;712484.32;1;1;1;0.02299559378373408;1;0.0746404643156981;712484.3199999968;0.9891304347826086;1;0.02299559378373406;1
3110;1786616925;0;2955.927203065134;3.691571609195403;52.06689567049808;609.3018906615786;152.2323596168583;58.04393439893564;580.4393439893564;-0.3191223259346757;-3.231719731800759;-0.010212873563222434;547405.686865265;5768704.23449361;32;60402;53.21442143502838;9.02702011981658;365.7840949631646;68.4183580517315;40.6353953030667;533.2292489807284;279.233354083835;40.20281057434477;6.5;15;-1;;50;;;0;288.15;350;189.3236839173822;50;1;;;;;;4.606574407343438;4.606574407343438;0;0;24568.396839165;0;168.5696874138816;168.5696874138816;12;12;250;86.4842668712599;0.8996279567993516;32.83782821696048;27;0.9;0.71248432;94.93524727140246;4.796040630084542;36.73424089024568;27;0.9;0.71248432;127;0.07477425510342854;712484.32;1;1;1;0.02299559378373408;1;0.07464119541289882;712484.3199999968;0.9891891891891892;1;0.02299559378373406;1;0.07477425510342854;712484.32;1;1;1;0.02299559378373408;1;0.07464119541289882;712484.3199999968;0.9891891891891892;1;0.02299559378373406;1
3120;1786616935;0;2965.471264367815;3.695243793103448;52.06218908045978;609.8438738183908;152.196793908046;58.30627561110714;583.0627561110714;0.110695015141907;-3.270702068965518;0.04645839080460602;547662.4140221254;5768183.160626748;32;60402;53.16509810997236;10.071291242443176;365.771075336339;71.61573505694048;35.86258813051299;585.0085011153438;281.6021920357657;35.22309407600819;6.5;15;-1;;50;;;0;288.15;350;200.3594587063248;50;1;;;;;;5.12082320562443;5.12082320562443;0;0;27311.05709666363;0;169.3746516853567;169.3746516853567;12;12;250;85.16505380150378;-0.05299031281071054;31.88520994735042;27;0.9;0.71248432;93.61603420164632;4.437995237222074;36.3761954973832;27;0.9;0.71248432;127;0.07494697209731174;712484.32;1;1;1;0.02299559378373408;1;0.0746428572427054;712484.3199999968;0.989247311827957;1;0.02299559378373406;1;0.07494697209731174;712484.32;1;1;1;0.02299559378373408;1;0.0746428572427054;712484.3199999968;0.989247311827957;1;0.02299559378373406;1
3130;1786616945;0;2975.015325670501;3.698935977011495;52.05746233716476;609.996703521456;152.1590067049809;58.42492695102032;584.2492695102032;0.04258050883513644;-3.269659885057477;0.10494727969349806;547920.5864044644;5767659.871775446;32;60402;53.10590970094612;11.112835004989282;365.7558896172605;74.00027921006658;31.77957816160769;640.6144340702158;283.7321297677604;30.95446261389478;6.5;15;-1;;50;;;0;288.15;350;211.2555782532093;50;1;;;;;;5.696352119945668;5.696352119945668;0;0;30380.54463971023;0;170.1633425386153;170.1633425386153;12;12;250;83.80083403392394;-1.11652927017441;30.82167098998672;27;0.9;0.71248432;92.25181443406648;3.978944353617515;35.91714461377865;27;0.9;0.71248432;127;0.07513245352444916;712484.32;1;1;1;0.02299559378373408;1;0.0746455037090932;712484.3199999968;0.9893048128342246;1;0.02299559378373406;1;0.07513245352444916;712484.32;1;1;1;0.02299559378373408;1;0.0746455037090932;712484.3199999968;0.9893048128342246;1;0.02299559378373406;1
3140;1786616955;0;2984.490421455939;3.702631264367817;52.05272478927204;610.0269985358164;152.1877421839081;58.33293451558144;583.3293451558144;0.07542297717343174;-3.261444061302682;0.04670099616858228;548179.0364071606;5767135.396795092;32;61246;49.51928160969278;3.482895433715026;364.8423701321117;183.2320447398331;49.70671808126956;461.2876965801344;29.0918720324902;46.90588041118386;6.5;51;-1;;50;;;0;288.15;350;172.7479909906896;50;1;;;;;;3.933166779158578;3.933166779158578;0;0;20976.88948884575;0;167.3108455689005;167.3108455689005;12;12;250;88.41651634442588;2.138330449376353;34.07653070953748;27;0.9;0.71248432;96.86749674456842;5.191087711980782;37.12928797214191;27;0.9;0.71248432;127;0.074534283915092;712484.32;1;1;1;0.02299559378373408;1;0.07464490575321148;712484.3199999966;0.9893617021276596;1;0.02299559378373406;1;0.074534283915092;712484.32;1;1;1;0.02299559378373408;1;0.07464490575321148;712484.3199999966;0.9893617021276596;1;0.02299559378373406;1
3150;1786616965;0;2993.966666666666;3.706327;52.04799666666668;610.0385150476002;152.1576073333334;58.60082725122326;586.0082725122326;0.001597103233338084;-3.259922333333334;0.09920999999999852;548437.560004644;5766611.983886406;32;61246;49.25991230519406;4.361976195700151;364.782440511136;171.2441729119661;46.58236063868178;482.1789271559994;17.95586157892255;43.52252523193682;6.5;51;-1;;50;;;0;288.15;350;177.8657546749335;50;1;;;;;;4.130165716847786;4.130165716847786;0;0;22027.55048985486;0;167.6955726693117;167.6955726693117;12;12;250;87.83479030632538;1.786338769050422;33.72453902921155;27;0.9;0.71248432;96.28577070646792;5.08656945985889;37.02476972002002;27;0.9;0.71248432;127;0.07460396955933816;712484.32;1;1;1;0.02299559378373408;1;0.0746446868430838;712484.3199999966;0.9894179894179894;1;0.02299559378373406;1;0.07460396955933816;712484.32;1;1;1;0.02299559378373408;1;0.0746446868430838;712484.3199999966;0.9894179894179894;1;0.02299559378373406;1
3160;1786616975;0;3003.509578544062;3.710033831417625;52.04324521072798;610.0461830915864;152.172804559387;58.56946284168558;585.6946284168558;-0.0804694257564659;-3.258110804597701;0.06778532567049828;548696.9232672514;5766085.996789634;32;61246;48.99327730733362;5.231340778649338;364.7209445906219;161.7708574492885;42.75807204778643;512.331672150061;9.155891980216664;39.55489635184238;6.5;51;-1;;50;;;0;288.15;350;184.9590806374036;50;1;;;;;;4.41888565596372;4.41888565596372;0;0;23567.39016513984;0;168.2224322353706;168.2224322353706;12;12;250;87.0192108011506;1.262130240570303;33.20033050073143;27;0.9;0.71248432;95.47019120129314;4.919641149543766;36.8578414097049;27;0.9;0.71248432;127;0.074704548290355;712484.32;1;1;1;0.02299559378373408;1;0.07464500525503738;712484.3199999966;0.9894736842105262;1;0.02299559378373406;1;0.074704548290355;712484.32;1;1;1;0.02299559378373408;1;0.07464500525503738;712484.3199999966;0.9894736842105262;1;0.02299559378373406;1
3170;1786616985;0;3013.051851851852;3.713730740740741;52.03849407407408;610.0428088125928;152.1897168888889;58.40748176151416;584.0748176151416;0.3475046960602008;-3.259598740740741;0.08071511111110846;548955.659009503;5765560.052084132;32;61246;48.71952188943038;6.090915550957444;364.6579233834628;154.4731978696085;38.77780691467312;550.2235799250408;1.796694763848813;35.52256050148597;6.5;51;-1;;50;;;0;288.15;350;193.4112122497357;50;1;;;;;;4.790022240199972;4.790022240199972;0;0;25546.78528106652;0;168.8421921071623;168.8421921071623;12;12;250;86.02831434512266;0.5795252345927348;32.51772549475386;27;0.9;0.71248432;94.4792947452652;4.68117761175681;36.61937787191794;27;0.9;0.71248432;127;0.07483094208967792;712484.32;1;1;1;0.02299559378373408;1;0.07464598904781326;712484.3199999968;0.9895287958115184;1;0.02299559378373406;1;0.07483094208967792;712484.32;1;1;1;0.02299559378373408;1;0.07464598904781326;712484.3199999968;0.9895287958115184;1;0.02299559378373406;1
3180;1786616995;0;3022.528735632186;3.717431494252875;52.03376034482758;610.0461921988506;152.1751411494253;58.66153317243516;586.6153317243516;-0.004663533253192048;-3.263558620689653;0.10714977011489554;549214.6928325958;5765036.059618442;32;61246;48.43878817155802;6.940653144956924;364.5934182785832;148.8520223413229;34.96051911966642;594.3735656440992;356.7374674190333;31.69619245989949;6.5;51;-1;;50;;;0;288.15;350;202.6471360928767;50;1;;;;;;5.235493857346464;5.235493857346464;0;0;27922.63390584781;0;169.5125978675031;169.5125978675031;12;12;250;84.9124369676353;-0.244279484062081;31.69392077609905;27;0.9;0.71248432;93.36341736777786;4.360121510207816;36.29832177036895;27;0.9;0.71248432;127;0.07497821059007182;712484.32;1;1;1;0.02299559378373408;1;0.0746477375822462;712484.3199999966;0.9895833333333334;1;0.02299559378373406;1;0.07497821059007182;712484.32;1;1;1;0.02299559378373408;1;0.0746477375822462;712484.3199999966;0.9895833333333334;1;0.02299559378373406;1
3190;1786617005;0;3032.003831417622;3.720980957854405;52.02895796934866;606.7281312143346;157.8568569348561;58.64641682807052;586.4641682807052;-1.093586579977333;-3.616765747128383;18.33053088122722;549463.4762778834;5764504.342774006;32;61246;48.15121797273256;7.780521119708214;364.527471734009;144.4685216760586;31.45130874938399;643.4891539410994;339.7126391597261;22.78463770730424;0;51;-1;;50;;;0;288.15;350;212.1929245210463;50;1;;;;;;5.749618122861898;5.749618122861898;0;0;30664.62998859679;0;170.2022327675437;170.2022327675437;12;12;250;77.20867780207934;-6.994328465785666;24.94387179437546;27;0.9;0.71248432;85.6596582022219;0.3135274659078179;32.25172772606895;27;0.9;0.71248432;127;0.07514204255777596;712484.32;1;1;1;0.02299559378373408;1;0.07465032556641126;712484.3199999966;0.9896373056994818;1;0.02299559378373406;1;0.07514204255777596;712484.32;1;1;1;0.02299559378373408;1;0.07465032556641126;712484.3199999966;0.9896373056994818;1;0.02299559378373406;1
3200;1786617015;0;3041.478927203066;3.721453793103448;52.0236918007663;601.292822775862;187.119714865903;58.53858174063092;585.3858174063092;-0.9628594127892492;-1.939133103448185;17.565850651341;549501.7291210638;5763918.955028884;32;62230;51.55514473425784;359.2593166825082;364.9826231196085;262.1465805717625;46.7352645405917;481.3689489474734;65.40000213681402;62.77063249070654;6.5;104;-1;;50;;;0;288.15;350;177.6016326562494;50;1;;;;;;4.119777143477867;4.119777143477867;0;0;21972.14476521529;0;167.6809695900872;167.6809695900872;12;12;250;87.8597819589198;1.801841769733287;33.74004202989442;27;0.9;0.71248432;96.31076235906236;5.091298819297236;37.02949907945836;27;0.9;0.71248432;127;0.07460126776285558;712484.32;1;1;1;0.02299559378373408;1;0.07465007005701774;712484.3199999966;0.9896907216494846;1;0.02299559378373406;1;0.07460126776285558;712484.32;1;1;1;0.02299559378373408;1;0.07465007005701774;712484.3199999966;0.9896907216494846;1;0.02299559378373406;1
3210;1786617025;0;3050.954022988507;3.717942528735631;52.0188911494253;603.3314492379326;210.9994003448286;58.23782936216554;582.3782936216554;0.002014268919772818;-2.058616091954357;2.778533678158296;549266.0847796618;5763382.635540462;32;62230;51.73165278446646;0.2304241571474239;365.0221495643409;263.7937018361781;54.10443760895928;436.7140528614081;48.13100193437152;54.93770337238398;6.5;104;-1;;50;;;0;288.15;350;166.4755259930983;50;1;;;;;;3.703305698579682;3.703305698579682;0;0;19750.9637257583;0;166.8353514858181;166.8353514858181;12;12;250;89.12187150808708;2.539804821823459;34.47800508198459;27;0.9;0.71248432;97.57285190822964;5.30316254871722;37.24136280887835;27;0.9;0.71248432;127;0.07445231506276442;712484.32;1;1;1;0.02299559378373408;1;0.07464904541974182;712484.3199999966;0.9897435897435898;1;0.02299559378373406;1;0.07445231506276442;712484.32;1;1;1;0.02299559378373408;1;0.07464904541974182;712484.3199999966;0.9897435897435898;1;0.02299559378373406;1
3220;1786617035;0;3060.463601532568;3.713178199233716;52.01455137931036;608.3388259521076;212.2199709195402;57.93426946107932;579.3426946107934;-0.10500043287718404;-3.127456896551772;-0.012186283524886996;548943.8904145252;5762896.74304962;32;62230;51.89937185883386;1.209248150128954;365.0597485862354;266.7281323595346;62.88025604276712;400.2044135348169;49.98648720276632;60.9562198187658;6.5;104;-1;;50;;;0;288.15;350;156.787163497653;50;1;;;;;;3.370575297961942;3.370575297961942;0;0;17976.40158913036;0;166.077045619107;166.077045619107;12;12;250;90.212907775416;3.104884696861054;35.04308495702218;27;0.9;0.71248432;98.66388817555856;5.448591559541058;37.38679181970219;27;0.9;0.71248432;127;0.07433053201468456;712484.32;1;1;1;0.02299559378373408;1;0.07464740359806626;712484.3199999966;0.989795918367347;1;0.02299559378373406;1;0.07433053201468456;712484.32;1;1;1;0.02299559378373408;1;0.07464740359806626;712484.3199999966;0.989795918367347;1;0.02299559378373406;1
3230;1786617045;0;3069.904214559388;3.708417892720306;52.01024310344828;609.5902608809198;212.1834389272031;58.27551601117234;582.7551601117234;0.015460925118804266;-3.26012360153257;0.0554691954023122;548621.8745072432;5762414.377888476;32;62230;52.05818272221978;2.195483412496256;365.0953949156219;273.537657637564;72.92658815236868;374.3054427622507;52.78552966642518;71.195348068295;6.5;104;-1;;50;;;0;288.15;350;149.5703924400998;50;1;;;;;;3.138307202111734;3.138307202111734;0;0;16737.63841126258;0;165.4959309872577;165.4959309872577;12;12;250;91.02629050311546;3.481676504904239;35.41987676506537;27;0.9;0.71248432;99.47727090325802;5.537949041545862;37.47614930170699;27;0.9;0.71248432;127;0.07424414234716142;712484.32;1;1;1;0.02299559378373408;1;0.07464533559165136;712484.3199999966;0.9898477157360406;1;0.02299559378373406;1;0.07424414234716142;712484.32;1;1;1;0.02299559378373408;1;0.07464533559165136;712484.3199999966;0.9898477157360406;1;0.02299559378373406;1
3240;1786617055;0;3079.37931034483;3.703630344827585;52.00590931034482;609.9229226758622;212.1853862068965;58.38875236913708;583.8875236913708;-0.11423473075821486;-3.277136551724136;0.04883448275865176;548297.9530291102;5761929.17807483;32;62230;52.20797253099748;3.188816964461255;365.1290650884385;302.721159685184;82.97013533215616;361.3083534422715;65.51427280637502;82.32553340528866;6.5;104;-1;;50;;;0;288.15;350;145.8326942936794;50;1;;;;;;3.022723340765127;3.022723340765127;0;0;16121.191150747344;0;165.1889681941213;165.1889681941213;12;12;250;91.44883715759844;3.662564708982474;35.60076496914361;27;0.9;0.71248432;99.89981755774098;5.578777810120368;37.5169780702815;27;0.9;0.71248432;127;0.07420078872376914;712484.32;1;1;1;0.02299559378373408;1;0.07464306749538666;712484.3199999966;0.98989898989899;1;0.02299559378373406;1;0.07420078872376914;712484.32;1;1;1;0.02299559378373408;1;0.07464306749538666;712484.3199999966;0.98989898989899;1;0.02299559378373406;1
3250;1786617065;0;3088.854406130266;3.698834252873565;52.00156697318008;610.0050120201994;212.1934154022988;58.63021002961626;586.3021002961626;-0.013986016566969974;-3.276354367816092;0.0738083908046008;547973.3903878354;5761443.04379881;32;62230;52.34863300547504;4.188916750184999;365.1607369692138;40.76562308933176;81.42496987611126;362.6054757431371;194.5545748522479;84.62432170257524;6.5;104;-1;;50;;;0;288.15;350;146.1989621053586;50;1;;;;;;3.033914750650618;3.033914750650618;0;0;16180.878670136628;0;165.2200953055421;165.2200953055421;12;12;250;91.40651863629216;3.644901182387863;35.583101442549;27;0.9;0.71248432;99.85749903643472;5.574848758859364;37.51304901902049;27;0.9;0.71248432;127;0.07420511545803564;712484.32;1;1;1;0.02299559378373408;1;0.07464084438859808;712484.3199999966;0.9899497487437186;1;0.02299559378373406;1;0.07420511545803564;712484.32;1;1;1;0.02299559378373408;1;0.07464084438859808;712484.3199999966;0.9899497487437186;1;0.02299559378373406;1
3260;1786617075;0;3098.329501915711;3.693998659003831;51.99721513409962;597.00808857854;212.23738743295;61.3022523921779;613.022523921779;-0.000232655904214558;-5.35433141762397;-0.03709544061299525;547646.0617306012;5760955.848832952;32;62230;52.48005925082286;5.195419892610724;365.1903894164125;61.7577460408554;71.11002397549514;378.0501442521171;219.5809892406438;75.55914174946224;6.5;104;-1;;50;;;0;288.15;350;150.6024334322351;50;1;;;;;;3.170771358997343;3.170771358997343;0;0;16910.78058131916;0;165.5823963050652;165.5823963050652;12;12;250;90.90736102842232;3.428942737789409;35.36714299795054;27;0.9;0.71248432;99.35834142856488;5.525796989452068;37.4639972496132;27;0.9;0.71248432;127;0.07425663332680396;712484.32;1;1;1;0.02299559378373408;1;0.07463890392869002;712484.3199999966;0.99;1;0.02299559378373406;1;0.07425663332680396;712484.32;1;1;1;0.02299559378373408;1;0.07463890392869002;712484.3199999966;0.99;1;0.02299559378373406;1
3270;1786617085;0;3107.844444444447;3.688964;51.99265622222222;569.819080091282;211.5095588888885;64.1017574124031;641.0175741240312;0.002382221755527614;-7.88825600000261;0.938746444444816;547305.2187504754;5760445.51608878;32;62230;52.60215350146798;6.20795740782106;365.2180030582049;67.4674123757041;61.25504938686188;406.0394271690241;228.2714025333953;66.51277427810536;6.5;104;-1;;50;;;0;288.15;350;158.3230901263594;50;1;;;;;;3.421653271560449;3.421653271560449;0;0;18248.8174483224;0;166.2027722710586;166.2027722710586;12;12;250;90.03610314986588;3.017959033619761;34.95615929378089;27;0.9;0.71248432;98.48708355000844;5.427128057959782;37.36532831812091;27;0.9;0.71248432;127;0.0743499955251182;712484.32;1;1;1;0.02299559378373408;1;0.07463745212766706;712484.3199999966;0.9900497512437812;1;0.02299559378373406;1;0.0743499955251182;712484.32;1;1;1;0.02299559378373408;1;0.07463745212766706;712484.3199999966;0.9900497512437812;1;0.02299559378373406;1
3280;1786617095;0;3117.314176245209;3.683690919540232;51.9878929118774;516.8889317582506;211.4785199233717;66.23260593247588;662.3260593247588;-0.12015252589071668;-7.02394720306537;1.426308927203116;546948.1470417626;5759912.319402704;32;62230;52.71482359302848;7.226142929518856;365.243559883651;70.07418601139876;52.72783868396636;444.2158828618579;227.0853145811401;56.91768247510094;6.5;104;-1;;50;;;0;288.15;350;168.3282485476412;50;1;;;;;;3.769943838949365;3.769943838949365;0;0;20106.36714106328;0;166.9832897951149;166.9832897951149;12;12;250;88.90729505842064;2.420648536691604;34.35884879685274;27;0.9;0.71248432;97.35827545856318;5.270676208050468;37.2088764682116;27;0.9;0.71248432;127;0.07447733847412872;712484.32;1;1;1;0.02299559378373408;1;0.07463665155939936;712484.3199999966;0.99009900990099;1;0.02299559378373406;1;0.07447733847412872;712484.32;1;1;1;0.02299559378373408;1;0.07463665155939936;712484.3199999966;0.99009900990099;1;0.02299559378373406;1
3290;1786617105;0;3126.823754789271;3.678242222222223;51.98297164750958;465.259563203839;211.3903755172414;67.11685524494248;671.1685524494248;-0.02767750406918153;-6.820215172413798;1.591914367816018;546579.1013856492;5759361.469218032;32;62230;52.8179820977846;8.249561112888894;365.2670429807495;71.56782913891018;45.58660169289312;490.2060620208466;226.6937890495959;49.45350223964734;6.5;104;-1;;50;;;0;288.15;350;179.6215084113778;50;1;;;;;;4.199862804451509;4.199862804451509;0;0;22399.26829040805;0;167.8389816938835;167.8389816938835;12;12;250;87.62168419414992;1.652773283634359;33.59097354379549;27;0.9;0.71248432;96.07266459429246;5.04533585032636;36.98353611048749;27;0.9;0.71248432;127;0.07463074519912042;712484.32;1;1;1;0.02299559378373408;1;0.07463662217452234;712484.3199999966;0.9901477832512316;1;0.02299559378373406;1;0.07463074519912042;712484.32;1;1;1;0.02299559378373408;1;0.07463662217452234;712484.3199999966;0.9901477832512316;1;0.02299559378373406;1
3300;1786617115;0;3136.333333333332;3.672716666666668;51.97798666666668;413.4927274826731;211.39248;67.43374105653422;674.3374105653422;-0.1649100743333532;-6.77337;1.567399999999961;546204.759930875;5758803.51183587;32;62230;52.91154935680904;9.27779313249151;365.2884371623259;72.54040733147854;39.66937814355974;542.0186060635888;226.5818389138704;43.46638720539952;6.5;104;-1;;50;;;0;288.15;350;191.4173185058545;50;1;;;;;;4.699568204711522;4.699568204711522;0;0;25064.36375846145;0;168.7116920423141;168.7116920423141;12;12;250;86.24926844545932;0.7358966647823846;32.67409692494351;27;0.9;0.71248432;94.70024884560186;4.737966826091202;36.67616708625233;27;0.9;0.71248432;127;0.07480357324285572;712484.32;1;1;1;0.02299559378373408;1;0.07463744866495964;712484.3199999964;0.9901960784313726;1;0.02299559378373406;1;0.07480357324285572;712484.32;1;1;1;0.02299559378373408;1;0.07463744866495964;712484.3199999964;0.9901960784313726;1;0.02299559378373406;1
3310;1786617125;0;3145.877394636015;3.667152337164752;51.97298375478928;361.5623296095855;211.5308048659002;67.65478241497372;676.5478241497374;-0.3273737087777719;-6.709698582375552;10.450412758609464;545827.6887386166;5758243.564465856;32;62230;52.9954522410236;10.310405507652398;365.3077286278376;73.22801799622398;34.75992571926212;598.1360621293646;230.587377409268;31.81687064683286;6.5;104;-1;;50;;;0;288.15;350;203.1649254261674;50;1;;;;;;5.26187387503604;5.26187387503604;0;0;28063.32733352554;0;169.567407886502;169.567407886502;12;12;250;84.8312469309469;-0.3063279161764954;31.63187234398463;27;0.9;0.71248432;93.28222733108944;4.334423856619566;36.27262411678069;27;0.9;0.71248432;127;0.07499076092742976;712484.32;1;1;1;0.02299559378373408;1;0.07463918911945458;712484.3199999964;0.9902439024390244;1;0.02299559378373406;1;0.07499076092742976;712484.32;1;1;1;0.02299559378373408;1;0.07463918911945458;712484.3199999964;0.9902439024390244;1;0.02299559378373406;1
3320;1786617135;0;3155.374074074073;3.659925851851853;51.96883655555556;293.7337296570441;235.362590333331;68.40753568263222;684.0753568263222;-0.6730017057669296;-6.45639748148168;15.317448777781838;545335.4808885936;5757777.782818102;32;62230;53.0696235870916;11.346938686132982;365.3249047757272;73.75477995856202;30.65124470301105;657.5202228481296;209.7492895210244;30.16767897010392;6.5;104;-1;;50;;;0;288.15;350;214.516280781395;50;1;;;;;;5.884533102189284;5.884533102189284;0;0;31384.17654500951;0;170.3895904354646;170.3895904354646;12;12;250;83.38640515483102;-1.453492721790133;30.484707538371;27;0.9;0.71248432;91.83738555497356;3.820081676572114;35.75828193673324;27;0.9;0.71248432;127;0.07518884516582232;712484.32;1;1;1;0.02299559378373408;1;0.07464188351183872;712484.3199999964;0.9902912621359224;1;0.02299559378373406;1;0.07518884516582232;712484.32;1;1;1;0.02299559378373408;1;0.07464188351183872;712484.3199999964;0.9902912621359224;1;0.02299559378373406;1
3330;1786617145;0;3164.896551724138;3.651016206896552;51.96605896551726;240.0334839551727;241.2141037931035;68.02785319739366;680.2785319739366;-0.1265558949218569;-6.703147931034484;2.067486551724146;544726.1788595436;5757463.341863052;32;62058;52.04306615482854;5.526662570670026;365.2328856524018;85.4548244790165;69.10715284241024;382.6209640102224;220.4171055992133;73.70799034644304;6.5;80;-1;;50;;;0;288.15;350;151.8748991588176;50;1;;;;;;3.211135352725557;3.211135352725557;0;0;17126.0552145363;0;165.6867833743055;165.6867833743055;12;12;250;90.7626099654538;3.363673275284411;35.30187353544554;27;0.9;0.71248432;99.21359036559636;5.510598345964006;37.44879860612514;27;0.9;0.71248432;127;0.07427187994037322;712484.32;1;1;1;0.02299559378373408;1;0.07464007861636816;712484.3199999964;0.9903381642512076;1;0.02299559378373406;1;0.07427187994037322;712484.32;1;1;1;0.02299559378373408;1;0.07464007861636816;712484.3199999964;0.9903381642512076;1;0.02299559378373406;1
3340;1786617155;0;3174.425925925926;3.642065370370371;51.96341074074074;188.1562187092596;241.3110140740741;67.36761895245866;673.6761895245866;-0.02206817132122052;-6.833731296296296;1.761648333333336;544113.843556797;5757163.339262146;32;62058;51.8834016147391;6.512135064045706;365.2003011419684;91.45163125146692;59.56677082085576;412.3990409175354;220.3548260832308;64.15178573066494;6.5;80;-1;;50;;;0;288.15;350;160.0376420369439;50;1;;;;;;3.479390227010662;3.479390227010662;0;0;18556.74787739019;0;166.3377610750312;166.3377610750312;12;12;250;89.84337739044302;2.92115618161402;34.85935644177515;27;0.9;0.71248432;98.29435779058556;5.402842878155588;37.34104313831672;27;0.9;0.71248432;127;0.07437120891317652;712484.32;1;1;1;0.02299559378373408;1;0.0746387734236342;712484.3199999964;0.9903846153846154;1;0.02299559378373406;1;0.07437120891317652;712484.32;1;1;1;0.02299559378373408;1;0.0746387734236342;712484.3199999964;0.9903846153846154;1;0.02299559378373406;1
3350;1786617165;0;3183.915708812264;3.633198390804594;51.9607927586207;138.1235099524764;241.588842911878;65.87256524407084;658.7256524407086;0.1513318058947474;-4.465486934860508;1.461064865899799;543507.1680411706;5756866.82585284;32;62058;51.71484194890322;7.490162833505316;365.1657239091965;94.35928933756582;51.32958336460234;451.9606349515394;217.627319684144;54.14524082551422;6.5;80;-1;;50;;;0;288.15;350;170.3119161538952;50;1;;;;;;3.842443754720534;3.842443754720534;0;0;20493.03335850952;0;167.1334203449121;167.1334203449121;12;12;250;88.6846645928523;2.294260978735727;34.23246123889686;27;0.9;0.71248432;97.13564499299486;5.23550526454793;37.17370552470906;27;0.9;0.71248432;127;0.074503172186362;712484.32;1;1;1;0.02299559378373408;1;0.07463811834519328;712484.3199999964;0.9904306220095694;1;0.02299559378373406;1;0.074503172186362;712484.32;1;1;1;0.02299559378373408;1;0.07463811834519328;712484.3199999964;0.9904306220095694;1;0.02299559378373406;1
3360;1786617175;0;3193.3908045977;3.624532183908048;51.9582283908046;113.3927031528769;241.5929505747127;64.32907036136644;643.2907036136644;-0.1723017154371365;-5.045437816091856;1.127974712643659;542914.1656795686;5756576.46811387;32;62058;51.53750471249278;8.460454379511034;365.1291784647001;96.07566630861128;44.43606712965606;498.9723835107698;218.7852552242876;47.80965013380628;6.5;80;-1;;50;;;0;288.15;350;181.7288950101013;50;1;;;;;;4.285022833711361;4.285022833711361;0;0;22853.45511312726;0;167.9929383330278;167.9929383330278;12;12;250;87.3825675257457;1.500013484503425;33.43821374466455;27;0.9;0.71248432;95.83354792588824;4.997095171905626;36.93529543206675;27;0.9;0.71248432;127;0.07465998650008044;712484.32;1;1;1;0.02299559378373408;1;0.07463822348055332;712484.3199999964;0.9904761904761906;1;0.02299559378373406;1;0.07465998650008044;712484.32;1;1;1;0.02299559378373408;1;0.07463822348055332;712484.3199999964;0.9904761904761906;1;0.02299559378373406;1
3370;1786617185;0;3202.934865900381;3.616067318007665;51.95572693486592;87.5161038777853;241.6191759386973;63.65578091696544;636.5578091696544;-0.07865981220666456;-5.232079157088086;1.094091762452034;542334.871533807;5756293.294908662;32;62058;51.35151356856536;9.422726279872542;365.0906911025368;97.21226387889166;38.71948898213153;551.5223183848966;219.1778047179903;42.21302962967428;6.5;80;-1;;50;;;0;288.15;350;193.543726377323;50;1;;;;;;4.796101106304438;4.796101106304438;0;0;25579.20590029034;0;168.8626699762852;168.8626699762852;12;12;250;86.00175760989526;0.560574919549577;32.49877517971071;27;0.9;0.71248432;94.45273801003782;4.67420680721445;36.61240706737558;27;0.9;0.71248432;127;0.07483527421487054;712484.32;1;1;1;0.02299559378373408;1;0.0746391663070333;712484.3199999962;0.990521327014218;1;0.02299559378373406;1;0.07483527421487054;712484.32;1;1;1;0.02299559378373408;1;0.0746391663070333;712484.3199999962;0.990521327014218;1;0.02299559378373406;1
3380;1786617195;0;3212.478927203062;3.607688544061306;51.9532554789272;61.63217220307334;241.6599501149426;63.34322669147902;633.4322669147904;-0.0447780643872316;-5.305781532567036;0.976954865900363;541761.400677964;5756013.576324774;32;62058;51.15699364412264;10.37672672722932;365.0502890037779;98.02330950512848;33.96796354153186;608.1728078869642;219.357356573188;37.55871374140173;6.5;80;-1;;50;;;0;288.15;350;205.241821864118;50;1;;;;;;5.369326754883548;5.369326754883548;0;0;28636.40935937892;0;169.7119481114597;169.7119481114597;12;12;250;84.57925382614168;-0.5006313017976334;31.4375689583635;27;0.9;0.71248432;93.03023422628422;4.252556811963588;36.19075707212472;27;0.9;0.71248432;127;0.07502423990760344;712484.32;1;1;1;0.02299559378373408;1;0.07464099999084554;712484.3199999962;0.990566037735849;1;0.02299559378373406;1;0.07502423990760344;712484.32;1;1;1;0.02299559378373408;1;0.07464099999084554;712484.3199999962;0.990566037735849;1;0.02299559378373406;1
3390;1786617205;0;3222.02222222222;3.59936066666667;51.95078422222224;39.71191528889178;241.7187913333333;61.72674134088798;617.26741340888;-0.0880624999774632;-4.005953777777902;0.8418142222222054;541191.3640375868;5755733.974355084;32;60727;48.70172620445344;1.222200960344489;364.9093252568;206.0153491728006;39.32053357657326;544.967655363955;325.6452553189426;35.55557611895116;6.5;31;-1;;50;;;0;288.15;350;192.1903495791409;50;1;;;;;;4.734413901703816;4.734413901703816;0;0;25250.20747575368;0;168.758822683275;168.758822683275;12;12;250;86.16729210750606;0.6781527513335318;32.61635301149466;27;0.9;0.71248432;94.61827250764862;4.717147617891754;36.65534787805288;27;0.9;0.71248432;127;0.07481341021247144;712484.32;1;1;1;0.02299559378373408;1;0.07464181710090064;712484.3199999962;0.9906103286384976;1;0.02299559378373406;1;0.07481341021247144;712484.32;1;1;1;0.02299559378373408;1;0.07464181710090064;712484.3199999962;0.9906103286384976;1;0.02299559378373406;1
3400;1786617215;0;3231.532567049807;3.591237318007665;51.94838685823756;33.20807954639914;241.8968948275863;60.30843878320614;603.0843878320614;0.005479768011138662;-3.578251992337193;0.5290765900383386;540635.2542453826;5755462.77056485;32;60727;48.9758686096073;2.081109025219566;364.9658413121533;198.5501702094765;43.50001190069578;506.3661062650732;318.4874062577611;40.50146272030791;6.5;31;-1;;50;;;0;288.15;350;183.507467572712;50;1;;;;;;4.358218059851331;4.358218059851331;0;0;23243.82965254043;0;168.1207007104042;168.1207007104042;12;12;250;87.18160992222932;1.369299047310459;33.30749930747159;27;0.9;0.71248432;95.63259032237186;4.954889210890908;36.89308947105204;27;0.9;0.71248432;127;0.0746846493044873;712484.32;1;1;1;0.02299559378373408;1;0.0746420191395968;712484.3199999962;0.9906542056074766;1;0.02299559378373406;1;0.0746846493044873;712484.32;1;1;1;0.02299559378373408;1;0.0746420191395968;712484.3199999962;0.9906542056074766;1;0.02299559378373406;1
3410;1786617225;0;3241.042145593868;3.583305019157091;51.94603946360154;31.50461042865915;242.01061651341;59.21089885274282;592.1089885274282;0.1960253303602548;-3.546124636015321;0.3434496168583012;540092.171472414;5755197.291750784;32;60727;49.24289984611468;2.949806130323957;365.0208016917541;188.7289529622392;47.52570724940822;475.8337123037326;309.2423731390894;45.07615445233678;6.5;31;-1;;50;;;0;288.15;350;176.2591125460911;50;1;;;;;;4.06735328907581;4.06735328907581;0;0;21692.55087507098;0;167.5805123045455;167.5805123045455;12;12;250;88.01266309886356;1.895938517086457;33.83413877724759;27;0.9;0.71248432;96.46364349900612;5.119753117056644;37.05795337721777;27;0.9;0.71248432;127;0.0745828042008278;712484.32;1;1;1;0.02299559378373408;1;0.07464174113518944;712484.3199999962;0.9906976744186046;1;0.02299559378373406;1;0.0745828042008278;712484.32;1;1;1;0.02299559378373408;1;0.07464174113518944;712484.3199999962;0.9906976744186046;1;0.02299559378373406;1
3420;1786617235;0;3250.551724137931;3.575523103448276;51.9437275862069;31.06690311965519;242.0397486206897;58.81237541647268;588.1237541647268;-0.1893319713793628;-3.589949655172413;0.2748786206896625;539559.3369514096;5754935.90443131;32;60727;49.50267781284782;3.82823021983395;365.0741668862729;176.1426649939423;50.78942540921542;454.9937537651012;297.9828832003276;48.95987627852342;6.5;31;-1;;50;;;0;288.15;350;171.1065115723939;50;1;;;;;;3.871827900842766;3.871827900842766;0;0;20649.74880449475;0;167.1915168353641;167.1915168353641;12;12;250;88.59718395627806;2.243833282119251;34.18203354228038;27;0.9;0.71248432;97.04816435642062;5.221265357494202;37.15946561765533;27;0.9;0.71248432;127;0.07451328958168876;712484.32;1;1;1;0.02299559378373408;1;0.07464114089428522;712484.3199999962;0.9907407407407406;1;0.02299559378373406;1;0.07451328958168876;712484.32;1;1;1;0.02299559378373408;1;0.07464114089428522;712484.3199999962;0.9907407407407406;1;0.02299559378373406;1
3430;1786617245;0;3260.061302681994;3.567790344827584;51.94143590038314;30.94549883593869;242.0775129885058;58.70047209818254;587.0047209818256;-0.5479029112559374;-3.617068199233723;0.198231992337141;539029.8087601142;5754676.846212278;32;60727;49.75505757553204;4.716292267530888;365.1258978843507;161.160823975313;52.51731477564288;445.206941541951;284.1260717137615;51.57784535555364;6.5;31;-1;;50;;;0;288.15;350;168.6202609557795;50;1;;;;;;3.780540759834173;3.780540759834173;0;0;20162.88405244892;0;167.0026466851038;167.0026466851038;12;12;250;88.87734124754692;2.403806925438421;34.34200718559955;27;0.9;0.71248432;97.32832164768948;5.26603214086226;37.20423240102339;27;0.9;0.71248432;127;0.07448064429004786;712484.32;1;1;1;0.02299559378373408;1;0.07464039439845156;712484.3199999962;0.9907834101382488;1;0.02299559378373406;1;0.07448064429004786;712484.32;1;1;1;0.02299559378373408;1;0.07464039439845156;712484.3199999962;0.9907834101382488;1;0.02299559378373406;1
3440;1786617255;0;3269.605363984674;3.560075708812261;51.93914471264368;30.90466304498085;242.0713616475096;58.39608224213518;583.9608224213516;-0.01889495240607271;-3.635506858237548;0.1921111111111166;538501.4714220006;5754417.909517462;32;60727;49.99989790648934;5.613896871110716;365.1759574820699;145.4303625803612;52.16850934817734;447.1981354571807;268.0805549959469;52.2478254285034;6.5;31;-1;;50;;;0;288.15;350;169.1092320007946;50;1;;;;;;3.798343272529522;3.798343272529522;0;0;20257.83078682412;0;167.0414078256292;167.0414078256292;12;12;250;88.82077759432616;2.371865284833543;34.31006554499467;27;0.9;0.71248432;97.27175799446872;5.257188369674628;37.19538862983576;27;0.9;0.71248432;127;0.07448728619801484;712484.32;1;1;1;0.02299559378373408;1;0.07463968556419028;712484.3199999962;0.9908256880733946;1;0.02299559378373406;1;0.07448728619801484;712484.32;1;1;1;0.02299559378373408;1;0.07463968556419028;712484.3199999962;0.9908256880733946;1;0.02299559378373406;1
3450;1786617265;0;3279.114942528738;3.552396896551723;51.93687126436782;30.90220212804597;242.046327586207;58.41933086593696;584.1933086593696;0.2377877948654425;-3.645585862068972;0.2205054022988623;537975.5277119382;5754161.02057701;32;60727;50.23705829454116;6.520931249149432;365.2243096289403;131.1179815264513;49.86254597849114;460.814036652276;253.0888835161128;50.84436423722812;6.5;31;-1;;50;;;0;288.15;350;172.507679990911;50;1;;;;;;3.924132514675821;3.924132514675821;0;0;20928.70674493771;0;167.3019221322059;167.3019221322059;12;12;250;88.43447404560314;2.148898694771894;34.08709895493303;27;0.9;0.71248432;96.8854544457457;5.194134235866622;37.13233449602775;27;0.9;0.71248432;127;0.07453270395563932;712484.32;1;1;1;0.02299559378373408;1;0.0746391925613859;712484.3199999962;0.9908675799086758;1;0.02299559378373406;1;0.07453270395563932;712484.32;1;1;1;0.02299559378373408;1;0.0746391925613859;712484.3199999962;0.9908675799086758;1;0.02299559378373406;1
3460;1786617275;0;3288.590038314175;3.544722068965518;51.9345883908046;30.88955832522606;242.077177816092;58.46794662094768;584.6794662094768;0.0546220412144163;-3.647676934865904;0.1497162835248969;537449.8120677974;5753903.141134328;32;60727;50.46639651432558;7.437253592330828;365.2709188942454;119.45511044587698;46.2757088669413;485.073800761666;240.7852461768275;48.02432741335822;6.5;31;-1;;50;;;0;288.15;350;178.3998282181325;50;1;;;;;;4.151248386667319;4.151248386667319;0;0;22139.99139555904;0;167.7475645159218;167.7475645159218;12;12;250;87.76171578989586;1.740814659456027;33.67901491961716;27;0.9;0.71248432;96.2126961900384;5.072613917506278;37.01081417766741;27;0.9;0.71248432;127;0.07461362581828802;712484.32;1;1;1;0.02299559378373408;1;0.07463907528274782;712484.3199999962;0.990909090909091;1;0.02299559378373406;1;0.07461362581828802;712484.32;1;1;1;0.02299559378373408;1;0.07463907528274782;712484.3199999962;0.990909090909091;1;0.02299559378373406;1
3470;1786617285;0;3298.099616858237;3.537039310344828;51.93230609195404;30.88770548613027;242.0491443295019;58.29856927630908;582.9856927630908;0.0090109568351688;-3.651391379310344;0.19577835249042;536923.4970169282;5753645.377029932;32;60727;50.6877746601663;8.362714483775148;365.3157516534966;110.47300137483254;42.15569250333167;518.4836155409032;231.1652784754825;44.36463981993641;6.5;31;-1;;50;;;0;288.15;350;186.1654398500593;50;1;;;;;;4.469956201811603;4.469956201811603;0;0;23839.76640966188;0;168.3261088812482;168.3261088812482;12;12;250;86.8644636094251;1.158750409545525;33.09695066970665;27;0.9;0.71248432;95.31544400956764;4.88508390502295;36.82328416518408;27;0.9;0.71248432;127;0.07472506896466376;712484.32;1;1;1;0.02299559378373408;1;0.07463946794796206;712484.3199999962;0.990950226244344;1;0.02299559378373406;1;0.07472506896466376;712484.32;1;1;1;0.02299559378373408;1;0.07463946794796206;712484.3199999962;0.990950226244344;1;0.02299559378373406;1
3480;1786617295;0;3307.609195402299;3.529376551724139;51.93003379310346;30.89187270151725;242.0613635632184;58.34924837035298;583.4924837035298;0.05640019063212478;-3.653104252873564;0.1608397701149356;536398.4951043718;5753388.79102687;32;60727;50.9010564592553;9.297145699826418;365.3587754910577;103.65766236649576;38.0229803398596;559.4017308637542;223.6677764427402;40.60389519644159;6.5;31;-1;;50;;;0;288.15;350;195.1465074724549;50;1;;;;;;4.870307895741352;4.870307895741352;0;0;25974.97544395387;0;168.9858842588916;168.9858842588916;12;12;250;85.80433653785198;0.4186662470332763;32.35686650719441;27;0.9;0.71248432;94.25531693799454;4.621393241973412;36.55959350213454;27;0.9;0.71248432;127;0.07486155710581256;712484.32;1;1;1;0.02299559378373408;1;0.0746404774441341;712484.3199999962;0.990990990990991;1;0.02299559378373406;1;0.07486155710581256;712484.32;1;1;1;0.02299559378373408;1;0.0746404774441341;712484.3199999962;0.990990990990991;1;0.02299559378373406;1
3490;1786617305;0;3317.11877394636;3.521713793103448;51.92775149425288;30.8862910777931;242.0752881226054;58.41923425433162;584.1923425433162;-0.07148463153641278;-3.655658697318007;0.173350383141764;535873.4477856278;5753131.14815671;32;60727;51.10610517197266;10.240348416171156;365.3999587307062;98.44820616748128;34.14931743563744;606.3052519458058;218.13181183001;36.95346624547033;6.5;31;-1;;50;;;0;288.15;350;204.7616122780849;50;1;;;;;;5.34424470319123;5.34424470319123;0;0;28502.63841701989;0;169.6852347468954;169.6852347468954;12;12;250;84.6310492423983;-0.4604835279727982;31.47771673218833;27;0.9;0.71248432;93.08202964254084;4.269646360708523;36.20784662086966;27;0.9;0.71248432;127;0.07501801041152598;712484.32;1;1;1;0.02299559378373408;1;0.0746421857381042;712484.3199999962;0.9910313901345292;1;0.02299559378373406;1;0.07501801041152598;712484.32;1;1;1;0.02299559378373408;1;0.0746421857381042;712484.3199999962;0.9910313901345292;1;0.02299559378373406;1
3500;1786617315;0;3326.640740740741;3.514037407407407;51.92547262962964;30.88900602727408;242.0601930000001;58.4506592374731;584.506592374731;-0.04454078968111622;-3.66033274074074;0.2007290740740668;535347.4070309772;5752873.936101308;32;60727;51.30278908124396;11.192115489881812;365.4392714914093;94.40082501458176;30.63945479478762;657.911259404362;213.7514040999738;33.59795885277498;6.5;31;-1;;50;;;0;288.15;350;214.5509306148314;50;1;;;;;;5.886577243563062;5.886577243563062;0;0;31395.07863233633;0;170.3947545211928;170.3947545211928;12;12;250;83.37919692772908;-1.459406205918286;30.47879405424285;27;0.9;0.71248432;91.83017732787164;3.81723553677302;35.75543579693415;27;0.9;0.71248432;127;0.07519014952337302;712484.32;1;1;1;0.02299559378373408;1;0.07464465404344326;712484.3199999962;0.9910714285714286;1;0.02299559378373406;1;0.07519014952337302;712484.32;1;1;1;0.02299559378373408;1;0.07464465404344326;712484.3199999962;0.9910714285714286;1;0.02299559378373406;1
3510;1786617325;0;3336.172413793104;3.506360344827586;51.92318862068966;30.89005091103449;242.0712662068966;58.38008724859382;583.8008724859384;-0.1155851541724352;-3.657719310344828;0.1631951724137918;534821.270068875;5752616.207135476;32;60401;53.29301062810542;4.73119844393082;365.639252374046;28.07282774254573;62.78416308842;401.1649792535564;141.9269217919367;65.84234910579558;6.5;14;-1;;50;;;0;288.15;350;156.8749254855852;50;1;;;;;;3.373477738691147;3.373477738691147;0;0;17991.88127301945;0;166.0978684054375;166.0978684054375;12;12;250;90.18918254835626;3.093324725639155;35.03152498580028;27;0.9;0.71248432;98.64016294849882;5.445755823966756;37.38395608412788;27;0.9;0.71248432;127;0.07433373611703306;712484.32;1;1;1;0.02299559378373408;1;0.07464325979265218;712484.3199999962;0.9911111111111112;1;0.02299559378373406;1;0.07433373611703306;712484.32;1;1;1;0.02299559378373408;1;0.07464325979265218;712484.3199999962;0.9911111111111112;1;0.02299559378373406;1
3520;1786617335;0;3345.716475095786;3.498686819923371;51.92091521072798;30.88507934157089;242.0545700383142;58.20577732273372;582.0577732273372;0.2841624142995647;-3.659428620689656;0.1805447509578448;534295.3144809674;5752359.71434276;32;60401;53.26789232459064;5.780117746269856;365.6317715128853;44.98068166381275;57.36429129897104;422.0338706595966;161.0252943647988;60.89802231118404;6.5;14;-1;;50;;;0;288.15;350;162.4646146338189;50;1;;;;;;3.562452662663259;3.562452662663259;0;0;18999.74753420405;0;166.5383542829353;166.5383542829353;12;12;250;89.5597217468864;2.774793418409572;34.7129936785707;27;0.9;0.71248432;98.01070214702896;5.3653486979484;37.30354895810953;27;0.9;0.71248432;127;0.0744033472458295;712484.32;1;1;1;0.02299559378373408;1;0.07464218875449672;712484.319999996;0.991150442477876;1;0.02299559378373406;1;0.0744033472458295;712484.32;1;1;1;0.02299559378373408;1;0.07464218875449672;712484.319999996;0.991150442477876;1;0.02299559378373406;1
3530;1786617345;0;3355.191570881225;3.491038659003833;51.91864593869732;34.59077699110771;242.519282988505;56.39013141317616;563.9013141317616;0.05673870960556134;-0.6033803448272918;1.886137356324031;533771.046660472;5752103.749310344;32;60401;53.23282429533422;6.827513375065024;365.6221283200566;55.79548237059326;51.13753089684524;453.6399605352286;175.5175663172864;51.92325198230408;6.5;14;-1;;50;;;0;288.15;350;170.5926016500712;50;1;;;;;;3.852800811599926;3.852800811599926;0;0;20548.27099519961;0;167.1656342225941;167.1656342225941;12;12;250;88.6420936582909;2.269774956432688;34.20797521659382;27;0.9;0.71248432;97.09307405843344;5.228605655555824;37.16680591571695;27;0.9;0.71248432;127;0.07450877381355068;712484.32;1;1;1;0.02299559378373408;1;0.07464159579920362;712484.319999996;0.9911894273127754;1;0.02299559378373406;1;0.07450877381355068;712484.32;1;1;1;0.02299559378373408;1;0.07464159579920362;712484.319999996;0.9911894273127754;1;0.02299559378373406;1
3540;1786617355;0;3364.71111111111;3.483622444444446;51.91645644444444;63.8679820568817;242.8220435555554;52.38058556894258;523.8058556894258;-0.05333796188897606;1.567029777776131;-0.7741333333330116;533262.619449293;5751856.817989626;32;60401;53.18783549486954;7.872878169681142;365.610328260429;62.84875782758216;45.16217973386366;493.9101403330106;179.3409094056067;43.59122529326433;6.5;14;-1;;50;;;0;288.15;350;180.3889519351656;50;1;;;;;;4.230682407361539;4.230682407361539;0;0;22563.63950592821;0;167.9043669955045;167.9043669955045;12;12;250;87.52547928961884;1.59167810828628;33.52987836844741;27;0.9;0.71248432;95.97645968976138;5.02618158905445;36.96438184921558;27;0.9;0.71248432;127;0.07464310067442782;712484.32;1;1;1;0.02299559378373408;1;0.07464160245794356;712484.319999996;0.9912280701754386;1;0.02299559378373406;1;0.07464310067442782;712484.32;1;1;1;0.02299559378373408;1;0.07464160245794356;712484.319999996;0.9912280701754386;1;0.02299559378373406;1
3550;1786617365;0;3374.245210727969;3.476750804597701;51.91440095785442;116.35804285823712;243.0536685823755;49.37996940654664;493.7996940654664;-0.1305222811487651;0.6562075095785498;-1.3615975862069;532791.5011957856;5751625.088277632;32;60401;53.13296243232814;8.915724249273294;365.596378140036;67.68398957959418;39.82694308356661;540.8848570890128;183.6076401610319;39.27180548342546;6.5;14;-1;;50;;;0;288.15;350;191.0711330249959;50;1;;;;;;4.68405348382589;4.68405348382589;0;0;24981.61858040474;0;168.6935046001209;168.6935046001209;12;12;250;86.28297060853814;0.7595427011557634;32.69774296131689;27;0.9;0.71248432;94.7339510086807;4.746441231088746;36.68464149124988;27;0.9;0.71248432;127;0.07479979146334688;712484.32;1;1;1;0.02299559378373408;1;0.07464229932580876;712484.319999996;0.9912663755458516;1;0.02299559378373406;1;0.07479979146334688;712484.32;1;1;1;0.02299559378373408;1;0.07464229932580876;712484.319999996;0.9912663755458516;1;0.02299559378373406;1
3560;1786617375;0;3383.754789272031;3.47028429118774;51.9124490421456;167.5051490850579;243.2272322988506;47.76138352084484;477.6138352084484;0.08520308844266736;0.5578885057471256;-1.508640229885059;532348.1314924176;5751405.102490472;32;60401;53.06824926967858;9.955571875929578;365.5802861800539;71.16546770862174;35.19846201025872;592.9623189483534;186.7621085063159;34.8369886838542;6.5;14;-1;;50;;;0;288.15;350;202.03723649419;50;1;;;;;;5.204625206355486;5.204625206355486;0;0;27758.00110056259;0;169.4919500643283;169.4919500643283;12;12;250;84.96395342180108;-0.205051047872317;31.73314921228881;27;0.9;0.71248432;93.41493382194364;4.376257278480377;36.31445753864151;27;0.9;0.71248432;127;0.07497350317780014;712484.32;1;1;1;0.02299559378373408;1;0.07464375197428244;712484.319999996;0.991304347826087;1;0.02299559378373406;1;0.07497350317780014;712484.32;1;1;1;0.02299559378373408;1;0.07464375197428244;712484.319999996;0.991304347826087;1;0.02299559378373406;1
3570;1786617385;0;3393.264367816091;3.464053448275864;51.91053183908046;218.2813446034412;242.3433436781639;46.85297813031016;468.5297813031016;0.726599030678407;0.3334249425289769;-13.735963678158286;531920.9094490798;5751189.120218392;32;60401;52.99374860606642;10.99193843527128;365.5620622455827;73.77789503020016;31.21932385203414;648.9110817565348;182.2031416273345;32.44317238821908;6.5;14;-1;;50;;;0;288.15;350;212.8609254779112;50;1;;;;;;5.787980886589408;5.787980886589408;0;0;30869.23139514352;0;170.2751119602571;170.2751119602571;12;12;250;83.59743584563836;-1.281156992923845;30.65704326723729;27;0.9;0.71248432;92.04841624578092;3.902143862415638;35.84034412257677;27;0.9;0.71248432;127;0.0751601281622358;712484.32;1;1;1;0.02299559378373408;1;0.07464600689213374;712484.319999996;0.9913419913419914;1;0.02299559378373406;1;0.0751601281622358;712484.32;1;1;1;0.02299559378373408;1;0.07464600689213374;712484.319999996;0.9913419913419914;1;0.02299559378373406;1
3580;1786617395;0;3402.773946360152;3.459034942528737;51.90767363984674;266.2254811588902;216.3161423371685;46.70884726143562;467.0884726143562;0.7113833933224186;0.5183987739465068;-14.22046310344834;531577.7070400252;5750869.04166317;32;61244;49.0871639902338;3.195875507020572;364.892290240944;183.5071973341366;46.52304694432264;482.7518818694838;341.5844119061248;53.2983991610862;6.5;49;-1;;50;;;0;288.15;350;177.968601125898;50;1;;;;;;4.134217654240524;4.134217654240524;0;0;22049.16082261613;0;167.7058876513752;167.7058876513752;12;12;250;87.82042338686916;1.7774112537384;33.71561151389953;27;0.9;0.71248432;96.2714037870117;5.083840697976822;37.02204095813795;27;0.9;0.71248432;127;0.07460588073054408;712484.32;1;1;1;0.02299559378373408;1;0.07464583243056162;712484.319999996;0.9913793103448276;1;0.02299559378373406;1;0.07460588073054408;712484.32;1;1;1;0.02299559378373408;1;0.07464583243056162;712484.319999996;0.9913793103448276;1;0.02299559378373406;1
3590;1786617405;0;3412.274074074074;3.456552592592593;51.90376214814816;314.5583382820429;190.1733437037045;46.44542448422288;464.4542448422288;0.7530606205307524;0.5575922962962482;-14.243081851851844;531409.6715288808;5750432.930867982;32;61244;48.81588033641828;4.058828342889365;364.83663654467;172.6559540807054;43.61525694460566;505.2255905312706;355.9132271135936;46.9622728720197;6.5;49;-1;;50;;;0;288.15;350;183.2853365391253;50;1;;;;;;4.349008799244702;4.349008799244702;0;0;23194.71359597174;0;168.1011149466557;168.1011149466557;12;12;250;87.21040494658454;1.388158541862004;33.32635880202313;27;0.9;0.71248432;95.66138534672708;4.96103185689662;36.89923211705775;27;0.9;0.71248432;127;0.07468084495349924;712484.32;1;1;1;0.02299559378373408;1;0.07464598399992498;712484.319999996;0.9914163090128756;1;0.02299559378373406;1;0.07468084495349924;712484.32;1;1;1;0.02299559378373408;1;0.07464598399992498;712484.319999996;0.9914163090128756;1;0.02299559378373406;1
3600;1786617415;0;3421.793103448278;3.457058620689656;51.89959689655172;362.8063699724255;164.4946948275803;46.47359953206708;464.7359953206708;0.9935851690403856;0.6460648275865566;-14.22920862068977;531447.393101549;5749969.889452176;32;61244;48.53757080628458;4.911955372686376;364.7794631600036;163.9222048441334;40.1496470111368;536.4606784720894;10.506678048452362;39.67637334187293;6.5;49;-1;;50;;;0;288.15;350;190.3678594357697;50;1;;;;;;4.652705071019592;4.652705071019592;0;0;24814.42704543782;0;168.6221660333325;168.6221660333325;12;12;250;86.38565758813284;0.8312509046383446;32.76945116479947;27;0.9;0.71248432;94.83663798827538;4.771959750888866;36.71016001105;27;0.9;0.71248432;127;0.07478503399197338;712484.32;1;1;1;0.02299559378373408;1;0.07464658335333898;712484.319999996;0.9914529914529914;1;0.02299559378373406;1;0.07478503399197338;712484.32;1;1;1;0.02299559378373408;1;0.07464658335333898;712484.319999996;0.9914529914529914;1;0.02299559378373406;1
3610;1786617425;0;3431.30268199234;3.46046134099617;51.89598314176246;411.232010753653;138.7756854789217;46.26592730952164;462.6592730952166;0.9601349308903548;0.6830336781609326;-14.175126475095332;531684.0540343114;5749569.442788668;32;61244;48.25237742680494;5.755219187213402;364.7208113291727;157.0525776265533;36.55584873131283;575.0197595850834;26.56785106394962;31.85296659778386;6.5;49;-1;;50;;;0;288.15;350;198.6462117869854;50;1;;;;;;5.036886302928032;5.036886302928032;0;0;26863.39361561617;0;169.2250635177179;169.2250635177179;12;12;250;85.39857887183896;0.12140539045506352;32.05960565061619;27;0.9;0.71248432;93.84955927198152;4.50722656443132;36.44542682459245;27;0.9;0.71248432;127;0.07491365324200466;712484.32;1;1;1;0.02299559378373408;1;0.0746477295760371;712484.319999996;0.9914893617021276;1;0.02299559378373406;1;0.07491365324200466;712484.32;1;1;1;0.02299559378373408;1;0.0746477295760371;712484.319999996;0.9914893617021276;1;0.02299559378373406;1
3620;1786617435;0;3440.812260536401;3.466046091954025;51.89365191570882;459.6083849122734;113.20330896551206;46.11729051842882;461.1729051842882;1.184776409102534;0.728722681992427;-14.082216513409564;532069.994765495;5749312.608717098;32;61244;47.96044177516106;6.588596856662652;364.6607233508849;151.6622793778603;33.09069424777269;619.5575186263808;43.54698528261598;24.47409985792996;0;49;-1;;50;;;0;288.15;350;207.6037779389066;50;1;;;;;;5.494848722522456;5.494848722522456;0;0;29305.8598534531;0;169.873040777173;169.873040777173;12;12;250;77.79263919278948;-6.441621593683956;25.49657866647718;27;0.9;0.71248432;86.24361959293202;0.7319279755655206;32.67012823572665;27;0.9;0.71248432;127;0.0750622152149723;712484.32;1;1;1;0.02299559378373408;1;0.0746495008821864;712484.319999996;0.9915254237288136;1;0.02299559378373406;1;0.0750622152149723;712484.32;1;1;1;0.02299559378373408;1;0.0746495008821864;712484.319999996;0.9915254237288136;1;0.02299559378373406;1
3630;1786617445;0;3450.321839080455;3.472698505747124;51.89306287356322;507.8959381217254;87.43723942529982;46.07114919676606;460.7114919676606;0.860122158130692;0.736924482759322;-14.051330804597874;532528.1896183022;5749250.04640389;32;62228;51.82679941075166;358.3474523715982;365.1299915534128;270.8204508261464;43.04366723470302;510.4788400908512;169.8544111403354;41.35935413834103;6.5;102;-1;;50;;;0;288.15;350;184.3958721952423;50;1;;;;;;4.395246634316539;4.395246634316539;0;0;23441.31538302154;0;168.1909630390814;168.1909630390814;12;12;250;87.07431901908694;1.298649377060444;33.23684963722158;27;0.9;0.71248432;95.5252994192295;4.93171796901991;36.86991822918104;27;0.9;0.71248432;127;0.07469836790786116;712484.32;1;1;1;0.02299559378373408;1;0.07464970882697652;712484.319999996;0.9915611814345992;1;0.02299559378373406;1;0.07469836790786116;712484.32;1;1;1;0.02299559378373408;1;0.07464970882697652;712484.319999996;0.9915611814345992;1;0.02299559378373406;1
3640;1786617455;0;3459.831417624518;3.479122107279692;51.89426796934866;557.1674461892566;64.503281992338;46.74768187042442;467.4768187042442;0.0673301364590454;0.8603544827590704;-3.193261379315607;532969.3377888184;5749386.96611131;32;62228;51.98952627493036;359.3304391005093;365.1588119028984;273.7605887161052;49.40632316980666;463.5973273386626;205.3933610628058;50.10666050752664;6.5;102;-1;;50;;;0;288.15;350;173.2151498390814;50;1;;;;;;3.950783133652857;3.950783133652857;0;0;21070.8433794819;0;167.3542266142315;167.3542266142315;12;12;250;88.35551894460056;2.102298865231974;34.04049912539311;27;0.9;0.71248432;96.80649934474312;5.180661118685904;37.11886137884703;27;0.9;0.71248432;127;0.0745419880140341;712484.32;1;1;1;0.02299559378373408;1;0.07464925238285386;712484.319999996;0.9915966386554622;1;0.02299559378373406;1;0.0745419880140341;712484.32;1;1;1;0.02299559378373408;1;0.07464925238285386;712484.319999996;0.9915966386554622;1;0.02299559378373406;1
3650;1786617465;0;3469.3754789272;3.48523406130268;51.89612509578544;595.6447573030596;63.18281088122618;50.81489850937238;508.1489850937238;0.08313430674594916;-3.22886842911833;-1.459556934865943;533388.5345244232;5749596.300785938;32;62228;52.14328285464198;0.3206713668424669;365.1856448481813;278.4612247125071;56.88734729960188;423.6269001000438;216.3059537629039;60.36040230060502;6.5;102;-1;;50;;;0;288.15;350;163.0195386808647;50;1;;;;;;3.58167001658487;3.58167001658487;0;0;19102.24008845264;0;166.5710787387821;166.5710787387821;12;12;250;89.50777993711796;2.747491189380113;34.68569144954124;27;0.9;0.71248432;97.95876033726052;5.358250200234434;37.29645046039556;27;0.9;0.71248432;127;0.07440866102006878;712484.32;1;1;1;0.02299559378373408;1;0.0746482372294244;712484.319999996;0.9916317991631798;1;0.02299559378373406;1;0.07440866102006878;712484.32;1;1;1;0.02299559378373408;1;0.0746482372294244;712484.319999996;0.9916317991631798;1;0.02299559378373406;1
3660;1786617475;0;3478.919540229883;3.491871264367815;51.89815229885058;605.9815081191712;62.5713110344828;54.64495145281438;546.4495145281438;0.2986447067690248;-3.867641034482783;-0.6629656321839816;533843.708941486;5749824.830387322;32;62228;52.28795692495118;1.317813563285723;365.2104683092193;287.0879726504616;65.31215453228842;392.7228374495595;229.7641827445029;68.4390343023889;6.5;102;-1;;50;;;0;288.15;350;154.6901633589704;50;1;;;;;;3.301794584175105;3.301794584175105;0;0;17609.57111560056;0;165.9131312810499;165.9131312810499;12;12;250;90.44560282725988;3.216548723118154;35.15474898327929;27;0.9;0.71248432;98.89658322740244;5.4756915404654;37.41389180062653;27;0.9;0.71248432;127;0.0743055761631092;712484.32;1;1;1;0.02299559378373408;1;0.07464679747704492;712484.319999996;0.9916666666666666;1;0.02299559378373406;1;0.0743055761631092;712484.32;1;1;1;0.02299559378373408;1;0.07464679747704492;712484.319999996;0.9916666666666666;1;0.02299559378373406;1
3670;1786617485;0;3488.29118773946;3.49902130268199;51.90031697318008;608.8590604019152;62.3525887739464;56.94023450823074;569.4023450823074;-0.1716893467006288;-3.759052490421502;-0.3437270114943097;534334.0216103074;5750068.933039398;32;62228;52.423443042212;2.321523069610256;365.2332619032632;306.3120896173987;73.64291882468252;373.1255969618507;256.4433765390632;75.24404847062088;6.5;102;-1;;50;;;0;288.15;350;149.1946048235416;50;1;;;;;;3.126546336897148;3.126546336897148;0;0;16674.91379678479;0;165.468509008829;165.468509008829;12;12;250;91.06547334675876;3.498874447863498;35.43707470802463;27;0.9;0.71248432;99.5164537469013;5.5418876519164;37.48008791207753;27;0.9;0.71248432;127;0.07424020680519258;712484.32;1;1;1;0.02299559378373408;1;0.0746450962608447;712484.319999996;0.991701244813278;1;0.02299559378373406;1;0.07424020680519258;712484.32;1;1;1;0.02299559378373408;1;0.0746450962608447;712484.319999996;0.991701244813278;1;0.02299559378373406;1
3680;1786617495;0;3497.731800766285;3.506485440613027;51.9025556321839;609.6919133976094;62.23926969348656;58.11224245825636;581.1224245825636;0.2251327200382355;-3.633407662835242;-0.146612605363989;534845.8393106676;5750321.462824238;32;62228;52.54964087367722;3.331438938043113;365.2540065955391;350.6384139106007;77.8495860176152;366.6334506987297;302.839940022882;76.40501618803134;6.5;102;-1;;50;;;0;288.15;350;147.3328425538252;50;1;;;;;;3.068744739980217;3.068744739980217;0;0;16366.638613227824;0;165.3160498698787;165.3160498698787;12;12;250;91.275734082626;3.589677388408619;35.52787764856975;27;0.9;0.71248432;99.72671448276856;5.562484482235662;37.5006847423968;27;0.9;0.71248432;127;0.07421855133625106;712484.32;1;1;1;0.02299559378373408;1;0.07464331899032556;712484.319999996;0.9917355371900826;1;0.02299559378373406;1;0.07421855133625106;712484.32;1;1;1;0.02299559378373408;1;0.07464331899032556;712484.319999996;0.9917355371900826;1;0.02299559378373406;1
3690;1786617505;0;3507.241379310346;3.51410551724138;51.9048379310345;609.9541762172414;62.1681755172414;58.56643624791446;585.6643624791446;-0.07027329972410024;-3.555686551724137;-0.01804551724137188;535368.2993685512;5750578.974519708;32;62228;52.66645418386416;4.347170219657849;365.2726844962044;33.52122468331979;73.23051327628106;373.9194746120585;336.2018744009864;70.04478798350382;6.5;102;-1;;50;;;0;288.15;350;149.408821450015;50;1;;;;;;3.133246680082124;3.133246680082124;0;0;16710.64896043799;0;165.4869698394106;165.4869698394106;12;12;250;91.0403121729922;3.487840831379999;35.42604109154113;27;0.9;0.71248432;99.49129257313476;5.539362155937426;37.47756241609856;27;0.9;0.71248432;127;0.07424285489599348;712484.32;1;1;1;0.02299559378373408;1;0.0746416573135856;712484.3199999958;0.991769547325103;1;0.02299559378373406;1;0.07424285489599348;712484.32;1;1;1;0.02299559378373408;1;0.0746416573135856;712484.3199999958;0.991769547325103;1;0.02299559378373406;1
3700;1786617515;0;3516.716475095783;3.521790344827585;51.907131954023;610.0278257965518;62.1745954789273;58.98409272667158;589.8409272667158;0.2210674302173601;-3.512354367816104;-0.04000057471265128;535895.1510752138;5750837.876962796;32;62228;52.7737942137294;5.368321097018748;365.2892793710635;51.80596795374312;64.84068629268746;394.2161738415262;350.6844911442535;61.38785016972718;6.5;102;-1;;50;;;0;288.15;350;155.0783190001143;50;1;;;;;;3.314444042950951;3.314444042950951;0;0;17677.03489573841;0;165.9460969123807;165.9460969123807;12;12;250;90.39998773715328;3.194904439183236;35.13310469934437;27;0.9;0.71248432;98.85096813729584;5.470479815180854;37.40868007534199;27;0.9;0.71248432;127;0.07431055739713334;712484.32;1;1;1;0.02299559378373408;1;0.07464028913211266;712484.3199999958;0.9918032786885246;1;0.02299559378373406;1;0.07431055739713334;712484.32;1;1;1;0.02299559378373408;1;0.07464028913211266;712484.3199999958;0.9918032786885246;1;0.02299559378373406;1
3710;1786617525;0;3526.25185185185;3.529523999999998;51.90945044444446;610.055827391615;62.14609377777772;58.9797582632764;589.797582632764;-0.226421842178428;-3.494756370370372;0.02139362962960225;536425.2876800464;5751099.58085158;32;62228;52.87157830463408;6.394479658953818;365.3037763625589;60.10438702771922;56.46657843537558;425.6621436585617;358.306416156302;52.97280298273532;6.5;102;-1;;50;;;0;288.15;350;163.5180042153966;50;1;;;;;;3.599004977250719;3.599004977250719;0;0;19194.69321200383;0;166.6127086995263;166.6127086995263;12;12;250;89.44881501570792;2.716309730256262;34.65450999041739;27;0.9;0.71248432;97.89979541585046;5.35010265350896;37.28830291367009;27;0.9;0.71248432;127;0.07441544986182982;712484.32;1;1;1;0.02299559378373408;1;0.0746393638676259;712484.3199999958;0.9918367346938776;1;0.02299559378373406;1;0.07441544986182982;712484.32;1;1;1;0.02299559378373408;1;0.0746393638676259;712484.3199999958;0.9918367346938776;1;0.02299559378373406;1
3720;1786617535;0;3535.804597701149;3.537269770114942;51.91175310344828;610.0706843103448;62.1565574712644;59.05200392906342;590.5200392906342;0.3037562568985741;-3.485976551724139;-0.001191494252878716;536956.2156084008;5751359.586582426;32;62228;52.95972919214184;7.425206395834734;365.3161618608447;64.66561066996618;49.06017809400648;466.0031918748762;2.065650838225686;45.57657406888478;6.5;102;-1;;50;;;0;288.15;350;173.7598769497581;50;1;;;;;;3.971415201755568;3.971415201755568;0;0;21180.8810760297;0;167.39918597058;167.39918597058;12;12;250;88.28992752014932;2.06332275461779;34.00152301477892;27;0.9;0.71248432;96.74090792029188;5.16931311615961;37.10751337632074;27;0.9;0.71248432;127;0.07455001311430602;712484.32;1;1;1;0.02299559378373408;1;0.07463899767601392;712484.3199999958;0.991869918699187;1;0.02299559378373406;1;0.07455001311430602;712484.32;1;1;1;0.02299559378373408;1;0.07463899767601392;712484.3199999958;0.991869918699187;1;0.02299559378373406;1
3730;1786617545;0;3545.314176245209;3.545017624521071;51.9140685440613;610.0701001471264;62.17621080459764;59.07132702446486;590.7132702446486;0.10928409010063802;-3.483904865900384;0.015155402298886808;537487.221476338;5751621.071623646;32;62228;53.03817765098636;8.460060061153992;365.3264238613838;67.5261186696737;42.76533566825482;513.1409844630432;4.958379792103542;39.29654752863144;6.5;102;-1;;50;;;0;288.15;350;184.944687100581;50;1;;;;;;4.418279924593652;4.418279924593652;0;0;23564.15959783281;0;168.2361422038372;168.2361422038372;12;12;250;87.00610656405406;1.253423338624292;33.19162359878542;27;0.9;0.71248432;95.4570869641966;4.916751749704242;36.85495200986537;27;0.9;0.71248432;127;0.07470724786564912;712484.32;1;1;1;0.02299559378373408;1;0.07463927624821652;712484.3199999958;0.9919028340080972;1;0.02299559378373406;1;0.07470724786564912;712484.32;1;1;1;0.02299559378373408;1;0.07463927624821652;712484.3199999958;0.9919028340080972;1;0.02299559378373406;1
3740;1786617555;0;3554.862962962962;3.552767629629629;51.91638574074074;610.0746989041482;62.16745188888888;59.08873072099748;590.8873072099748;-0.07633640054926596;-3.486843037037038;0.04566200000002006;538018.318803805;5751882.809765776;32;62228;53.10686140229404;9.498586551709398;365.3345517583512;69.48535417009164;37.48075287337899;565.373597511915;7.047356563908338;34.02726488075525;6.5;102;-1;;50;;;0;288.15;350;196.4202325693337;50;1;;;;;;4.93019754932961;4.93019754932961;0;0;26294.38692975791;0;169.0781186113811;169.0781186113811;12;12;250;85.65221253177422;0.3080908178347061;32.24629107799584;27;0.9;0.71248432;94.10319293191676;4.579487184184692;36.51768744434582;27;0.9;0.71248432;127;0.07488147710876394;712484.32;1;1;1;0.02299559378373408;1;0.07464026080456022;712484.3199999958;0.9919354838709678;1;0.02299559378373406;1;0.07488147710876394;712484.32;1;1;1;0.02299559378373408;1;0.07464026080456022;712484.3199999958;0.9919354838709678;1;0.02299559378373406;1
3750;1786617565;0;3564.402298850575;3.560525862068966;51.91869655172414;610.0759619911726;62.1785683908046;59.05966229035362;590.5966229035362;0.04895105237008306;-3.482044712643678;0.013774597701152574;538549.9322478924;5752143.898709376;32;62228;53.1657247001132;10.540307585994552;365.3405362910171;70.91311460490546;33.04292212496623;621.4117308850608;8.363526490131116;29.60134871738583;6.5;102;-1;;50;;;0;288.15;350;207.7342655438362;50;1;;;;;;5.501890145280754;5.501890145280754;0;0;29343.41410816403;0;169.8989970932318;169.8989970932318;12;12;250;84.2596414539724;-0.7507173103353758;31.18748294982576;27;0.9;0.71248432;92.71062185411494;4.144054730207846;36.08225499036898;27;0.9;0.71248432;127;0.07506840020131602;712484.32;1;1;1;0.02299559378373408;1;0.07464199416244182;712484.3199999958;0.9919678714859438;1;0.02299559378373406;1;0.07506840020131602;712484.32;1;1;1;0.02299559378373408;1;0.07464199416244182;712484.3199999958;0.9919678714859438;1;0.02299559378373406;1
3760;1786617575;0;3573.911877394635;3.568278620689655;51.92100885057472;610.072438095019;62.16494452107282;59.16872110889002;591.6872110889002;-0.08285113103057986;-3.484264061302683;0.02188892720308284;539081.1130235154;5752405.206970302;32;62057;51.92280895319366;4.531620128601802;365.2086595553901;89.44766734384764;78.94075464824158;365.2360616576869;20.92074908039798;75.76503442209778;6.5;79;-1;;50;;;0;288.15;350;146.9439072034705;50;1;;;;;;3.05676611173484;3.05676611173484;0;0;16302.752595919144;0;165.2828811655221;165.2828811655221;12;12;250;91.320881415228;3.608849470328235;35.54704973048937;27;0.9;0.71248432;99.77186181537056;5.566790828954758;37.50499108911589;27;0.9;0.71248432;127;0.07421389014813992;712484.32;1;1;1;0.02299559378373408;1;0.0746402679365777;712484.3199999958;0.992;1;0.02299559378373406;1;0.07421389014813992;712484.32;1;1;1;0.02299559378373408;1;0.0746402679365777;712484.3199999958;0.992;1;0.02299559378373406;1
3770;1786617585;0;3583.440740740739;3.576045814814813;51.92332577777778;610.0810213639112;62.14768170370366;59.17681423466124;591.7681423466124;-0.1885827097805717;-3.486328703703695;0.05972618518514412;539613.2272823442;5752667.094686484;32;62057;51.75647546386326;5.511508675283764;365.175847980996;97.16217681665726;68.27464602889614;384.6025219510994;30.65765228976024;65.37836068794932;6.5;79;-1;;50;;;0;288.15;350;152.4464076853415;50;1;;;;;;3.229387029859589;3.229387029859589;0;0;17223.39749258448;0;165.7316506969878;165.7316506969878;12;12;250;90.6994909656375;3.334838029316541;35.27303828947767;27;0.9;0.71248432;99.15047136578004;5.503827824529124;37.44202808469025;27;0.9;0.71248432;127;0.07427848970618954;712484.32;1;1;1;0.02299559378373408;1;0.07463881501195766;712484.3199999958;0.9920318725099602;1;0.02299559378373406;1;0.07427848970618954;712484.32;1;1;1;0.02299559378373408;1;0.07463881501195766;712484.3199999958;0.9920318725099602;1;0.02299559378373406;1
3780;1786617595;0;3592.931034482761;3.583814137931037;51.92564344827586;610.0729495415172;62.17053862068958;59.07592699851942;590.7592699851942;-0.09166095748267144;-3.483691034482753;-0.006775862068989788;540145.363390177;5752929.122335178;32;62057;51.58133563653982;6.483729922786382;365.1410556801175;99.69028670298868;58.76504402784624;415.5459930497949;34.42099827387862;55.9418824061175;6.5;79;-1;;50;;;0;288.15;350;160.8956684716568;50;1;;;;;;3.508574734117715;3.508574734117715;0;0;18712.39858196115;0;166.4037901214739;166.4037901214739;12;12;250;89.7481638368933;2.87254310404102;34.81074336420215;27;0.9;0.71248432;98.19914423703586;5.39049367144558;37.32869393160671;27;0.9;0.71248432;127;0.0743817060155828;712484.32;1;1;1;0.02299559378373408;1;0.07463778657597216;712484.3199999958;0.992063492063492;1;0.02299559378373406;1;0.0743817060155828;712484.32;1;1;1;0.02299559378373408;1;0.07463778657597216;712484.3199999958;0.992063492063492;1;0.02299559378373406;1
3790;1786617605;0;3602.392592592594;3.591571925925927;51.92795422222224;610.0730904896298;62.15998807407412;59.07439372151012;590.7439372151012;-0.1465085813994666;-3.486944148148149;0.04126503703705337;540676.7259593502;5753190.43448712;32;62057;51.39750998732412;7.448007191008062;365.1043080057225;100.95597679061784;50.67803627132572;455.7120399057326;36.42568850906002;47.9427248099654;6.5;79;-1;;50;;;0;288.15;350;171.2723666043417;50;1;;;;;;3.877986381674209;3.877986381674209;0;0;20682.59403559578;0;167.2052181985993;167.2052181985993;12;12;250;88.57732411221136;2.232325314779536;34.17052557494066;27;0.9;0.71248432;97.02830451235392;5.21799905811458;37.15619931827571;27;0.9;0.71248432;127;0.07451568552635468;712484.32;1;1;1;0.02299559378373408;1;0.07463730011760716;712484.3199999956;0.992094861660079;1;0.02299559378373406;1;0.07451568552635468;712484.32;1;1;1;0.02299559378373408;1;0.07463730011760716;712484.3199999956;0.992094861660079;1;0.02299559378373406;1
3800;1786617615;0;3611.88122605364;3.599332605363985;51.93026149425288;610.0771412655172;62.171588697318;59.19572673036708;591.9572673036708;0.08057767336401998;-3.486840459770115;0.00842574712643885;541208.2355833112;5753451.415306112;32;62057;51.20512494602372;8.404072041169566;365.0656320868875;101.72483962693426;43.94047199900445;502.8912995317354;37.47291716185595;41.21510988732029;6.5;79;-1;;50;;;0;288.15;350;182.6632973890243;50;1;;;;;;4.323323303312805;4.323323303312805;0;0;23057.72428433496;0;168.0608905829123;168.0608905829123;12;12;250;87.2763148062598;1.431163935308564;33.3693641954697;27;0.9;0.71248432;95.72729520640234;4.974971784923294;36.91317204508443;27;0.9;0.71248432;127;0.07467305859684734;712484.32;1;1;1;0.02299559378373408;1;0.0746374420163343;712484.3199999956;0.9921259842519686;1;0.02299559378373406;1;0.07467305859684734;712484.32;1;1;1;0.02299559378373408;1;0.0746374420163343;712484.3199999956;0.9921259842519686;1;0.02299559378373406;1
3810;1786617625;0;3621.344444444446;3.607102444444446;51.93258266666668;610.0725808511112;62.19310244444448;59.0587665573134;590.587665573134;-0.10633459658861038;-3.489470555555556;0.02068266666665279;541740.3070096074;5753714.004291892;32;62057;51.00430805710786;9.351687591649028;365.0250559269625;102.24804758047532;38.35579693167336;555.2945806948812;38.48227569319183;35.66881983093544;6.5;79;-1;;50;;;0;288.15;350;194.3759929844239;50;1;;;;;;4.834475732929534;4.834475732929534;0;0;25783.87057562418;0;168.9218768442053;168.9218768442053;12;12;250;85.90417611535004;0.490658863354828;32.42885912351596;27;0.9;0.71248432;94.35515651549258;4.648321836808376;36.58652209696951;27;0.9;0.71248432;127;0.07484785712751334;712484.32;1;1;1;0.02299559378373408;1;0.07463827369661562;712484.3199999956;0.992156862745098;1;0.02299559378373406;1;0.07484785712751334;712484.32;1;1;1;0.02299559378373408;1;0.07463827369661562;712484.3199999956;0.992156862745098;1;0.02299559378373406;1
3820;1786617635;0;3630.831417624524;3.615274904214562;51.93426157088124;603.121202137931;80.94620241380178;59.29600329828632;592.9600329828632;-0.5576433967736842;-2.064876053640358;17.75439475095777;542300.6069597382;5753905.451023854;4;62057;50.79518968876484;10.290636666091116;364.9826087974816;102.6243784987113;33.71118975776398;611.5403162533788;9.993993507568716;36.71236864840341;6.5;79;-1;;50;;;0;288.15;350;205.9264500961414;50;1;;;;;;5.40533824346486;5.40533824346486;0;0;28828.47063181259;0;169.759910012938;169.759910012938;12;12;250;84.495280436082;-0.5659486666778208;31.37225159348331;27;0.9;0.71248432;92.94626083622456;4.224559343581749;36.16275960374288;27;0.9;0.71248432;382;0.07503547270641658;712484.32;1;1;1;0.02299559378373408;1;0.07503547270641658;712484.32;1;1;0.02299559378373408;1;0.07503547270641658;712484.32;1;1;1;0.02299559378373408;1;0.07503547270641658;712484.32;1;1;0.02299559378373408;1
3830;1786617645;0;3640.340996168582;3.623860076628352;51.9336156704981;605.1726272521072;101.52787356321838;58.9246978269871;589.246978269871;-0.1127329147241042;-2.792812107279661;1.260281455938758;542891.4542935906;5753838.639133034;4;60726;49.36561513133462;1.655103469514855;363.9396415275287;206.7477243123869;46.12231674906558;484.421026426634;102.77890811148488;48.02363649660296;6.5;30;-1;;50;;;0;288.15;350;178.669181735113;50;1;;;;;;4.161920126546965;4.161920126546965;0;0;22196.90734158382;0;167.7358678538448;167.7358678538448;12;12;250;87.76274071209312;1.741455163054867;33.679655423216;27;0.9;0.71248432;96.21372111223568;5.072810969706246;37.01101122986738;27;0.9;0.71248432;382;0.07461144839748368;712484.32;1;1;1;0.02299559378373408;1;0.07482346055195014;712484.32;1;1;0.02299559378373408;1;0.07461144839748368;712484.32;1;1;1;0.02299559378373408;1;0.07482346055195014;712484.32;1;1;0.02299559378373408;1
3840;1786617655;0;3649.850574712645;3.632190000000002;51.93231091954024;608.767188546897;102.2083336781609;58.69775648850358;586.9775648850358;0.2769740675751378;-3.403813908046004;-0.01514908045978744;543465.405951129;5753698.467064428;4;60726;49.62205218978896;2.538319537798047;363.9981998916201;197.1332445308018;51.1172296158562;451.7264396630234;90.41737112290072;51.25264207990144;6.5;30;-1;;50;;;0;288.15;350;170.622389839087;50;1;;;;;;3.853901421653001;3.853901421653001;0;0;20554.14091548267;0;167.1289183562647;167.1289183562647;12;12;250;88.67770891456722;2.290267170036594;34.22846743019773;27;0.9;0.71248432;97.12868931470976;5.234381805674572;37.1725820658357;27;0.9;0.71248432;382;0.07450239099496688;712484.32;1;1;1;0.02299559378373408;1;0.07471643736628904;712484.32;1;1;0.02299559378373408;1;0.07450239099496688;712484.32;1;1;1;0.02299559378373408;1;0.07471643736628904;712484.32;1;1;0.02299559378373408;1
3850;1786617665;0;3659.360153256705;3.6404869348659;51.93100957854406;609.730726612322;102.18652007662834;58.89670117941766;588.9670117941766;-0.1997697555863318;-3.489970536398464;0.02462551724136967;544037.1191479994;5753558.720096864;4;60726;49.87102156220528;3.431141708115385;364.055213189643;183.7578269128973;55.51191842632272;428.6243151599391;76.82816123480238;54.88734653751942;6.5;30;-1;;50;;;0;288.15;350;164.6803686359464;50;1;;;;;;3.639698958430388;3.639698958430388;0;0;19411.7277782954;0;166.6729442273141;166.6729442273141;12;12;250;89.34788550674044;2.662474158478352;34.60067441863948;27;0.9;0.71248432;97.79886590688298;5.335933741499314;37.27413400166045;27;0.9;0.71248432;382;0.0744253306023966;712484.32;1;1;1;0.02299559378373408;1;0.07464366067531594;712484.32;1;1;0.02299559378373408;1;0.0744253306023966;712484.32;1;1;1;0.02299559378373408;1;0.07464366067531594;712484.32;1;1;0.02299559378373408;1
3860;1786617675;0;3668.874074074073;3.648809185185184;51.92969762962964;609.9757217074074;102.20008733333338;59.04351254418434;590.4351254418434;-0.03461502204487532;-3.501358000000003;-0.02327288888887904;544610.616255177;5753417.8738902;4;60726;50.11237920441924;4.33345560439799;364.1106432763318;166.3687780794798;58.19359297879314;416.715525693885;59.4000219438068;56.51673444646854;6.5;30;-1;;50;;;0;288.15;350;161.5248913442152;50;1;;;;;;3.530102163102976;3.530102163102976;0;0;18827.2115365492;0;166.4282017707754;166.4282017707754;12;12;250;89.7022247586065;2.848901519781897;34.78710177994302;27;0.9;0.71248432;98.15320515874904;5.384450651577994;37.32265091173913;27;0.9;0.71248432;382;0.07438560715656512;712484.32;1;1;1;0.02299559378373408;1;0.07459204997156578;712484.32;1;1;0.02299559378373408;1;0.07438560715656512;712484.32;1;1;1;0.02299559378373408;1;0.07459204997156578;712484.32;1;1;0.02299559378373408;1
3870;1786617685;0;3678.379310344827;3.657153793103448;51.92838689655174;610.0424122206896;102.18415241379308;59.01312944247938;590.131294424794;0.0002455003793103448;-3.50259;0.03378689655171057;545185.682567996;5753277.242485644;4;60726;50.34598507031046;5.24513980001046;364.1644538755673;147.1169455824155;58.1504055990086;416.9611882485902;41.22668167470341;55.61346216523364;6.5;30;-1;;50;;;0;288.15;350;161.5730484002398;50;1;;;;;;3.531754151552615;3.531754151552615;0;0;18836.02214161395;0;166.433320776415;166.433320776415;12;12;250;89.69545376451728;2.845406706635034;34.78360696679617;27;0.9;0.71248432;98.14643416465984;5.383555264512912;37.32175552467404;27;0.9;0.71248432;382;0.07438642659864296;712484.32;1;1;1;0.02299559378373408;1;0.07455777940941196;712484.32;1;1;0.02299559378373408;1;0.07438642659864296;712484.32;1;1;1;0.02299559378373408;1;0.07455777940941196;712484.32;1;1;0.02299559378373408;1
3880;1786617695;0;3687.888888888891;3.665493333333336;51.92707555555556;610.0650232;102.19581999999996;59.1339370577802;591.339370577802;0.05084104180562052;-3.500051111111109;0.0065866666666708;545760.4341702192;5753136.606125278;4;60726;50.57170026826976;6.16605470566101;364.2166098824528;129.83999741155;55.4034529464151;429.3400664333629;25.44636098116146;52.27387368996864;6.5;30;-1;;50;;;0;288.15;350;164.8152268342945;50;1;;;;;;3.644445079337146;3.644445079337146;0;0;19437.04042313145;0;166.6874365259337;166.6874365259337;12;12;250;89.32864708721402;2.652146210512386;34.59034647067352;27;0.9;0.71248432;97.77962748735658;5.333200727845478;37.27140098800661;27;0.9;0.71248432;382;0.07442771809165568;712484.32;1;1;1;0.02299559378373408;1;0.07453919922116106;712484.3200000002;1;1;0.02299559378373408;1;0.07442771809165568;712484.32;1;1;1;0.02299559378373408;1;0.07453919922116106;712484.3200000002;1;1;0.02299559378373408;1
3890;1786617705;0;3697.398467432953;3.67384666666667;51.9257542145594;609.9905695957084;102.37333153256798;59.346466067732;593.46466067732;-0.31886413344261;-3.401484214559114;6.600508620714846;546336.177746715;5752994.932306748;4;60726;50.78938479132034;7.096030834744356;364.2670767819891;116.59903519592522;50.983670231814;452.8555399731302;6.283502007540606;48.82604853756332;6.5;30;-1;;50;;;0;288.15;350;170.8189254763563;50;1;;;;;;3.861169993628689;3.861169993628689;0;0;20592.90663268634;0;167.1506018432187;167.1506018432187;12;12;250;88.6487568556375;2.273614235200599;34.21181449536173;27;0.9;0.71248432;97.09973725578004;5.229689325203864;37.16788958536499;27;0.9;0.71248432;382;0.07450615726820016;712484.32;1;1;1;0.02299559378373408;1;0.07453506897704096;712484.3200000002;1;1;0.02299559378373408;1;0.07450615726820016;712484.32;1;1;1;0.02299559378373408;1;0.07453506897704096;712484.3200000002;1;1;0.02299559378373408;1
3900;1786617715;0;3706.94252873563;3.681882873563217;51.92377321839082;608.972618248046;111.91206149425274;58.9705354188156;589.705354188156;0.0757768783444816;-3.573460574712394;0.5272104597697738;546890.834937662;5752779.753784762;4;60726;50.99890329213528;8.034890648271936;364.3158219264524;107.0755049198992;45.99357948998324;485.8906484138556;354.8968785080795;42.38776879885237;6.5;30;-1;;50;;;0;288.15;350;178.896380965099;50;1;;;;;;4.170942154223911;4.170942154223911;0;0;22245.02482252753;0;167.7621789546643;167.7621789546643;12;12;250;87.72740758359664;1.719341776267503;33.65754203642863;27;0.9;0.71248432;96.17838798373918;5.065996090648484;37.00419635080962;27;0.9;0.71248432;382;0.0746163505287682;712484.32;1;1;1;0.02299559378373408;1;0.07454410026056622;712484.3200000002;1;1;0.02299559378373408;1;0.0746163505287682;712484.32;1;1;1;0.02299559378373408;1;0.07454410026056622;712484.3200000002;1;1;0.02299559378373408;1
3910;1786617725;0;3716.452107279694;3.68972072796935;51.92159149425288;609.6985493084292;112.22884241379312;59.06534990990816;590.6534990990816;-0.2022372951614311;-3.475021800766275;0.01912421455936501;547432.1116664928;5752542.182101048;4;60726;51.20012254645708;8.982437283726972;364.3628138922304;100.2557693425136;41.11198708186231;526.6744865365796;348.783443499622;37.70276262576988;6.5;30;-1;;50;;;0;288.15;350;188.3158546844714;50;1;;;;;;4.562509430703956;4.562509430703956;0;0;24333.3836304211;0;168.4622537533971;168.4622537533971;12;12;250;86.6357655083838;1.0037463483386154;32.94194660849974;27;0.9;0.71248432;95.08674590852636;4.832238565289658;36.77043882545078;27;0.9;0.71248432;382;0.07475239076938934;712484.32;1;1;1;0.02299559378373408;1;0.07456492931144852;712484.3200000002;1;1;0.02299559378373408;1;0.07475239076938934;712484.32;1;1;1;0.02299559378373408;1;0.07456492931144852;712484.3200000002;1;1;0.02299559378373408;1
3920;1786617735;0;3725.996168582378;3.69756685823755;51.91940088122606;609.9703784367816;112.20899528735628;58.97723913779034;589.7723913779034;0.0002520410114942529;-3.498887471264369;0.013856781609134052;547974.0188946762;5752303.685938698;4;60726;51.39290951666822;9.93844271841877;364.4080219606185;95.26917826715726;36.64467257098601;573.5498946033126;343.7501221749124;33.28742210248045;6.5;30;-1;;50;;;0;288.15;350;198.4294907495636;50;1;;;;;;5.026383173846606;5.026383173846606;0;0;26807.37692718191;0;169.2028322286749;169.2028322286749;12;12;250;85.43131328996344;0.1456605304549841;32.08386079061612;27;0.9;0.71248432;93.882293690106;4.516722776279332;36.45492303644046;27;0.9;0.71248432;382;0.07490875030017758;712484.32;1;1;1;0.02299559378373408;1;0.07459618576496936;712484.3200000002;1;1;0.02299559378373408;1;0.07490875030017758;712484.32;1;1;1;0.02299559378373408;1;0.07459618576496936;712484.3200000002;1;1;0.02299559378373408;1
3930;1786617745;0;3735.522222222223;3.705398222222223;51.9172098888889;610.049642628889;112.18811122222224;59.00576232100824;590.0576232100824;0.04581129843341214;-3.506625444444448;0.06164300000001942;548514.9633135588;5752065.195789032;4;60726;51.57713656172384;10.902670489645586;364.4514172684949;91.52045714433422;32.67913165760035;625.1442474562044;339.987767916743;29.37002529608732;6.5;30;-1;;50;;;0;288.15;350;208.7343006706401;50;1;;;;;;5.556236827223638;5.556236827223638;0;0;29633.26307852607;0;169.9510129263946;169.9510129263946;12;12;250;84.15327893886664;-0.8348199816624354;31.1033802784987;27;0.9;0.71248432;92.60425933900918;4.106769632503192;36.04496989266432;27;0.9;0.71248432;382;0.07508085053644466;712484.32;1;1;1;0.02299559378373408;1;0.07463657449592564;712484.3200000002;1;1;0.02299559378373408;1;0.07508085053644466;712484.32;1;1;1;0.02299559378373408;1;0.07463657449592564;712484.3200000002;1;1;0.02299559378373408;1
3940;1786617755;0;3745.049808429118;3.713240842911877;51.9150285440613;610.059200628659;112.21431172413792;58.98308769448806;589.8308769448806;-0.2992888752569575;-3.50371846743295;-0.006460689655189934;549056.7234911714;5751827.844594236;4;60400;53.27816387142002;3.674206555977284;365.7842747091936;359.0166389159055;65.83468433373744;391.8196658854894;254.6869503371275;66.99044860349112;6.5;13;-1;;50;;;0;288.15;350;154.2700954762021;50;1;;;;;;3.288146533731448;3.288146533731448;0;0;17536.78151323439;0;165.8931327418709;165.8931327418709;12;12;250;90.47924941688256;3.232437431690785;35.17063769185192;27;0.9;0.71248432;98.93022981702512;5.479504843324504;37.41770510348563;27;0.9;0.71248432;382;0.07430256350705344;712484.32;1;1;1;0.02299559378373408;1;0.07461088134293546;712484.3200000002;1;1;0.02299559378373408;1;0.07430256350705344;712484.32;1;1;1;0.02299559378373408;1;0.07461088134293546;712484.3200000002;1;1;0.02299559378373408;1
3950;1786617765;0;3754.559386973181;3.721346666666667;51.9132572796935;611.1557924034026;102.36959195402286;59.09032971905432;590.9032971905432;0.1674548463082117;-3.73555747126452;-0.2691178160913449;549616.1875158378;5751636.340225798;4;60400;53.24659617223062;4.72215387815863;365.7720004653629;24.1725095926721;64.22421439948704;396.6385559967614;289.118562310179;63.49123661821754;6.5;13;-1;;50;;;0;288.15;350;155.5990731280493;50;1;;;;;;3.331472784273712;3.331472784273712;0;0;17767.8548494598;0;165.9993067094986;165.9993067094986;12;12;250;90.32974919871262;3.161342686199299;35.09954294636043;27;0.9;0.71248432;98.78072959885518;5.46235941897759;37.40055967913872;27;0.9;0.71248432;382;0.0743186375942517;712484.32;1;1;1;0.02299559378373408;1;0.07459000678945804;712484.3200000002;1;1;0.02299559378373408;1;0.0743186375942517;712484.32;1;1;1;0.02299559378373408;1;0.07459000678945804;712484.3200000002;1;1;0.02299559378373408;1
3960;1786617775;0;3764.066666666664;3.729688666666664;51.91193066666668;610.3105255381336;102.20977533333342;59.0721961535023;590.7219615350232;0.02240794053223198;-3.555113333333419;0.05303133333332034;550191.4446586028;5751494.5144;4;60400;53.20509726955248;5.768250662263924;365.7575503633862;43.04413792199652;59.35714603496418;413.8591353120993;305.5971373050915;57.36372773880182;6.5;13;-1;;50;;;0;288.15;350;160.2592222872033;50;1;;;;;;3.48690818992647;3.48690818992647;0;0;18596.84367960784;0;166.3684590634763;166.3684590634763;12;12;250;89.8051614390821;2.901706972817371;34.8399072329785;27;0.9;0.71248432;98.25614183922466;5.397914557551968;37.3361148177131;27;0.9;0.71248432;382;0.07437607926383278;712484.32;1;1;1;0.02299559378373408;1;0.07457574495441636;712484.3200000002;1;1;0.02299559378373407;1;0.07437607926383278;712484.32;1;1;1;0.02299559378373408;1;0.07457574495441636;712484.3200000002;1;1;0.02299559378373407;1
3970;1786617785;0;3773.525925925928;3.738032814814816;51.91061637037038;610.1248145663704;102.23756348148152;59.07283453029838;590.7283453029838;0.0002439372592592689;-3.511158444444442;0.02855496296293661;550766.8692587096;5751354.1258619;4;60400;53.15370074720488;6.812006536358924;365.7409310987569;55.23422200987878;53.24374940003606;442.0499339749918;316.1738255868885;50.75735429854544;6.5;13;-1;;50;;;0;288.15;350;167.622445051665;50;1;;;;;;3.74443700896824;3.74443700896824;0;0;19970.33071449728;0;166.9408347436152;166.9408347436152;12;12;250;88.97525693990148;2.45867157808029;34.39687183824142;27;0.9;0.71248432;97.42623734004402;5.281113156955382;37.21931341711651;27;0.9;0.71248432;382;0.0744701136463218;712484.32;1;1;1;0.02299559378373408;1;0.07456914299766046;712484.3200000002;1;1;0.02299559378373407;1;0.0744701136463218;712484.32;1;1;1;0.02299559378373408;1;0.07456914299766046;712484.3200000002;1;1;0.02299559378373407;1
3980;1786617795;0;3782.985185185185;3.746376814814815;51.90930207407408;610.0861696104594;102.2294251851852;59.10550659486378;591.0550659486378;-0.0503343439777736;-3.512994222222222;0.0584550370370377;551342.3168570072;5751213.803151164;4;60400;53.0924486950552;7.85292617445275;365.7221510249074;63.10526466472728;47.16588815822778;479.276357170051;323.1019850510613;44.3602903476956;6.5;13;-1;;50;;;0;288.15;350;176.8655171425337;50;1;;;;;;4.090954353816511;4.090954353816511;0;0;21818.42322035473;0;167.6431282559978;167.6431282559978;12;12;250;87.92644608267066;1.843029416268941;33.78122967643008;27;0.9;0.71248432;96.3774264828132;5.103806653875458;37.04200691403659;27;0.9;0.71248432;382;0.07459428762802704;712484.32;1;1;1;0.02299559378373408;1;0.07457062209356436;712484.3200000002;1;1;0.02299559378373407;1;0.07459428762802704;712484.32;1;1;1;0.02299559378373408;1;0.07457062209356436;712484.3200000002;1;1;0.02299559378373407;1
3990;1786617805;0;3792.459770114942;3.754724597701149;51.90798563218392;610.0752882489656;102.24088701149424;59.08233378200556;590.8233378200556;-0.1793656862188552;-3.509042183908045;0.0179752873563321;551918.0603908046;5751073.310638068;4;60400;53.021389997207;8.89054017267555;365.7012196593969;68.4309328577062;41.64827649487541;523.6110422654336;327.9638139426663;38.68950431185388;6.5;13;-1;;50;;;0;288.15;350;187.2012692586092;50;1;;;;;;4.514291845432368;4.514291845432368;0;0;24076.22317563929;0;168.4115840762841;168.4115840762841;12;12;250;86.73465277076842;1.071091505668311;33.00929176582944;27;0.9;0.71248432;95.18563317091096;4.855351216580334;36.79355147674147;27;0.9;0.71248432;382;0.07474217221922438;712484.32;1;1;1;0.02299559378373408;1;0.07458015265610102;712484.3200000002;1;1;0.02299559378373407;1;0.07474217221922438;712484.32;1;1;1;0.02299559378373408;1;0.07458015265610102;712484.3200000002;1;1;0.02299559378373407;1
4000;1786617815;0;3801.93703703704;3.763064592592596;51.90665944444444;610.0685945265628;102.22330596296292;59.08788943824846;590.8788943824846;0.6254715750243486;-3.511668888888888;0.02687548148140681;552493.3127888228;5750931.794454072;4;60400;52.94058210872752;9.924372992612214;365.6781482833376;72.22071507277334;36.82420253171318;573.403372683721;330.6002782085498;33.76958667019327;6.5;13;-1;;50;;;0;288.15;350;197.9933771433547;50;1;;;;;;5.005324120752044;5.005324120752044;0;0;26695.06197734424;0;169.2006130044635;169.2006130044635;12;12;250;85.45459156726938;0.1628801230211004;32.10108038318223;27;0.9;0.71248432;93.90557196741194;4.52344489879526;36.46164515895639;27;0.9;0.71248432;382;0.07490826155566222;712484.32;1;1;1;0.02299559378373408;1;0.07459742154555162;712484.3200000002;1;1;0.02299559378373407;1;0.07490826155566222;712484.32;1;1;1;0.02299559378373408;1;0.07459742154555162;712484.3200000002;1;1;0.02299559378373407;1
4010;1786617825;0;3811.409961685822;3.771410766283523;51.90534670498084;610.0762619398468;102.20701141762448;59.12390105886156;591.2390105886156;-0.07389659884068236;-3.51410586206896;0.06582337164748236;553069.0079698914;5750791.844511646;4;60400;52.85008893245814;10.95397357241312;365.6529493679218;75.03811153789578;32.66401409844485;627.3489960612074;333.8214521240605;29.49308481900329;6.5;13;-1;;50;;;0;288.15;350;208.7761013793116;50;1;;;;;;5.558523352004786;5.558523352004786;0;0;29645.45787735886;0;169.9815922895035;169.9815922895035;12;12;250;84.1204130509766;-0.860894448758499;31.07730581140263;27;0.9;0.71248432;92.57139345111914;4.095128411153115;36.03332867131425;27;0.9;0.71248432;382;0.07508820478618034;712484.32;1;1;1;0.02299559378373408;1;0.07462196070758306;712484.3200000002;1;1;0.02299559378373407;1;0.07508820478618034;712484.32;1;1;1;0.02299559378373408;1;0.07462196070758306;712484.3200000002;1;1;0.02299559378373407;1
4020;1786617835;0;3820.885057471266;3.779758850574714;51.90402609195402;610.0678878995864;102.23013022988502;59.10584554367028;591.0584554367028;0.04539601802304266;-3.511741149425286;0.001416551724129652;553644.8771023002;5750651.086171748;4;61243;48.67679061285338;2.747813684286402;364.6087591297537;191.9744172439455;41.87509311013003;519.9718610525946;86.55730316099496;41.76171918703676;6.5;48;-1;;50;;;0;288.15;350;186.7360120698019;50;1;;;;;;4.49432186409212;4.49432186409212;0;0;23969.71660849131;0;168.3510049801378;168.3510049801378;12;12;250;86.81520184825496;1.125585049528195;33.06378530968932;27;0.9;0.71248432;95.26618224839752;4.873881298090074;36.8120815582512;27;0.9;0.71248432;382;0.07473003321733916;712484.32;1;1;1;0.02299559378373408;1;0.07462710701757144;712484.3200000002;1;1;0.02299559378373407;1;0.07473003321733916;712484.32;1;1;1;0.02299559378373408;1;0.07462710701757144;712484.3200000002;1;1;0.02299559378373407;1
4030;1786617845;0;3830.348148148148;3.78810637037037;51.90271125925926;610.0675870493928;102.2181599259259;59.12877749328628;591.2877749328628;0.01838294430367656;-3.514688444444445;0.04564399999999284;554220.7338736424;5750511.036421974;4;61243;48.39497490925586;3.596032856124804;364.5501829672649;182.0889043240019;39.95133181186849;538.0803378274002;76.99442514505522;39.29030710506948;6.5;48;-1;;50;;;0;288.15;350;190.7991395728861;50;1;;;;;;4.671902529956776;4.671902529956776;0;0;24916.81349310281;0;168.6483505955823;168.6483505955823;12;12;250;86.34027556694586;0.799622892905937;32.73782315306707;27;0.9;0.71248432;94.7912559670884;4.760737864152902;36.69893812431404;27;0.9;0.71248432;382;0.0747904365940472;712484.32;1;1;1;0.02299559378373408;1;0.07463453108922942;712484.3200000002;1;1;0.02299559378373407;1;0.0747904365940472;712484.32;1;1;1;0.02299559378373408;1;0.07463453108922942;712484.3200000002;1;1;0.02299559378373407;1
4040;1786617855;0;3839.835249042143;3.796455019157086;51.90139141762452;610.0720400346668;102.23206708812268;59.08270292640174;590.8270292640174;-0.12039624471490238;-3.515316513409964;0.012821647509564294;554796.707608523;5750370.496382736;4;61243;48.10634642120496;4.434372535655294;364.490179818321;173.5719857343463;37.41790463315603;564.746095403828;68.97926274071596;36.23973314558173;6.5;48;-1;;50;;;0;288.15;350;196.569351804233;50;1;;;;;;4.937263342609972;4.937263342609972;0;0;26332.07116058652;0;169.0684728815477;169.0684728815477;12;12;250;85.65479246832724;0.3099749096968547;32.24817516985798;27;0.9;0.71248432;94.10577286846978;4.580206774729492;36.51840703489062;27;0.9;0.71248432;382;0.07487938398703476;712484.32;1;1;1;0.02299559378373408;1;0.07464517686739488;712484.3200000002;1;1;0.02299559378373407;1;0.07487938398703476;712484.32;1;1;1;0.02299559378373408;1;0.07464517686739488;712484.3200000002;1;1;0.02299559378373407;1
4050;1786617865;0;3849.344827586206;3.804796551724137;51.90007172413794;610.0673088068966;102.25446206896548;58.97655775245424;589.7655775245424;0.09875972503749806;-3.517730689655172;0.02491448275863914;555372.224949199;5750230.033453268;4;61243;47.81104648716324;5.262816873596384;364.4287926008201;166.459367809209;34.59345821435662;598.8248227106438;61.99878159234836;33.02085353418151;6.5;48;-1;;50;;;0;288.15;350;203.5971524952763;50;1;;;;;;5.284018093324786;5.284018093324786;0;0;28181.42983106552;0;169.5774040344666;169.5774040344666;12;12;250;84.79910656469356;-0.3309661097329362;31.60723415042819;27;0.9;0.71248432;93.2500869648361;4.324160126959407;36.26236038712054;27;0.9;0.71248432;382;0.07499305838543078;712484.32;1;1;1;0.02299559378373408;1;0.07465967193064636;712484.3200000002;1;1;0.02299559378373407;1;0.07499305838543078;712484.32;1;1;1;0.02299559378373408;1;0.07465967193064636;712484.3200000002;1;1;0.02299559378373407;1
4060;1786617875;0;3858.88888888889;3.813123333333335;51.89875555555556;610.070207177778;102.24740111111114;59.10247687053026;591.0247687053024;0.06196765109877864;-3.522806666666667;0.05467444444441976;555946.7562804356;5750090.017212814;4;61243;47.50921936690752;6.081353634557234;364.366066017994;160.602793107511;31.71744065250108;639.1285682248442;56.50836275087042;29.86490076830939;6.5;48;-1;;50;;;0;288.15;350;211.432296580285;50;1;;;;;;5.70634453793671;5.70634453793671;0;0;30433.83753566246;0;170.1431727505779;170.1431727505779;12;12;250;83.8110114039703;-1.108330658042109;30.82986960211902;27;0.9;0.71248432;92.26199180411286;3.982728509264594;35.92092876942572;27;0.9;0.71248432;382;0.07512749720948618;712484.32;1;1;1;0.02299559378373408;1;0.07467838494179996;712484.3200000002;1;1;0.02299559378373407;1;0.07512749720948618;712484.32;1;1;1;0.02299559378373408;1;0.07467838494179996;712484.3200000002;1;1;0.02299559378373407;1
4070;1786617885;0;3868.398467432951;3.821466666666667;51.89743421455938;610.0705864283526;102.2588870881226;59.18392751985076;591.8392751985076;-0.179809122126354;-3.518820191570881;0.02062149425287196;556522.466191755;5749949.504292532;4;62223;52.08042914473242;358.1764359637993;364.7581950311997;275.2281533481999;40.14488874454143;536.5198648600942;172.7813743680567;43.63977697104184;6.5;97;-1;;50;;;0;288.15;350;190.3781734059209;50;1;;;;;;4.653163185001362;4.653163185001362;0;0;24816.87032000726;0;168.6231242733267;168.6231242733267;12;12;250;86.3842412341569;0.8302653228137302;32.76846558297486;27;0.9;0.71248432;94.83522163429944;4.771610853784076;36.70981111394521;27;0.9;0.71248432;382;0.074785231416513;712484.32;1;1;1;0.02299559378373408;1;0.07468249442159662;712484.3200000002;1;1;0.02299559378373407;1;0.074785231416513;712484.32;1;1;1;0.02299559378373408;1;0.07468249442159662;712484.3200000002;1;1;0.02299559378373407;1
4080;1786617895;0;3877.942528735631;3.829819999999999;51.89610804597702;610.0666183448276;102.24514620689658;58.9752734329857;589.752734329857;0.4011314623333868;-3.521409885057473;0.02773264367820678;557098.9036257004;5749808.528152674;4;62223;52.22885758454462;359.1709001504933;364.786615560146;278.4445723926817;45.83325086025074;487.712058522234;175.5381477715043;49.34670960476968;6.5;97;-1;;50;;;0;288.15;350;179.1807930221975;50;1;;;;;;4.182262570073944;4.182262570073944;0;0;22305.4003737277;0;167.7946780131222;167.7946780131222;12;12;250;87.68358810928876;1.691823781689035;33.63002404185017;27;0.9;0.71248432;96.13456850943132;5.05748206356192;36.99568232372305;27;0.9;0.71248432;382;0.07462242609891606;712484.32;1;1;1;0.02299559378373408;1;0.07468026966890474;712484.3200000002;1;1;0.02299559378373407;1;0.07462242609891606;712484.32;1;1;1;0.02299559378373408;1;0.07468026966890474;712484.3200000002;1;1;0.02299559378373407;1
4090;1786617905;0;3887.452107279694;3.838147854406131;51.89479670498086;610.07522764564;102.2274487356322;59.30107013280274;593.0107013280274;-0.1779045487623965;-3.523747586206898;0.06635934865900844;557673.6024061572;5749669.247126516;4;62223;52.36813816777106;0.1720724137597979;364.8130753270771;283.2937189565258;52.48044748746792;445.0400077065639;181.4535611029621;56.00166437783978;6.5;97;-1;;50;;;0;288.15;350;168.6716388230503;50;1;;;;;;3.782407903631451;3.782407903631451;0;0;20172.84215270107;0;166.9993892319011;166.9993892319011;12;12;250;88.87873155695238;2.404589755806137;34.34279001596727;27;0.9;0.71248432;97.32971195709492;5.26624829512909;37.20444855529022;27;0.9;0.71248432;382;0.07448008745871026;712484.32;1;1;1;0.02299559378373408;1;0.07467312030425496;712484.3200000002;1;1;0.02299559378373407;1;0.07448008745871026;712484.32;1;1;1;0.02299559378373408;1;0.07467312030425496;712484.3200000002;1;1;0.02299559378373407;1
4100;1786617915;0;3897.029629629624;3.846516370370366;51.89346585185186;610.0666571525926;102.25408444444438;58.98913753261344;589.8913753261344;0.10510573755074388;-3.521355111111108;-0.0005416296297380004;558251.1574553844;5749527.894233938;4;62223;52.4981684789038;1.179599060780802;364.8375543976581;291.3056224721388;59.96578918459776;410.4307390620305;190.0235948269676;63.43927515258996;6.5;97;-1;;50;;;0;288.15;350;159.6212261065524;50;1;;;;;;3.465296827551007;3.465296827551007;0;0;18481.58308027204;0;166.2962057358415;166.2962057358415;12;12;250;89.8990261290924;2.949327134228562;34.8875273943897;27;0.9;0.71248432;98.35000652923494;5.409952062686974;37.3481523228481;27;0.9;0.71248432;382;0.07436464336490142;712484.32;1;1;1;0.02299559378373408;1;0.07466248316841518;712484.3200000002;1;1;0.02299559378373407;1;0.07436464336490142;712484.32;1;1;1;0.02299559378373408;1;0.07466248316841518;712484.3200000002;1;1;0.02299559378373407;1
4110;1786617925;0;3906.488095238097;3.854844642857144;51.89215166666666;610.066942823143;102.24353154761908;59.23131807316784;592.3131807316784;-0.00452048021682227;-3.524679166666667;0.04888988095239864;558825.9551334814;5749388.429089442;4;62223;52.61885141960114;2.193108422820996;364.86003418561;306.1323226461074;67.57354152115358;386.0589032032856;208.0659493904749;70.72292810744018;6.5;97;-1;;50;;;0;288.15;350;152.9475169170469;50;1;;;;;;3.245453795586682;3.245453795586682;0;0;17309.08690979564;0;165.7644795929813;165.7644795929813;12;12;250;90.65059530391692;3.312344016733574;35.2505442768947;27;0.9;0.71248432;99.10157570405948;5.498522306967208;37.43672256712834;27;0.9;0.71248432;382;0.07428334767113602;712484.32;1;1;1;0.02299559378373408;1;0.07464984531850588;712484.3200000002;1;1;0.02299559378373407;1;0.07428334767113602;712484.32;1;1;1;0.02299559378373408;1;0.07464984531850588;712484.3200000002;1;1;0.02299559378373407;1
4120;1786617935;0;3915.980842911875;3.863202950191569;51.89082268199234;610.0707344743296;102.25486406130272;58.92038776158374;589.2038776158374;0.2766837978045034;-3.524507816091956;0.014739501915701098;559402.8722798896;5749247.408050284;4;62223;52.73009425667496;3.212199211418871;364.880497227412;334.8323542246809;73.00218452965876;373.937488672128;242.6754010938839;74.89225584833352;6.5;97;-1;;50;;;0;288.15;350;149.5299098627652;50;1;;;;;;3.137038704330483;3.137038704330483;0;0;16730.87308976258;0;165.4873882834324;165.4873882834324;12;12;250;91.03610170472202;3.485990960921368;35.4241912210825;27;0.9;0.71248432;99.48708210486458;5.538938252721904;37.47713851288303;27;0.9;0.71248432;382;0.07424291498442996;712484.32;1;1;1;0.02299559378373408;1;0.07463671853353568;712484.3200000002;1;1;0.02299559378373407;1;0.07424291498442996;712484.32;1;1;1;0.02299559378373408;1;0.07463671853353568;712484.3200000002;1;1;0.02299559378373407;1
4130;1786617945;0;3925.490421455937;3.871521570881225;51.88951134099618;610.066229524138;102.2789303831417;59.03404128222518;590.3404128222518;0.02725230394646275;-3.527289731800765;0.02826785440615207;559977.0684436782;5749108.38300353;4;62223;52.83181186053718;4.236465806700351;364.8989277345327;13.192930323633006;72.32692303883578;375.2546700581634;281.7633366423804;71.90822497991328;6.5;97;-1;;50;;;0;288.15;350;149.898456870687;50;1;;;;;;3.148600598520033;3.148600598520033;0;0;16792.53652544018;0;165.5179302580305;165.5179302580305;12;12;250;90.99399783593436;3.467437291328145;35.40563755148927;27;0.9;0.71248432;99.4449782360769;5.534678920289374;37.47287918045051;27;0.9;0.71248432;382;0.0742473086286024;712484.32;1;1;1;0.02299559378373408;1;0.07462454947400652;712484.3200000002;1;1;0.02299559378373407;1;0.0742473086286024;712484.32;1;1;1;0.02299559378373408;1;0.07462454947400652;712484.3200000002;1;1;0.02299559378373407;1
4140;1786617955;0;3934.966666666663;3.879850666666664;51.88818466666668;610.069249355067;102.2728556666666;59.20871097645272;592.0871097645272;0.05954541513406194;-3.532446999999999;0.05747166666672848;560552.0391268922;5748967.726746732;4;62223;52.92392538570268;5.265487051923952;364.9153112939839;38.73900132424175;66.1877966110587;389.8754582656323;303.0182231472681;64.38362840280572;6.5;97;-1;;50;;;0;288.15;350;153.9921991323443;50;1;;;;;;3.279141166986816;3.279141166986816;0;0;17488.75289059635;0;165.8499261076747;165.8499261076747;12;12;250;90.5314614178234;3.256964573532868;35.195164833694;27;0.9;0.71248432;98.98244181796596;5.485370587500266;37.4235708476614;27;0.9;0.71248432;382;0.07429607832849748;712484.32;1;1;1;0.02299559378373408;1;0.07461459580293048;712484.3200000002;1;1;0.02299559378373407;1;0.07429607832849748;712484.32;1;1;1;0.02299559378373408;1;0.07461459580293048;712484.3200000002;1;1;0.02299559378373407;1
4150;1786617965;0;3944.475095785443;3.888208084291189;51.88686348659004;610.0696901904216;102.28240678160922;59.08091995548672;590.8091995548672;0.02447370449818302;-3.528759348659006;0.01984639846742079;561128.9848992338;5748827.771251408;4;62223;53.00636162340642;6.298814784137878;364.9296347152904;51.8088086685183;58.4982112154258;416.3973115213962;313.6007315387629;56.14085034036854;6.5;97;-1;;50;;;0;288.15;350;161.1876341486717;50;1;;;;;;3.518550407587667;3.518550407587667;0;0;18765.60217380089;0;166.4215664791452;166.4215664791452;12;12;250;89.72041180575206;2.858275617209357;34.79647587737049;27;0.9;0.71248432;98.17139220589462;5.386849692533122;37.32504995269425;27;0.9;0.71248432;382;0.07438454570833986;712484.32;1;1;1;0.02299559378373408;1;0.0746078296236778;712484.3200000002;1;1;0.02299559378373407;1;0.07438454570833986;712484.32;1;1;1;0.02299559378373408;1;0.0746078296236778;712484.3200000002;1;1;0.02299559378373407;1
4160;1786617975;0;3953.915708812261;3.89654582375479;51.88554180076628;610.0657265325672;102.26345865900382;59.13448615573776;591.3448615573776;0.0002414970881226034;-3.53093938697318;0.0327627203065049;561704.6104098678;5748687.80890204;4;62223;53.07905549765906;7.33599982750357;364.9418864332547;59.02763450427498;51.14833355577524;452.731410452373;319.5272822365096;48.49534828508726;6.5;97;-1;;50;;;0;288.15;350;170.57676003985;50;1;;;;;;3.852215611477698;3.852215611477698;0;0;20545.14992788106;0;167.1482206796554;167.1482206796554;12;12;250;88.66009240135176;2.280139945200181;34.21834020536131;27;0.9;0.71248432;97.11107280149432;5.23152968615206;37.16972994631319;27;0.9;0.71248432;382;0.07450574321668736;712484.32;1;1;1;0.02299559378373408;1;0.07460491286919238;712484.3200000002;1;1;0.02299559378373407;1;0.07450574321668736;712484.32;1;1;1;0.02299559378373408;1;0.07460491286919238;712484.3200000002;1;1;0.02299559378373407;1
4170;1786617985;0;3963.3908045977;3.904886091954022;51.88420747126438;609.7061418333342;102.83061816091836;59.25379974624436;592.5379974624436;-0.6957513304370112;-3.574737471264031;11.967414942523664;562280.4608266946;5748546.508540576;4;62223;53.1419490268168;8.376580892904954;364.9520562791004;63.48342058430186;44.68810846747891;496.7253926596986;316.2348180368791;34.10307787385313;6.5;97;-1;;50;;;0;288.15;350;181.2598962522335;50;1;;;;;;4.265925487446532;4.265925487446532;0;0;22751.60259971483;0;167.953735377776;167.953735377776;12;12;250;87.4408678272624;1.537538297876353;33.47573855803749;27;0.9;0.71248432;95.89184822740494;5.00905297872844;36.94725323888957;27;0.9;0.71248432;382;0.07465249134537888;712484.32;1;1;1;0.02299559378373408;1;0.0746062344935309;712484.3200000002;1;1;0.02299559378373407;1;0.07465249134537888;712484.32;1;1;1;0.02299559378373408;1;0.0746062344935309;712484.3200000002;1;1;0.02299559378373407;1
4180;1786617995;0;3972.900383141766;3.912858314176248;51.8821629118774;608.85926669459;112.06582731800794;59.06646544262546;590.6646544262546;0.0771231103412931;-3.56317597701134;0.490209310344894;562832.0033409864;5748325.966724694;4;62223;53.19499096606376;9.420073290794358;364.9601354008601;66.47298081301426;39.17521418340101;546.5697101789866;316.0209176124297;36.30187482492844;6.5;97;-1;;50;;;0;288.15;350;192.5150652041252;50;1;;;;;;4.749134812420746;4.749134812420746;0;0;25328.71899957731;0;168.7843193483434;168.7843193483434;12;12;250;86.12707453172078;0.6497060912603826;32.58790635142151;27;0.9;0.71248432;94.57805493186334;4.706826192783622;36.64502645294475;27;0.9;0.71248432;382;0.07481875409211978;712484.32;1;1;1;0.02299559378373408;1;0.07461197826646574;712484.3200000002;1;1;0.02299559378373407;1;0.07481875409211978;712484.32;1;1;1;0.02299559378373408;1;0.07461197826646574;712484.3200000002;1;1;0.02299559378373407;1
4190;1786618005;0;3982.375478927202;3.920694137931033;51.87996739463602;609.700895429502;112.27514038314172;58.97933838516974;589.7933838516974;0.11237119360674808;-3.499446206896556;0.03810199233717081;563374.4190788652;5748088.577282474;4;62223;53.238138524735;10.465995479402412;364.9661165138032;68.61520374390958;34.51381842149992;600.787517633813;317.7741113337263;31.9278708516463;6.5;97;-1;;50;;;0;288.15;350;203.8047468831622;50;1;;;;;;5.294694014747422;5.294694014747422;0;0;28238.36807865292;0;169.6058261607385;169.6058261607385;12;12;250;84.76000851699902;-0.360995178446284;31.57720508171485;27;0.9;0.71248432;93.21098891714158;4.311604718549356;36.24980497871049;27;0.9;0.71248432;382;0.07499960523099276;712484.32;1;1;1;0.02299559378373408;1;0.07462217897605856;712484.3200000002;1;1;0.02299559378373407;1;0.07499960523099276;712484.32;1;1;1;0.02299559378373408;1;0.07462217897605856;712484.3200000002;1;1;0.02299559378373407;1
4200;1786618015;0;3991.850574712644;3.928517471264368;51.8777743678161;609.977801806161;112.27983632183908;59.06917872134236;590.6917872134236;-0.012725179137920596;-3.531907011494253;0.006278390804598096;563916.0236188516;5747851.512318118;4;62223;53.27135659861056;11.51385804859568;364.96999374382;70.2266667613259;30.56569459686319;658.285544184199;319.264672736579;27.91119065545337;0;97;-1;;50;;;0;288.15;350;214.7679794380116;50;1;;;;;;5.899403815302866;5.899403815302866;0;0;31463.48701494862;0;170.3996945064133;170.3996945064133;12;12;250;76.86143037076878;-7.324795654085326;24.61340460607581;27;0.9;0.71248432;85.31241077091134;0.05733208830430342;31.99553234846543;27;0.9;0.71248432;382;0.07519139800301234;712484.32;1;1;1;0.02299559378373408;1;0.07463677433572404;712484.3200000002;1;1;0.02299559378373407;1;0.07519139800301234;712484.32;1;1;1;0.02299559378373408;1;0.07463677433572404;712484.3200000002;1;1;0.02299559378373407;1
4210;1786618025;0;4001.360153256704;3.93635172413793;51.87557716475096;610.0397349544062;112.29641122605362;59.0382026274893;590.382026274893;-0.1279464095480259;-3.538593256704981;0.02551678160920877;564458.4379039146;5747614.050815892;4;62064;51.51120896619988;5.11619255229161;365.0370624404386;115.96349959504568;74.94246718289214;370.6857358546252;3.016126811113206;71.41155162349166;6.5;86;-1;;50;;;0;288.15;350;148.5570615308594;50;1;;;;;;3.10666597977148;3.10666597977148;0;0;16568.88522544789;0;165.4115256331162;165.4115256331162;12;12;250;91.14233707959724;3.532358437283639;35.47055869744477;27;0.9;0.71248432;99.5933174797398;5.549521596340784;37.48772185650192;27;0.9;0.71248432;382;0.07423206830456618;712484.32;1;1;1;0.02299559378373408;1;0.0746266566849451;712484.3200000002;1;1;0.02299559378373407;1;0.07423206830456618;712484.32;1;1;1;0.02299559378373408;1;0.0746266566849451;712484.3200000002;1;1;0.02299559378373407;1
4220;1786618035;0;4010.904214559385;3.944181455938696;51.87338107279694;610.0601739697318;112.2900177011494;59.20059330597218;592.0059330597218;-0.2247071865179475;-3.543357241379311;0.05580827586211174;565000.5914820266;5747376.76753402;4;62064;51.32398727399386;6.077332834197396;364.9958545457694;111.6320005646789;64.62799204191108;394.543436042453;359.5149705674451;61.0843013113837;6.5;86;-1;;50;;;0;288.15;350;155.25628837999;50;1;;;;;;3.320256162370115;3.320256162370115;0;0;17708.03286597395;0;165.9533045926104;165.9533045926104;12;12;250;90.3869679375044;3.188704647369844;35.12690490753097;27;0.9;0.71248432;98.83794833764696;5.468983332124266;37.40718359228539;27;0.9;0.71248432;382;0.0743116490263328;712484.32;1;1;1;0.02299559378373408;1;0.0746189735713204;712484.3200000002;1;1;0.02299559378373407;1;0.0743116490263328;712484.32;1;1;1;0.02299559378373408;1;0.0746189735713204;712484.3200000002;1;1;0.02299559378373407;1
4230;1786618045;0;4020.413793103447;3.952029310344827;51.8711748275862;610.065469137931;112.3007424137931;59.00597809567128;590.0597809567126;0.1652018437430976;-3.539129655172413;0.02090068965518346;565544.0596916646;5747138.428973314;4;62064;51.12825509809134;7.03016323844802;364.9527632495019;109.9345884755136;55.63851501630628;429.0977561714931;357.6473183014839;52.10170341466488;6.5;86;-1;;50;;;0;288.15;350;164.5236935795091;50;1;;;;;;3.634191533080433;3.634191533080433;0;0;19382.35484309564;0;166.6825330135459;166.6825330135459;12;12;250;89.3438041458586;2.660284892704032;34.59848515286516;27;0.9;0.71248432;97.79478454600116;5.335354810337262;37.27355507049839;27;0.9;0.71248432;382;0.0744269098316231;712484.32;1;1;1;0.02299559378373408;1;0.07461440062513714;712484.3200000002;1;1;0.02299559378373407;1;0.0744269098316231;712484.32;1;1;1;0.02299559378373408;1;0.07461440062513714;712484.3200000002;1;1;0.02299559378373407;1
4240;1786618055;0;4029.923371647512;3.959866398467435;51.86899685823756;610.211698526437;111.32668226053476;58.99860909567594;589.9860909567594;1.0256326112508518;-3.578955517241253;-13.767858697327694;566086.7976199064;5746903.284253586;4;62064;50.92414117830082;7.97445460820637;364.9078175251534;109.04354320711578;48.06905559016872;472.0034242890312;10.291891465544536;43.62198508982372;6.5;86;-1;;50;;;0;288.15;350;175.3581944102585;50;1;;;;;;4.032524983729392;4.032524983729392;0;0;21506.79991322342;0;167.5103111301124;167.5103111301124;12;12;250;88.11769257864314;1.959842682089457;33.89804294225059;27;0.9;0.71248432;96.56867297878568;5.138832966238284;37.07703322639941;27;0.9;0.71248432;382;0.07457002773526808;712484.32;1;1;1;0.02299559378373408;1;0.07461336869746578;712484.3200000002;1;1;0.02299559378373406;1;0.07457002773526808;712484.32;1;1;1;0.02299559378373408;1;0.07461336869746578;712484.3200000002;1;1;0.02299559378373406;1
4250;1786618065;0;4039.451851851853;3.968132148148149;51.86754674074074;610.4651214614814;102.45620355555556;59.0628735422663;590.628735422663;0.009175382615100362;-3.564999111111083;-0.23620444444446;566658.0254802336;5746749.539420146;4;62064;50.71177694168194;8.909997446389648;364.8610476049035;108.51675128224604;41.78297316807614;521.1956916015086;5.928874040547906;38.21279918849858;6.5;86;-1;;50;;;0;288.15;350;186.9245351826288;50;1;;;;;;4.50240267660157;4.50240267660157;0;0;24012.81427520837;0;168.3714244831317;168.3714244831317;12;12;250;86.78670153275166;1.106341231326865;33.04454149148799;27;0.9;0.71248432;95.23768193289422;4.867355118411228;36.80555537857236;27;0.9;0.71248432;382;0.0747341154766364;712484.32;1;1;1;0.02299559378373408;1;0.07461611294244692;712484.3200000002;1;1;0.02299559378373406;1;0.0747341154766364;712484.32;1;1;1;0.02299559378373408;1;0.07461611294244692;712484.3200000002;1;1;0.02299559378373406;1
4260;1786618075;0;4048.94444444445;3.976460555555561;51.86621777777778;610.1977418944444;102.29134444444424;59.13936421240794;591.3936421240794;-0.0904786559671874;-3.544484444444446;-0.009370000000054704;567233.4230342008;5746609.391595626;4;62064;50.4912988685558;9.836590593048466;364.8124855613778;108.17135152790892;36.5685761615378;575.0584511671902;5.725543753520014;33.04156486333364;6.5;86;-1;;50;;;0;288.15;350;198.6151194783366;50;1;;;;;;5.035377889320292;5.035377889320292;0;0;26855.34874304156;0;169.2256479489489;169.2256479489489;12;12;250;85.39950285421568;0.12209068048618912;32.06029094064732;27;0.9;0.71248432;93.85048325435824;4.50749530774302;36.44569556790415;27;0.9;0.71248432;382;0.07491378230323044;712484.32;1;1;1;0.02299559378373408;1;0.074622727817131;712484.3200000002;1;1;0.02299559378373406;1;0.07491378230323044;712484.32;1;1;1;0.02299559378373408;1;0.074622727817131;712484.3200000002;1;1;0.02299559378373406;1
4270;1786618085;0;4058.437037037035;3.98480022222222;51.86488881481482;610.1014861165038;102.27999999999992;59.019581099854;590.19581099854;-0.011774449882686354;-3.545708592592592;0.05353607407403064;567809.6293280988;5746469.3201201;4;62064;50.26284302416806;10.75406354337805;364.7621641614287;107.93122212403996;32.21692141072146;632.3934294977516;5.431720890519254;28.69297121694848;6.5;86;-1;;50;;;0;288.15;350;210.0211445451573;50;1;;;;;;5.627185851640228;5.627185851640228;0;0;30011.65787541454;0;170.0511551230142;170.0511551230142;12;12;250;83.98218771783048;-0.9710000943942346;30.9672001657669;27;0.9;0.71248432;92.43316811797302;4.045543545021041;35.98374380518217;27;0.9;0.71248432;382;0.07510503120493082;712484.32;1;1;1;0.02299559378373408;1;0.0746332126733875;712484.3200000002;1;1;0.02299559378373406;1;0.07510503120493082;712484.32;1;1;1;0.02299559378373408;1;0.0746332126733875;712484.3200000002;1;1;0.02299559378373406;1
4280;1786618095;0;4067.927203065136;3.993125938697319;51.86357019157088;610.078690186207;102.29440934865898;59.17845878936676;591.7845878936678;0.0002451613409961672;-3.543634061302681;0.01917494252873861;568384.8928140718;5746330.45132429;4;60725;49.8218347715075;1.479531666139075;364.8770623070505;218.9120947311245;49.12523570950724;465.0153156052296;112.80614818624692;50.62530197182556;6.5;29;-1;;50;;;0;288.15;350;173.6569686826742;50;1;;;;;;3.967509934400115;3.967509934400115;0;0;21160.05298346728;0;167.380753281207;167.380753281207;12;12;250;88.31226547687774;2.07662336031823;34.01482362047936;27;0.9;0.71248432;96.7632458770203;5.173193740212758;37.11139400037389;27;0.9;0.71248432;382;0.0745467179137655;712484.32;1;1;1;0.02299559378373408;1;0.074631372359353;712484.3200000002;1;1;0.02299559378373406;1;0.0745467179137655;712484.32;1;1;1;0.02299559378373408;1;0.074631372359353;712484.3200000002;1;1;0.02299559378373406;1
4290;1786618105;0;4077.436781609197;4.001470000000002;51.86223885057472;610.0671783374714;102.3170947126437;59.1439668053884;591.439668053884;-0.006453807160796486;-3.546064022988507;0.03278091954021223;568961.472158015;5746190.251347018;4;60725;50.06466735198214;2.379743324327656;364.9300567228093;210.3002165583536;55.51608038335276;429.6440899805;102.93229638575794;56.49422038652972;6.5;29;-1;;50;;;0;288.15;350;164.6752054059155;50;1;;;;;;3.639517349770636;3.639517349770636;0;0;19410.75919877673;0;166.6935849864574;166.6935849864574;12;12;250;89.3274263562569;2.651490158738391;34.58969041889952;27;0.9;0.71248432;97.77840675639944;5.333026959910342;37.27122722007147;27;0.9;0.71248432;382;0.07442873220504986;712484.32;1;1;1;0.02299559378373408;1;0.07462715068947168;712484.3200000002;1;1;0.02299559378373406;1;0.07442873220504986;712484.32;1;1;1;0.02299559378373408;1;0.07462715068947168;712484.3200000002;1;1;0.02299559378373406;1
4300;1786618115;0;4086.946360153255;4.009812796934864;51.86091750957854;610.0682314001534;102.30925885057466;58.99062618262968;589.9062618262968;0.0002411399272030736;-3.550977854406131;0.0626630268199603;569537.9824888794;5746051.228146454;4;60725;50.29977997017318;3.289348141044284;364.981365371018;196.4878624697773;61.75351742107044;403.9838595704489;87.5511984038895;61.8699790778613;6.5;29;-1;;50;;;0;288.15;350;157.8402506252712;50;1;;;;;;3.40553137836935;3.40553137836935;0;0;18162.83401796987;0;166.1586884232897;166.1586884232897;12;12;250;90.09630889082586;3.047761070168975;34.98596133033011;27;0.9;0.71248432;98.54728929096842;5.434523178532108;37.37272343869324;27;0.9;0.71248432;382;0.07434313888965682;712484.32;1;1;1;0.02299559378373408;1;0.07462135453029178;712484.3200000002;1;1;0.02299559378373406;1;0.07434313888965682;712484.32;1;1;1;0.02299559378373408;1;0.07462135453029178;712484.3200000002;1;1;0.02299559378373406;1
4310;1786618125;0;4096.386973180074;4.018130536398465;51.859591954023;610.0683279997242;102.32008130268198;59.14203809562738;591.4203809562738;-0.2988021766592932;-3.547619885057469;0.02389241379313076;570112.8072054116;5745911.778422966;4;60725;50.52703354205992;4.208210356493122;365.0309532805695;174.8048053075831;66.2020438969259;389.9584028301913;65.45798013112236;64.95709835078048;6.5;29;-1;;50;;;0;288.15;350;153.9810871889955;50;1;;;;;;3.278781467006431;3.278781467006431;0;0;17486.83449070096;0;165.8517738020939;165.8517738020939;12;12;250;90.52997342338454;3.256267736549704;35.19446799671084;27;0.9;0.71248432;98.9809538235271;5.48520428442494;37.42340454458607;27;0.9;0.71248432;382;0.07429635500178378;712484.32;1;1;1;0.02299559378373408;1;0.07461485453972162;712484.3200000002;1;1;0.02299559378373406;1;0.07429635500178378;712484.32;1;1;1;0.02299559378373408;1;0.07461485453972162;712484.3200000002;1;1;0.02299559378373406;1
4320;1786618135;0;4105.89655172414;4.026470000000001;51.85826448275862;610.0642490780692;102.30505206896548;59.04718576101396;590.4718576101396;0.04225258024150661;-3.550418275862069;0.03381862068962848;570689.1641597444;5745772.202378898;4;60725;50.74628778306122;5.13616444049897;365.0787861058743;147.5404557465246;66.62651200138204;388.8305573061187;39.90945493777177;64.03073411589592;6.5;29;-1;;50;;;0;288.15;350;153.6535893076726;50;1;;;;;;3.26819352872795;3.26819352872795;0;0;17430.36548654907;0;165.8266158989881;165.8266158989881;12;12;250;90.56571926476886;3.272972636351002;35.21117289651213;27;0.9;0.71248432;99.01669966491142;5.489185388695794;37.42738564885692;27;0.9;0.71248432;382;0.07429259291406616;712484.32;1;1;1;0.02299559378373408;1;0.07460853568431662;712484.3200000002;1;1;0.02299559378373406;1;0.07429259291406616;712484.32;1;1;1;0.02299559378373408;1;0.07460853568431662;712484.3200000002;1;1;0.02299559378373406;1
4330;1786618145;0;4115.406130268201;4.034793333333335;51.85693314176246;610.0725415912646;102.28818942528738;59.23894559609922;592.3894559609922;0.1561067088231024;-3.55258739463602;0.07228896551726476;571264.4498767524;5745632.246006636;4;60725;50.95740701763376;6.073036874937286;365.1248313423148;124.4126974716334;62.75065423490324;400.709034616055;19.56527085281945;59.4536247914713;6.5;29;-1;;50;;;0;288.15;350;156.9056184528894;50;1;;;;;;3.374493266194837;3.374493266194837;0;0;17997.2974197058;0;166.0879908307544;166.0879908307544;12;12;250;90.19804459553564;3.097646492426067;35.0358467525872;27;0.9;0.71248432;98.64902499567818;5.446816648041244;37.38501690820238;27;0.9;0.71248432;382;0.07433221524942838;712484.32;1;1;1;0.02299559378373408;1;0.07460322182979954;712484.3200000002;1;1;0.02299559378373406;1;0.07433221524942838;712484.32;1;1;1;0.02299559378373408;1;0.07460322182979954;712484.3200000002;1;1;0.02299559378373406;1
4340;1786618155;0;4124.950191570882;4.042871149425288;51.85506494252874;603.110908981885;119.49371754789384;59.41133283669534;594.1133283669534;-1.161456859950222;-1.993096436781574;17.76873329501914;571823.7153555768;5745432.405846758;4;60725;51.16025762236332;7.01863489349823;365.1690577129766;109.34744870349382;56.68833260633504;424.4997872492587;329.9231403961856;48.69508044614614;6.5;29;-1;;50;;;0;288.15;350;163.2542564461684;50;1;;;;;;3.58982409469626;3.58982409469626;0;0;19145.72850504672;0;166.5889576812435;166.5889576812435;12;12;250;89.48174691654512;2.733749165012056;34.67194942517318;27;0.9;0.71248432;97.93272731668768;5.354664808806016;37.29286506896715;27;0.9;0.71248432;382;0.07441157265819016;712484.32;1;1;1;0.02299559378373408;1;0.0745996058076937;712484.3200000002;1;1;0.02299559378373406;1;0.07441157265819016;712484.32;1;1;1;0.02299559378373408;1;0.0745996058076937;712484.3200000002;1;1;0.02299559378373406;1
4350;1786618165;0;4134.390804597701;4.048861034482759;51.85121022988506;604.5932967624818;141.4591051724134;58.88843314773638;588.8843314773638;-0.11032298327612992;-2.643121609194952;1.791836551725292;572242.407236304;5745009.62407897;4;60725;51.35470606723996;7.972734651911408;365.2114346840372;99.94514488639778;50.2495546592236;458.4285736430102;319.0820220951924;47.08063409811148;6.5;29;-1;;50;;;0;288.15;350;171.9167894176674;50;1;;;;;;3.901998133337387;3.901998133337387;0;0;20810.65671113273;0;167.256841726418;167.256841726418;12;12;250;88.50168883272954;2.188295339797184;34.12649559995831;27;0.9;0.71248432;96.9526692328721;5.205444736087944;37.14364499624908;27;0.9;0.71248432;382;0.07452474690753618;712484.32;1;1;1;0.02299559378373408;1;0.07459821953176486;712484.3200000002;1;1;0.02299559378373406;1;0.07452474690753618;712484.32;1;1;1;0.02299559378373408;1;0.07459821953176486;712484.3200000002;1;1;0.02299559378373406;1
4360;1786618175;0;4143.870370370368;4.053861296296296;51.84690833333334;608.6468014111106;142.3356827777778;59.01007854342658;590.1007854342658;-0.2769270725500451;-3.448744999999901;-0.02521666666670155;572593.7221528406;5744536.157068592;4;60725;51.54062416324334;8.935103883539802;365.2519335488205;93.84706771118078;44.26863936230504;500.4823379464132;314.1658440274172;41.93516924324852;6.5;29;-1;;50;;;0;288.15;350;182.04275003634;50;1;;;;;;4.297849884965768;4.297849884965768;0;0;22921.86605315076;0;168.0191832589525;168.0191832589525;12;12;250;87.34349554856662;1.474764611299522;33.41296487146065;27;0.9;0.71248432;95.79447594870916;4.989009598132698;36.92720985829383;27;0.9;0.71248432;382;0.07466502316593158;712484.32;1;1;1;0.02299559378373408;1;0.07459943414329516;712484.3200000002;1;1;0.02299559378373406;1;0.07466502316593158;712484.32;1;1;1;0.02299559378373408;1;0.07459943414329516;712484.3200000002;1;1;0.02299559378373406;1
4370;1786618185;0;4153.375478927205;4.05834643678161;51.8423822605364;606.8132138716492;151.9589752490425;58.9498974230111;589.498974230111;-0.02567256695778725;-2.563539463602073;1.012587088120627;572909.978632526;5744037.266180078;4;60725;51.71788681551958;9.90549055293055;365.2905268754157;89.666883893626;39.00761995990715;548.7991553900048;299.1386602710067;36.89635862093058;6.5;29;-1;;50;;;0;288.15;350;192.8915298923084;50;1;;;;;;4.766264450686932;4.766264450686932;0;0;25420.0770703303;0;168.8196768291078;168.8196768291078;12;12;250;86.07458741269016;0.61246524629527;32.5506655064564;27;0.9;0.71248432;94.52556781283272;4.693248755029632;36.63144901519076;27;0.9;0.71248432;382;0.07482619072086586;712484.32;1;1;1;0.02299559378373408;1;0.07460348336789464;712484.3200000002;1;1;0.02299559378373406;1;0.07482619072086586;712484.32;1;1;1;0.02299559378373408;1;0.07460348336789464;712484.3200000002;1;1;0.02299559378373406;1
4380;1786618195;0;4162.855555555557;4.062062222222223;51.83760366666668;609.381257533378;152.3301611111111;59.15136299246188;591.5136299246188;-0.1679625320125255;-3.510198222222283;0.0013126666666812034;573173.700703391;5743509.538221628;4;60725;51.88637039842952;10.883611006651112;365.327188089691;86.65528904138742;34.47376076694089;601.8968338654704;296.6068842191596;32.95799045589216;6.5;29;-1;;50;;;0;288.15;350;203.9093628973929;50;1;;;;;;5.300084046317914;5.300084046317914;0;0;28267.11491369554;0;169.6218493194041;169.6218493194041;12;12;250;84.7385953267629;-0.3774680082761319;31.560732251885;27;0.9;0.71248432;93.18957572690544;4.304695823857819;36.24289608401895;27;0.9;0.71248432;382;0.07500330551164376;712484.32;1;1;1;0.02299559378373408;1;0.0746104977914692;712484.3200000002;1;1;0.02299559378373406;1;0.07500330551164376;712484.32;1;1;1;0.02299559378373408;1;0.0746104977914692;712484.3200000002;1;1;0.02299559378373406;1
4390;1786618205;0;4172.360153256704;4.065760459770115;51.83279992337166;609.8757902766284;152.3419646743295;59.01084493684064;590.1084493684062;0.10923360386217736;-3.559292183908045;0.010079731800773356;573436.3082954006;5742979.00942582;4;60725;52.04595739774556;11.869173514130266;365.3618924211287;84.39916270671916;30.58932727867635;658.587758599495;293.831637380917;29.19505421732334;6.5;29;-1;;50;;;0;288.15;350;214.6983861776258;50;1;;;;;;5.895287051272188;5.895287051272188;0;0;31441.53094011834;0;170.4036812241921;170.4036812241921;12;12;250;83.36156041702058;-1.473882269482954;30.46431799067818;27;0.9;0.71248432;91.81254081716312;3.810259772682195;35.74846003284333;27;0.9;0.71248432;382;0.07519240608179228;712484.32;1;1;1;0.02299559378373408;1;0.0746205306930265;712484.3200000002;1;1;0.02299559378373406;1;0.07519240608179228;712484.32;1;1;1;0.02299559378373408;1;0.0746205306930265;712484.3200000002;1;1;0.02299559378373406;1
4400;1786618215;0;4181.835249042143;4.069465747126437;51.82801237547894;610.0462717425286;152.2272345210732;58.86123533027628;588.6123533027628;0.4910184528764932;-3.655346283524658;-7.135342068944556;573699.4288119272;5742450.302577626;4;60399;53.1150616455452;5.76417389340861;365.62128365839;38.12970535303419;61.40823230614608;405.9351666216409;246.0507303589582;69.41152325268076;6.5;12;-1;;50;;;0;288.15;350;158.1735909284455;50;1;;;;;;3.416655130340949;3.416655130340949;0;0;18222.16069515173;0;166.2005416701997;166.2005416701997;12;12;250;90.04333189194424;3.021548305782545;34.95974856594367;27;0.9;0.71248432;98.49431229208678;5.428020726921584;37.36622098708272;27;0.9;0.71248432;382;0.07434964774936668;712484.32;1;1;1;0.02299559378373408;1;0.07461593945669328;712484.3200000002;1;1;0.02299559378373406;1;0.07434964774936668;712484.32;1;1;1;0.02299559378373408;1;0.07461593945669328;712484.3200000002;1;1;0.02299559378373406;1
4410;1786618225;0;4191.310344827589;4.074141379310346;51.82357724137932;610.6013617826202;142.4950372413794;59.34894156722886;593.4894156722886;-0.07500586425730218;-3.721585862068569;-0.08673448275909948;574028.8993035706;5741961.788344886;4;60399;53.04732538279566;6.803012010134252;365.6065775862071;52.65154468048026;55.56379268723562;430.2237427802104;275.6492457983844;55.45932364486206;6.5;12;-1;;50;;;0;288.15;350;164.6160749665696;50;1;;;;;;3.63743806900276;3.63743806900276;0;0;19399.66970134805;0;166.7052956257382;166.7052956257382;12;12;250;89.3177949977439;2.646311031116468;34.5845112912776;27;0.9;0.71248432;97.76877539788646;5.33165449070178;37.26985475086291;27;0.9;0.71248432;382;0.07443066571866652;712484.32;1;1;1;0.02299559378373408;1;0.0746128515610595;712484.3200000002;1;1;0.02299559378373406;1;0.07443066571866652;712484.32;1;1;1;0.02299559378373408;1;0.0746128515610595;712484.3200000002;1;1;0.02299559378373406;1
4420;1786618235;0;4200.85440613027;4.079144291187742;51.81922697318008;610.1970758057472;142.3304097318007;59.01101134202074;590.1101134202074;0.11274804817336654;-3.564909233716458;-0.002899080459803171;574380.8501315616;5741483.06777379;4;60399;52.96981846348458;7.83823253158234;365.5897405846836;61.93568580602156;49.37289877124376;464.3522588030932;283.5164153941542;48.66408096630228;6.5;12;-1;;50;;;0;288.15;350;173.2674489266471;50;1;;;;;;3.952759764265552;3.952759764265552;0;0;21081.38540941628;0;167.3683593924102;167.3683593924102;12;12;250;88.33940953580912;2.092748373996436;34.03094863415757;27;0.9;0.71248432;96.79038993595168;5.177887142032804;37.11608740219394;27;0.9;0.71248432;382;0.0745445061943428;712484.32;1;1;1;0.02299559378373408;1;0.07461173114521168;712484.3200000002;1;1;0.02299559378373406;1;0.0745445061943428;712484.32;1;1;1;0.02299559378373408;1;0.07461173114521168;712484.3200000002;1;1;0.02299559378373406;1
4430;1786618245;0;4210.363984674332;4.084198390804601;51.81493712643678;610.2912977636016;139.6041008429062;59.074977956089;590.74977956089;0.858319765160664;-3.542244367815864;-13.957876245206348;574736.2953397648;5741011.14387003;4;60399;52.88260328901432;8.869367623258338;365.5707841462127;68.09483149245014;43.6068048159142;506.3348498199464;297.2898695102565;55.22136578322516;6.5;12;-1;;50;;;0;288.15;350;183.3015973884417;50;1;;;;;;4.349682290627536;4.349682290627536;0;0;23198.30555001353;0;168.1201645402125;168.1201645402125;12;12;250;87.19068186164492;1.375245429645106;33.31344568980624;27;0.9;0.71248432;95.64166226178748;4.956827923579852;36.89502818374099;27;0.9;0.71248432;382;0.07468454504420892;712484.32;1;1;1;0.02299559378373408;1;0.07461290556293746;712484.3200000002;1;1;0.02299559378373406;1;0.07468454504420892;712484.32;1;1;1;0.02299559378373408;1;0.07461290556293746;712484.3200000002;1;1;0.02299559378373406;1
4440;1786618255;0;4219.844444444442;4.090228888888888;51.81115222222224;610.4380733989336;132.4661644444447;59.23152971313378;592.3152971313378;0.04281257784359872;-3.53988244444456;-0.3020384444444627;575158.2759945972;5740596.408069452;4;60399;52.78574847200872;9.895974752594252;365.5497209969981;72.4004971540357;38.51937528720566;554.3250451656156;302.3489388921958;36.94756124480442;6.5;12;-1;;50;;;0;288.15;350;194.0004107859056;50;1;;;;;;4.81711617864593;4.81711617864593;0;0;25691.28628611163;0;168.9066981639546;168.9066981639546;12;12;250;85.9367143498844;0.5140216146949922;32.45222187485612;27;0.9;0.71248432;94.38769475002696;4.65700061315348;36.59520087331461;27;0.9;0.71248432;382;0.07484462310509752;712484.32;1;1;1;0.02299559378373408;1;0.07461658361916222;712484.3200000002;1;1;0.02299559378373406;1;0.07484462310509752;712484.32;1;1;1;0.02299559378373408;1;0.07461658361916222;712484.3200000002;1;1;0.02299559378373406;1
4450;1786618265;0;4229.348659003831;4.096366628352491;51.8074140229885;610.1873736686898;132.3420344827586;58.85097160252882;588.5097160252882;0.2028834099987514;-3.573758160919539;0.02944475095785603;575587.6411720234;5740187.012878682;4;60399;52.6793293365204;10.91762531317302;365.5265652552817;75.55169744948898;34.11769565322688;606.9302749444262;304.9303102826352;32.09576008280372;6.5;12;-1;;50;;;0;288.15;350;204.8451460834566;50;1;;;;;;5.34859740200559;5.34859740200559;0;0;28525.85281069648;0;169.6941841736921;169.6941841736921;12;12;250;84.6177471167872;-0.470784018946273;31.46741624121486;27;0.9;0.71248432;93.06872751692976;4.265270442591661;36.20347070275279;27;0.9;0.71248432;382;0.07502009526383612;712484.32;1;1;1;0.02299559378373408;1;0.07462288848861026;712484.3200000002;1;1;0.02299559378373406;1;0.07502009526383612;712484.32;1;1;1;0.02299559378373408;1;0.07462288848861026;712484.3200000002;1;1;0.02299559378373406;1
4460;1786618275;0;4238.823754789272;4.103009578544061;51.80407639846744;611.1471984986666;122.44498996168582;59.17694474408054;591.7694474408054;-0.10059850407280266;-3.856939003831425;0.006112068965540938;576051.234676543;5739822.73043672;4;60399;52.56342909503142;11.93389347369746;365.5013327414154;77.95286168155192;30.33227412925039;663.014426022291;317.0787410516672;27.53685775197315;0;12;-1;;50;;;0;288.15;350;215.4579401585838;50;1;;;;;;5.94043071908481;5.94043071908481;0;0;31682.29716845232;0;170.461867702597;170.461867702597;12;12;250;76.75823027080304;-7.423250188003346;24.51495007215778;27;0.9;0.71248432;85.2092106709456;-0.01983258731107761;31.91836767285005;27;0.9;0.71248432;382;0.07520717185492856;712484.32;1;1;1;0.02299559378373408;1;0.07463187746347668;712484.3200000002;1;1;0.02299559378373406;1;0.07520717185492856;712484.32;1;1;1;0.02299559378373408;1;0.07463187746347668;712484.3200000002;1;1;0.02299559378373406;1
4470;1786618285;0;4248.333333333334;4.110100000000001;51.80106;610.3774025666668;121.91933666666566;58.98817854627424;589.8817854627424;0.6095864237442198;-3.684583333333224;-10.530860000006314;576545.2053266864;5739494.685045478;4;61255;47.91783485724704;3.215286056373159;364.8466453989759;188.8155460044886;36.60375666753079;574.6423220509398;66.4618106742804;25.48611743857919;0;59;-1;;50;;;0;288.15;350;198.5292430664803;50;1;;;;;;5.03121439715437;5.03121439715437;0;0;26833.14345148997;0;169.2193603099024;169.2193603099024;12;12;250;78.90995398542816;-5.3963296128304;26.54187064733073;27;0.9;0.71248432;87.36093438557072;1.48604376770852;33.42424402786965;27;0.9;0.71248432;382;0.07491239424590896;712484.32;1;1;1;0.02299559378373408;1;0.07463612771775596;712484.3200000002;1;1;0.02299559378373406;1;0.07491239424590896;712484.32;1;1;1;0.02299559378373408;1;0.07463612771775596;712484.3200000002;1;1;0.02299559378373406;1
4480;1786618295;0;4257.842911877395;4.117779616858237;51.7986961302682;610.5723615335788;112.53613915708812;59.13055284390542;591.3055284390542;-0.02434512764735637;-3.651746168582431;-0.2089626436780816;577078.7565628;5739239.880871338;4;61255;47.61840490036476;4.037307850256834;364.7852371860954;180.7459879088203;34.72924754374192;597.6284254672738;66.0183934861457;33.11660479571524;6.5;59;-1;;50;;;0;288.15;350;203.244407768477;50;1;;;;;;5.265937517358642;5.265937517358642;0;0;28085.00009257943;0;169.5600330625567;169.5600330625567;12;12;250;84.83455811256958;-0.3037920474623455;31.63440821269879;27;0.9;0.71248432;93.28553851271212;4.33547831595862;36.27367857611975;27;0.9;0.71248432;382;0.07498906763379096;712484.32;1;1;1;0.02299559378373408;1;0.07464139547769678;712484.3200000002;1;1;0.02299559378373406;1;0.07498906763379096;712484.32;1;1;1;0.02299559378373408;1;0.07464139547769678;712484.3200000002;1;1;0.02299559378373406;1
4490;1786618305;0;4267.352490421453;4.125602567049807;51.79648892720308;610.2244319731802;112.3194839846743;59.09936201006046;590.9936201006046;-0.08345236509047238;-3.574160344827569;0.06554509578539128;577621.977847365;5739002.709233112;4;61255;47.31253944980322;4.849428278997322;364.722466318729;173.7286006553469;32.50753110626262;627.9862032546558;59.55556550205724;30.80520928104936;6.5;59;-1;;50;;;0;288.15;350;209.2099276627666;50;1;;;;;;5.58232527314534;5.58232527314534;0;0;29772.40145677515;0;169.9904101922234;169.9904101922234;12;12;250;84.08779322711616;-0.886813927533374;31.05138633262776;27;0.9;0.71248432;92.5387736272587;4.083518029928148;36.02171829008928;27;0.9;0.71248432;382;0.0750903302805897;712484.32;1;1;1;0.02299559378373408;1;0.07464799746009226;712484.3200000002;1;1;0.02299559378373406;1;0.0750903302805897;712484.32;1;1;1;0.02299559378373408;1;0.07464799746009226;712484.3200000002;1;1;0.02299559378373406;1
4500;1786618315;0;4276.827586206899;4.133418620689657;51.79427965517242;610.1050267275862;112.33791413793096;58.99666220620222;589.9666220620222;0.07203571289674976;-3.570706206896548;0.01327586206895723;578164.7792939602;5738765.358030496;4;61255;47.00037765236052;5.651665821733398;364.6583782955059;167.7422721620282;30.13514790440179;664.690029274321;53.70918761420926;28.07283694923381;0;59;-1;;50;;;0;288.15;350;216.0442784381802;50;1;;;;;;5.975603201525662;5.975603201525662;0;0;31869.8837414702;0;170.4837914260479;170.4837914260479;12;12;250;76.70113406491134;-7.47776675139062;24.46043350877051;27;0.9;0.71248432;85.1521144650539;-0.06272244575151596;31.87547781440962;27;0.9;0.71248432;382;0.0752127610657553;712484.32;1;1;1;0.02299559378373408;1;0.07465618243988448;712484.3200000002;1;1;0.02299559378373406;1;0.0752127610657553;712484.32;1;1;1;0.02299559378373408;1;0.07465618243988448;712484.3200000002;1;1;0.02299559378373406;1
4510;1786618325;0;4286.302681992338;4.141400306513411;51.79233551724138;610.623950808475;107.36946076628362;59.23851342023532;592.3851342023532;0.1275182026337711;-3.734485134099544;0.1819599999998861;578718.5941942438;5738557.730605658;4;62225;52.38670489533318;358.6003169275705;364.9771795952566;282.0584206080317;40.38178194007759;534.5209941024504;174.4056851938661;44.11646085934587;6.5;99;-1;;50;;;0;288.15;350;189.8667047473182;50;1;;;;;;4.630503382193886;4.630503382193886;0;0;24696.0180383674;0;168.5907034915911;168.5907034915911;12;12;250;86.43932181869988;0.8685214711637204;32.80672173132485;27;0.9;0.71248432;94.89030221884244;4.78511606679051;36.72331632695164;27;0.9;0.71248432;382;0.07477856390135608;712484.32;1;1;1;0.02299559378373408;1;0.07465793074647692;712484.3200000002;1;1;0.02299559378373406;1;0.07477856390135608;712484.32;1;1;1;0.02299559378373408;1;0.07465793074647692;712484.3200000002;1;1;0.02299559378373406;1
4520;1786618335;0;4295.812260536399;4.149518544061303;51.79055567049808;610.191284486253;107.34334455938696;59.00204007171284;590.0204007171284;-0.10382981554782214;-3.582719885057467;0.0326053639846697;579281.5855233128;5738368.583648712;4;62225;52.51549376590254;359.6085987626173;365.006549134544;286.3372642879001;45.90302779096764;487.4824372363178;179.0716869867631;49.4858112747378;6.5;99;-1;;50;;;0;288.15;350;179.0568141332869;50;1;;;;;;4.177324226288425;4.177324226288425;0;0;22279.06254020493;0;167.7905876184501;167.7905876184501;12;12;250;87.69261684774642;1.697502145014994;33.63570240517613;27;0.9;0.71248432;96.14359724788898;5.05924199225343;36.99744225241456;27;0.9;0.71248432;382;0.0746216601647513;712484.32;1;1;1;0.02299559378373408;1;0.07465741989321318;712484.3200000002;1;1;0.02299559378373406;1;0.0746216601647513;712484.32;1;1;1;0.02299559378373408;1;0.07465741989321318;712484.3200000002;1;1;0.02299559378373406;1
4530;1786618345;0;4305.321839080458;4.157603563218389;51.78878206896552;610.095691970115;107.36002666666662;59.12822210647506;591.2822210647506;0.1646017268265846;-3.575851609195402;0.03959206896554196;579842.318419999;5738180.157529014;4;62225;52.634923248187;0.6228059766949698;365.0338509522253;292.6828530038935;52.1861778916165;446.9343598355195;185.6779046093014;55.74236537323292;6.5;99;-1;;50;;;0;288.15;350;169.0843082093359;50;1;;;;;;3.797434077109313;3.797434077109313;0;0;20252.981744583;0;167.0362830236173;167.0362830236173;12;12;250;88.82681159175834;2.37528132544106;34.31348158560219;27;0.9;0.71248432;97.2777919919009;5.258136425484916;37.19633668564605;27;0.9;0.71248432;382;0.07448640633724908;712484.32;1;1;1;0.02299559378373408;1;0.07465504470493592;712484.3200000002;1;1;0.02299559378373406;1;0.07448640633724908;712484.32;1;1;1;0.02299559378373408;1;0.07465504470493592;712484.3200000002;1;1;0.02299559378373406;1
4540;1786618355;0;4314.865900383139;4.165706015325669;51.7870054789272;610.0732753440614;107.35553371647506;59.15996017872862;591.5996017872862;0.2460545661159814;-3.580100842911878;0.0660791187740007;580404.3022948926;5737991.480492724;4;62225;52.74490285724262;1.642547364375713;365.0590673965699;302.7449131936129;58.9264627136589;414.792490700541;197.0217041914576;62.3487072255587;6.5;99;-1;;50;;;0;288.15;350;160.7206041508224;50;1;;;;;;3.502604232486239;3.502604232486239;0;0;18680.55590659327;0;166.3880258514267;166.3880258514267;12;12;250;89.76989860857192;2.883686145986697;34.82188640614783;27;0.9;0.71248432;98.22087900871446;5.393333458209866;37.33153371837099;27;0.9;0.71248432;382;0.07437919260228922;712484.32;1;1;1;0.02299559378373408;1;0.07465126590900924;712484.3200000002;1;1;0.02299559378373406;1;0.07437919260228922;712484.32;1;1;1;0.02299559378373408;1;0.07465126590900924;712484.3200000002;1;1;0.02299559378373406;1
4550;1786618365;0;4324.375478927202;4.173812911877393;51.78522865900384;610.0670173015326;107.367226743295;58.99476687361542;589.9476687361542;-0.11373580009225374;-3.576618007662834;0.02928283524905814;580966.6366563028;5737802.84528499;4;62225;52.84534696786616;2.66740297088861;365.0821819247231;319.5467284798643;65.12779153439234;393.1272079018363;217.0527209618623;68.05543069882914;6.5;99;-1;;50;;;0;288.15;350;154.8409109416383;50;1;;;;;;3.306702865760739;3.306702865760739;0;0;17635.74861739061;0;165.922070180913;165.922070180913;12;12;250;90.4317556458112;3.209990886517718;35.14819114667885;27;0.9;0.71248432;98.88273604595374;5.47411456144826;37.41231482160939;27;0.9;0.71248432;382;0.0743069249977496;712484.32;1;1;1;0.02299559378373408;1;0.07464661265345168;712484.3200000002;1;1;0.02299559378373406;1;0.0743069249977496;712484.32;1;1;1;0.02299559378373408;1;0.07464661265345168;712484.3200000002;1;1;0.02299559378373406;1
4560;1786618375;0;4333.855555555555;4.181897222222222;51.78345744444444;610.0610603395556;107.3534988888889;59.19350889216346;591.9350889216346;-0.055306328689202;-3.579504888888889;0.04118322222223926;581527.4463994766;5737614.870640678;4;62225;52.93617777716342;3.696949659649861;365.1031797201277;345.7500437190429;68.59722457640944;383.7187488772089;246.9783577598694;70.2064028571847;6.5;99;-1;;50;;;0;288.15;350;152.2219486748599;50;1;;;;;;3.22220956477878;3.22220956477878;0;0;17185.11767882016;0;165.7116685383208;165.7116685383208;12;12;250;90.72665058938532;3.347273516859127;35.28547377702026;27;0.9;0.71248432;99.17763098952788;5.506751898304084;37.44495215846522;27;0.9;0.71248432;382;0.074275541756532;712484.32;1;1;1;0.02299559378373408;1;0.07464166504149276;712484.3200000002;1;1;0.02299559378373406;1;0.074275541756532;712484.32;1;1;1;0.02299559378373408;1;0.07464166504149276;712484.3200000002;1;1;0.02299559378373406;1
4570;1786618385;0;4343.394636015325;4.190005440613027;51.7816750191571;610.069049378544;107.33483988505744;59.08471774992102;590.8471774992102;0.1716800220172051;-3.581616436781606;0.08041597701148226;582089.9689502246;5737425.738374918;4;62225;53.01732409237532;4.730749947538506;365.1220473577805;14.770065764039756;67.14766509521738;387.4629827826082;275.7312190262823;66.9731781096884;6.5;99;-1;;50;;;0;288.15;350;153.2608558259868;50;1;;;;;;3.255530481158166;3.255530481158166;0;0;17362.82923284355;0;165.796012491751;165.796012491751;12;12;250;90.60898571957574;3.293094157890571;35.2312944180517;27;0.9;0.71248432;99.0599661197183;5.493965272482624;37.43216553264375;27;0.9;0.71248432;382;0.07428803117648066;712484.32;1;1;1;0.02299559378373408;1;0.07463701196432154;712484.3200000002;1;1;0.02299559378373406;1;0.07428803117648066;712484.32;1;1;1;0.02299559378373408;1;0.07463701196432154;712484.3200000002;1;1;0.02299559378373406;1
4580;1786618395;0;4352.904214559385;4.19764295019157;51.77924448275862;603.3044756544366;126.39553716474622;59.34349604304348;593.4349604304348;-0.5799145230704784;-2.134598927202828;12.6451021072864;582621.2479488336;5737164.05675156;4;62225;53.08872079445918;5.768340605823964;365.1387726219127;35.62223494610535;61.79114770283966;404.0293914246766;272.7338007256783;49.09893606751754;6.5;99;-1;;50;;;0;288.15;350;157.8042257725081;50;1;;;;;;3.40433091312313;3.40433091312313;0;0;18156.4315366567;0;166.1596673296647;166.1596673296647;12;12;250;90.09653044969708;3.047870357232498;34.98607061739362;27;0.9;0.71248432;98.54751084983962;5.434550227009058;37.37275048717019;27;0.9;0.71248432;382;0.0743432907675744;712484.32;1;1;1;0.02299559378373408;1;0.07463319740332482;712484.3200000002;1;1;0.02299559378373406;1;0.0743432907675744;712484.32;1;1;1;0.02299559378373408;1;0.07463319740332482;712484.3200000002;1;1;0.02299559378373406;1
4590;1786618405;0;4362.366666666667;4.203888333333334;51.77556333333334;608.0489796729336;132.3096923333334;58.90528957256378;589.0528957256378;-0.11595146066647078;-3.353486666666687;0.1778416666666235;583058.8395142634;5736761.760137406;4;62225;53.15031104374396;6.809258881073546;365.1533449678873;48.14540801053328;55.07906486134156;432.0170419289866;280.6186361238774;54.4191658444607;6.5;99;-1;;50;;;0;288.15;350;165.2219899037492;50;1;;;;;;3.658791958294653;3.658791958294653;0;0;19513.55711090482;0;166.7414257212516;166.7414257212516;12;12;250;89.26031101293862;2.615289455990841;34.55348971615197;27;0.9;0.71248432;97.71129141308118;5.323408557895998;37.26160881805713;27;0.9;0.71248432;382;0.07443664752074634;712484.32;1;1;1;0.02299559378373408;1;0.07463067753303536;712484.3200000002;1;1;0.02299559378373406;1;0.07443664752074634;712484.32;1;1;1;0.02299559378373408;1;0.07463067753303536;712484.3200000002;1;1;0.02299559378373406;1
4600;1786618415;0;4371.854406130269;4.209986819923373;51.7718453256705;609.5462503302682;132.3804409195402;59.06659789187934;590.6659789187934;-0.1538664694948493;-3.551398352490429;-0.011658045977006382;583486.4333538844;5736355.233788538;4;62225;53.202045344666;7.853031431039784;365.1657552611123;55.8161001650518;48.51801757596776;469.3401815664256;287.4019284542256;47.57963484109494;6.5;99;-1;;50;;;0;288.15;350;174.6270383640246;50;1;;;;;;4.004463346837739;4.004463346837739;0;0;21357.13784980127;0;167.4611628829797;167.4611628829797;12;12;250;88.19490246266742;2.006433528902468;33.9446337890636;27;0.9;0.71248432;96.64588286280996;5.15261976035161;37.09082002051274;27;0.9;0.71248432;382;0.07456114411377748;712484.32;1;1;1;0.02299559378373408;1;0.07462979736317134;712484.3200000002;1;1;0.02299559378373406;1;0.07456114411377748;712484.32;1;1;1;0.02299559378373408;1;0.07462979736317134;712484.3200000002;1;1;0.02299559378373406;1
4610;1786618425;0;4381.363984674329;4.216102950191571;51.76811804597702;609.9207680688124;132.3920572413793;58.92888943758302;589.2888943758302;0.0002477267088122626;-3.588040459770115;0.01893122605364699;583915.3305332556;5735947.732496698;4;62225;53.24388129380774;8.899163102080112;365.1759956710094;60.83873891100236;42.64646743503973;513.9606229188642;291.4817217543842;41.40281808339812;6.5;99;-1;;50;;;0;288.15;350;185.18069188385;50;1;;;;;;4.42822252755209;4.42822252755209;0;0;23617.18681361115;0;168.2500050790006;168.2500050790006;12;12;250;86.98230108593226;1.237583630082826;33.17578389024396;27;0.9;0.71248432;95.4332814860748;4.911485385762554;36.84968564592369;27;0.9;0.71248432;382;0.07470998188524818;712484.32;1;1;1;0.02299559378373408;1;0.0746307996696973;712484.3200000002;1;1;0.02299559378373406;1;0.07470998188524818;712484.32;1;1;1;0.02299559378373408;1;0.0746307996696973;712484.3200000002;1;1;0.02299559378373406;1
4620;1786618435;0;4390.839080459775;4.222207011494257;51.76440114942528;610.021851313793;132.3760147126438;59.20090239177834;592.0090239177836;-0.3560786982738818;-3.595140114942527;0.05986540229875578;584343.4443855438;5735541.408427794;4;62225;53.27578499548642;9.94716363666524;365.1840599747329;64.34052657900446;37.56974262737908;564.1448921531832;294.7732573760056;36.07787526012653;6.5;99;-1;;50;;;0;288.15;350;196.2096170938272;50;1;;;;;;4.920237392086848;4.920237392086848;0;0;26241.26609112986;0;169.059221349493;169.059221349493;12;12;250;85.68106995090508;0.3291477779809618;32.26734803814209;27;0.9;0.71248432;94.13205035104764;4.587518493504512;36.52571875366565;27;0.9;0.71248432;382;0.07487737858885144;712484.32;1;1;1;0.02299559378373408;1;0.0746338438538844;712484.3200000002;1;1;0.02299559378373406;1;0.07487737858885144;712484.32;1;1;1;0.02299559378373408;1;0.0746338438538844;712484.3200000002;1;1;0.02299559378373406;1
4630;1786618445;0;4400.337037037039;4.228335703703705;51.7606651851852;610.0489456990668;132.3855710370371;59.0321416515056;590.3214165150562;-0.12209966441947742;-3.590009407407409;0.02645051851850595;584773.3624854818;5735133.027619036;4;62225;53.2977303940093;10.996536678195012;365.1899433712324;66.90865374058874;33.22949687262673;618.5342676019932;296.6960740349032;31.64981363079378;6.5;99;-1;;50;;;0;288.15;350;207.2257412940566;50;1;;;;;;5.474513175367692;5.474513175367692;0;0;29197.40360196102;0;169.8586834450392;169.8586834450392;12;12;250;84.32733207207804;-0.6974188486066634;31.24078141155447;27;0.9;0.71248432;92.7783124722206;4.167475553430562;36.10567581359169;27;0.9;0.71248432;382;0.07505880201695118;712484.32;1;1;1;0.02299559378373408;1;0.07463902627050716;712484.3200000002;1;1;0.02299559378373406;1;0.07505880201695118;712484.32;1;1;1;0.02299559378373408;1;0.07463902627050716;712484.3200000002;1;1;0.02299559378373406;1
4640;1786618455;0;4409.829629629632;4.234440962962964;51.75693644444444;610.0522567637038;132.3714564444444;59.06803822953042;590.6803822953042;0.1394742223156242;-3.591139037037036;0.04039377777773691;585201.7188724358;5734725.459207408;4;62068;51.4139192089266;3.885546896079409;365.2851192704775;212.4930150052191;82.41526284720204;361.890291263402;56.67505304261562;81.09914360721412;6.5;90;-1;;50;;;0;288.15;350;145.9557284587461;50;1;;;;;;3.02647946646108;3.02647946646108;0;0;16141.22382112576;0;165.2029467844257;165.2029467844257;12;12;250;91.43110244159812;3.655174538135403;35.59337479829653;27;0.9;0.71248432;99.88208284174066;5.577135462106404;37.51533572226753;27;0.9;0.71248432;382;0.0742027298593968;712484.32;1;1;1;0.02299559378373408;1;0.07463376968724078;712484.3200000002;1;1;0.02299559378373406;1;0.0742027298593968;712484.32;1;1;1;0.02299559378373408;1;0.07463376968724078;712484.3200000002;1;1;0.02299559378373406;1
4650;1786618465;0;4419.333333333335;4.240736666666669;51.75332666666668;609.9133831573332;124.85518999999618;58.43936098164976;584.3936098164976;1.164590385338639;-3.456689999999721;-18.24016999999931;585643.0642970908;5734331.380666666;4;62068;51.2221526419775;4.842239601977304;365.2479363808916;144.5089920338019;77.94948896259496;366.4981831790294;54.86911417590188;63.5177940597659;6.5;90;-1;;50;;;0;288.15;350;147.2956489523217;50;1;;;;;;3.067597802821017;3.067597802821017;0;0;16360.521615045422;0;165.3128446644101;165.3128446644101;12;12;250;91.28008622525382;3.591530546731589;35.52973080689272;27;0.9;0.71248432;99.73106662539638;5.562901374065168;37.5011016342263;27;0.9;0.71248432;382;0.07421810013237288;712484.32;1;1;1;0.02299559378373408;1;0.074628821240159;712484.3200000002;1;1;0.02299559378373406;1;0.07421810013237288;712484.32;1;1;1;0.02299559378373408;1;0.074628821240159;712484.3200000002;1;1;0.02299559378373406;1
4660;1786618475;0;4428.877394636014;4.248702107279692;51.75150858237548;610.892374389977;96.13873773946966;58.31082016397316;583.1082016397316;1.061095642757544;-3.448699540229885;-17.41595088122603;586196.3276046772;5734138.56992236;4;62068;51.02194386219662;5.790502235733322;365.2088605182799;126.49839332392538;68.29283450883906;384.5907788943385;49.63123044180098;54.31163522583676;6.5;90;-1;;50;;;0;288.15;350;152.4336497851869;50;1;;;;;;3.228978755832983;3.228978755832983;0;0;17221.22003110924;0;165.7313854869426;165.7313854869426;12;12;250;90.70016444970932;3.335146905067221;35.27334716522835;27;0.9;0.71248432;99.15114484985188;5.503900530979952;37.44210079114108;27;0.9;0.71248432;382;0.0742784505355685;712484.32;1;1;1;0.02299559378373408;1;0.0746246992318697;712484.3200000002;1;1;0.02299559378373406;1;0.0742784505355685;712484.32;1;1;1;0.02299559378373408;1;0.0746246992318697;712484.3200000002;1;1;0.02299559378373406;1
4670;1786618485;0;4438.352490421457;4.257086091954023;51.75225754789274;611.1566926762454;67.80529298850588;58.85979882934278;588.5979882934278;1.0080870411346326;-3.497802298850576;-17.42582022988506;586773.606425581;5734231.803677554;4;62068;50.8134255256693;6.730104772627868;365.1679211725414;120.22310461967668;59.04485079250346;414.438349124463;59.56289566328764;42.65733932033064;6.5;90;-1;;50;;;0;288.15;350;160.5929515635112;50;1;;;;;;3.498255858669215;3.498255858669215;0;0;18657.36457956915;0;166.3806068441122;166.3806068441122;12;12;250;89.78166598970354;2.889707738887795;34.82790799904893;27;0.9;0.71248432;98.23264638984608;5.394865792964546;37.33306605312568;27;0.9;0.71248432;382;0.07437801131314526;712484.32;1;1;1;0.02299559378373408;1;0.0746218307676985;712484.3200000002;1;1;0.02299559378373406;1;0.07437801131314526;712484.32;1;1;1;0.02299559378373408;1;0.0746218307676985;712484.3200000002;1;1;0.02299559378373406;1
4680;1786618495;0;4447.896551724139;4.264344482758623;51.75505586206896;611.2881210529652;52.62961310344822;59.27110576073868;592.7110576073868;-0.3306100556185891;-3.84029724137917;-0.300832068965411;587269.2225068134;5734551.668137932;4;62068;50.59672963345914;7.660852086123714;365.1251484725053;117.15415802815152;51.00526629553028;453.797143013643;60.93273373994006;48.98606324746414;6.5;90;-1;;50;;;0;288.15;350;170.7870800391105;50;1;;;;;;3.859991412320302;3.859991412320302;0;0;20586.62086570828;0;167.1686432899308;167.1686432899308;12;12;250;88.63189399023384;2.263893158008225;34.20209341816936;27;0.9;0.71248432;97.08287439037638;5.226944133116476;37.1651443932776;27;0.9;0.71248432;382;0.0745092981178626;712484.32;1;1;1;0.02299559378373408;1;0.07462053728896474;712484.3200000002;1;1;0.02299559378373406;1;0.0745092981178626;712484.32;1;1;1;0.02299559378373408;1;0.07462053728896474;712484.3200000002;1;1;0.02299559378373406;1
4690;1786618505;0;4457.406130268201;4.271356475095787;51.75814996168582;610.3796050574712;52.39932904214562;59.05038375361822;590.5038375361822;0.06222348658253794;-3.615743409961678;0.04445720306510895;587747.1971101414;5734904.18105791;4;62068;50.37199389567346;8.58255347911753;365.0805744864029;115.34835480846822;44.25050406578109;500.3888959567448;59.86501256100238;42.55632487946466;6.5;90;-1;;50;;;0;288.15;350;182.0768568146972;50;1;;;;;;4.299246091801259;4.299246091801259;0;0;22929.31248960672;0;168.0175614183307;168.0175614183307;12;12;250;87.34372118235294;1.474910649699634;33.41311090986076;27;0.9;0.71248432;95.7947015824955;4.989056456652554;36.92725671681368;27;0.9;0.71248432;382;0.07466471147700422;712484.32;1;1;1;0.02299559378373408;1;0.07462103926837428;712484.3200000002;1;1;0.02299559378373406;1;0.07466471147700422;712484.32;1;1;1;0.02299559378373408;1;0.07462103926837428;712484.3200000002;1;1;0.02299559378373406;1
4700;1786618515;0;4466.881226053641;4.278333295019158;51.7612408045977;610.1546887773946;52.3848514559387;59.24164459316528;592.4164459316528;-0.1976190793792239;-3.602900076628353;0.07768567049807548;588222.6841429978;5735256.335536186;4;62068;50.13935537478138;9.495048677329838;365.0342320184709;114.1660073859806;38.63033475531865;552.3716592424614;59.51397222409392;36.93661069373163;6.5;90;-1;;50;;;0;288.15;350;193.7468097994436;50;1;;;;;;4.805433765288762;4.805433765288762;0;0;25628.98008154006;0;168.8760359019251;168.8760359019251;12;12;250;85.97905902527104;0.5443514210396386;32.48255168120077;27;0.9;0.71248432;94.43003942541358;4.668223767259414;36.60642402742055;27;0.9;0.71248432;382;0.07483810731101722;712484.32;1;1;1;0.02299559378373408;1;0.07462347823514556;712484.3200000002;1;1;0.02299559378373406;1;0.07483810731101722;712484.32;1;1;1;0.02299559378373408;1;0.07462347823514556;712484.3200000002;1;1;0.02299559378373406;1
4710;1786618525;0;4476.411111111111;4.285340111111113;51.76433566666668;610.0926747914668;52.3985488888889;59.08236541730106;590.8236541730106;-0.09378710144441766;-3.595639222222222;0.03953511111111602;588700.16678191;5735609.018892202;4;62068;49.89895263179328;10.398196049670702;364.9861550752358;113.33736844495102;33.94555580761009;608.3579304906712;58.99282161953974;32.18193949297877;6.5;90;-1;;50;;;0;288.15;350;205.3013466930081;50;1;;;;;;5.372445939246502;5.372445939246502;0;0;28653.04500931468;0;169.7145916197033;169.7145916197033;12;12;250;84.57349113353516;-0.5051047398260268;31.4330955203351;27;0.9;0.71248432;93.02447153367772;4.250647000949002;36.18884726111013;27;0.9;0.71248432;382;0.0750248574101415;712484.32;1;1;1;0.02299559378373408;1;0.07462793800375662;712484.3200000002;1;1;0.02299559378373406;1;0.0750248574101415;712484.32;1;1;1;0.02299559378373408;1;0.07462793800375662;712484.3200000002;1;1;0.02299559378373406;1
4720;1786618535;0;4485.870370370374;4.292322777777781;51.76742722222224;610.0721315834076;52.38618851851846;59.19234928799282;591.9234928799282;0.06420409433399362;-3.598498333333332;0.04611444444437374;589175.9229657868;5735961.351606206;4;62068;49.65092845590382;11.291861431249184;364.9363794591336;112.72797502850226;30.01050510393032;667.3370935360356;58.54017258889892;28.21823422208968;0;90;-1;;50;;;0;288.15;350;216.4167482606934;50;1;;;;;;5.998095290622834;5.998095290622834;0;0;31989.84154998845;0;170.5183134532871;170.5183134532871;12;12;250;76.64411994857492;-7.53223705392266;24.40596320623847;27;0.9;0.71248432;85.09510034871748;-0.10569017294475768;31.83251008721637;27;0.9;0.71248432;382;0.0752215907217092;712484.32;1;1;1;0.02299559378373408;1;0.07463446165999786;712484.3200000002;1;1;0.02299559378373406;1;0.0752215907217092;712484.32;1;1;1;0.02299559378373408;1;0.07463446165999786;712484.3200000002;1;1;0.02299559378373406;1
4730;1786618545;0;4495.3962962963;4.299323259259262;51.77052077777778;610.07634917;52.36760555555564;59.12576785891994;591.2576785891994;0.0306179921041795;-3.601576296296308;0.08290514814820124;589652.837835617;5736313.974184508;4;60723;50.44731257056242;2.149224962444629;364.9773148864479;226.4852810676554;57.90867724724346;418.9248155710933;173.5677132464339;61.49832972492364;6.5;27;-1;;50;;;0;288.15;350;161.8441698450058;50;1;;;;;;3.541066497113274;3.541066497113274;0;0;18885.68798460413;0;166.4741298855762;166.4741298855762;12;12;250;89.64533230979542;2.819454803476711;34.75765506363784;27;0.9;0.71248432;98.09631270993796;5.376889485104026;37.31508974526516;27;0.9;0.71248432;382;0.07439297655435434;712484.32;1;1;1;0.02299559378373408;1;0.07463183682189302;712484.3200000002;1;1;0.02299559378373406;1;0.07439297655435434;712484.32;1;1;1;0.02299559378373408;1;0.07463183682189302;712484.3200000002;1;1;0.02299559378373406;1
4740;1786618555;0;4504.885057471266;4.306314942528736;51.77361206896552;610.0665300649198;52.39193275862068;59.17100766336998;591.7100766336998;-0.1192844193523552;-3.599342873563218;0.01564678160919304;590129.0836414604;5736666.380513696;4;60723;50.66941539036638;3.073988172295665;365.0290390342725;215.5021183291496;66.0365223070139;390.4257612814712;160.5288090335128;69.463269351256;6.5;27;-1;;50;;;0;288.15;350;154.1106635129709;50;1;;;;;;3.282977779909803;3.282977779909803;0;0;17509.21482618561;0;165.862177458655;165.862177458655;12;12;250;90.51537345392012;3.249423746869516;35.18762400703064;27;0.9;0.71248432;98.96635385406268;5.4835698576008;37.42177011776193;27;0.9;0.71248432;382;0.07429791394177312;712484.32;1;1;1;0.02299559378373408;1;0.0746282462532896;712484.3200000002;1;1;0.02299559378373406;1;0.07429791394177312;712484.32;1;1;1;0.02299559378373408;1;0.0746282462532896;712484.3200000002;1;1;0.02299559378373406;1
4750;1786618565;0;4514.414814814814;4.31331111111111;51.7767068888889;610.0661823192594;52.38166118518518;59.17336433440464;591.7336433440464;0.07027323912835406;-3.603016444444444;0.06324148148147264;590605.5652332522;5737019.230619926;4;60723;50.88343010687938;4.007730028046321;365.0789890654051;192.2139442970015;73.28545189094634;373.6159366701726;130.7087055405114;75.89668899408594;6.5;27;-1;;50;;;0;288.15;350;149.379951155208;50;1;;;;;;3.132343061883429;3.132343061883429;0;0;16705.82966337829;0;165.4799160004371;165.4799160004371;12;12;250;91.04826963016438;3.491334196895721;35.42953445705685;27;0.9;0.71248432;99.49925003030694;5.54016229131121;37.47836255147234;27;0.9;0.71248432;382;0.07424184240240404;712484.32;1;1;1;0.02299559378373408;1;0.07462413557402486;712484.3200000002;1;1;0.02299559378373406;1;0.07424184240240404;712484.32;1;1;1;0.02299559378373408;1;0.07462413557402486;712484.3200000002;1;1;0.02299559378373406;1
4760;1786618575;0;4523.869731800764;4.320313601532566;51.77979701149426;610.0704693772876;52.39168226053644;59.0589147279682;590.589147279682;0.1421413794023149;-3.602986781609198;0.02962923371646247;591082.4258144578;5737371.612249974;4;60723;51.08922241797296;4.950264511446016;365.1271328720123;150.066280875291;75.36608704809334;370.092844659163;83.66488454647262;75.433868993974;6.5;27;-1;;50;;;0;288.15;350;148.361420003954;50;1;;;;;;3.100583540967278;3.100583540967278;0;0;16536.44555182548;0;165.3976219141744;165.3976219141744;12;12;250;91.16232323734324;3.541010208914331;35.47921046907546;27;0.9;0.71248432;99.61330363748578;5.551486716264488;37.48968697642562;27;0.9;0.71248432;382;0.07423009063241452;712484.32;1;1;1;0.02299559378373408;1;0.07461998773253422;712484.3200000002;1;1;0.02299559378373406;1;0.07423009063241452;712484.32;1;1;1;0.02299559378373408;1;0.07461998773253422;712484.3200000002;1;1;0.02299559378373406;1
4770;1786618585;0;4533.333333333334;4.327296666666667;51.78288666666668;610.0656338240002;52.41374000000002;59.1709137444851;591.709137444851;-0.08878473139825568;-3.605783333333334;0.04158333333332056;591557.880743523;5737723.963333334;4;60723;51.28666029337802;5.901386181216734;365.1734395846261;116.2010062045845;70.10863949587126;380.2267776358784;55.60650209640766;68.32247732713446;6.5;27;-1;;50;;;0;288.15;350;151.2207224631414;50;1;;;;;;3.190337305946304;3.190337305946304;0;0;17015.13229838029;0;165.6322621225137;165.6322621225137;12;12;250;90.83792926402484;3.397784438242723;35.33598469840385;27;0.9;0.71248432;99.2889096641674;5.518563326879956;37.45676358704108;27;0.9;0.71248432;382;0.07426389379425628;712484.32;1;1;1;0.02299559378373408;1;0.07461627842067716;712484.3200000002;1;1;0.02299559378373406;1;0.07426389379425628;712484.32;1;1;1;0.02299559378373408;1;0.07461627842067716;712484.3200000002;1;1;0.02299559378373406;1
4780;1786618595;0;4542.85440613027;4.334293716475097;51.785981954023;610.0686194441074;52.4064581226054;58.9971681499473;589.971681499473;-0.2783858304830497;-3.610886781609195;0.07017149425283578;592034.222423702;5738077.004644648;4;60723;51.47561208795312;6.860858331841432;365.2178790623784;100.17523892255024;62.11527760531218;402.9870881606966;43.32095173099458;59.64031038280602;6.5;27;-1;;50;;;0;288.15;350;157.4963823635829;50;1;;;;;;3.394086080380094;3.394086080380094;0;0;18101.79242869383;0;166.1372307713458;166.1372307713458;12;12;250;90.12921184075904;3.06395997477389;35.00216023493502;27;0.9;0.71248432;98.5801922409016;5.438526811819996;37.37672707198112;27;0.9;0.71248432;382;0.0743398140181227;712484.32;1;1;1;0.02299559378373408;1;0.0746134282721972;712484.3200000002;1;1;0.02299559378373406;1;0.0743398140181227;712484.32;1;1;1;0.02299559378373408;1;0.0746134282721972;712484.3200000002;1;1;0.02299559378373406;1
4790;1786618605;0;4552.32950191571;4.341273831417624;51.78906544061304;610.0690932060384;52.41571938697318;59.15000070001386;591.5000070001386;-0.1784068865169236;-3.607483026819923;0.03513003831418046;592509.3535333292;5738428.75843021;4;60723;51.65595166262566;7.828435839873596;365.2604230268135;92.14759751237978;54.22261906242238;436.4007413106556;36.91863106614457;51.41652138028392;6.5;27;-1;;50;;;0;288.15;350;166.3209877881257;50;1;;;;;;3.697793243730205;3.697793243730205;0;0;19721.56396656109;0;166.8291177358299;166.8291177358299;12;12;250;89.1336177129248;2.546251946199751;34.48445220636088;27;0.9;0.71248432;97.58459811306736;5.304901824403124;37.24310208456425;27;0.9;0.71248432;382;0.074451269967925;712484.32;1;1;1;0.02299559378373408;1;0.074611773595623;712484.32;1;1;0.02299559378373406;1;0.074451269967925;712484.32;1;1;1;0.02299559378373408;1;0.074611773595623;712484.32;1;1;0.02299559378373406;1
4800;1786618615;0;4561.839080459768;4.348272528735631;51.79215689655172;610.0649680195402;52.40174287356326;59.2060669879179;592.060669879179;-0.2716466667772559;-3.60995827586207;0.04948425287360244;592985.6835520972;5738781.467662962;4;60723;51.82755620429546;8.80385380920304;365.3010444837255;87.51463962602362;47.23642425818222;478.235483167682;33.25336393799683;44.28197250566221;6.5;27;-1;;50;;;0;288.15;350;176.7460227393252;50;1;;;;;;4.086293513745574;4.086293513745574;0;0;21793.56540664306;0;167.6242440607491;167.6242440607491;12;12;250;87.94999111799028;1.857518643664581;33.79571890382571;27;0.9;0.71248432;96.40097151813282;5.108187113247602;37.04638737340874;27;0.9;0.71248432;382;0.07459081564607886;712484.32;1;1;1;0.02299559378373408;1;0.07461156189916296;712484.32;1;1;0.02299559378373406;1;0.07459081564607886;712484.32;1;1;1;0.02299559378373408;1;0.07461156189916296;712484.32;1;1;0.02299559378373406;1
4810;1786618625;0;4571.348659003832;4.355278007662835;51.79525157088124;610.073534290299;52.38449957854406;59.03338132936846;590.3338132936844;-0.03679700653589327;-3.612138927203064;0.08419624521071872;593462.4078802664;5739134.589722342;4;60723;51.99030467227456;9.786815729191578;365.3397172815349;84.54270609294844;41.28186534351935;526.48299086426;30.57215936292443;38.24141456212403;6.5;27;-1;;50;;;0;288.15;350;187.9605716407637;50;1;;;;;;4.547081486404552;4.547081486404552;0;0;24251.10126082427;0;168.4590950419414;168.4590950419414;12;12;250;86.65435216413892;1.0164417065677568;32.95464196672889;27;0.9;0.71248432;95.10533256428146;4.836613587490394;36.77481384765152;27;0.9;0.71248432;382;0.07475175200858262;712484.32;1;1;1;0.02299559378373408;1;0.07461296380025716;712484.3199999998;1;1;0.02299559378373406;1;0.07475175200858262;712484.32;1;1;1;0.02299559378373408;1;0.07461296380025716;712484.3199999998;1;1;0.02299559378373406;1
4820;1786618635;0;4580.858237547894;4.362266513409964;51.79833463601534;610.0652749882914;52.4086585057471;59.20337454876548;592.0337454876548;-0.02175168124507859;-3.60985203065134;0.01668145593869179;593937.9192317664;5739486.44470576;4;60723;52.14408230414922;10.777017205363662;365.3764171057101;82.48967102297766;36.26460425024458;579.54017681716;28.86273176484009;33.12998232676707;6.5;27;-1;;50;;;0;288.15;350;199.3612492698446;50;1;;;;;;5.071721018939964;5.071721018939964;0;0;27049.17876767981;0;169.2930791219141;169.2930791219141;12;12;250;85.29572855163082;0.0448898623478937;31.98309012250902;27;0.9;0.71248432;93.74670895177338;4.477057923532343;36.41525818369347;27;0.9;0.71248432;382;0.07492873173084402;712484.32;1;1;1;0.02299559378373408;1;0.07461609021541148;712484.3199999998;1;1;0.02299559378373406;1;0.07492873173084402;712484.32;1;1;1;0.02299559378373408;1;0.07461609021541148;712484.3199999998;1;1;0.02299559378373406;1
4830;1786618645;0;4590.422222222224;4.369272444444446;51.80142933333334;610.065147544889;52.39833044444448;59.04565404572974;590.4565404572974;0.02262678824160068;-3.613217555555557;0.06349866666668308;594414.541380198;5739839.661973292;4;60723;52.28877874343748;11.774134608673072;365.4111209656212;80.9942204228449;32.03468535964771;636.1976974222284;27.54266417590208;28.87560397624724;6.5;27;-1;;50;;;0;288.15;350;210.5335277564414;50;1;;;;;;5.655761476654896;5.655761476654896;0;0;30164.06120882611;0;170.1032500016507;170.1032500016507;12;12;250;83.90151721417932;-1.0355866958235622;30.90261356433757;27;0.9;0.71248432;92.35249761432186;4.016135857540136;35.95433611770127;27;0.9;0.71248432;382;0.07511772087681202;712484.32;1;1;1;0.02299559378373408;1;0.07462100816307228;712484.3199999998;1;1;0.02299559378373406;1;0.07511772087681202;712484.32;1;1;1;0.02299559378373408;1;0.07462100816307228;712484.3199999998;1;1;0.02299559378373406;1
4840;1786618655;0;4599.911877394634;4.37626478927203;51.8045118007663;610.0696173417932;52.41165536398472;59.22117050943716;592.2117050943716;0.2426978362043325;-3.613595210727971;0.03165398467432657;594890.1857978002;5740191.54708852;4;60410;52.99683338029332;5.705992719845432;365.8268501310595;33.77135735038988;64.58283418546544;395.5882024837511;343.2185938920799;61.13247443288004;6.5;23;-1;;50;;;0;288.15;350;155.2943036684147;50;1;;;;;;3.321498673518548;3.321498673518548;0;0;17714.65959209892;0;165.9762747683455;165.9762747683455;12;12;250;90.36275525062086;3.177149115024685;35.11534937518582;27;0.9;0.71248432;98.81373565076342;5.46618977211347;37.4043900322746;27;0.9;0.71248432;382;0.07431513399205964;712484.32;1;1;1;0.02299559378373408;1;0.07461803851092652;712484.3199999996;1;1;0.02299559378373406;1;0.07431513399205964;712484.32;1;1;1;0.02299559378373408;1;0.07461803851092652;712484.3199999996;1;1;0.02299559378373406;1
4850;1786618665;0;4609.421455938696;4.383271877394634;51.80760908045978;610.064795937931;52.43077072796928;59.08544723666488;590.8544723666488;-0.02496862803769039;-3.615589655172413;0.04516984674333272;595366.7488380014;5740545.145680054;4;60410;52.91327605523498;6.73856238152494;365.8085165319908;51.5878754647076;59.02403327218892;415.2551241094775;359.1930006771269;55.40816700661032;6.5;23;-1;;50;;;0;288.15;350;160.615352671362;50;1;;;;;;3.499018617921249;3.499018617921249;0;0;18661.43262891333;0;166.3977081469416;166.3977081469416;12;12;250;89.76380192762202;2.880563225368844;34.81876348552997;27;0.9;0.71248432;98.21478232776456;5.392538134325858;37.33073839448699;27;0.9;0.71248432;382;0.07438073578123382;712484.32;1;1;1;0.02299559378373408;1;0.07461575675391026;712484.3199999996;1;1;0.02299559378373406;1;0.07438073578123382;712484.32;1;1;1;0.02299559378373408;1;0.07461575675391026;712484.3199999996;1;1;0.02299559378373406;1
4860;1786618675;0;4618.899999999998;4.390265999999998;51.810697;610.06810845;52.42392499999996;59.13525337584056;591.3525337584056;-0.2233765633984666;-3.620983000000001;0.07258300000005818;595842.3712124364;5740897.731750178;4;60410;52.82005438966392;7.766776592082112;365.7880402817737;62.66553331791636;52.58754432799196;445.6437949828382;9.60539934026493;49.03445822434632;6.5;23;-1;;50;;;0;288.15;350;168.5225880968187;50;1;;;;;;3.776993403138484;3.776993403138484;0;0;20143.96481673858;0;167.0111654210135;167.0111654210135;12;12;250;88.87236986833292;2.401006835060284;34.33920709522141;27;0.9;0.71248432;97.32335026847548;5.265258752072344;37.20345901223348;27;0.9;0.71248432;382;0.0744821014762753;712484.32;1;1;1;0.02299559378373408;1;0.0746144838465042;712484.3199999996;1;1;0.02299559378373406;1;0.0744821014762753;712484.32;1;1;1;0.02299559378373408;1;0.0746144838465042;712484.3199999996;1;1;0.02299559378373406;1
4870;1786618685;0;4628.406130268196;4.397270536398464;51.81378402298852;610.068759375096;52.43466421455938;59.17661542216706;591.7661542216706;0.02941110751654995;-3.617558620689651;0.03656352490424531;596318.646668652;5741250.278150828;4;60410;52.71724231484268;8.790189197089582;365.7654352478067;69.73759806046324;46.41157569580564;484.7379858902988;16.20905848606845;42.95762455718386;6.5;23;-1;;50;;;0;288.15;350;178.1624766880237;50;1;;;;;;4.141866245852287;4.141866245852287;0;0;22089.95331121219;0;167.741549222917;167.741549222917;12;12;250;87.77711322371562;1.750430988721181;33.68863124888231;27;0.9;0.71248432;96.22809362385818;5.075570284147916;37.01377054430904;27;0.9;0.71248432;382;0.0746125056604508;712484.32;1;1;1;0.02299559378373408;1;0.07461446518437162;712484.3199999996;1;1;0.02299559378373406;1;0.0746125056604508;712484.32;1;1;1;0.02299559378373408;1;0.07461446518437162;712484.3199999996;1;1;0.02299559378373406;1
4880;1786618695;0;4637.915708812262;4.404258467432951;51.81689218390806;610.2625413382682;51.67851218390794;59.05627326866916;590.5627326866916;0.10494205332233276;-3.620349540229895;-0.7993103065132156;596793.6657743518;5741605.199286068;4;60410;52.60491887396174;9.808385233551236;365.7407163757398;74.51861553169148;40.90292091067992;530.6141147101636;22.18620375634899;37.25190744183489;6.5;23;-1;;50;;;0;288.15;350;188.7559393621215;50;1;;;;;;4.581696137427906;4.581696137427906;0;0;24435.71273294883;0;168.5269841096334;168.5269841096334;12;12;250;86.55184844542356;0.946214120656992;32.88441438081812;27;0.9;0.71248432;95.00282884556612;4.812306826313754;36.75050708647489;27;0.9;0.71248432;382;0.07476553195446072;712484.32;1;1;1;0.02299559378373408;1;0.07461587702334442;712484.3199999994;1;1;0.02299559378373406;1;0.07476553195446072;712484.32;1;1;1;0.02299559378373408;1;0.07461587702334442;712484.3199999994;1;1;0.02299559378373406;1
4890;1786618705;0;4647.425287356324;4.411166206896553;51.8200503448276;610.1402639551724;51.39862034482764;59.06290256074318;590.6290256074318;-0.05329005843702496;-3.632677816091966;0.08084080459776372;597262.9832943202;5741965.619912532;4;60410;52.48317123610218;10.8209490282088;365.7139004086694;77.93000369236288;36.13077208004084;581.6684292230366;25.44125935282804;32.90115786849621;6.5;23;-1;;50;;;0;288.15;350;199.6921072530988;50;1;;;;;;5.087934579940964;5.087934579940964;0;0;27135.65109301847;0;169.3249179941407;169.3249179941407;12;12;250;85.24767611840322;0.008982808668523346;31.94718306882965;27;0.9;0.71248432;93.69865651854576;4.462789319002735;36.40098957916387;27;0.9;0.71248432;382;0.07493583081672522;712484.32;1;1;1;0.02299559378373408;1;0.07461883955846832;712484.3199999994;1;1;0.02299559378373406;1;0.07493583081672522;712484.32;1;1;1;0.02299559378373408;1;0.07461883955846832;712484.3199999994;1;1;0.02299559378373406;1
4900;1786618715;0;4656.90038314176;4.418077279693485;51.82320712643678;610.0806558672798;51.42202513409972;59.20369935023418;592.0369935023418;0.2188882269934809;-3.621269923371656;0.02040567049810863;597732.4664201428;5742325.93631768;4;60410;52.35209131762934;11.82749384460748;365.6850052034916;80.47431075146214;32.0351601175094;636.649663186438;27.81327863113087;28.85672256782749;6.5;23;-1;;50;;;0;288.15;350;210.5321892113888;50;1;;;;;;5.655686580476194;5.655686580476194;0;0;30163.6617625397;0;170.1094184159234;170.1094184159234;12;12;250;83.8954236960853;-1.040474997456765;30.89772526270437;27;0.9;0.71248432;92.34640409622784;4.013900407994126;35.95210066815526;27;0.9;0.71248432;382;0.07511922847232402;712484.32;1;1;1;0.02299559378373408;1;0.07462343028244864;712484.3199999994;1;1;0.02299559378373406;1;0.07511922847232402;712484.32;1;1;1;0.02299559378373408;1;0.07462343028244864;712484.3199999994;1;1;0.02299559378373406;1
4910;1786618725;0;4666.375478927202;4.424997854406129;51.82637766283526;610.0689286464828;51.41304823754784;59.08714553619834;590.8714553619834;0.005854271065207854;-3.623179003831417;0.06587214559384952;598202.507048;5742687.840191436;4;61254;47.4208270225878;2.82927667536925;364.6241024298961;193.8512666682347;32.39073688652715;629.5297767307804;140.9633255480023;35.27544192796547;6.5;58;-1;;50;;;0;288.15;350;209.5350837021415;50;1;;;;;;5.600250909821568;5.600250909821568;0;0;29868.0048523817;0;170.0117336836285;170.0117336836285;12;12;250;84.04854409903488;-0.9180538758839724;31.02014638427716;27;0.9;0.71248432;92.49952449917742;4.069473539615055;36.00767379977619;27;0.9;0.71248432;382;0.07509547908748906;712484.32;1;1;1;0.02299559378373408;1;0.07462772163522174;712484.3199999994;1;1;0.02299559378373406;1;0.07509547908748906;712484.32;1;1;1;0.02299559378373408;1;0.07462772163522174;712484.3199999994;1;1;0.02299559378373406;1
4920;1786618735;0;4675.855555555556;4.431894555555558;51.8295508888889;610.23542567;50.81037666666658;59.0660062510075;590.660062510075;0.09131627790286926;-3.611009111111114;-1.075358444444309;598670.8292341186;5743050.05576181;4.855555555555838;61254;47.11085496377622;3.635018747531744;364.5608926040686;186.5844036504722;31.00479997152556;650.4688778734438;133.5790924496849;32.77735674927851;6.5;58;-1;;50;;;0;288.15;350;213.4827702400647;50;1;;;;;;5.824000085401134;5.824000085401134;0;0;31061.33378880605;0;170.2959385884231;170.2959385884231;12;12;250;83.54059001866068;-1.327428015785032;30.6107722443761;27;0.9;0.71248432;91.99157041880324;3.880278181404797;35.81847844156592;27;0.9;0.71248432;382;0.0751653244107582;712484.32;1;1;1;0.02299559378373408;1;0.0746325649034698;712484.3199999992;1;1;0.02299559378373406;1;0.0751653244107582;712484.32;1;1;1;0.02299559378373408;1;0.0746325649034698;712484.3199999992;1;1;0.02299559378373406;1
4930;1786618745;0;4685.360153256708;4.438712107279695;51.83278605363984;610.2672387291188;49.96646513409906;59.13483119421278;591.3483119421278;0.195324175576564;-3.614957164750997;-1.30449241379209;599133.4943788948;5743419.096492594;5;60910;47.2477632881366;5.560984386485594;364.1966864380429;170.5211437914708;31.61931264805362;640.3255866943574;117.95393767245964;32.2419763479066;6.5;43;-1;;50;;;0;288.15;350;211.7120466230405;50;1;;;;;;5.72220997020849;5.72220997020849;0;0;30518.45317444528;0;170.1594252646902;170.1594252646902;12;12;250;83.77889345758622;-1.134216691828902;30.80398356833223;27;0.9;0.71248432;92.22987385772876;3.970767436178733;35.90896769633987;27;0.9;0.71248432;493;0.10271078609417264;712484.32;1;1;1;0.000574889844593352;1;0.10271078609417264;712484.32;1;1;0.000574889844593352;1;0.10271078609417264;712484.32;1;1;1;0.000574889844593352;1;0.10271078609417264;712484.32;1;1;0.000574889844593352;1
4940;1786618755;0;4694.869731800764;4.445400114942529;51.83613310344828;610.5619335819922;47.70061923371728;59.08961938694668;590.8961938694668;0.1378185146995069;-3.672914367815956;-0.9233049808450094;599586.9196969222;5743800.446972828;5;60910;47.55500438985436;6.371168055849394;364.2661024271465;162.9957773265584;32.79476383519718;623.0955638244316;112.69243178487064;33.44093093588321;6.5;43;-1;;50;;;0;288.15;350;208.4152161352841;50;1;;;;;;5.538822260096388;5.538822260096388;0;0;29540.38538718073;0;169.9225013283089;169.9225013283089;12;12;250;84.19920510407958;-0.7984525090480288;31.1397477511131;27;0.9;0.71248432;92.65018550422212;4.122941690462201;36.06114195062333;27;0.9;0.71248432;493;0.10265331292428414;712484.32;1;1;1;0.000574889844593352;1;0.1026820495092284;712484.32;1;1;0.000574889844593352;1;0.10265331292428414;712484.32;1;1;1;0.000574889844593352;1;0.1026820495092284;712484.32;1;1;0.000574889844593352;1
4950;1786618765;0;4704.35714285714;4.451942857142855;51.83958214285714;610.2047652428574;47.44179642857142;59.19846643677234;591.9846643677234;0.07498914493883156;-3.650168571428576;0.04265857142853444;600030.0424298124;5744192.982281556;5;60910;47.85583448298544;7.19124569634354;364.3342292196039;154.9757992403899;33.4650150042341;613.7994700122076;105.10437308533888;34.52986478053352;6.5;43;-1;;50;;;0;288.15;350;206.58802272711;50;1;;;;;;5.44042301689561;5.44042301689561;0;0;29015.58942344326;0;169.7919383248864;169.7919383248864;12;12;250;84.42816735070286;-0.6183523076216156;31.31984795253951;27;0.9;0.71248432;92.87914775084542;4.201923080366945;36.14012334052807;27;0.9;0.71248432;493;0.10262230449307062;712484.32;1;1;1;0.000574889844593352;1;0.10266213450384246;712484.32;1;1;0.000574889844593352;1;0.10262230449307062;712484.32;1;1;1;0.000574889844593352;1;0.10266213450384246;712484.32;1;1;0.000574889844593352;1
4960;1786618775;0;4713.85440613027;4.458498084291188;51.8430375862069;610.0957255678468;47.43331452107278;59.14419005895748;591.441900589575;0.2738381983852073;-3.632254789272029;0.05333199233714438;600473.941390621;5744586.287132112;5;60910;48.15011366899848;8.021225858683168;364.4010212986623;146.7484166677195;33.54706759990084;612.788205707949;96.63604225663358;34.09556519948249;6.5;43;-1;;50;;;0;288.15;350;206.3669465610078;50;1;;;;;;5.428667260724224;5.428667260724224;0;0;28952.89205719586;0;169.7776161002208;169.7776161002208;12;12;250;84.45424533153992;-0.5979688651673626;31.34023139499377;27;0.9;0.71248432;92.90522573168246;4.210746345821128;36.14894660598226;27;0.9;0.71248432;493;0.10261893127844406;712484.32;1;1;1;0.000574889844593352;1;0.10265133369749286;712484.32;1;1;0.000574889844593352;1;0.10261893127844406;712484.32;1;1;1;0.000574889844593352;1;0.10265133369749286;712484.32;1;1;0.000574889844593352;1
4970;1786618785;0;4723.36398467433;4.465041149425288;51.8464946743295;610.0809948251342;47.41571544061302;59.17698815970506;591.7698815970506;0.07068209101992054;-3.632140306513408;0.08942816091953268;600916.9290832076;5744979.798324228;5;60910;48.43770112506692;8.861104257842044;364.4664341462813;138.6463189518726;33.03065853764219;620.1027105036904;88.79629751955944;33.1187173025333;6.5;43;-1;;50;;;0;288.15;350;207.7677942468394;50;1;;;;;;5.503701279290526;5.503701279290526;0;0;29353.07348954947;0;169.8806807363681;169.8806807363681;12;12;250;84.27614667682624;-0.7377051030519524;31.20049515710918;27;0.9;0.71248432;92.7271270769688;4.149787523691983;36.08798778385311;27;0.9;0.71248432;493;0.1026433298401842;712484.32;1;1;1;0.000574889844593352;1;0.10264973292603114;712484.32;1;1;0.000574889844593352;1;0.1026433298401842;712484.32;1;1;1;0.000574889844593352;1;0.10264973292603114;712484.32;1;1;0.000574889844593352;1
4980;1786618795;0;4732.839080459768;4.471590574712643;51.84995206896552;610.066899937931;47.44020954022994;59.00987863521348;590.0987863521348;-0.2226048492638652;-3.629717471264371;0.0237889655172516;601360.284439382;5745373.392783532;5;60910;48.71845194659352;9.710852749895704;364.5304235019003;130.9739674604498;31.98273517539178;635.4539780994328;81.5256683431219;31.54117632137066;6.5;43;-1;;50;;;0;288.15;350;210.6801141644738;50;1;;;;;;5.66397131379044;5.66397131379044;0;0;30207.84700688235;0;170.0930901995282;170.0930901995282;12;12;250;83.90346717916626;-1.0340226944355488;30.90417756572558;27;0.9;0.71248432;92.35444757930882;4.016850796391448;35.95505105655258;27;0.9;0.71248432;493;0.1026945361570414;712484.32;1;1;1;0.000574889844593352;1;0.10265720013119952;712484.32;1;1;0.000574889844593352;1;0.1026945361570414;712484.32;1;1;1;0.000574889844593352;1;0.10265720013119952;712484.32;1;1;0.000574889844593352;1
4990;1786618805;0;4742.31417624521;4.478126781609195;51.85339624521074;610.0648216899312;47.42527080459768;59.17662726733106;591.7662726733106;0.002298111747327969;-3.632779923371647;0.06856318007661828;601802.6893542304;5745765.538822496;5;60910;48.99222430031914;10.57043890807997;364.5929469652556;123.94610778326132;30.52408129428228;658.2783769567616;74.47106710163528;29.68013987962204;6.5;43;-1;;50;;;0;288.15;350;214.8906388806628;50;1;;;;;;5.906669203955064;5.906669203955064;0;0;31502.235754427;0;170.3995999363806;170.3995999363806;12;12;250;83.35425955214924;-1.479877906446655;30.45832235371447;27;0.9;0.71248432;91.8052399522918;3.80736705090674;35.74556731106787;27;0.9;0.71248432;493;0.10277067015657426;712484.32;1;1;1;0.000574889844593352;1;0.10267341013482448;712484.3200000002;1;1;0.000574889844593352;1;0.10277067015657426;712484.32;1;1;1;0.000574889844593352;1;0.10267341013482448;712484.3200000002;1;1;0.000574889844593352;1
5000;1786618815;0;4751.858237547888;4.484683601532563;51.85684896551724;610.0689007340998;47.4406150191572;59.19038809516624;591.9038809516624;0.01979186651165227;-3.633454674329507;0.03460693486587457;602246.4250187612;5746158.7042812;5;62226;53.02818049648136;3.106222894569179;365.1541377867643;324.8267931315791;64.5517421186361;394.9474597692622;284.7334325775745;63.81963879496254;6.5;100;-1;;50;;;0;288.15;350;155.3205248565062;50;1;;;;;;3.322355907459819;3.322355907459819;0;0;17719.23150645237;0;165.9621946401769;165.9621946401769;12;12;250;90.37597814484814;3.18346393020908;35.12166419037021;27;0.9;0.71248432;98.8269585449907;5.467717082590958;37.40591734275209;27;0.9;0.71248432;493;0.10189229276528078;712484.32;1;1;1;0.000574889844593352;1;0.10257577046363152;712484.3200000002;1;1;0.000574889844593352;1;0.10189229276528078;712484.32;1;1;1;0.000574889844593352;1;0.10257577046363152;712484.3200000002;1;1;0.000574889844593352;1
5010;1786618825;0;4761.367816091956;4.491237471264371;51.86030609195404;610.0638166312646;47.46183678160924;59.19081886925724;591.9081886925724;-0.00922954254021245;-3.636014482758622;0.04715931034481072;602689.8775733324;5746552.395913512;5;62226;53.09819899275688;4.144328893345992;365.1773225483739;350.4289663245383;67.52756760231038;386.5168482605038;309.6362512291957;65.33251347888442;6.5;100;-1;;50;;;0;288.15;350;152.9810151891374;50;1;;;;;;3.246529953134665;3.246529953134665;0;0;17314.82641671821;0;165.774776733904;165.774776733904;12;12;250;90.63922200544622;3.307092225070093;35.24529248523122;27;0.9;0.71248432;99.09020240558876;5.497280575158144;37.43548083531928;27;0.9;0.71248432;493;0.10186417127228192;712484.32;1;1;1;0.000574889844593352;1;0.1024967038868149;712484.3200000002;1;1;0.000574889844593352;1;0.10186417127228192;712484.32;1;1;1;0.000574889844593352;1;0.1024967038868149;712484.3200000002;1;1;0.000574889844593352;1
5020;1786618835;0;4770.842911877394;4.497791609195401;51.86376344827586;610.066555256613;47.4520817624521;59.1805898845734;591.805898845734;0.1954140236108271;-3.641179540229886;0.07607340996171582;603133.2782478642;5746946.15351965;5;62226;53.15840316052048;5.185693742518634;365.1983859807897;17.68746887642768;65.8399454080824;391.1694594448651;333.4725010628636;62.59461048019188;6.5;100;-1;;50;;;0;288.15;350;154.2659198148994;50;1;;;;;;3.288011081111545;3.288011081111545;0;0;17536.05909926157;0;165.8787069407947;165.8787069407947;12;12;250;90.49381067057862;3.239293458002315;35.17749371816344;27;0.9;0.71248432;98.94479107072118;5.481147022448528;37.41934728260966;27;0.9;0.71248432;493;0.10187969071268212;712484.32;1;1;1;0.000574889844593352;1;0.10243500256940164;712484.3200000002;1;1;0.000574889844593352;1;0.10187969071268212;712484.32;1;1;1;0.000574889844593352;1;0.10243500256940164;712484.3200000002;1;1;0.000574889844593352;1
5030;1786618845;0;4780.352490421458;4.504349693486592;51.86721689655172;610.0673537288278;47.46203842911878;59.14756947842142;591.4756947842142;0.08428706194574064;-3.637456513409965;0.04296900383139894;603576.8895971644;5747339.522582912;5;62226;53.20874462926418;6.229842662739716;365.2173183080204;37.42019815046128;60.59715719720488;408.4582289822445;350.8131379596395;57.00388461906036;6.5;100;-1;;50;;;0;288.15;350;158.9765492612448;50;1;;;;;;3.44356785870073;3.44356785870073;0;0;18365.69524640389;0;166.2543611423307;166.2543611423307;12;12;250;89.96259969145352;2.981291721829349;34.91949198199048;27;0.9;0.71248432;98.41358009159606;5.417976923168616;37.35617718332974;27;0.9;0.71248432;493;0.10193735984036036;712484.32;1;1;1;0.000574889844593352;1;0.10238976232130698;712484.3200000002;1;1;0.000574889844593352;1;0.10193735984036036;712484.32;1;1;1;0.000574889844593352;1;0.10238976232130698;712484.3200000002;1;1;0.000574889844593352;1
5040;1786618855;0;4789.89655172414;4.510898620689656;51.8706727586207;610.0630071448276;47.45007172413792;59.02611461318324;590.2611461318324;-0.02652715203417168;-3.640171034482758;0.05114344827583544;604019.7951681222;5747733.187295278;5;62226;53.24918216403672;7.276279272840066;365.2341109760364;49.62333894202802;54.12014746288868;436.8836980608803;1.964111721514308;50.48422606648024;6.5;100;-1;;50;;;0;288.15;350;166.4549425574698;50;1;;;;;;3.702571073133339;3.702571073133339;0;0;19747.04572337781;0;166.838724936579;166.838724936579;12;12;250;89.11923268277256;2.53835537110087;34.476555631262;27;0.9;0.71248432;97.5702130829151;5.302771262907746;37.24097152306887;27;0.9;0.71248432;493;0.10203217699909836;712484.32;1;1;1;0.000574889844593352;1;0.10235996354445626;712484.3200000002;1;1;0.000574889844593352;1;0.10203217699909836;712484.32;1;1;1;0.000574889844593352;1;0.10235996354445626;712484.3200000002;1;1;0.000574889844593352;1
5050;1786618865;0;4799.371647509574;4.517440153256702;51.87411750957854;610.0718624826668;47.43150321839072;59.13160627643168;591.3160627643168;0.03255659572676134;-3.642663946360139;0.08970279693480146;604462.1475085202;5748125.646001422;5;62226;53.27968304310172;8.324512316060138;365.2487571138818;57.2774119038528;47.77340813525192;474.44627487945;9.104839850142256;44.19489888773679;6.5;100;-1;;50;;;0;288.15;350;175.8462085058354;50;1;;;;;;4.051356285950672;4.051356285950672;0;0;21607.23352507025;0;167.5551489651663;167.5551489651663;12;12;250;88.05402344136796;1.921176030669761;33.85937629083089;27;0.9;0.71248432;96.5050038415105;5.12731180821534;37.06551206837647;27;0.9;0.71248432;493;0.10215747226859632;712484.32;1;1;1;0.000574889844593352;1;0.10234438729246704;712484.3200000002;1;1;0.000574889844593352;1;0.10215747226859632;712484.32;1;1;1;0.000574889844593352;1;0.10234438729246704;712484.3200000002;1;1;0.000574889844593352;1
5060;1786618875;0;4808.851851851852;4.523996296296296;51.87756666666668;610.0636282320002;47.45550222222226;59.09372178533792;590.937217853379;0.1765706631209114;-3.64025814814815;0.02373185185185616;604905.425807918;5748518.65583499;5;62226;53.30022240242052;9.3740446669835;365.2612512695441;62.3676670224125;42.07102483051423;519.1615206507918;13.951495140075654;38.54996010922732;6.5;100;-1;;50;;;0;288.15;350;186.3370223273469;50;1;;;;;;4.477269081199685;4.477269081199685;0;0;23878.76843306499;0;168.3374580595018;168.3374580595018;12;12;250;86.84580155178344;1.146200690156323;33.08440095031745;27;0.9;0.71248432;95.296781951926;4.880851518476436;36.81905177863757;27;0.9;0.71248432;493;0.10230662627356914;712484.32;1;1;1;0.000574889844593352;1;0.10234169007683148;712484.3200000002;1;1;0.000574889844593352;1;0.10230662627356914;712484.32;1;1;1;0.000574889844593352;1;0.10234169007683148;712484.3200000002;1;1;0.000574889844593352;1
5070;1786618885;0;4818.35632183908;4.530542298850576;51.88101827586208;610.0633359264368;47.44307356321838;59.01624988880262;590.1624988880262;-0.08742535210341652;-3.643415172413793;0.07137528735632074;605347.9305491804;5748911.964164678;5;62226;53.31078326812162;10.424362255878256;365.2715893004961;65.95233546163308;37.12205868663285;569.3427054552566;17.74299764875031;33.68234542437097;6.5;100;-1;;50;;;0;288.15;350;197.2754732179365;50;1;;;;;;4.970878850048912;4.970878850048912;0;0;26511.35386692754;0;169.1388833577272;169.1388833577272;12;12;250;85.5507664847088;0.2337677395853294;32.17196799974646;27;0.9;0.71248432;94.00174688485134;4.550946857429748;36.48914711759088;27;0.9;0.71248432;493;0.10247401268862186;712484.32;1;1;1;0.000574889844593352;1;0.10235051158428416;712484.3200000002;1;1;0.000574889844593352;1;0.10247401268862186;712484.32;1;1;1;0.000574889844593352;1;0.10235051158428416;712484.3200000002;1;1;0.000574889844593352;1
5080;1786618895;0;4827.837037037034;4.536965703703702;51.88454644444446;610.4730883271696;43.25263533333666;58.79999095064294;587.9999095064294;0.2037933833828366;-3.26905074074049;-2.630685333341208;605781.7485419726;5749313.648521696;5;62226;53.3113571205396;11.474961066456874;365.27976867703;68.60056621007892;32.87683317950389;623.6706210865376;25.65075793379415;28.796108809639;6.5;100;-1;;50;;;0;288.15;350;208.1894375475587;50;1;;;;;;5.526542070050204;5.526542070050204;0;0;29474.89104026776;0;169.9305138720062;169.9305138720062;12;12;250;84.2034727504285;-0.7950771648835156;31.14312309527762;27;0.9;0.71248432;92.65445315057104;4.124438841242498;36.06263910140363;27;0.9;0.71248432;493;0.10265523110883736;712484.32;1;1;1;0.000574889844593352;1;0.10236955655456874;712484.3200000002;1;1;0.000574889844593352;1;0.10265523110883736;712484.32;1;1;1;0.000574889844593352;1;0.10236955655456874;712484.3200000002;1;1;0.000574889844593352;1
5090;1786618905;0;4837.30651340996;4.542996168582374;51.88830260536398;610.2617287611496;42.41097789272028;58.55736815967426;585.5736815967426;0.04564313202267418;-3.501153831417593;0.126556513409882;606187.918669831;5749740.153827274;5;62066;50.74095442575342;5.339091842501142;364.2693639388699;156.1905862123763;67.56078283865804;385.4565025645384;105.58705475408552;68.86151167335704;6.5;88;-1;;50;;;0;288.15;350;152.9568054420996;50;1;;;;;;3.245752169821962;3.245752169821962;0;0;17310.67823905046;0;165.7509156732196;165.7509156732196;12;12;250;90.66386084944332;3.318460230567524;35.25666049072865;27;0.9;0.71248432;99.11484124958588;5.499966977805978;37.43816723796711;27;0.9;0.71248432;493;0.1018606343397552;712484.32;1;1;1;0.000574889844593352;1;0.10233961995369734;712484.3200000002;1;1;0.000574889844593352;1;0.1018606343397552;712484.32;1;1;1;0.000574889844593352;1;0.10233961995369734;712484.3200000002;1;1;0.000574889844593352;1
5100;1786618915;0;4846.755555555556;4.548983555555556;51.89205466666668;610.0923968855114;42.41565933333334;58.61826235851506;586.1826235851506;0.2038469758548856;-3.489845333333333;0.1678859999999929;606591.0644062392;5750166.174190316;5;62066;50.52149694076542;6.26701517625453;364.2219747072386;141.1137840975661;59.96166836493814;409.743059647008;92.45389887949554;60.46250125108084;6.5;88;-1;;50;;;0;288.15;350;159.62549085444;50;1;;;;;;3.465440934364392;3.465440934364392;0;0;18482.35164994343;0;166.2816402646831;166.2816402646831;12;12;250;89.9134474934374;2.956598552209399;34.89479881237053;27;0.9;0.71248432;98.36442789357994;5.411781474629374;37.34998173479051;27;0.9;0.71248432;493;0.10194164557414212;712484.32;1;1;1;0.000574889844593352;1;0.1023175102659443;712484.3200000002;1;1;0.000574889844593352;1;0.10194164557414212;712484.32;1;1;1;0.000574889844593352;1;0.1023175102659443;712484.3200000002;1;1;0.000574889844593352;1
5110;1786618925;0;4856.256704980842;4.55497429118774;51.89581268199234;610.0550685770116;42.43072333333334;58.56867420147422;585.6867420147422;-0.02968069148663768;-3.487243180076628;0.12142126436781948;606994.3569847634;5750592.894956624;5;62066;50.29404039431172;7.18584034349105;364.1728280533553;133.0092740040481;52.44649498032656;444.4348844983212;86.0691173344815;52.46674939452492;6.5;88;-1;;50;;;0;288.15;350;168.7190181590045;50;1;;;;;;3.784130446933524;3.784130446933524;0;0;20182.02905031213;0;166.9875709461661;166.9875709461661;12;12;250;88.88882729938534;2.410270999684134;34.34847125984526;27;0.9;0.71248432;97.33980769952788;5.26781614908316;37.20601640924429;27;0.9;0.71248432;493;0.10205736504581512;712484.32;1;1;1;0.000574889844593352;1;0.1023038184122533;712484.3200000002;1;1;0.000574889844593352;1;0.10205736504581512;712484.32;1;1;1;0.000574889844593352;1;0.1023038184122533;712484.3200000002;1;1;0.000574889844593352;1
5120;1786618935;0;4865.731800766282;4.56096835249042;51.89956272030652;609.8968501766286;42.67565268199195;58.55862008014366;585.5862008014366;-0.669908854293745;-3.500180191570742;6.368257969343198;607397.8278038328;5751018.767977012;5;62066;50.05872517648418;8.095402137988458;364.1219582847798;128.1442592803437;45.76708289087382;487.3107052828516;81.58533627782782;51.73071072915914;6.5;88;-1;;50;;;0;288.15;350;179.2986439701084;50;1;;;;;;4.18696203652029;4.18696203652029;0;0;22330.46419477488;0;167.787527184917;167.787527184917;12;12;250;87.6860394710476;1.693365927808731;33.63156618796986;27;0.9;0.71248432;96.13701987119014;5.057960187088948;36.99616044725008;27;0.9;0.71248432;493;0.10220038338947384;712484.32;1;1;1;0.000574889844593352;1;0.10229864666111432;712484.3200000002;1;1;0.000574889844593352;1;0.10220038338947384;712484.32;1;1;1;0.000574889844593352;1;0.10229864666111432;712484.3200000002;1;1;0.000574889844593352;1
5130;1786618945;0;4875.266666666666;4.567384;51.903036;609.5242933666666;47.29134733333318;58.46280899258194;584.6280899258194;-0.06220304453997942;-3.50653400000007;0.3946086666666787;607830.893874174;5751414.519511848;5;62066;49.81569046859946;8.995565125838414;364.0694003406579;124.94836902394894;40.05626698983986;536.3762819868402;74.81079180990956;39.6066279417533;6.5;88;-1;;50;;;0;288.15;350;190.5705736242547;50;1;;;;;;4.661717865750702;4.661717865750702;0;0;24862.49528400374;0;168.6207994537211;168.6207994537211;12;12;250;86.37801137301312;0.8259290611246304;32.76412932128576;27;0.9;0.71248432;94.82899177315568;4.770075204494962;36.70827546465609;27;0.9;0.71248432;493;0.10236404853646026;712484.32;1;1;1;0.000574889844593352;1;0.1023017610361308;712484.3200000002;1;1;0.000574889844593352;1;0.10236404853646026;712484.32;1;1;1;0.000574889844593352;1;0.1023017610361308;712484.3200000002;1;1;0.000574889844593352;1
5140;1786618955;0;4884.75095785441;4.573878160919542;51.9064403448276;609.738218576245;47.67827632183948;58.48534956722736;584.8534956722736;-0.3264143862222076;-3.485309616858376;6.317909846749568;608269.4575773326;5751802.760683364;5;62066;49.565076537442;9.886211922568206;364.0151903353708;122.70566940508792;35.22832568081008;590.0974178259132;71.56158300192624;40.29797460001491;6.5;88;-1;;50;;;0;288.15;350;201.9610180173557;50;1;;;;;;5.200782962508982;5.200782962508982;0;0;27737.50913338123;0;169.4498824276033;169.4498824276033;12;12;250;85.00986330237262;-0.170185671690953;31.76801458847018;27;0.9;0.71248432;93.46084370251518;4.390526435202512;36.32872669536364;27;0.9;0.71248432;493;0.10254324295715202;712484.32;1;1;1;0.000574889844593352;1;0.1023127374870863;712484.3200000002;1;1;0.000574889844593352;1;0.10254324295715202;712484.32;1;1;1;0.000574889844593352;1;0.1023127374870863;712484.3200000002;1;1;0.000574889844593352;1
5150;1786618965;0;4894.260536398468;4.580750191570882;51.9095533716475;609.4776370707128;52.30581095785438;58.40335119536734;584.0335119536734;0.0002572373716475117;-3.507262758620705;0.3660600383141808;608734.6473382076;5752159.207470942;5;62066;49.30702760102088;10.76723209653911;363.9593662238385;121.05218428336426;31.14699015456536;647.281735264538;66.75076309743382;30.15714033225558;6.5;88;-1;;50;;;0;288.15;350;213.0701577743782;50;1;;;;;;5.800066960281002;5.800066960281002;0;0;30933.69045483201;0;170.2532751917148;170.2532751917148;12;12;250;83.60718654048904;-1.273231522312292;30.66496873784884;27;0.9;0.71248432;92.0581669406316;3.905876772458813;35.84407703261995;27;0.9;0.71248432;493;0.10273398930821142;712484.32;1;1;1;0.000574889844593352;1;0.10233105278365696;712484.3200000002;1;1;0.000574889844593352;1;0.10273398930821142;712484.32;1;1;1;0.000574889844593352;1;0.10233105278365696;712484.3200000002;1;1;0.000574889844593352;1
5160;1786618975;0;4903.770114942528;4.58768988505747;51.91259643678162;609.8701724416092;52.43375977011496;58.21704592072074;582.1704592072074;0.06485312686225176;-3.485244712643683;0.10831344827586562;609204.594418878;5752508.019760172;5;59422;53.279642774727;6.254129480838404;365.7080725797842;35.9235224978605;60.66344639981016;408.7642858575448;344.8397189826664;57.28108174416968;6.5;1;-1;;50;;;0;288.15;350;158.9098650675072;50;1;;;;;;3.441326445739565;3.441326445739565;0;0;18353.74104394435;0;166.2608670236979;166.2608670236979;12;12;250;89.95833522304738;2.979154840003875;34.91735510016501;27;0.9;0.71248432;98.40931562318994;5.41744182793944;37.35564208810057;27;0.9;0.71248432;493;0.10193838073620726;712484.32;1;1;1;0.000574889844593352;1;0.10231469144834656;712484.3200000002;1;1;0.000574889844593352;1;0.10193838073620726;712484.32;1;1;1;0.000574889844593352;1;0.10231469144834656;712484.3200000002;1;1;0.000574889844593352;1
5170;1786618985;0;4913.210727969348;4.594499616858238;51.91572164750958;610.2391592379312;50.46242885057468;58.51980927038598;585.19809270386;0.01765923477041613;-3.569018659003861;0.2041128735632887;609665.338217055;5752865.816947066;5;59422;53.248557788834;7.302132133157622;365.6990158898061;49.98448929605646;54.88791592244972;433.6018331160446;359.2889713092652;51.31694116850418;6.5;1;-1;;50;;;0;288.15;350;165.4641077719512;50;1;;;;;;3.66735421696118;3.66735421696118;0;0;19559.22249045963;0;166.7732303344065;166.7732303344065;12;12;250;89.21994414111722;2.5933923087758;34.53159256893693;27;0.9;0.71248432;97.67092454125978;5.31756194470265;37.25576220486378;27;0.9;0.71248432;493;0.1020212298759895;712484.32;1;1;1;0.000574889844593352;1;0.10230295298545228;712484.3200000002;1;1;0.000574889844593352;1;0.1020212298759895;712484.32;1;1;1;0.000574889844593352;1;0.10230295298545228;712484.3200000002;1;1;0.000574889844593352;1
5180;1786618995;0;4922.72962962963;4.601278037037038;51.91891807407408;610.0856279735114;50.4404588888889;58.50601413810412;585.060141381041;0.03462908970648515;-3.511269407407404;0.1532050370370191;610123.6887078272;5753231.530157954;5;59422;53.2075384187026;8.348359636794974;365.6877941464654;59.08088605348592;48.80620391149018;468.1208154786568;7.905107277737388;45.35320958166248;6.5;1;-1;;50;;;0;288.15;350;174.1639632341357;50;1;;;;;;3.986783936110325;3.986783936110325;0;0;21262.84765925506;0;167.4385672010834;167.4385672010834;12;12;250;88.23517755529114;2.030606249944373;33.9688065101055;27;0.9;0.71248432;96.68615795543368;5.159731790695346;37.09793205085647;27;0.9;0.71248432;493;0.10213637280717896;712484.32;1;1;1;0.000574889844593352;1;0.10229654605551868;712484.3200000002;1;1;0.000574889844593352;1;0.10213637280717896;712484.32;1;1;1;0.000574889844593352;1;0.10229654605551868;712484.3200000002;1;1;0.000574889844593352;1
5190;1786619005;0;4932.255555555556;4.608051444444446;51.9221168888889;610.0521143022222;50.45068288888888;58.33866071666814;583.3866071666814;0.1311588669486261;-3.504172777777779;0.11560944444443572;610581.6217101934;5753597.54439452;5;59422;53.15661936928438;9.392264690760724;365.6744140266456;65.17238107289846;43.14554630823924;510.3585881124822;13.737226173609458;39.77600811973627;6.5;1;-1;;50;;;0;288.15;350;184.1963100293811;50;1;;;;;;4.386901375575049;4.386901375575049;0;0;23396.80733640027;0;168.1889166889205;168.1889166889205;12;12;250;87.08471062798932;1.305518159404272;33.2437184195654;27;0.9;0.71248432;95.53569102813188;4.933981874915714;36.87218213507684;27;0.9;0.71248432;493;0.10227726285129682;712484.32;1;1;1;0.000574889844593352;1;0.10229583186276974;712484.3200000002;1;1;0.000574889844593352;1;0.10227726285129682;712484.32;1;1;1;0.000574889844593352;1;0.10229583186276974;712484.3200000002;1;1;0.000574889844593352;1
5200;1786619015;0;4941.748148148148;4.614808666666666;51.92530437037038;610.0377337395556;50.4395886666667;58.57431659296;585.7431659296;-0.07332603859689766;-3.50569888888889;0.1306451851852083;611038.4028325194;5753962.31655306;5;59422;53.09584170598962;10.433364109066366;365.6588832108273;69.45501275842592;38.14090032650235;558.5640446838316;18.17213880815795;34.86039439474762;6.5;1;-1;;50;;;0;288.15;350;194.8725294971538;50;1;;;;;;4.857532869598268;4.857532869598268;0;0;25906.84197119077;0;168.9728676688832;168.9728676688832;12;12;250;85.8301281540034;0.4373083269004646;32.3755085870616;27;0.9;0.71248432;94.28110855414596;4.628393067213722;36.56659332737485;27;0.9;0.71248432;493;0.10243805894634518;712484.32;1;1;1;0.000574889844593352;1;0.10230091140146886;712484.3200000002;1;1;0.000574889844593352;1;0.10243805894634518;712484.32;1;1;1;0.000574889844593352;1;0.10230091140146886;712484.3200000002;1;1;0.000574889844593352;1
5210;1786619025;0;4951.249042145592;4.62159681992337;51.92850218390806;610.044206048659;50.41700567049804;58.43259923868602;584.3259923868602;-0.04088085736233854;-3.507669157088115;0.1702082758620426;611497.2183998694;5754328.327872274;5;59422;53.02525495747236;11.471171226810238;365.6412110191032;72.60362886931594;33.80586347189362;611.3191948060562;21.31335047975607;30.61120609128309;6.5;1;-1;;50;;;0;288.15;350;205.6733803809205;50;1;;;;;;5.391991946655134;5.391991946655134;0;0;28757.29038216071;0;169.7567687910861;169.7567687910861;12;12;250;84.51176795474362;-0.553101999928808;31.38509826023232;27;0.9;0.71248432;92.96274835488618;4.230084916236401;36.16828517639753;27;0.9;0.71248432;493;0.1026140311855208;712484.32;1;1;1;0.000574889844593352;1;0.1023117086354017;712484.3200000002;1;1;0.000574889844593352;1;0.1026140311855208;712484.32;1;1;1;0.000574889844593352;1;0.1023117086354017;712484.3200000002;1;1;0.000574889844593352;1
5220;1786619035;0;4960.724137931036;4.628364137931036;51.93169620689656;610.0348039034484;50.44554620689652;58.38884225085276;583.8884225085276;-0.1600157182522335;-3.505179655172412;0.1013889655172417;611954.5438804728;5754693.928774964;5;59422;52.9449154555736;12.505222476843208;365.6214080314594;75.0068496537396;30.07083228453159;667.5437567000698;23.89083627451292;26.91780174601752;0;1;-1;;50;;;0;288.15;350;216.236305487075;50;1;;;;;;5.987184464580994;5.987184464580994;0;0;31931.65047776531;0;170.5210029119742;170.5210029119742;12;12;250;76.65234131592974;-7.524380535634362;24.41381972452677;27;0.9;0.71248432;85.1033217160723;-0.0994857100250978;31.83871455013603;27;0.9;0.71248432;493;0.1028015761366817;712484.32;1;1;1;0.000574889844593352;1;0.10232803755211102;712484.3200000002;1;1;0.000574889844593352;1;0.1028015761366817;712484.32;1;1;1;0.000574889844593352;1;0.10232803755211102;712484.3200000002;1;1;0.000574889844593352;1
5230;1786619045;0;4970.199233716478;4.635129463601534;51.93488574712644;610.0344068574714;50.42764275862074;58.4550414155796;584.550414155796;-0.11573316392694778;-3.508275172413795;0.1452072030651497;612411.6768303094;5755059.07095104;5;60724;51.93281946332004;7.689959318173934;365.4131878507997;88.8600473040083;57.99947470897672;419.0482851601978;35.17809336129614;55.2781703620839;6.5;28;-1;;50;;;0;288.15;350;161.7420175681815;50;1;;;;;;3.537555476318582;3.537555476318582;0;0;18866.96254036577;0;166.4766894981257;166.4766894981257;12;12;250;89.64628371804062;2.819948768612488;34.75814902877362;27;0.9;0.71248432;98.09726411818318;5.377016637159476;37.31521689732061;27;0.9;0.71248432;493;0.10197268446543134;712484.32;1;1;1;0.000574889844593352;1;0.1023165745493149;712484.3200000002;1;1;0.000574889844593352;1;0.10197268446543134;712484.32;1;1;1;0.000574889844593352;1;0.1023165745493149;712484.3200000002;1;1;0.000574889844593352;1
5240;1786619055;0;4979.708812260536;4.641900344827588;51.93808099616858;610.0390641687358;50.44379494252874;58.35628917619342;583.5628917619342;-0.1411361498237611;-3.50903877394636;0.1142024904214583;612869.1105578128;5755424.899518434;5;60724;52.0898602171562;8.677555499533028;365.44968151589;84.92239027232096;50.24967156236266;458.7279171824568;32.30208968435371;47.38427487971692;6.5;28;-1;;50;;;0;288.15;350;171.916612201;50;1;;;;;;3.901991511807989;3.901991511807989;0;0;20810.62139630928;0;167.2625115658965;167.2625115658965;12;12;250;88.4960256147804;2.184985693112056;34.12318595327319;27;0.9;0.71248432;96.94700601492294;5.204497372567906;37.14269763272903;27;0.9;0.71248432;493;0.10210504147096434;712484.32;1;1;1;0.000574889844593352;1;0.10230996414061646;712484.3200000002;1;1;0.000574889844593352;1;0.10210504147096434;712484.32;1;1;1;0.000574889844593352;1;0.10230996414061646;712484.3200000002;1;1;0.000574889844593352;1
5250;1786619065;0;4989.183908045976;4.648670574712642;51.94126252873564;610.033744028414;50.4627973563218;58.48277257027996;584.8277257027996;0.2804259244702465;-3.51149183908046;0.1281071264368238;613326.467239763;5755789.244338778;5;60724;52.23785926525284;9.672184779767934;365.4841737753241;82.54559490959714;43.69998727373305;505.445769894455;30.0676626042504;40.75322486243658;6.5;28;-1;;50;;;0;288.15;350;183.1225908803631;50;1;;;;;;4.342273951677609;4.342273951677609;0;0;23158.79440894725;0;168.104899468023;168.104899468023;12;12;250;87.21335527278428;1.390088440001864;33.328288700163;27;0.9;0.71248432;95.66433567292682;4.961659421681366;36.8998596818425;27;0.9;0.71248432;493;0.10226087545365912;712484.32;1;1;1;0.000574889844593352;1;0.10230847660464804;712484.3200000002;1;1;0.000574889844593352;1;0.10226087545365912;712484.32;1;1;1;0.000574889844593352;1;0.10230847660464804;712484.3200000002;1;1;0.000574889844593352;1
5260;1786619075;0;4998.65900383142;4.655447892720308;51.94445747126438;610.0360805646744;50.45193111111116;58.43815117177208;584.381511717721;0.04653614660689856;-3.515913486590037;0.1560221455938234;613784.2104719768;5756155.134969562;5;60724;52.3767093122159;10.67351143890493;365.5166426227179;80.9667078449138;38.22618976639403;557.4297904470844;29.06850431974695;35.25118869718927;6.5;28;-1;;50;;;0;288.15;350;194.6750353613528;50;1;;;;;;4.848347378089646;4.848347378089646;0;0;25857.85268314478;0;168.9552116385288;168.9552116385288;12;12;250;85.85696967586652;0.4566766415913968;32.39487690175253;27;0.9;0.71248432;94.30795007600906;4.635645718439174;36.57384597860031;27;0.9;0.71248432;493;0.10243427548146312;712484.32;1;1;1;0.000574889844593352;1;0.1023121765716132;712484.3200000002;1;1;0.000574889844593352;1;0.10243427548146312;712484.32;1;1;1;0.000574889844593352;1;0.1023121765716132;712484.3200000002;1;1;0.000574889844593352;1
5270;1786619085;0;5008.134099616856;4.662215210727966;51.94765425287356;610.0370593425288;50.4697048659004;58.42243265081654;584.2243265081654;-0.3676974744995963;-3.512902298850573;0.11766957854409422;614241.194899203;5756521.257167286;5;60724;52.50630653716156;11.681169027358676;365.5470670405903;79.84782472398364;33.64712812554009;613.337464548896;28.60846627985623;30.63690213552153;6.5;28;-1;;50;;;0;288.15;350;206.0981188881804;50;1;;;;;;5.414415052550122;5.414415052550122;0;0;28876.88028026731;0;169.7853980137881;169.7853980137881;12;12;250;84.46071562614666;-0.5929156032541192;31.34528465690701;27;0.9;0.71248432;92.9116960262892;4.2129300903689;36.15113035053003;27;0.9;0.71248432;493;0.10262076340872716;712484.32;1;1;1;0.000574889844593352;1;0.10232099333838788;712484.3200000002;1;1;0.000574889844593352;1;0.10262076340872716;712484.32;1;1;1;0.000574889844593352;1;0.10232099333838788;712484.3200000002;1;1;0.000574889844593352;1
5280;1786619095;0;5017.6091954023;4.668992528735632;51.95084103448276;610.0326664027588;50.4600064367816;58.44312830079192;584.4312830079192;-0.05708722934473502;-3.515378735632184;0.1329879310344719;614698.8250253296;5756886.326028644;5;60409;52.86643113040968;5.555199515334522;365.5881236290643;30.26878138273472;70.73045862398234;379.2834128382116;342.5029454961069;67.35908335487344;6.5;22;-1;;50;;;0;288.15;350;150.8326123585363;50;1;;;;;;3.178045146315817;3.178045146315817;0;0;16949.57411368435;0;165.6106851460953;165.6106851460953;12;12;250;90.87179840007374;3.413017904646774;35.35121816480791;27;0.9;0.71248432;99.3227788002163;5.522104883611576;37.4603051437727;27;0.9;0.71248432;493;0.1018400431288638;712484.32;1;1;1;0.000574889844593352;1;0.10230763361034554;712484.3200000002;1;1;0.000574889844593352;1;0.1018400431288638;712484.32;1;1;1;0.000574889844593352;1;0.10230763361034554;712484.3200000002;1;1;0.000574889844593352;1
5290;1786619105;0;5027.153256704982;4.675768812260536;51.9540321072797;610.0418661561382;50.43444287356322;58.52133509622226;585.2133509622226;-0.04196147315698146;-3.517725977011494;0.1698898467432919;615156.3063492456;5757251.91318792;5;60409;52.76798888976648;6.580994681771856;365.566461105509;54.33626306314284;64.89672592821428;394.349762295721;3.182184688572588;61.3962648859339;6.5;22;-1;;50;;;0;288.15;350;155.0317253257244;50;1;;;;;;3.312923671843445;3.312923671843445;0;0;17668.92624983171;0;165.949039810439;165.949039810439;12;12;250;90.39856521020246;3.194227531467377;35.13242779162851;27;0.9;0.71248432;98.84954561034502;5.47031650448009;37.40851676464122;27;0.9;0.71248432;493;0.10189029906111114;712484.32;1;1;1;0.000574889844593352;1;0.10229635429820408;712484.3200000002;1;1;0.000574889844593352;1;0.10189029906111114;712484.32;1;1;1;0.000574889844593352;1;0.10229635429820408;712484.3200000002;1;1;0.000574889844593352;1
5300;1786619115;0;5036.69731800766;4.682555095785438;51.95722708812262;610.033321591571;50.46366509578554;58.43497117262212;584.3497117262212;-0.005018519952411246;-3.515484942528741;0.10516298850574458;615614.3977431148;5757617.994428942;5;60409;52.65999669250914;7.601755266831342;365.5427085123229;67.4037530369543;57.53540956090662;421.1879164323487;15.356600301274484;54.1874945038061;6.5;22;-1;;50;;;0;288.15;350;162.2681090095901;50;1;;;;;;3.555667891061904;3.555667891061904;0;0;18963.56208566349;0;166.5209262049743;166.5209262049743;12;12;250;89.5839345964487;2.787467501487064;34.72566776164819;27;0.9;0.71248432;98.03491499659126;5.368632709512076;37.3068329696732;27;0.9;0.71248432;493;0.10197982150712486;712484.32;1;1;1;0.000574889844593352;1;0.10228802448791252;712484.3200000002;1;1;0.000574889844593352;1;0.10197982150712486;712484.32;1;1;1;0.000574889844593352;1;0.10228802448791252;712484.3200000002;1;1;0.000574889844593352;1
5310;1786619125;0;5046.172413793108;4.689332413793106;51.96041689655172;610.032774448276;50.4426551724139;58.51228151084104;585.1228151084104;-0.07368331077377922;-3.51811310344828;0.1471500000000313;616071.8195074412;5757983.528488456;5;60409;52.54253757084108;8.617070430716534;365.5168816666674;74.87434842968572;50.4278873021505;457.7301953516064;22.74208004575072;47.26298555778412;6.5;22;-1;;50;;;0;288.15;350;171.6473393538958;50;1;;;;;;3.891942036053272;3.891942036053272;0;0;20757.02419228411;0;167.2435993973698;167.2435993973698;12;12;250;88.52498725906182;2.201892321671882;34.14009258183301;27;0.9;0.71248432;96.97596765920438;5.209331373832146;37.14753163399328;27;0.9;0.71248432;493;0.10210171342916668;712484.32;1;1;1;0.000574889844593352;1;0.102283247281278;712484.3200000002;1;1;0.000574889844593352;1;0.10210171342916668;712484.32;1;1;1;0.000574889844593352;1;0.102283247281278;712484.3200000002;1;1;0.000574889844593352;1
5320;1786619135;0;5055.716475095786;4.696115862068966;51.96361360153256;610.0377050971036;50.45952896551722;58.44385839611222;584.4385839611222;-0.10006197476637798;-3.51902816091954;0.1154990421455978;616529.5775809428;5758349.88252808;5;60409;52.4157006365143;9.62654548423234;365.48899776091;79.57052010088448;44.13845516386672;501.8573986329866;27.58073962697042;41.09718565297063;6.5;22;-1;;50;;;0;288.15;350;182.2880674976115;50;1;;;;;;4.307902295988158;4.307902295988158;0;0;22975.47891193685;0;168.0430147652291;168.0430147652291;12;12;250;87.30961163126764;1.452803348974793;33.39100360913592;27;0.9;0.71248432;95.7605920314102;4.981950823804404;36.92015108396553;27;0.9;0.71248432;493;0.10224890593552846;712484.32;1;1;1;0.000574889844593352;1;0.10228238874763426;712484.3200000002;1;1;0.000574889844593352;1;0.10224890593552846;712484.32;1;1;1;0.000574889844593352;1;0.10228238874763426;712484.3200000002;1;1;0.000574889844593352;1
5330;1786619145;0;5065.191570881226;4.70289601532567;51.96680321839082;610.0325126858238;50.47935291187738;58.35291990082456;583.5291990082456;-0.0903799300465037;-3.521466168582376;0.1283437164751053;616987.0607079266;5758715.486380478;5;60409;52.2795824636143;10.62979066174983;365.4590757274427;82.76341285509378;38.74985377686545;551.7487015440332;30.88859146373069;35.81829976009417;6.5;22;-1;;50;;;0;288.15;350;193.4746970392476;50;1;;;;;;4.79293343806268;4.79293343806268;0;0;25562.31166966762;0;168.8662345386244;168.8662345386244;12;12;250;86.00136071579784;0.5602914528473636;32.49849171300849;27;0.9;0.71248432;94.45234111594038;4.67410238902645;36.61230264918758;27;0.9;0.71248432;493;0.10241532540866626;712484.32;1;1;1;0.000574889844593352;1;0.1022856311052204;712484.3200000002;1;1;0.000574889844593352;1;0.10241532540866626;712484.32;1;1;1;0.000574889844593352;1;0.1022856311052204;712484.3200000002;1;1;0.000574889844593352;1
5340;1786619155;0;5074.632183908046;4.709665172413792;51.96998862068966;610.035437840552;50.4679972413793;58.411051500361;584.11051500361;0.07242235932260574;-3.526372068965518;0.1567324137931342;617443.7325584574;5759080.646706056;5;60409;52.13428309036166;11.626450231645316;365.4271354229941;85.06753400659712;34.17725873307141;605.9780581990124;33.18382145902321;31.33557565545526;6.5;22;-1;;50;;;0;288.15;350;204.6878705515275;50;1;;;;;;5.340405862586094;5.340405862586094;0;0;28482.16460045917;0;169.6805461253164;169.6805461253164;12;12;250;84.63957670458246;-0.4538840411961084;31.48431621896502;27;0.9;0.71248432;93.090557104725;4.272446858255927;36.21064711841706;27;0.9;0.71248432;493;0.10259621507152422;712484.32;1;1;1;0.000574889844593352;1;0.10229302596156098;712484.3200000002;1;1;0.000574889844593352;1;0.10259621507152422;712484.32;1;1;1;0.000574889844593352;1;0.10229302596156098;712484.3200000002;1;1;0.000574889844593352;1
5350;1786619165;0;5084.141762452106;4.716442068965514;51.9731767816092;610.0362780237548;50.48307137931036;58.42740837971846;584.2740837971846;-0.164745535681278;-3.522889003831415;0.12190632183910412;617900.862075292;5759446.16913448;5;60409;51.97991005462618;12.616170839243524;365.3931985805957;86.80762600843236;30.29291281958034;663.475989144884;35.29791475582661;27.50996350455737;0;22;-1;;50;;;0;288.15;350;215.5747499729662;50;1;;;;;;5.94741506660223;5.94741506660223;0;0;31719.54702187856;0;170.46791235465;170.46791235465;12;12;250;76.7452012712327;-7.43568767451189;24.50251258564924;27;0.9;0.71248432;85.19618167137526;-0.02960742448793269;31.9085928356732;27;0.9;0.71248432;493;0.10278800752464146;712484.32;1;1;1;0.000574889844593352;1;0.10230453716070238;712484.3200000002;1;1;0.000574889844593352;1;0.10278800752464146;712484.32;1;1;1;0.000574889844593352;1;0.10230453716070238;712484.3200000002;1;1;0.000574889844593352;1
5360;1786619175;0;5093.651340996172;4.723222452107282;51.97636494252874;610.0316153547892;50.47492398467426;58.52071634430096;585.2071634430096;-0.0009814858617480798;-3.525525440613025;0.1348913026819414;618358.1640947718;5759811.740257962;5;60908;47.47800152811512;4.441570526838684;364.3955937595574;182.432020498495;32.52476186338084;627.1930724089432;130.2467568831628;34.94475548966055;6.5;41;-1;;50;;;0;288.15;350;209.1620556239923;50;1;;;;;;5.57969235678932;5.57969235678932;0;0;29758.3592362097;0;169.9794331978691;169.9794331978691;12;12;250;84.10140313782648;-0.8759947287815812;31.06220553137955;27;0.9;0.71248432;92.55238353796904;4.088369037302984;36.02656929746412;27;0.9;0.71248432;493;0.10266698074171974;712484.32;1;1;1;0.000574889844593352;1;0.10231277451481642;712484.3200000002;1;1;0.000574889844593352;1;0.10266698074171974;712484.32;1;1;1;0.000574889844593352;1;0.10231277451481642;712484.3200000002;1;1;0.000574889844593352;1
5370;1786619185;0;5103.126436781604;4.73000977011494;51.97956172413792;610.0411384413794;50.45062643678154;58.52721388077168;585.2721388077168;-0.09310782326390924;-3.528050344827572;0.170978620689617;618815.852707609;5760178.324348738;5;60908;47.78040644866958;5.259141050214386;364.4611008676466;175.142092376575;34.47597249553821;600.4058404992268;122.7629326749612;36.58010506789988;6.5;41;-1;;50;;;0;288.15;350;203.9035831899108;50;1;;;;;;5.299786089292824;5.299786089292824;0;0;28265.52580956173;0;169.6003063074067;169.6003063074067;12;12;250;84.76043629578534;-0.3606662859699025;31.57753397419123;27;0.9;0.71248432;93.21141669592788;4.311742504943014;36.24994276510415;27;0.9;0.71248432;537;0.0749983320931122;712484.32;1;1;1;0.02299559378373408;1;0.0749983320931122;712484.32;1;1;0.02299559378373408;1;0.0749983320931122;712484.32;1;1;1;0.02299559378373408;1;0.0749983320931122;712484.32;1;1;0.02299559378373408;1
5380;1786619195;0;5112.63601532567;4.736801570881226;51.98275624521074;610.0320612126438;50.48230632183912;58.32988968728434;583.2988968728434;-0.08126266332328532;-3.525823333333336;0.10555425287355888;619273.787889278;5760544.707611376;5;60908;48.076295389605;6.086609368212768;364.5252541213022;166.9328222174935;36.00708993774232;581.2522382925048;114.18354065508998;37.61317939828813;6.5;41;-1;;50;;;0;288.15;350;199.9991565801239;50;1;;;;;;5.103035753943058;5.103035753943058;0;0;27216.19068769631;0;169.3187009085797;169.3187009085797;12;12;250;85.23879202996214;0.00233321192458836;31.94053347208572;27;0.9;0.71248432;93.68977243010468;4.460139123420791;36.39833938358192;27;0.9;0.71248432;538;0.10251373861407276;712484.32;1;1;1;0.000574889844593352;1;0.10251373861407276;712484.32;1;1;0.000574889844593352;1;0.10251373861407276;712484.32;1;1;1;0.000574889844593352;1;0.10251373861407276;712484.32;1;1;0.000574889844593352;1
5390;1786619205;0;5122.145593869732;4.74357337164751;51.98593804597702;610.0318932677702;50.45946984674328;58.42460913899252;584.2460913899252;-0.2138871723514208;-3.528664521072797;0.1513711877394594;619730.3166246556;5760909.686443244;5;60908;48.36552782015102;6.923974369586706;364.5880091442832;158.0146964205781;36.92612507487188;570.5034621974352;105.209449465742;38.07339842193876;6.5;41;-1;;50;;;0;288.15;350;197.7469281110715;50;1;;;;;;4.99346859325922;4.99346859325922;0;0;26631.83249738251;0;169.1565738298812;169.1565738298812;12;12;250;85.51048626934446;0.2041286616471397;32.14232892180827;27;0.9;0.71248432;93.961466669487;4.539481332185868;36.477681592347;27;0.9;0.71248432;538;0.10247788455634636;712484.32;1;1;1;0.000574889844593352;1;0.10249581158520956;712484.32;1;1;0.000574889844593352;1;0.10247788455634636;712484.32;1;1;1;0.000574889844593352;1;0.10249581158520956;712484.32;1;1;0.000574889844593352;1
5400;1786619215;0;5131.655172413794;4.750355172413794;51.98912620689656;610.036647448276;50.47564620689656;58.59155644828386;585.9155644828386;-0.0947604333793352;-3.529146896551725;0.11825379310344746;620187.4481137596;5761275.431916406;5;60908;48.6479624284169;7.771221579806078;364.6493225795894;148.7651309166639;37.09730250721298;568.638972293916;95.72271011575028;37.64830727887229;6.5;41;-1;;50;;;0;288.15;350;197.3348738244996;50;1;;;;;;4.97371856669224;4.97371856669224;0;0;26526.49902235861;0;169.1281405672715;169.1281405672715;12;12;250;85.5586695585212;0.23957446623923;32.17777472640036;27;0.9;0.71248432;94.00964995866374;4.553187502036818;36.49138776219795;27;0.9;0.71248432;538;0.10247166528746962;712484.32;1;1;1;0.000574889844593352;1;0.10248776281929624;712484.32;1;1;0.000574889844593352;1;0.10247166528746962;712484.32;1;1;1;0.000574889844593352;1;0.10248776281929624;712484.32;1;1;0.000574889844593352;1
5410;1786619225;0;5141.192592592594;4.757156740740742;51.99232355555556;610.0313592850076;50.49529792592598;58.24926733056074;582.4926733056072;0.03840515269389401;-3.531707703703704;0.1305041481481154;620645.8451458948;5761642.275006254;5;60908;48.923454039108;8.628312054910206;364.7091513983669;139.6531418007053;36.49415814012902;575.74480527326;86.50806604220552;36.4897960945785;6.5;41;-1;;50;;;0;288.15;350;198.7971015816158;50;1;;;;;;5.044214026812916;5.044214026812916;0;0;26902.47480966889;0;169.236008706431;169.236008706431;12;12;250;85.38030595924096;0.107845186651112;32.04604544681225;27;0.9;0.71248432;93.83128635938352;4.501903492926793;36.44010375308793;27;0.9;0.71248432;538;0.10249536779495346;712484.32;1;1;1;0.000574889844593352;1;0.10248966406321056;712484.32;1;1;0.000574889844593352;1;0.10249536779495346;712484.32;1;1;1;0.000574889844593352;1;0.10248966406321056;712484.32;1;1;0.000574889844593352;1
5420;1786619235;0;5150.685185185186;4.76390962962963;51.99550981481482;610.1503734791854;49.96468833333312;57.9167613541995;579.167613541995;0.6632710202670224;-3.614543518518504;-12.570218333336602;621100.8628768444;5762007.84703878;5;60908;49.19186065337746;9.495202145267716;364.7674544032234;131.1077644710285;35.21059893137044;591.4979686350218;79.34274565095728;22.20739265100622;0;41;-1;;50;;;0;288.15;350;202.0062516472206;50;1;;;;;;5.203062821507286;5.203062821507286;0;0;27749.6683813722;0;169.4704732924575;169.4704732924575;12;12;250;78.4869925785201;-5.789971525001144;26.14822873515998;27;0.9;0.71248432;86.93797297866266;1.208011249704483;33.14621150986561;27;0.9;0.71248432;538;0.10254791469178622;712484.32;1;1;1;0.000574889844593352;1;0.1025013141889257;712484.32;1;1;0.000574889844593352;1;0.10254791469178622;712484.32;1;1;1;0.000574889844593352;1;0.1025013141889257;712484.32;1;1;0.000574889844593352;1
5430;1786619245;0;5160.21111111111;4.768939666666666;51.99969766666666;610.97522382;22.28397788889532;58.11581465177142;581.1581465177142;0.982134361771886;-3.474315777777857;-17.21671066666668;621434.8387158534;5762481.96935592;5;60908;49.45304014756528;10.371832775519822;364.8241914830278;123.4161578277561;33.41264125616645;615.3661900853656;96.80941273446508;16.87818721027098;0;41;-1;;50;;;0;288.15;350;206.729431411152;50;1;;;;;;5.447959164555856;5.447959164555856;0;0;29055.78221096456;0;169.8140807674564;169.8140807674564;12;12;250;77.89848876047266;-6.341874767635724;25.59632549252541;27;0.9;0.71248432;86.3494691606152;0.8060382550417518;32.74423851520288;27;0.9;0.71248432;538;0.10262753050870694;712484.32;1;1;1;0.000574889844593352;1;0.10252235024222258;712484.32;1;1;0.000574889844593352;1;0.10262753050870694;712484.32;1;1;1;0.000574889844593352;1;0.10252235024222258;712484.32;1;1;0.000574889844593352;1
5440;1786619255;0;5169.693486590038;4.770505478927204;52.00483448275862;611.7124717299622;2.836263256705206;58.53881812651;585.3881812651;0.011882278130194486;-3.908226858237543;-0.4847321455944858;621528.4055229908;5763055.851840536;5;60908;49.70684749979454;11.258118038818084;364.8793229774629;116.689930515101;31.29467553830853;646.5549859261908;111.47001481330746;32.35355543482003;6.5;41;-1;;50;;;0;288.15;350;212.6434423560987;50;1;;;;;;5.775453761785892;5.775453761785892;0;0;30802.42006285809;0;170.2435174454584;170.2435174454584;12;12;250;83.64155748524058;-1.245321059756842;30.69287920040429;27;0.9;0.71248432;92.09253788538314;3.918993960429376;35.85719422059051;27;0.9;0.71248432;538;0.10273156513335658;712484.32;1;1;1;0.000574889844593352;1;0.10255223808381316;712484.3200000002;1;1;0.000574889844593352;1;0.10273156513335658;712484.32;1;1;1;0.000574889844593352;1;0.10255223808381316;712484.3200000002;1;1;0.000574889844593352;1
5450;1786619265;0;5179.237547892722;4.771219003831418;52.010080651341;610.444373632567;2.457672911877402;58.41708352308252;584.1708352308252;-0.10647645238054492;-3.584144214559381;0.1777961302681646;621563.16005301;5763640.472345444;5;62229;53.19121975897432;4.108654681799955;365.3092147597099;341.4073606878985;67.66070390975106;386.3111119062692;341.4037167175242;64.22688916576638;6.5;103;-1;;50;;;0;288.15;350;152.8842238514895;50;1;;;;;;3.243421185202441;3.243421185202441;0;0;17298.24632107969;0;165.7701521514569;165.7701521514569;12;12;250;90.64695535582562;3.310664021390425;35.24886428155156;27;0.9;0.71248432;99.09793575596816;5.498125214165398;37.43632547432653;27;0.9;0.71248432;538;0.10186348500967342;712484.32;1;1;1;0.000574889844593352;1;0.10246614394954568;712484.3200000002;1;1;0.000574889844593352;1;0.10186348500967342;712484.32;1;1;1;0.000574889844593352;1;0.10246614394954568;712484.3200000002;1;1;0.000574889844593352;1
5460;1786619275;0;5188.71264367816;4.77147;52.015331954023;610.6939288551728;357.5339382758621;58.49215412619994;584.9215412619994;-0.0605738916720642;-3.696789425287461;0.2298408045978048;621566.1498489394;5764224.890818486;5;62229;53.23529407886216;5.154268448682826;365.3190342174885;10.656901672919352;67.7606657559307;386.0621244090882;10.951915647357076;64.19284088708652;6.5;103;-1;;50;;;0;288.15;350;152.8119851259325;50;1;;;;;;3.241102453412626;3.241102453412626;0;0;17285.87975153401;0;165.7645520661742;165.7645520661742;12;12;250;90.65487417289804;3.314317932585403;35.25251819274653;27;0.9;0.71248432;99.1058545730406;5.498988722550664;37.43718898271179;27;0.9;0.71248432;538;0.1018626544767813;712484.32;1;1;1;0.000574889844593352;1;0.10239908956368298;712484.3200000002;1;1;0.000574889844593352;1;0.1018626544767813;712484.32;1;1;1;0.000574889844593352;1;0.10239908956368298;712484.3200000002;1;1;0.000574889844593352;1
5470;1786619285;0;5198.222222222222;4.77143;52.02059222222222;610.1894947271112;357.4665688888889;58.6148504851582;586.148504851582;-0.1669194402588305;-3.547931111111114;0.1641622222222235;621549.1446544424;5764809.820315258;5;62229;53.2694435457128;6.20185935902869;365.3266854727481;34.29448664763504;63.33704402728854;398.9858099142189;32.93309175972675;60.5214087179143;6.5;103;-1;;50;;;0;288.15;350;156.3751448933598;50;1;;;;;;3.356974999849893;3.356974999849893;0;0;17903.8666658661;0;166.0505571450149;166.0505571450149;12;12;250;90.25299654762008;3.124344129229576;35.0625443893907;27;0.9;0.71248432;98.70397694776264;5.45335223106929;37.39155249123042;27;0.9;0.71248432;538;0.10190576325140274;712484.32;1;1;1;0.000574889844593352;1;0.10234975693245496;712484.3200000002;1;1;0.000574889844593352;1;0.10190576325140274;712484.32;1;1;1;0.000574889844593352;1;0.10234975693245496;712484.3200000002;1;1;0.000574889844593352;1
5480;1786619295;0;5207.697318007666;4.77139;52.02586352490422;610.0809092446898;357.4778769348659;58.51515941987802;585.1515941987802;-0.0640446976913262;-3.539645172413792;0.1264446360153352;621532.109202253;5765395.976992966;5;62229;53.29364040939326;7.250932321055294;365.3321635316279;48.95576780639842;56.8680662379054;423.8799644500926;47.46732338913;54.66376838492996;6.5;103;-1;;50;;;0;288.15;350;163.0421969015716;50;1;;;;;;3.582456494246274;3.582456494246274;0;0;19106.43463598013;0;166.5762659276371;166.5762659276371;12;12;250;89.5018062706015;2.744341314359483;34.68254157452062;27;0.9;0.71248432;97.95278667074404;5.357429116154058;37.29562937631519;27;0.9;0.71248432;538;0.10198880121273756;712484.32;1;1;1;0.000574889844593352;1;0.10231694277611702;712484.3200000002;1;1;0.000574889844593352;1;0.10198880121273756;712484.32;1;1;1;0.000574889844593352;1;0.10231694277611702;712484.3200000002;1;1;0.000574889844593352;1
5490;1786619305;0;5217.206896551726;4.77135;52.03112586206896;610.0436687718624;357.494931724138;58.6224903142982;586.224903142982;-0.1257772446510284;-3.54070275862069;0.1372179310344493;621515.0976525176;5765981.13710345;5;62229;53.30786484276882;8.30098738649513;365.3354648230725;57.84820814291772;50.21371414565918;458.7986853934922;56.8756255288475;48.48896343581294;6.5;103;-1;;50;;;0;288.15;350;171.9711571620519;50;1;;;;;;3.904030008316581;3.904030008316581;0;0;20821.49337768843;0;167.2638514395752;167.2638514395752;12;12;250;88.49264724459312;2.183010482466235;34.12121074262736;27;0.9;0.71248432;96.94362764473568;5.203931736587;37.14213199674813;27;0.9;0.71248432;538;0.10210527752830718;712484.32;1;1;1;0.000574889844593352;1;0.10229930400546618;712484.3200000002;1;1;0.000574889844593352;1;0.10210527752830718;712484.32;1;1;1;0.000574889844593352;1;0.10229930400546618;712484.3200000002;1;1;0.000574889844593352;1
5500;1786619315;0;5226.692592592592;4.77131;52.03639785185186;610.0382794948446;357.4848259259259;58.48595138519384;584.8595138519384;0.08523237222862766;-3.546285185185186;0.1635088888889237;621498.0595343194;5766567.371607662;5;62229;53.31210503045332;9.351508697290826;365.3365872002069;63.5694871545153;44.13800604734189;501.6486718452214;62.90574469571194;42.75523835125345;6.5;103;-1;;50;;;0;288.15;350;182.288915747744;50;1;;;;;;4.307937095261048;4.307937095261048;0;0;22975.66450805892;0;168.0394014779307;168.0394014779307;12;12;250;87.31319011929318;1.45512552929633;33.39332578945746;27;0.9;0.71248432;95.76417051943574;4.982698362916748;36.92089862307788;27;0.9;0.71248432;538;0.10224820969790742;712484.32;1;1;1;0.000574889844593352;1;0.1022953736741155;712484.3200000002;1;1;0.000574889844593352;1;0.10224820969790742;712484.32;1;1;1;0.000574889844593352;1;0.1022953736741155;712484.3200000002;1;1;0.000574889844593352;1
5510;1786619325;0;5236.191570881226;4.77121275862069;52.0416572796935;610.1968144256706;355.683505134101;57.9934529833085;579.934529833085;1.0036045110908018;-3.600407624521076;-17.17317517241303;621477.1295466166;5767152.113643166;5;62229;53.30635755971452;10.401991510623754;365.3355300211715;67.49374125202724;38.84298526208166;550.5806327722248;71.52677054731366;21.43801353855838;0;103;-1;;50;;;0;288.15;350;193.2634155381939;50;1;;;;;;4.783252332933354;4.783252332933354;0;0;25510.67910897789;0;168.8478267544476;168.8478267544476;12;12;250;79.52944960510392;-4.824845507844192;27.11335475231694;27;0.9;0.71248432;87.98043000524646;1.876205424059005;33.81440568422014;27;0.9;0.71248432;538;0.10241142915063628;712484.32;1;1;1;0.000574889844593352;1;0.10230366335100984;712484.3200000002;1;1;0.000574889844593352;1;0.10241142915063628;712484.32;1;1;1;0.000574889844593352;1;0.10230366335100984;712484.3200000002;1;1;0.000574889844593352;1
5520;1786619335;0;5245.701149425288;4.76845643678161;52.04658954022988;611.0113263885058;326.681629655176;57.6603617380338;576.6036173803378;1.07380125656653;-3.460511379310384;-17.21293471264368;621274.7506507096;5767696.028839082;5;62229;53.29062708218306;11.451931210682438;365.3322940701328;70.33433690491374;34.29435980327213;604.2640424166142;98.80521995082166;17.99844366847301;0;103;-1;;50;;;0;288.15;350;204.3795301191705;50;1;;;;;;5.324390958721414;5.324390958721414;0;0;28396.75177984754;0;169.6559431770796;169.6559431770796;12;12;250;78.18019455668392;-6.077109323703036;25.86109093645809;27;0.9;0.71248432;86.63117495682648;1.0006081846549954;32.93880844481613;27;0.9;0.71248432;538;0.10259049773028812;712484.32;1;1;1;0.000574889844593352;1;0.10232278564296172;712484.3200000002;1;1;0.000574889844593352;1;0.10259049773028812;712484.32;1;1;1;0.000574889844593352;1;0.10232278564296172;712484.3200000002;1;1;0.000574889844593352;1
5530;1786619345;0;5255.203703703706;4.762237037037036;52.05009092592594;611.3302446833334;298.2229718518458;57.72876261257474;577.2876261257474;1.101632388521028;-3.469896111111124;-17.22953277777776;620838.8311788866;5768075.057467226;5;62229;53.26492666527016;12.500812322167434;365.326881635373;72.46588077803882;30.39529232158229;661.6764999298398;126.24511570006726;19.27154361693122;0;103;-1;;50;;;0;288.15;350;215.2712035899335;50;1;;;;;;5.92928855671707;5.92928855671707;0;0;31622.87230249103;0;170.4443223535549;170.4443223535549;12;12;250;76.78691778221298;-7.395871067752058;24.54232919240907;27;0.9;0.71248432;85.23789818235554;0.001663992034647535;31.93986425219578;27;0.9;0.71248432;538;0.10278200507472312;712484.32;1;1;1;0.000574889844593352;1;0.1023514868574468;712484.3200000002;1;1;0.000574889844593352;1;0.10278200507472312;712484.32;1;1;1;0.000574889844593352;1;0.1023514868574468;712484.3200000002;1;1;0.000574889844593352;1
5540;1786619355;0;5264.685823754788;4.75404961685824;52.05135685823756;611.7001783563212;270.4898437164811;58.29528949122676;582.9528949122676;0.5578823266432362;-3.385956743294988;-8.984367471275038;620274.0523019104;5768202.255325314;5;62062;50.29783332723716;5.399278418949344;364.8132825197563;166.7261046491429;59.20315127200832;413.3902214006576;257.9606637915188;68.72147885806462;6.5;84;-1;;50;;;0;288.15;350;160.4232428992408;50;1;;;;;;3.492481614813348;3.492481614813348;0;0;18626.56861233786;0;166.3586121294468;166.3586121294468;12;12;250;89.80943494822476;2.903886059423549;34.84208631958468;27;0.9;0.71248432;98.2604153483673;5.398467545809194;37.33666780597032;27;0.9;0.71248432;538;0.1019538111962461;712484.32;1;1;1;0.000574889844593352;1;0.10232809417149382;712484.3200000002;1;1;0.000574889844593352;1;0.1019538111962461;712484.32;1;1;1;0.000574889844593352;1;0.10232809417149382;712484.3200000002;1;1;0.000574889844593352;1
5550;1786619365;0;5274.16091954023;4.745525172413794;52.0512867816092;610.8188055471264;266.486575862069;58.49417500041514;584.9417500041512;0.2372306110814098;-3.617184712643671;0.01901298850571374;619689.7679636392;5768180.382151374;6;62062;50.06270002025924;6.308866617944228;364.7638333399009;153.0364497066632;53.55345886137268;439.2290304819955;250.9976513554847;54.8538026821908;6.5;84;-1;;50;;;0;288.15;350;167.2053680103478;50;1;;;;;;3.729434499569841;3.729434499569841;0;0;19890.31733103916;0;166.8852288773905;166.8852288773905;12;12;250;89.04586531552454;2.497897383657619;34.43609764381875;27;0.9;0.71248432;97.4968457156671;5.291810919495294;37.23001117965642;27;0.9;0.71248432;555;0.07446070412510898;712484.32;1;1;1;0.02299559378373408;1;0.07446070412510898;712484.32;1;1;0.02299559378373408;1;0.07446070412510898;712484.32;1;1;1;0.02299559378373408;1;0.07446070412510898;712484.32;1;1;0.02299559378373408;1
5560;1786619375;0;5283.67049808429;4.736973256704982;52.05116329501916;610.2355170318008;266.4570085823755;58.41021637352074;584.1021637352074;-0.11759229480886276;-3.565543946360158;0.1420308045976878;619103.7396437568;5768152.592801156;6;62062;49.81984804955986;7.209057549463718;364.7126822640894;144.0435912570371;47.60707471168434;474.8799234595754;241.2575791758278;49.2966688592797;6.5;84;-1;;50;;;0;288.15;350;176.1230700421536;50;1;;;;;;4.062076128310587;4.062076128310587;0;0;21664.40601765646;0;167.5630843281158;167.5630843281158;12;12;250;88.03536823605854;1.909804479938867;33.8480047401;27;0.9;0.71248432;96.48634863620108;5.123909812035448;37.06211007219658;27;0.9;0.71248432;555;0.0745796227036997;712484.32;1;1;1;0.02299559378373408;1;0.07452016341440434;712484.32;1;1;0.02299559378373408;1;0.0745796227036997;712484.32;1;1;1;0.02299559378373408;1;0.07452016341440434;712484.32;1;1;0.02299559378373408;1
5570;1786619385;0;5293.174074074072;4.728433333333336;52.05104825925926;610.0769181348148;266.4768527037037;58.36290228182794;583.6290228182794;-0.003377668196303968;-3.551396851851854;0.1471092222222646;618518.5073330402;5768125.831820448;6;62062;49.56941667203056;8.099737241974726;364.6598650100205;137.9670647736214;42.06872218855967;518.3209528729152;234.2300177100184;44.09661945831802;6.5;84;-1;;50;;;0;288.15;350;186.341695728974;50;1;;;;;;4.477468434874248;4.477468434874248;0;0;23879.83165266266;0;168.323383449596;168.323383449596;12;12;250;86.85967680801468;1.155533101939011;33.09373336210014;27;0.9;0.71248432;95.31065720815724;4.883999642226656;36.82219990238779;27;0.9;0.71248432;555;0.07472452638040706;712484.32;1;1;1;0.02299559378373408;1;0.0745882844030719;712484.32;1;1;0.02299559378373408;1;0.07472452638040706;712484.32;1;1;1;0.02299559378373408;1;0.0745882844030719;712484.32;1;1;0.02299559378373408;1
5580;1786619395;0;5302.655172413792;4.719900344827588;52.05093344827586;610.0410334027588;266.4622075862069;58.44962080693266;584.4962080693266;0.2241719755062802;-3.554766206896553;0.1719441379310691;617933.746267345;5768099.176240592;6;62062;49.31155002840206;8.980794996810606;364.6054193159426;133.6783501370235;37.16964349231867;567.761444019583;229.1773781255731;39.41727088391036;6.5;84;-1;;50;;;0;288.15;350;197.1614329635134;50;1;;;;;;4.965432218886708;4.965432218886708;0;0;26482.30516739578;0;169.1147260785917;169.1147260785917;12;12;250;85.58037039500644;0.2555045715119985;32.19370483167313;27;0.9;0.71248432;94.031350795149;4.559325015914598;36.49752527607573;27;0.9;0.71248432;555;0.07488944210736198;712484.32;1;1;1;0.02299559378373408;1;0.07466357382914442;712484.32;1;1;0.02299559378373408;1;0.07488944210736198;712484.32;1;1;1;0.02299559378373408;1;0.07466357382914442;712484.32;1;1;0.02299559378373408;1
5590;1786619405;0;5312.159259259254;4.711355074074078;52.0508084074074;610.0319451777776;266.4760200740741;58.3969166361425;583.969166361425;-0.2818846278571082;-3.552518296296294;0.1300266666667084;617348.166239413;5768071.431310602;6;62062;49.04638988109188;9.852148005696646;364.5493834497984;130.5243411874029;32.92376659901535;621.7668331637582;226.1060327081821;35.33463754839339;6.5;84;-1;;50;;;0;288.15;350;208.060577635191;50;1;;;;;;5.519548859643352;5.519548859643352;0;0;29437.59391809787;0;169.9039591789306;169.9039591789306;12;12;250;84.23702065391092;-0.7685678270805618;31.16963243308057;27;0.9;0.71248432;92.68800105405348;4.136174684682833;36.07437494484396;27;0.9;0.71248432;555;0.07506958469501898;712484.32;1;1;1;0.02299559378373408;1;0.07474477600231932;712484.32;1;1;0.02299559378373408;1;0.07506958469501898;712484.32;1;1;1;0.02299559378373408;1;0.07474477600231932;712484.32;1;1;0.02299559378373408;1
5600;1786619415;0;5321.61851851852;4.702817148148148;52.05069381481482;610.0244862862962;266.4620720370371;58.39748519716446;583.9748519716446;0.214660245528242;-3.555817037037038;0.1453901481481528;616763.058653063;5768044.92940159;6;59423;53.22316653939362;6.226027980412708;365.6925230679526;37.71444106384447;63.78277042944814;397.9485054418965;125.24913147255806;66.09664888687006;6.5;2;-1;;50;;;0;288.15;350;155.9812762008454;50;1;;;;;;3.344013508046909;3.344013508046909;0;0;17834.73870958351;0;166.0279457024348;166.0279457024348;12;12;250;90.28856948200316;3.141534143715924;35.07973440387706;27;0.9;0.71248432;98.73954988214572;5.457544309338742;37.39574456949987;27;0.9;0.71248432;555;0.0743230071152659;712484.32;1;1;1;0.02299559378373408;1;0.07467448118781042;712484.32;1;1;0.02299559378373408;1;0.0743230071152659;712484.32;1;1;1;0.02299559378373408;1;0.07467448118781042;712484.32;1;1;0.02299559378373408;1
5610;1786619425;0;5331.077777777776;4.694280000000002;52.05055766666666;610.224376311111;265.6003286666672;58.36429913605722;583.6429913605722;0.2917204817105784;-3.549806222222152;-1.306391888889399;616178.0566908094;5768016.100203662;6;59423;53.17590522591546;7.270831244757204;365.6815304244256;53.31683514713238;57.43379037604478;421.7890209945255;142.3020904605229;59.58765691371678;6.5;2;-1;;50;;;0;288.15;350;162.384640337414;50;1;;;;;;3.559690102004323;3.559690102004323;0;0;18985.01387735639;0;166.5333135634917;166.5333135634917;12;12;250;89.56752502698886;2.778881679877727;34.71708194003885;27;0.9;0.71248432;98.0185054271314;5.36640879288032;37.30460905304145;27;0.9;0.71248432;555;0.07440253051525962;712484.32;1;1;1;0.02299559378373408;1;0.07463563109173174;712484.3200000002;1;1;0.02299559378373408;1;0.07440253051525962;712484.32;1;1;1;0.02299559378373408;1;0.07463563109173174;712484.3200000002;1;1;0.02299559378373408;1
5620;1786619435;0;5340.590038314172;4.685764865900386;52.05019869731802;610.777360477701;261.6824184291216;58.06477517057612;580.647751705761;0.2902986497085552;-3.621347701149375;-5.190052107278574;615595.135015644;5767962.59471798;6;59423;53.11876965338782;8.313003610084822;365.6683838360796;62.75308839837926;50.74055675760288;456.0416084822048;152.8474382947779;52.02860392697574;6.5;2;-1;;50;;;0;288.15;350;171.1791909965826;50;1;;;;;;3.874525537203831;3.874525537203831;0;0;20664.13619842043;0;167.2114975184861;167.2114975184861;12;12;250;88.57450563679496;2.23069033058124;34.16889059074237;27;0.9;0.71248432;97.0254860369375;5.217534498537582;37.15573475869872;27;0.9;0.71248432;555;0.07451678484879484;712484.32;1;1;1;0.02299559378373408;1;0.07462077531136464;712484.3200000002;1;1;0.02299559378373408;1;0.07451678484879484;712484.32;1;1;1;0.02299559378373408;1;0.07462077531136464;712484.3200000002;1;1;0.02299559378373408;1
5630;1786619445;0;5350.09961685824;4.677445325670496;52.04915406130268;611.40665844046;252.1142762835231;58.33583465303282;583.3583465303282;0.4351790752860342;-3.694782490421463;-5.93629183908026;615027.3756463414;5767833.21231727;6;59423;53.05180575265692;9.352067469908108;365.6530916932161;68.76663657286316;44.57581407713634;498.5655619759772;169.4299726454704;47.5048773245339;6.5;2;-1;;50;;;0;288.15;350;181.4683400860176;50;1;;;;;;4.274402828644712;4.274402828644712;0;0;22796.81508610513;0;167.9858536759168;167.9858536759168;12;12;250;87.40027218792336;1.511428011456199;33.44962827161733;27;0.9;0.71248432;95.8512525880659;5.000740022031348;36.93894028219248;27;0.9;0.71248432;555;0.07465862948950884;712484.32;1;1;1;0.02299559378373408;1;0.07462498133115844;712484.3200000002;1;1;0.02299559378373408;1;0.07465862948950884;712484.32;1;1;1;0.02299559378373408;1;0.07462498133115844;712484.3200000002;1;1;0.02299559378373408;1
5640;1786619455;0;5359.643678160918;4.669478620689658;52.0472783908046;611.4415106035864;243.4764796551741;58.31368429594772;583.1368429594772;0.3248064506124279;-3.711087701149428;-4.149034367816594;614485.9068703334;5767612.030065728;6;59423;52.97506787360582;10.387542681911424;365.6356640199729;72.84829299262158;39.18944444358069;547.4206592511228;185.7150789972713;43.4040542862747;6.5;2;-1;;50;;;0;288.15;350;192.4831975559526;50;1;;;;;;4.747687889451798;4.747687889451798;0;0;25321.00207707626;0;168.7978318095594;168.7978318095594;12;12;250;86.11500899347366;0.641156885858609;32.57935714601974;27;0.9;0.71248432;94.5659893936162;4.70371582514754;36.64191608530867;27;0.9;0.71248432;555;0.07482159255269284;712484.32;1;1;1;0.02299559378373408;1;0.07464464245331188;712484.3200000002;1;1;0.02299559378373408;1;0.07482159255269284;712484.32;1;1;1;0.02299559378373408;1;0.07464464245331188;712484.3200000002;1;1;0.02299559378373408;1
5650;1786619465;0;5369.153256704982;4.661931992337166;52.04483708812262;611.0924936977012;238.0866016475097;58.16871649844506;581.6871649844506;0.2552488496159545;-3.68307329501916;-1.946661417624589;613974.6372583092;5767328.660982414;6;59423;52.88861695857776;11.418973045000152;365.6161120998659;75.77573268870782;34.57433365709508;601.0396700630028;196.7942211204904;38.66675519043248;6.5;2;-1;;50;;;0;288.15;350;203.6469558179053;50;1;;;;;;5.286576928584314;5.286576928584314;0;0;28195.07695244968;0;169.609470891406;169.609470891406;12;12;250;84.76448087249458;-0.3575570329316968;31.58064322722943;27;0.9;0.71248432;93.21546127263712;4.313044797522903;36.25124505768403;27;0.9;0.71248432;555;0.0750004463209617;712484.32;1;1;1;0.02299559378373408;1;0.07467698825946186;712484.3200000002;1;1;0.02299559378373408;1;0.0750004463209617;712484.32;1;1;1;0.02299559378373408;1;0.07467698825946186;712484.3200000002;1;1;0.02299559378373408;1
5660;1786619475;0;5378.662835249044;4.654676130268198;52.04210777777778;608.2248301413798;233.9594538697312;55.8564521663539;558.564521663539;0.11873321621762806;-1.149720651340484;-0.6086293486585044;613483.9803837502;5767013.769451274;6;59423;52.79252093940806;12.445914988862532;365.5944486159124;77.97162574325262;30.6352578936541;658.245083131893;203.8317465961875;31.93289843003853;6.5;2;-1;;50;;;0;288.15;350;214.5632679479654;50;1;;;;;;5.887305307773298;5.887305307773298;0;0;31398.96164145759;0;170.3991606179829;170.3991606179829;12;12;250;83.37406276672872;-1.463619242627152;30.47458101753398;27;0.9;0.71248432;91.82504316687126;3.815206590275277;35.75340685043641;27;0.9;0.71248432;555;0.0751912630394693;712484.32;1;1;1;0.02299559378373408;1;0.07471984449112914;712484.3200000002;1;1;0.02299559378373408;1;0.0751912630394693;712484.32;1;1;1;0.02299559378373408;1;0.07471984449112914;712484.3200000002;1;1;0.02299559378373408;1
5670;1786619485;0;5388.137931034486;4.647893448275862;52.03931;609.5414543313104;232.6836606896552;53.94293146198486;539.4293146198486;-0.2433764986961054;-1.98382724137923;0.9730672413794574;613025.887238862;5766692.048382856;6;60722;52.16775711181718;7.457755358501282;365.4227242653269;84.64603499992;60.17572412795298;410.2896466064201;215.6388916090278;61.27946358912152;6.5;26;-1;;50;;;0;288.15;350;159.4049411486273;50;1;;;;;;3.457994772392747;3.457994772392747;0;0;18442.63878609465;0;166.2932193021384;166.2932193021384;12;12;250;89.90931461795374;2.954515932565315;34.89271619272644;27;0.9;0.71248432;98.36029501809628;5.411257743773818;37.34945800393495;27;0.9;0.71248432;555;0.07436417273112848;712484.32;1;1;1;0.02299559378373408;1;0.07469248512497526;712484.3200000002;1;1;0.02299559378373408;1;0.07436417273112848;712484.32;1;1;1;0.02299559378373408;1;0.07469248512497526;712484.3200000002;1;1;0.02299559378373408;1
5680;1786619495;0;5397.625925925924;4.641358111111112;52.03659474074074;609.5779069558224;233.2370111851851;53.29012242936698;532.9012242936698;-0.162307128685923;-2.018267407407398;1.208657481481491;612584.4927763826;5766379.931481958;6;60722;52.31096800586738;8.455936002412484;365.46164910062;81.8221697760839;51.84152283921174;449.3960864009563;211.4423717836241;52.98208840626508;6.5;26;-1;;50;;;0;288.15;350;169.5734974026573;50;1;;;;;;3.815314106192586;3.815314106192586;0;0;20348.34189969379;0;167.0839938631153;167.0839938631153;12;12;250;88.761220723177;2.338037821877818;34.27623808203895;27;0.9;0.71248432;97.21220112331954;5.247771095432052;37.18597135559318;27;0.9;0.71248432;555;0.07449461777319334;712484.32;1;1;1;0.02299559378373408;1;0.07467835174270512;712484.3200000002;1;1;0.02299559378373408;1;0.07449461777319334;712484.32;1;1;1;0.02299559378373408;1;0.07467835174270512;712484.3200000002;1;1;0.02299559378373408;1
5690;1786619505;0;5407.157088122606;4.63485318007663;52.0339575862069;609.6022744911878;233.9446585440613;52.76738436287786;527.6738436287786;-0.2491712957606781;-2.085592567049806;1.024684061302694;612144.9336264236;5766076.587307308;6;60722;52.44497511879788;9.460626308647138;365.4985490829058;80.1970084580376;44.86403396112341;496.0844009409724;208.427954270797;46.24229880883598;6.5;26;-1;;50;;;0;288.15;350;180.9349919776723;50;1;;;;;;4.252744649237304;4.252744649237304;0;0;22681.30479593229;0;167.9425195655685;167.9425195655685;12;12;250;87.4652644776791;1.553187789610071;33.49138804977121;27;0.9;0.71248432;95.91624487782164;5.01401912731276;36.95221938747389;27;0.9;0.71248432;555;0.07465035322715202;712484.32;1;1;1;0.02299559378373408;1;0.07467648517500158;712484.3200000002;1;1;0.02299559378373407;1;0.07465035322715202;712484.32;1;1;1;0.02299559378373408;1;0.07467648517500158;712484.3200000002;1;1;0.02299559378373407;1
5700;1786619515;0;5416.666666666666;4.628376666666668;52.03138;609.6827857173334;234.3751133333334;52.47385176951676;524.7385176951676;-0.000230859333333338;-2.126333333333331;0.83174000000002;611707.122095666;5765779.951230026;6;60722;52.56967754869948;10.471450235021228;365.5334031774319;79.14782784791366;39.07902356404195;548.4147079178496;206.1790932596847;40.64107697783556;6.5;26;-1;;50;;;0;288.15;350;192.7308776155636;50;1;;;;;;4.758946295166638;4.758946295166638;0;0;25381.0469075554;0;168.8135900149267;168.8135900149267;12;12;250;86.08799238239152;0.6219888133502334;32.56018907351136;27;0.9;0.71248432;94.53897278253408;4.696727942344836;36.63492820250596;27;0.9;0.71248432;555;0.07482490834213384;712484.32;1;1;1;0.02299559378373408;1;0.07468576162294736;712484.3200000002;1;1;0.02299559378373407;1;0.07482490834213384;712484.32;1;1;1;0.02299559378373408;1;0.07468576162294736;712484.3200000002;1;1;0.02299559378373407;1
5710;1786619525;0;5426.176245210726;4.621920153256708;52.0288324137931;609.7472562255634;234.521754137931;52.39539809254074;523.9539809254074;-0.1633118886507542;-2.152450498084282;0.7100142528735892;611270.556448047;5765486.721402542;6;60722;52.68498168753224;11.488026180111024;365.5661921913061;78.41858361003714;34.27363338121452;604.9185627217636;205.1573806886314;35.9351023446236;6.5;26;-1;;50;;;0;288.15;350;204.4340218452354;50;1;;;;;;5.327216913543664;5.327216913543664;0;0;28411.82353889954;0;169.6653463750208;169.6653463750208;12;12;250;84.66796540392042;-0.4319348883376627;31.50626537182347;27;0.9;0.71248432;93.11894580406298;4.281743381527323;36.21994364168845;27;0.9;0.71248432;555;0.0750133849141626;712484.32;1;1;1;0.02299559378373408;1;0.07470503358125414;712484.3200000002;1;1;0.02299559378373407;1;0.0750133849141626;712484.32;1;1;1;0.02299559378373408;1;0.07470503358125414;712484.3200000002;1;1;0.02299559378373407;1
5720;1786619535;0;5435.629629629628;4.615461851851854;52.02630000000002;609.7822874462224;234.5521074074074;52.3861180623867;523.861180623867;0.0459102822801994;-2.163002962962961;0.6510455555555652;610833.7796597864;5765195.215293156;6;60722;52.79079976342994;12.50995573101646;365.596898300626;77.8852387362446;30.25042662923539;664.5270454729112;204.184645895783;31.9685566096691;6.5;26;-1;;50;;;0;288.15;350;215.7009831762004;50;1;;;;;;5.954975511296532;5.954975511296532;0;0;31759.86939358151;0;170.481661361146;170.481661361146;12;12;250;83.22389182004234;-1.587240227268882;30.35096003289225;27;0.9;0.71248432;91.67487222018488;3.755217874559415;35.69341813472055;27;0.9;0.71248432;555;0.07521221741031282;712484.32;1;1;1;0.02299559378373408;1;0.07473321046064628;712484.3200000002;1;1;0.02299559378373407;1;0.07521221741031282;712484.32;1;1;1;0.02299559378373408;1;0.07473321046064628;712484.3200000002;1;1;0.02299559378373407;1
5730;1786619545;0;5445.091954022988;4.609017471264368;52.02375609195404;609.8027918833106;234.4955479310345;52.4149614127283;524.149614127283;-0.3718793868423249;-2.17277551724138;0.6341024137931028;610397.9356794036;5764902.491043924;6;60398;52.5856564204597;6.52657550673243;365.647604889763;63.6915947520872;66.7973180786849;388.9784578416212;192.1081564190924;68.81264177781972;6.5;11;-1;;50;;;0;288.15;350;153.5237398419493;50;1;;;;;;3.264002658398106;3.264002658398106;0;0;17408.01417812323;0;165.8299191462358;165.8299191462358;12;12;250;90.56660688785098;3.273386512354103;35.21158677251524;27;0.9;0.71248432;99.01758728799354;5.48928387542448;37.42748413558561;27;0.9;0.71248432;555;0.07429308625714922;712484.32;1;1;1;0.02299559378373408;1;0.07471004602888328;712484.3200000002;1;1;0.02299559378373407;1;0.07429308625714922;712484.32;1;1;1;0.02299559378373408;1;0.07471004602888328;712484.3200000002;1;1;0.02299559378373407;1
5740;1786619555;0;5454.60153256705;4.602566973180078;52.02121360153258;609.808362800276;234.4404019923372;52.4152963813756;524.1529638137562;0.04010932667766096;-2.177166590038315;0.6388285057471228;609961.6176686062;5764609.95416483;6;60398;52.4621298253226;7.538130153428176;365.6236327230172;75.09210691533286;58.47496935049836;417.2952301487938;202.9911658396819;60.25964091322692;6.5;11;-1;;50;;;0;288.15;350;161.2132176813024;50;1;;;;;;3.519425620219676;3.519425620219676;0;0;18770.26997450494;0;166.4402765544486;166.4402765544486;12;12;250;89.70082651781668;2.848180041119237;34.78638030128037;27;0.9;0.71248432;98.15180691795922;5.384265849351602;37.32246610951273;27;0.9;0.71248432;555;0.07438754084248494;712484.32;1;1;1;0.02299559378373408;1;0.07469392076956336;712484.3200000002;1;1;0.02299559378373407;1;0.07438754084248494;712484.32;1;1;1;0.02299559378373408;1;0.07469392076956336;712484.3200000002;1;1;0.02299559378373407;1
5750;1786619565;0;5464.076628352494;4.59611865900383;52.01866931034484;609.6069399210704;234.3569082375476;53.33113282824026;533.3113282824028;0.1093269247233025;-3.070664406133499;0.672436321839026;609525.4031869958;5764317.259255434;6;60398;52.32928716131472;8.543595271978894;365.5975973095792;81.1492903544409;50.825132930486;455.4535963254818;209.3088197922091;53.22173989043824;6.5;11;-1;;50;;;0;288.15;350;171.0534893331602;50;1;;;;;;3.869860935232444;3.869860935232444;0;0;20639.2583212397;0;167.2002908563321;167.2002908563321;12;12;250;88.59037690092032;2.239891364805763;34.17809162496689;27;0.9;0.71248432;97.04135730106288;5.220147223424788;37.15834748358592;27;0.9;0.71248432;555;0.07451482345136462;712484.32;1;1;1;0.02299559378373408;1;0.07468539232583962;712484.3200000002;1;1;0.02299559378373407;1;0.07451482345136462;712484.32;1;1;1;0.02299559378373408;1;0.07468539232583962;712484.3200000002;1;1;0.02299559378373407;1
5760;1786619575;0;5473.55172413793;4.58957379310345;52.01606551724138;593.1074213586218;233.3581248275863;53.6284597010181;536.284597010181;0.3084463862656177;-3.001985517241728;0.8112403448275336;609082.657245978;5764017.841020958;6;60398;52.18722871308768;9.542592630660496;365.5695180569428;84.83506574164734;44.2318486108256;501.2116282377912;213.5042412481015;46.33513628902828;6.5;11;-1;;50;;;0;288.15;350;182.1119645073322;50;1;;;;;;4.300683741378995;4.300683741378995;0;0;22936.97995402131;0;168.0318309064738;168.0318309064738;12;12;250;87.32801404463206;1.464738028559689;33.40293828872082;27;0.9;0.71248432;95.77899444477462;4.985789865348974;36.9239901255101;27;0.9;0.71248432;555;0.0746674558164934;712484.32;1;1;1;0.02299559378373408;1;0.07468457702996024;712484.3200000002;1;1;0.02299559378373407;1;0.0746674558164934;712484.32;1;1;1;0.02299559378373408;1;0.07468457702996024;712484.3200000002;1;1;0.02299559378373407;1
5770;1786619585;0;5483.026819923374;4.583062298850574;52.01338222222224;571.8933067496048;230.703518237547;50.347921148367;503.47921148367;0.6096933935073644;-0.9207927203079812;1.759452375479198;608642.3413540888;5763709.671108184;6;60398;52.03605791085398;10.53477838432537;365.5394153218686;87.2998171793012;38.67344530367414;552.675746677935;217.5612651459794;38.35759589474028;6.5;11;-1;;50;;;0;288.15;350;193.6485330773018;50;1;;;;;;4.800914973362052;4.800914973362052;0;0;25604.87985793095;0;168.8808162759749;168.8808162759749;12;12;250;85.97879744314798;0.5441643179183698;32.4823645780795;27;0.9;0.71248432;94.42977784329054;4.668154683473748;36.60635494363488;27;0.9;0.71248432;555;0.07483912163751996;712484.32;1;1;1;0.02299559378373408;1;0.07469129636072372;712484.3200000002;1;1;0.02299559378373407;1;0.07483912163751996;712484.32;1;1;1;0.02299559378373408;1;0.07469129636072372;712484.3200000002;1;1;0.02299559378373407;1
5780;1786619595;0;5492.570881226054;4.577063180076628;52.01076157088124;546.9948417516638;228.3076809578544;45.38619427162238;453.8619427162238;-0.01732384749043583;0.9365330268199404;2.86724329501913;608236.9833578892;5763409.27065554;6;60398;51.87588555134946;11.519811478392356;365.5073113025792;89.06385194267532;34.00864860233845;608.3649784669996;221.7381174735707;31.41380189536615;6.5;11;-1;;50;;;0;288.15;350;205.1338518845556;50;1;;;;;;5.36367468758119;5.36367468758119;0;0;28606.26500043302;0;169.7146922472892;169.7146922472892;12;12;250;84.5821617576145;-0.498374449625018;31.43982581053611;27;0.9;0.71248432;93.03314215775706;4.253519884945759;36.19172014510689;27;0.9;0.71248432;555;0.07502488091965996;712484.32;1;1;1;0.02299559378373408;1;0.07470519571734606;712484.3200000002;1;1;0.02299559378373407;1;0.07502488091965996;712484.32;1;1;1;0.02299559378373408;1;0.07470519571734606;712484.3200000002;1;1;0.02299559378373407;1
5790;1786619605;0;5502.04444444445;4.571666444444444;52.00838977777778;524.011969651099;227.8894606666669;40.61858117131967;406.1858117131967;-0.2028285877766587;2.06488088888802;2.888416666666673;607872.321034266;5763137.473893322;6;60398;51.70682527595614;12.497382096154568;365.4732291994924;90.39254621398784;30.07620765231441;667.1999982799164;223.0379712592019;26.59820563058849;0;11;-1;;50;;;0;288.15;350;216.22024260714;50;1;;;;;;5.986214518426922;5.986214518426922;0;0;31926.47743161025;0;170.5165288730368;170.5165288730368;12;12;250;76.65778530102122;-7.51917850799543;24.4190217521657;27;0.9;0.71248432;85.10876570116378;-0.09537885521953072;31.8428214049416;27;0.9;0.71248432;555;0.07522113342115856;712484.32;1;1;1;0.02299559378373408;1;0.07472583322549854;712484.3200000002;1;1;0.02299559378373407;1;0.07522113342115856;712484.32;1;1;1;0.02299559378373408;1;0.07472583322549854;712484.3200000002;1;1;0.02299559378373407;1
5800;1786619615;0;5511.521072796932;4.566809885057472;52.00629057471264;502.7149054490492;227.7137468582385;36.85275829663552;368.5275829663551;-0.007988548560055472;2.626161992335758;2.290177241379709;607544.040615603;5762896.81905808;6;60907;47.9374020296084;3.946829201238671;364.359777172157;185.8504731526045;35.35744855706281;588.974258683999;315.615815201656;35.70916907776356;6.5;40;-1;;50;;;0;288.15;350;201.6323103575816;50;1;;;;;;5.184251337664224;5.184251337664224;0;0;27649.34046754253;0;169.4333344271759;169.4333344271759;12;12;250;85.04294292764482;-0.1451190683694081;31.79308119179172;27;0.9;0.71248432;93.49392332778738;4.400743512650184;36.33894377281131;27;0.9;0.71248432;555;0.0749602004406634;712484.32;1;1;1;0.02299559378373408;1;0.07473484734915872;712484.3200000002;1;1;0.02299559378373407;1;0.0749602004406634;712484.32;1;1;1;0.02299559378373408;1;0.07473484734915872;712484.3200000002;1;1;0.02299559378373407;1
5810;1786619625;0;5521.030651340998;4.562406206896552;52.0043838697318;484.3984989432918;228.1709258237549;35.82215899666038;358.2215899666038;0.4273589332661635;1.800726053640016;2.201853831417488;607246.3534233236;5762678.262622242;6;60907;48.22985680929498;4.779525878361128;364.4289541754706;177.7983734453463;37.72986099733029;561.1730791483818;307.0413116618367;37.10903827188311;6.5;40;-1;;50;;;0;288.15;350;195.8322179411774;50;1;;;;;;4.902446853610434;4.902446853610434;0;0;26146.38321925565;0;169.0133447164863;169.0133447164863;12;12;250;85.74473712238822;0.3754709164653464;32.31367117662648;27;0.9;0.71248432;94.19571752253078;4.605101849969056;36.54330211013019;27;0.9;0.71248432;555;0.07486746568769098;712484.32;1;1;1;0.02299559378373408;1;0.07473975913947474;712484.3200000002;1;1;0.02299559378373407;1;0.07486746568769098;712484.32;1;1;1;0.02299559378373408;1;0.07473975913947474;712484.3200000002;1;1;0.02299559378373407;1
5820;1786619635;0;5530.555555555558;4.55811;52.00254444444446;465.9145225666646;228.7835544444445;35.3496789392866;353.496789392866;-0.0001567186666666704;1.395704444444389;2.002264444444432;606955.8566642774;5762467.364947048;6;60907;48.51557941545418;5.622112178440554;364.4967360047977;168.5221424706375;39.5785859080778;541.73246583711;297.9396093037747;38.49762727038088;6.5;40;-1;;50;;;0;288.15;350;191.6176366904185;50;1;;;;;;4.708571086057566;4.708571086057566;0;0;25112.37912564036;0;168.7071054125051;168.7071054125051;12;12;250;86.24485219392228;0.7327940895195728;32.67099434968071;27;0.9;0.71248432;94.69583259406482;4.736852709266892;36.67505296942803;27;0.9;0.71248432;555;0.07480261878179828;712484.32;1;1;1;0.02299559378373408;1;0.07474200412670058;712484.3200000002;1;1;0.02299559378373407;1;0.07480261878179828;712484.32;1;1;1;0.02299559378373408;1;0.07474200412670058;712484.3200000002;1;1;0.02299559378373407;1
5830;1786619645;0;5540.08429118774;4.553842068965518;52.00075482758622;447.3225302121847;229.2051886590038;34.87960058410688;348.7960058410688;-0.5641463562489286;1.453075095785416;1.923504980842914;606667.1580710356;5762262.065255282;6;60907;48.79442824883594;6.474566257541922;364.5630791264157;158.3060385938038;40.62186939116213;531.5688004096216;287.9689473324402;39.26962523029044;6.5;40;-1;;50;;;0;288.15;350;189.3525264992716;50;1;;;;;;4.607842086125806;4.607842086125806;0;0;24575.15779267096;0;168.5425977986495;168.5425977986495;12;12;250;86.51008880770956;0.91745443231255;32.85565469247368;27;0.9;0.71248432;94.96106920785212;4.80227840280397;36.7404786629651;27;0.9;0.71248432;555;0.07476871644317612;712484.32;1;1;1;0.02299559378373408;1;0.0747429252410618;712484.3200000002;1;1;0.02299559378373407;1;0.07476871644317612;712484.32;1;1;1;0.02299559378373408;1;0.0747429252410618;712484.3200000002;1;1;0.02299559378373407;1
5840;1786619655;0;5549.574074074076;4.549611666666666;51.99900666666668;428.4937974944424;229.5087322222222;34.5963525702562;345.9635257025619;-0.1705637819763399;1.799252592592892;1.881512777777782;606380.9137024906;5762061.44807477;6;60907;49.06625800514832;7.336841373194002;364.6279402835344;147.7145712457373;40.66938265953326;531.2134170153938;276.6521844825068;39.03910587194859;6.5;40;-1;;50;;;0;288.15;350;189.2512681164093;50;1;;;;;;4.60339324395571;4.60339324395571;0;0;24551.43063443045;0;168.5367888549057;168.5367888549057;12;12;250;86.52034659362352;0.9245269002784908;32.86272716043962;27;0.9;0.71248432;94.97132699376606;4.80474856387372;36.74294882403485;27;0.9;0.71248432;555;0.07476753101177266;712484.32;1;1;1;0.02299559378373408;1;0.07474374543341884;712484.3200000002;1;1;0.02299559378373407;1;0.07476753101177266;712484.32;1;1;1;0.02299559378373408;1;0.07474374543341884;712484.3200000002;1;1;0.02299559378373407;1
5850;1786619665;0;5559.068965517238;4.545399655172416;51.9972875862069;410.1248933793189;229.7581879310344;34.39444124587719;343.9444124587719;-0.03448341620472823;1.44934448275875;1.781186551724142;606095.8402992452;5761864.108598426;6;60907;49.33092663623074;8.208885782290976;364.6912781208357;137.4449698792074;39.71304582104233;540.6836147940782;266.6061327127122;37.86225368644228;6.5;40;-1;;50;;;0;288.15;350;191.3211915612923;50;1;;;;;;4.6952545982155;4.6952545982155;0;0;25041.35785714933;0;168.6902723158413;168.6902723158413;12;12;250;86.27500177842814;0.7539565722658884;32.69215683242702;27;0.9;0.71248432;94.72598217857068;4.744441911911962;36.68264217207309;27;0.9;0.71248432;555;0.07479912019130662;712484.32;1;1;1;0.02299559378373408;1;0.07474553171593136;712484.3200000002;1;1;0.02299559378373407;1;0.07479912019130662;712484.32;1;1;1;0.02299559378373408;1;0.07474553171593136;712484.3200000002;1;1;0.02299559378373407;1
5860;1786619675;0;5568.578544061302;4.541193869731802;51.99559586206898;392.1603400097509;231.4072013793101;35.83360020600686;358.3360020600686;0.02953201932921322;-0.8024871264370714;2.275223256704826;605811.107357396;5761669.837227902;6;60907;49.58829209852442;9.090631969145108;364.7530523783417;128.0796919268353;37.93106900833286;559.4789322425712;257.6271184839104;35.89149041152636;6.5;40;-1;;50;;;0;288.15;350;195.3608027858461;50;1;;;;;;4.880326299964238;4.880326299964238;0;0;26028.4069331426;0;168.9870828901299;168.9870828901299;12;12;250;85.7931195023908;0.4105490493672735;32.3487493095284;27;0.9;0.71248432;94.24409990253334;4.618339488262278;36.55653974842341;27;0.9;0.71248432;555;0.0748618146218933;712484.32;1;1;1;0.02299559378373408;1;0.07474916555674266;712484.3200000002;1;1;0.02299559378373407;1;0.0748618146218933;712484.32;1;1;1;0.02299559378373408;1;0.07474916555674266;712484.3200000002;1;1;0.02299559378373407;1
5870;1786619685;0;5578.088122605364;4.53675858237548;51.99388501915708;371.7480441888899;231.7534633716475;35.58477360058143;355.8477360058143;-0.3821535993002053;1.0462437931033522;2.042496130268186;605510.6411943816;5761473.12285263;6;60907;49.83820963479022;9.981985193356454;364.813223194903;119.92535430001906;35.60108886984159;586.710095638284;248.3819939078051;33.31722832699973;6.5;40;-1;;50;;;0;288.15;350;201.0157899498985;50;1;;;;;;5.153413490626082;5.153413490626082;0;0;27484.87195000577;0;169.3998793682934;169.3998793682934;12;12;250;85.10723583356538;-0.09653283498852074;31.84166742517261;27;0.9;0.71248432;93.55821623370792;4.420447732370993;36.35864799253212;27;0.9;0.71248432;555;0.07495264800568614;712484.32;1;1;1;0.02299559378373408;1;0.07475533169155912;712484.3200000002;1;1;0.02299559378373407;1;0.07495264800568614;712484.32;1;1;1;0.02299559378373408;1;0.07475533169155912;712484.3200000002;1;1;0.02299559378373407;1
5880;1786619695;0;5587.577777777778;4.532318444444446;51.99222177777778;352.7224798177801;232.230532;35.42509716165154;354.2509716165154;-0.2008529243116448;1.293092222222244;2.013553111111121;605209.7069318846;5761281.714247564;6;60907;50.08053826048098;10.882844176287164;364.871752620571;113.03076598839178;32.99845337127028;621.2616032587532;240.8839003955747;30.61043960106861;6.5;40;-1;;50;;;0;288.15;350;207.8559040557371;50;1;;;;;;5.508464347302072;5.508464347302072;0;0;29378.47651894438;0;169.8968984049213;169.8968984049213;12;12;250;84.25516594026156;-0.7542474695996262;31.1839527905615;27;0.9;0.71248432;92.7061463404041;4.142497789285347;36.08069804944648;27;0.9;0.71248432;555;0.07506789942945768;712484.32;1;1;1;0.02299559378373408;1;0.07476452486032086;712484.3200000002;1;1;0.02299559378373407;1;0.07506789942945768;712484.32;1;1;1;0.02299559378373408;1;0.07476452486032086;712484.3200000002;1;1;0.02299559378373407;1
5890;1786619705;0;5597.07279693487;4.52787651340996;51.99058835249042;333.7922326042233;232.7059103448277;35.14495583429759;351.449558342976;-0.6904920116799882;1.288064252873584;1.972654482758609;604908.5570313756;5761093.637325532;6;60907;50.3151378065604;11.793090071543306;364.9286038615628;107.28351683260476;30.33399639871222;661.9830419658788;235.2822426647873;27.97909004157712;0;40;-1;;50;;;0;288.15;350;215.4528321497649;50;1;;;;;;5.940125554791736;5.940125554791736;0;0;31680.66962555592;0;170.4483454278542;170.4483454278542;12;12;250;76.77205770983892;-7.41005236649229;24.52814789366884;27;0.9;0.71248432;85.22303810998148;-0.009466748875510242;31.92873351128562;27;0.9;0.71248432;589;0.10278302758889204;712484.32;1;1;1;0.000574889844593352;1;0.10278302758889204;712484.32;1;1;0.000574889844593352;1;0.10278302758889204;712484.32;1;1;1;0.000574889844593352;1;0.10278302758889204;712484.32;1;1;0.000574889844593352;1
5900;1786619715;0;5606.582375478926;4.523442107279696;51.98899681992338;315.0155685731837;233.1322098850574;34.97702426707598;349.7702426707598;0.04991715139472866;1.238738467433028;1.940637011494257;604607.8037097772;5760910.248643052;6;62227;53.28515790585308;5.085576231643744;365.4894902692695;14.555423663115096;66.18138798123542;390.5136504490531;146.5775806271882;66.32110572275144;6.5;101;-1;;50;;;0;288.15;350;153.9971999783269;50;1;;;;;;3.279303056961208;3.279303056961208;0;0;17489.61630379311;0;165.8641325286687;165.8641325286687;12;12;250;90.51709310685496;3.250230499147499;35.18843075930863;27;0.9;0.71248432;98.96807350699752;5.483762621664248;37.42196288182537;27;0.9;0.71248432;590;0.07429820710847974;712484.32;1;1;1;0.02299559378373408;1;0.07429820710847974;712484.32;1;1;0.02299559378373408;1;0.07429820710847974;712484.32;1;1;1;0.02299559378373408;1;0.07429820710847974;712484.32;1;1;0.02299559378373408;1
5910;1786619725;0;5616.091954022984;4.519026781609198;51.98741528735634;296.3363489472287;233.1390913793109;34.89444331548388;348.9444331548388;-0.5730550736444628;1.223332413793033;1.441383448276083;604308.3155004436;5760728.017953248;6;62227;53.30341383440692;6.135249924979414;365.4884426426852;36.11656908499841;61.530610211623;405.3470539177486;166.6321545531569;60.718987781717;6.5;101;-1;;50;;;0;288.15;350;158.0548706097938;50;1;;;;;;3.412690099552374;3.412690099552374;0;0;18201.01386427933;0;166.1879485606596;166.1879485606596;12;12;250;90.05989003227288;3.029758548805966;34.9679588089671;27;0.9;0.71248432;98.51087043241544;5.430060569981348;37.36826083014248;27;0.9;0.71248432;590;0.07434768601654718;712484.32;1;1;1;0.02299559378373408;1;0.07432294656251346;712484.32;1;1;0.02299559378373408;1;0.07434768601654718;712484.32;1;1;1;0.02299559378373408;1;0.07432294656251346;712484.32;1;1;0.02299559378373408;1
5920;1786619735;0;5625.567049808428;4.514644827586208;51.98581360153258;277.7353139026845;232.0229075862071;34.95767138752169;349.5767138752169;-0.02480910765803525;1.164879118773965;1.335783180076616;604011.1438586998;5760543.612010122;6;62227;53.31169014989274;7.18560532200942;365.4852054112999;49.7195564664683;55.18169514614204;431.9143504685191;179.6261652751839;54.04788323170618;6.5;101;-1;;50;;;0;288.15;350;165.092738224588;50;1;;;;;;3.65422800243052;3.65422800243052;0;0;19489.21601296277;0;166.7393608195605;166.7393608195605;12;12;250;89.26693987049388;2.618876398977939;34.55707665913907;27;0.9;0.71248432;97.71792027063642;5.32436422534043;37.26256448550156;27;0.9;0.71248432;590;0.07443630497890538;712484.32;1;1;1;0.02299559378373408;1;0.07436073270131076;712484.32;1;1;0.02299559378373408;1;0.07443630497890538;712484.32;1;1;1;0.02299559378373408;1;0.07436073270131076;712484.32;1;1;0.02299559378373408;1
5930;1786619745;0;5635.074074074072;4.510306666666668;51.98415666666666;259.1196490740768;231.0725048148149;34.76245926617647;347.6245926617647;0.1370531215007442;1.221008888888916;1.528939629629602;603717.0854100474;5760353.141650816;6;62227;53.30997992753238;8.236125492609874;365.4797780293493;58.19485722070242;48.7503580885305;468.2191392349746;188.4716573152881;47.33472272660694;6.5;101;-1;;50;;;0;288.15;350;174.2533202797815;50;1;;;;;;3.990189834936745;3.990189834936745;0;0;21281.01245299597;0;167.44039138747;167.44039138747;12;12;250;88.22994747007812;2.02747226818122;33.96567252834235;27;0.9;0.71248432;96.68092787022068;5.158811295211848;37.09701155537298;27;0.9;0.71248432;590;0.0745574047190678;712484.32;1;1;1;0.02299559378373408;1;0.07440990070575002;712484.32;1;1;0.02299559378373408;1;0.0745574047190678;712484.32;1;1;1;0.02299559378373408;1;0.07440990070575002;712484.32;1;1;0.02299559378373408;1
5940;1786619755;0;5644.55172413793;4.506021724137932;51.98248068965518;240.4274805586222;230.6951527586207;34.6967764348823;346.9677643488231;0.1923732519117447;1.25029758620686;1.727349655172396;603426.7031483504;5760160.647993426;6;62227;53.29828458451044;9.28630562541575;365.4721613786533;63.76373636022542;42.89903354925769;512.1881512041344;194.1111193321346;41.28012552281538;6.5;101;-1;;50;;;0;288.15;350;184.6803992345453;50;1;;;;;;4.407172739654631;4.407172739654631;0;0;23504.92127815803;0;168.2199986912326;168.2199986912326;12;12;250;87.0333572615977;1.271519730514098;33.20971999067523;27;0.9;0.71248432;95.48433766174026;4.92275273141065;36.86095299157178;27;0.9;0.71248432;590;0.0747040695560103;712484.32;1;1;1;0.02299559378373408;1;0.07446873447580208;712484.32;1;1;0.02299559378373408;1;0.0747040695560103;712484.32;1;1;1;0.02299559378373408;1;0.07446873447580208;712484.32;1;1;0.02299559378373408;1
5950;1786619765;0;5654.026819923374;4.501757931034481;51.98079544061304;221.9531102601494;230.7349862452108;34.88324626011425;348.8324626011425;-0.473767181094583;1.0613539080463044;1.792560229885111;603137.7724510104;5759967.16952966;6;62227;53.2766135937504;10.335642031218506;365.4623577678567;67.64092762409514;37.79878843331332;562.0207983541692;198.4036668708145;36.23801328360826;6.5;101;-1;;50;;;0;288.15;350;195.6703715716908;50;1;;;;;;4.894839712041708;4.894839712041708;0;0;26105.81179755578;0;169.026455893481;169.026455893481;12;12;250;85.73923308696224;0.3714735868827164;32.30967384704385;27;0.9;0.71248432;94.19021348710478;4.603589127511294;36.54178938767243;27;0.9;0.71248432;590;0.0748702933745896;712484.32;1;1;1;0.02299559378373408;1;0.07453566095893334;712484.32;1;1;0.02299559378373408;1;0.0748702933745896;712484.32;1;1;1;0.02299559378373408;1;0.07453566095893334;712484.32;1;1;0.02299559378373408;1
5960;1786619775;0;5663.536398467434;4.497458620689655;51.97911344827588;203.4801862264368;230.8842758237548;34.8722439437229;348.7224394372289;-0.2601192422183827;1.147227777777784;1.823806053639847;602846.3727917172;5759774.020472478;6;62227;53.24498488729344;11.383621161812294;365.4503710894451;70.47634014634448;33.42111577628684;616.2928125634968;200.6730540357442;31.71324827452832;6.5;101;-1;;50;;;0;288.15;350;206.706534579521;50;1;;;;;;5.446738027211884;5.446738027211884;0;0;29049.26947846338;0;169.8271501999574;169.8271501999574;12;12;250;84.38664046531558;-0.6508661797195428;31.28733408044159;27;0.9;0.71248432;92.83762086545812;4.187800353111604;36.12600061327273;27;0.9;0.71248432;590;0.07505132532773276;712484.32;1;1;1;0.02299559378373408;1;0.07460932729733324;712484.3200000002;1;1;0.02299559378373408;1;0.07505132532773276;712484.32;1;1;1;0.02299559378373408;1;0.07460932729733324;712484.3200000002;1;1;0.02299559378373408;1
5970;1786619785;0;5673.011494252872;4.493154712643679;51.97743793103448;184.397996794257;231.0261949425288;35.10995083756521;351.0995083756521;0.002001392956614469;0.7800467816084456;1.791482528735554;602554.6203193626;5759581.602442714;6;62061;50.15574236758934;4.215983739973157;364.7077428070488;185.583369732416;58.76681888716292;415.0323392222648;311.6295394739772;57.99115496238812;6.5;83;-1;;50;;;0;288.15;350;160.8937371997404;50;1;;;;;;3.508508824033416;3.508508824033416;0;0;18712.04706151155;0;166.3930469059251;166.3930469059251;12;12;250;89.7589729625264;2.878088152920089;34.81628841308122;27;0.9;0.71248432;98.20995336266896;5.39190749711326;37.33010775727439;27;0.9;0.71248432;597;0.10195928871169984;712484.32;1;1;1;0.000574889844593352;1;0.10195928871169984;712484.32;1;1;0.000574889844593352;1;0.10195928871169984;712484.32;1;1;1;0.000574889844593352;1;0.10195928871169984;712484.32;1;1;0.000574889844593352;1
5980;1786619795;0;5682.503703703704;4.488823333333334;51.97574933333334;165.5347311607402;231.019642;35.15879021968162;351.5879021968162;-0.003560946115006;1.247660814814753;1.809240148148139;602260.9884977778;5759387.707762294;6;62061;49.91590226263214;5.119901955544478;364.6559883383598;168.8017942018681;55.108609781646;431.2746428220023;295.0628638162928;54.04324244901584;6.5;83;-1;;50;;;0;288.15;350;165.1847280741297;50;1;;;;;;3.657475728182131;3.657475728182131;0;0;19506.53721697136;0;166.726486626125;166.726486626125;12;12;250;89.27656633817776;2.62408090581786;34.56228116597899;27;0.9;0.71248432;97.72754673832032;5.325749830223862;37.26395009038499;27;0.9;0.71248432;598;0.07443417114388236;712484.32;1;1;1;0.02299559378373408;1;0.07443417114388236;712484.32;1;1;0.02299559378373408;1;0.07443417114388236;712484.32;1;1;1;0.02299559378373408;1;0.07443417114388236;712484.32;1;1;0.02299559378373408;1
5990;1786619805;0;5691.961685823756;4.484487624521072;51.97405689655172;147.1119807628322;231.0116680076628;35.25589308790208;352.5589308790208;-0.0001569441379310335;1.043984061302717;1.782962950191586;601967.045428316;5759193.398054334;6;62061;49.6684287284327;6.01434732500528;364.602564048033;156.6098605215718;50.11199197501036;458.4862031384902;283.8758768612044;48.6530414410096;6.5;83;-1;;50;;;0;288.15;350;172.1258559066867;50;1;;;;;;3.909816740173926;3.909816740173926;0;0;20852.35594759427;0;167.2579335693045;167.2579335693045;12;12;250;88.49277838300642;2.183087166250094;34.12128742641122;27;0.9;0.71248432;96.94375878314898;5.203953699749954;37.14215395991109;27;0.9;0.71248432;598;0.07452493913884134;712484.32;1;1;1;0.02299559378373408;1;0.07447955514136184;712484.32;1;1;0.02299559378373408;1;0.07452493913884134;712484.32;1;1;1;0.02299559378373408;1;0.07447955514136184;712484.32;1;1;0.02299559378373408;1
6000;1786619815;0;5701.422222222224;4.480135777777779;51.972364;128.4480250177756;230.9720806666667;35.30764551949856;353.0764551949856;0.3581137646944011;0.9971824444444284;1.807425333333336;601671.9722147144;5758999.0322861;6;62061;49.41346261510032;6.899213068331668;364.5475067438902;148.0776412941776;44.85394154368162;494.8584861931404;275.586402651005;43.16399008894728;6.5;83;-1;;50;;;0;288.15;350;180.9535765112802;50;1;;;;;;4.253497515850616;4.253497515850616;0;0;22685.32008453662;0;167.9210285880847;167.9210285880847;12;12;250;87.48600258854956;1.566465670357659;33.50466593051879;27;0.9;0.71248432;95.9369829886921;5.018223104150366;36.95642336431149;27;0.9;0.71248432;598;0.0746462640157155;712484.32;1;1;1;0.02299559378373408;1;0.0745351247661464;712484.32;1;1;0.02299559378373408;1;0.0746462640157155;712484.32;1;1;1;0.02299559378373408;1;0.0745351247661464;712484.32;1;1;0.02299559378373408;1
6010;1786619825;0;5710.911877394634;4.475780536398468;51.97066586206896;109.80642784253278;230.9628928735633;35.5114975768001;355.114975768001;0.466805834076142;0.9504845593870402;1.832339003831409;601376.6549339184;5758804.096685066;6;62061;49.15114539299336;7.774409598823644;364.4908543782904;142.0250032594503;39.89870925617622;538.5345807272886;269.805643485009;38.06966461901426;6.5;83;-1;;50;;;0;288.15;350;190.9140664038625;50;1;;;;;;4.677032589740112;4.677032589740112;0;0;24944.17381194726;0;168.6556800573303;168.6556800573303;12;12;250;86.32781604541452;0.7909219941814218;32.72912225434255;27;0.9;0.71248432;94.77879644555708;4.75764145844871;36.69584171860984;27;0.9;0.71248432;598;0.07479195178526622;712484.32;1;1;1;0.02299559378373408;1;0.07459933152092636;712484.32;1;1;0.02299559378373408;1;0.07479195178526622;712484.32;1;1;1;0.02299559378373408;1;0.07459933152092636;712484.32;1;1;0.02299559378373408;1
6020;1786619835;0;5720.386973180078;4.471408122605365;51.9689503448276;91.2079385471643;230.9929525287356;35.65258482623757;356.5258482623757;-0.04246832623897457;0.8980206513409862;1.846972298850576;601080.1742265106;5758607.222191054;6;62061;48.88162217721532;8.639853545739904;364.4326467408537;137.6021498598403;35.45661097876067;587.8836487887064;266.1013170351859;33.55656866948987;6.5;83;-1;;50;;;0;288.15;350;201.3807994510326;50;1;;;;;;5.171644512597032;5.171644512597032;0;0;27582.10406718417;0;169.4172357633689;169.4172357633689;12;12;250;85.07164841651894;-0.12340458282066194;31.81479567734047;27;0.9;0.71248432;93.5226288166615;4.409566050761758;36.34776631092289;27;0.9;0.71248432;598;0.07495656255763402;712484.32;1;1;1;0.02299559378373408;1;0.07467077772826788;712484.32;1;1;0.02299559378373408;1;0.07495656255763402;712484.32;1;1;1;0.02299559378373408;1;0.07467077772826788;712484.32;1;1;0.02299559378373408;1
6030;1786619845;0;5729.89655172414;4.467007586206897;51.96723862068966;72.05617147861828;231.0118493103449;35.90628418915527;359.0628418915528;0.4430595129334827;0.7729358620689146;1.884246206896562;600781.7299662924;5758410.748475204;6;62061;48.60503400452802;9.495491681714444;364.3729238261194;134.2679501850452;31.55883968474157;641.5951141547158;262.4898168692519;29.59122353766031;6.5;83;-1;;50;;;0;288.15;350;211.8848590533356;50;1;;;;;;5.732039701197752;5.732039701197752;0;0;30570.87840638801;0;170.1766291042269;170.1766291042269;12;12;250;83.75185988706026;-1.156033613914888;30.78216664624624;27;0.9;0.71248432;92.2028402872028;3.960656775739414;35.89885703590054;27;0.9;0.71248432;598;0.07513572472109982;712484.32;1;1;1;0.02299559378373408;1;0.07474826889373988;712484.32;1;1;0.02299559378373408;1;0.07513572472109982;712484.32;1;1;1;0.02299559378373408;1;0.07474826889373988;712484.32;1;1;0.02299559378373408;1
6040;1786619855;0;5739.392592592594;4.462585481481481;51.96550540740742;53.09625577371644;231.0433122962964;36.07153526195353;360.7153526195353;0.09496634497000924;0.694892518518292;1.894609333333308;600481.8288086568;5758211.873343362;6;59424;53.1333727668389;6.313154304373758;365.6827055516069;43.27199314372968;61.8252811486437;404.5186466046149;175.7402332078802;61.33415680749128;6.5;3;-1;;50;;;0;288.15;350;157.7716000291782;50;1;;;;;;3.403244003524991;3.403244003524991;0;0;18150.63468546662;0;166.1701790539324;166.1701790539324;12;12;250;90.08710563502752;3.04321893726812;34.98141919742925;27;0.9;0.71248432;98.53808603517006;5.433398550506224;37.37159881066735;27;0.9;0.71248432;598;0.07434492274718858;712484.32;1;1;1;0.02299559378373408;1;0.07469064801566112;712484.3200000002;1;1;0.02299559378373408;1;0.07434492274718858;712484.32;1;1;1;0.02299559378373408;1;0.07469064801566112;712484.3200000002;1;1;0.02299559378373408;1
6050;1786619865;0;5748.88122605364;4.458135823754789;51.96377137931034;34.23049102493403;231.0685717624522;36.0948496190013;360.9484961900129;0.4058765028469216;0.2060785057470203;1.874537854406104;600180.012883758;5758012.887830576;6;59424;53.0689115419429;7.353023186482988;365.6704987349804;56.81641573569584;55.37447108282864;431.206260602379;187.9799693474221;54.95221835807826;6.5;3;-1;;50;;;0;288.15;350;164.8513582146632;50;1;;;;;;3.645717547565593;3.645717547565593;0;0;19443.82692034983;0;166.7251092961186;166.7251092961186;12;12;250;89.28970184880066;2.631174011367135;34.56937427152826;27;0.9;0.71248432;97.74068224894322;5.327636278868952;37.26583653903008;27;0.9;0.71248432;598;0.07443394304535018;712484.32;1;1;1;0.02299559378373408;1;0.07465855989437226;712484.3200000002;1;1;0.02299559378373408;1;0.07443394304535018;712484.32;1;1;1;0.02299559378373408;1;0.07465855989437226;712484.3200000002;1;1;0.02299559378373408;1
6060;1786619875;0;5758.3908045977;4.453690229885059;51.96202965517242;17.2678120813854;231.0777316091954;33.97377639557591;339.7377639557591;0.04027635817159745;-1.310142873557486;1.632864137930892;599878.4693900562;5757813.070769108;6;59424;52.99466184592862;8.389430512658062;365.6561464483393;65.19099949770154;48.87661527517576;467.6248093456152;196.3228315373428;49.71304520534372;6.5;3;-1;;50;;;0;288.15;350;174.0515594342068;50;1;;;;;;3.982503385800442;3.982503385800442;0;0;21240.01805760236;0;167.429359025655;167.429359025655;12;12;250;88.2486662810295;2.03868200738302;33.97688226754415;27;0.9;0.71248432;96.69964668117206;5.162101595303904;37.10030185546504;27;0.9;0.71248432;598;0.07455542224794988;712484.32;1;1;1;0.02299559378373408;1;0.0746471001558809;712484.3200000002;1;1;0.02299559378373408;1;0.07455542224794988;712484.32;1;1;1;0.02299559378373408;1;0.0746471001558809;712484.3200000002;1;1;0.02299559378373408;1
6070;1786619885;0;5767.90038314176;4.449581915708812;51.96031896551724;-4.320118395034207;201.9011172797439;0;0;-0.011625912445569736;1.585462720305581;0.8542596934873036;599600.0063653708;5757617.185253006;6;59424;52.91068362404962;9.421904581592128;365.6396594558765;70.671311093696;42.98562746190371;511.6795977209848;228.207808993142;41.29523254939683;6.5;3;-1;;50;;;0;288.15;350;184.5098777712927;50;1;;;;;;4.400021308403597;4.400021308403597;0;0;23466.78031148585;0;168.2113701553741;168.2113701553741;12;12;250;87.0491372287072;1.281981293229117;33.22018155339025;27;0.9;0.71248432;95.50011762884976;4.926214291830196;36.86441455199133;27;0.9;0.71248432;598;0.07470237320418564;712484.32;1;1;1;0.02299559378373408;1;0.07465262746071136;712484.3200000002;1;1;0.02299559378373408;1;0.07470237320418564;712484.32;1;1;1;0.02299559378373408;1;0.07465262746071136;712484.3200000002;1;1;0.02299559378373408;1
