t_rel;t_epoch;ID;subID;lon;lat;alt;heading;speed;distance;yaw;pitch;roll;easting;northing;flightphase;satid;orbit_lat;orbit_lng;orbit_dist;uav_az;uav_elev;uav_dist;gain_az;gain_elev;gain_value;sat_sel;beam_sel;alpha;EIRP0;d_alpha;db_at_alpha;EIRP;Tsky_uav;Tsys_uav;Tsky_sat;Tsys_sat;terrain_shadowing;DEM_x;DEM_y;DEM_z;DEM_dist;DEM_min_dz;atm_loss_up;atm_loss_down;rain_att_up;rain_att_down;path_in_atm;path_in_rain;path_loss_up;path_loss_down;f_down;f_up;bandwidth;CN0_downlink;CN_total_downlink;Es/N0_down;modcod_downlink;coderate_downlink;datarate_downlink;CN0_uplink;CN_total_uplink;Es/N0_up;modcod_uplink;coderate_uplink;datarate_uplink;act_flightphase_start;uplink_latency_active;uplink_datarate_active;uplink_availability_active;uplink_continuity_active;uplink_integrity_active;uplink_transaction_time_active;uplink_transaction_possibility_active;uplink_latency_avg;uplink_datarate_avg;uplink_availability_avg;uplink_continuity_avg;uplink_transaction_time_avg;uplink_transaction_possibility_avg;downlink_latency_active;downlink_datarate_active;downlink_availability_active;downlink_continuity_active;downlink_integrity_active;downlink_transaction_time_active;downlink_transaction_possibility_active;downlink_latency_avg;downlink_datarate_avg;downlink_availability_avg;downlink_continuity_avg;downlink_transaction_time_avg;downlink_transaction_possibility_avg
0;1786615548;0;0;7.49103;46.91915;509.99007984;140.20801;0;0;0;-1.17364;-0.06869;385107.6185737303;5197284.755875946;0;62019;43.8087422251159;10.040115739427358;363.2348146308759;149.0740488175999;39.17934118903757;543.944106678685;8.77586311819031;38.00904892302973;6.5;86;-1;;50;;;0;288.15;350;228.8708104552863;303.8708104552864;1;;;;0;26.62819513465286;4.748715060405226;4.748715060405226;2.077562838927286;2.077562838927286;25326.4803221612;4748.715060405226;168.7424936585593;168.7424936585593;12;12;0.2;84.09175713459308;5.986542464226206;6.95564259430677;12;0.6666666666666666;0.3169017600000001;84.705547736462;5.988313752230294;6.957413882310858;12;0.6666666666666666;0.3169017600000001;0;0.10351496710688868;316901.76;1;0;1;0.05170056486906226;0;0.10351496710688868;316901.76;1;0;0.05170056486906226;0;0.10351496710688868;316901.76;1;0;1;0.05170056486906226;0;0.10351496710688868;316901.76;1;0;0.05170056486906226;0
10;1786615558;0;9.492592592591098;7.49103;46.91915;509.9829749520002;140.26596;7.900874738066844e-11;7.900874738066844e-10;0;0.657746555555564;-0.07524981481481578;385107.6185737303;5197284.755875946;0;62019;43.43934966756124;10.74372006522489;363.1602319939457;145.3709868459681;34.70298004077592;595.3876058955764;5.199390572693966;35.35131198977917;6.5;86;-1;;50;;;0;288.15;350;238.2557527478079;313.2557527478079;1;;;;0;24.28524499088258;5.269423112861884;5.269423112861884;2.305372611877074;2.305372611877074;28103.58993526338;5269.423112861884;169.5274039379252;169.5274039379252;12;12;0.2;82.55832902982074;5.98085638851443;6.949956518594994;12;0.6666666666666666;0.3169017600000001;83.04001892043852;5.982862193191478;6.951962323272042;12;0.6666666666666666;0.3169017600000001;0;0.10368656414958978;316901.76;1;0;1;0.05170056486906226;0;0.10360076562823922;316901.76;1;0;0.05170056486906226;0;0.10368656414958978;316901.76;1;0;1;0.05170056486906226;0;0.10360076562823922;316901.76;1;0;0.05170056486906226;0
20;1786615568;0;19.01915708811964;7.49103;46.91915000000002;509.982974952;140.265958467433;7.900874738066844e-11;7.900874738066844e-10;0;0.6423075095785522;-0.07513601532566494;385107.6185737303;5197284.755875946;0;62019;43.06514155392159;11.438263688032032;363.0849187488857;142.584789120973;30.82765030009047;650.7555582236568;2.380537681334751;31.46633752439283;6.5;86;-1;;50;;;0;288.15;350;247.0353528680558;322.0353528680559;1;;;;0;22.15753518485872;5.854145948388072;5.854145948388072;2.561188852419781;2.561188852419781;31222.11172473638;5854.145948388072;170.299765866569;170.299765866569;12;12;0.2;80.94542802510802;5.972274175130094;6.941374305210658;12;0.6666666666666666;0.3169017600000001;81.30707295933156;5.974482945944352;6.943583076024916;12;0.6666666666666666;0.3169017600000001;0;0.10387125175880268;316901.76;1;0;1;0.05170056486906226;0;0.10369092767176038;316901.76;1;0;0.05170056486906226;0;0.10387125175880268;316901.76;1;0;1;0.05170056486906226;0;0.10369092767176038;316901.76;1;0;0.05170056486906226;0
30;1786615578;0;28.51111111110662;7.49103;46.91915;509.9830123408;140.2659122222222;0;0;0;0.6432966666667106;-0.07568711111112036;385107.6185737303;5197284.755875946;0;62019;42.6862350809873;12.12386334905452;363.0089305373995;140.4237685524353;27.4773575697004;709.1237237139964;0.1992413575625235;28.12041530061583;0;86;-1;;50;;;0;288.15;350;254.970434982867;329.970434982867;1;;;;0;20.24709282415381;6.501978150967598;6.501978150967598;2.844615441048324;2.844615441048324;34677.21680516052;6501.978150967598;171.0458484413782;171.0458484413782;12;12;0.2;72.76808665909082;5.820930588391944;6.790030718472508;12;0.6666666666666666;0.3169017600000001;73.02401680984508;5.830981480731324;6.800081610811888;12;0.6666666666666666;0.3169017600000001;0;0.1040659470019043;316901.76;1;0;1;0.05170056486906226;0;0.10378468250429636;316901.76;1;0;0.05170056486906226;0;0.1040659470019043;316901.76;1;0;1;0.05170056486906226;0;0.10378468250429636;316901.76;1;0;0.05170056486906226;0
40;1786615588;0;38.00383141761836;7.49103;46.91915;509.9830115280002;140.2658404214559;0;0;0;0.6452322988505872;-0.07648984674329526;385107.6185737303;5197284.755875946;0;62019;42.30274517087654;12.800639822622188;362.9323236227183;138.7047672522081;24.569307164594;769.8041059497472;358.4667543306658;25.21636940228653;0;86;-1;;50;;;0;288.15;350;261.9466418446761;336.9466418446761;1;;;;0;18.04071784443409;7.215117178342686;7.215117178342686;3.156613765524926;3.156613765524926;38480.624951161;7215.117178342686;171.7590126065748;171.7590126065748;12;12;0.2;71.02978514204248;5.7354302710446;6.704530401125164;12;0.6666666666666666;0.3169017600000001;71.19485426191048;5.745013505279538;6.714113635360104;12;0.6666666666666666;0.3169017600000001;0;0.10426835496987176;316901.76;1;0;1;0.05170056486906226;0;0.10388141699741144;316901.76;1;0;0.05170056486906226;0;0.10426835496987176;316901.76;1;0;1;0.05170056486906226;0;0.10388141699741144;316901.76;1;0;0.05170056486906226;0
50;1786615598;0;47.51340996168504;7.49103;46.91915;509.982993730483;140.2659410727969;0;0;0;0.6423377777777794;-0.07693559386973324;385107.6185737303;5197284.755875946;0;63664;40.78336300041721;6.720108745146594;359.768903802662;185.4642497030935;23.54507647955947;787.3913521745692;45.42341586021648;23.94211476305636;0;168;-1;;50;;;0;288.15;350;264.3829220809572;339.3829220809572;1;;;;0;18.92993529628029;7.509942659853054;7.509942659853054;3.28559991368571;3.28559991368571;40053.02751921628;7509.942659853054;171.9552209563527;171.9552209563527;12;12;0.2;70.4097651625935;5.696219270409234;6.665319400489798;12;0.6666666666666666;0.3169017600000001;70.54354575994524;5.705128539274844;6.674228669355408;12;0.6666666666666666;0.3169017600000001;0;0.10432701970861186;316901.76;1;0;1;0.05170056486906226;0;0.10395568411594484;316901.76;1;0;0.05170056486906226;0;0.10432701970861186;316901.76;1;0;1;0.05170056486906226;0;0.10395568411594484;316901.76;1;0;0.05170056486906226;0
60;1786615608;0;57.0229885057448;7.49103;46.91915;509.9830464223448;140.2660654022989;0;0;0;0.642286666666662;-0.07577724137930656;385107.6185737303;5197284.755875946;0;61248;51.22760767246142;1.764488045567276;365.3123734420779;321.0114743525985;25.87439768792621;745.7806486078966;180.7057165569341;25.23312202615511;0;66;-1;;50;;;0;288.15;350;258.8187444281911;333.8187444281911;1;;;;0;19.81176966523754;6.874430561995816;6.874430561995816;3.00756337087317;3.00756337087317;36663.62966397769;6874.430561995818;171.4836303462474;171.4836303462474;12;12;0.2;71.7949044133685;5.77708942824148;6.746189558322044;12;0.6666666666666666;0.3169017600000001;72.00047766366148;5.787146689858352;6.756246819938916;12;0.6666666666666666;0.3169017600000001;0;0.1041882213417541;316901.76;1;0;1;0.05170056486906226;0;0.10398890371963188;316901.7600000001;1;0;0.05170056486906226;0;0.1041882213417541;316901.76;1;0;1;0.05170056486906226;0;0.10398890371963188;316901.7600000001;1;0;0.05170056486906226;0
70;1786615618;0;66.53256704980828;7.49103;46.91915;509.9830310071726;140.265942605364;6.745665058273766e-12;6.745665058273768e-11;0;0.6389951340996192;-0.07573409961685854;385107.6185737303;5197284.755875946;0;61248;51.02758664047516;2.712962271425882;365.2682969226817;324.3481749218566;28.62744278137904;691.856686469064;184.0176467700038;27.99539179409438;0;66;-1;;50;;;0;288.15;350;252.2224193312557;327.2224193312557;1;;;;0;20.90992492850239;6.261579646307504;6.261579646307504;2.739441095259533;2.739441095259533;33395.09144697335;6261.579646307502;170.8317309937759;170.8317309937759;12;12;0.2;73.327776957142;5.84219438969936;6.811294519779924;12;0.6666666666666666;0.3169017600000001;73.62002688774548;5.852291575799402;6.821391705879966;12;0.6666666666666666;0.3169017600000001;0;0.1040083503653507;316901.76;1;0;1;0.05170056486906226;0;0.10399133455034674;316901.76;1;0;0.05170056486906226;0;0.1040083503653507;316901.76;1;0;1;0.05170056486906226;0;0.10399133455034674;316901.76;1;0;0.05170056486906226;0
80;1786615628;0;76.0076628352436;7.49103;46.91915;509.9830112477244;140.2659893869732;6.745665058273766e-12;6.745665058273768e-11;0;0.6431771647509456;-0.07670544061302298;385107.6185737303;5197284.755875946;0;61248;50.81925249930832;3.652782116132163;365.222375977537;328.4428613949663;31.66207865053278;641.4255949509282;188.0756584831112;31.03620164664009;6.5;66;-1;;50;;;0;288.15;350;245.1014854851493;320.1014854851493;1;;;;0;22.62345274993231;5.71528262675223;5.71528262675223;2.500436149204101;2.500436149204101;30481.50734267856;5715.28262675223;170.174333856623;170.174333856623;12;12;0.2;81.27047605990558;5.974267650097618;6.943367780178182;12;0.6666666666666666;0.3169017600000001;81.65827960774936;5.976459872640896;6.94556000272146;12;0.6666666666666666;0.3169017600000001;0;0.10384013035122968;316901.76;1;0;1;0.05170056486906226;0;0.10397453408377818;316901.76;1;0;0.05170056486906226;0;0.10384013035122968;316901.76;1;0;1;0.05170056486906226;0;0.10397453408377818;316901.76;1;0;0.05170056486906226;0
90;1786615638;0;85.48275862068604;7.49103;46.91915;509.9830115280002;140.2659744827586;0;0;0;0.6412086206896622;-0.0767958620689678;385107.6185737303;5197284.755875946;0;61248;50.60273805635852;4.583748223075984;365.1746415149637;333.5328650491412;34.95282809931035;595.3825637313254;193.1145183813145;34.34606005713511;6.5;66;-1;;50;;;0;288.15;350;237.7090472593106;312.7090472593106;1;;;;0;24.41921706753635;5.2364992438742;5.2364992438742;2.290968419194962;2.290968419194962;27927.99596732906;5236.4992438742;169.5273303793438;169.5273303793438;12;12;0.2;82.60573065007192;5.981063745351988;6.950163875432552;12;0.6666666666666666;0.3169017600000001;83.09500662978764;5.983077394162608;6.952177524243172;12;0.6666666666666666;0.3169017600000001;0;0.10368654733074022;316901.76;1;0;1;0.05170056486906226;0;0.10394573540847438;316901.76;1;0;0.05170056486906226;0;0.10368654733074022;316901.76;1;0;1;0.05170056486906226;0;0.10394573540847438;316901.76;1;0;0.05170056486906226;0
100;1786615648;0;94.9578544061288;7.49103;46.91915;509.983009986483;140.2658142145594;0;0;0;0.6422574329502094;-0.07674114942528706;385107.6185737303;5197284.755875946;0;61248;50.37817828490366;5.50568057836899;365.1251256781798;339.9211555759495;38.40853281690731;554.8276123851804;199.4304530462073;37.82894335875671;6.5;66;-1;;50;;;0;288.15;350;230.4227003484407;305.4227003484407;1;;;;0;26.22879575120556;4.82886124975232;4.82886124975232;2.11262679676664;2.11262679676664;25753.9266653457;4828.86124975232;168.9145694766614;168.9145694766614;12;12;0.2;83.80447116930456;5.985623665305184;6.954723795385748;12;0.6666666666666666;0.3169017600000001;84.39613848698876;5.987452046243138;6.956552176323704;12;0.6666666666666666;0.3169017600000001;0;0.1035512705742244;316901.76;1;0;1;0.05170056486906226;0;0.1039098749689971;316901.76;1;0;0.05170056486906226;0;0.1035512705742244;316901.76;1;0;1;0.05170056486906226;0;0.1039098749689971;316901.76;1;0;0.05170056486906226;0
110;1786615658;0;104.41851851851554;7.49103;46.91915;509.9830268357334;140.2659667407407;0;0;0;0.6435545185185382;-0.07569851851852358;385107.6185737303;5197284.755875946;0;61248;50.14571284613758;6.418407237234196;365.073862458391;347.9515885997959;41.8279164204052;521.0500381899684;207.3628509846871;41.29218020524329;6.5;66;-1;;50;;;0;288.15;350;223.7512971670634;298.7512971670634;1;;;;0;27.93618750131293;4.498455149777967;4.498455149777967;1.968074128027861;1.968074128027861;23991.76079881583;4498.455149777967;168.3689967841158;168.3689967841158;12;12;0.2;84.8250026305633;5.988630393357068;6.957730523437632;12;0.6666666666666666;0.3169017600000001;85.51258507755768;5.990293327538556;6.95939345761912;12;0.6666666666666666;0.3169017600000001;0;0.10343860071448024;316901.76;1;0;1;0.05170056486906226;0;0.10387060211445404;316901.76;1;0;0.05170056486906226;0;0.10343860071448024;316901.76;1;0;1;0.05170056486906226;0;0.10387060211445404;316901.76;1;0;0.05170056486906226;0
120;1786615668;0;113.91111111110662;7.49103;46.91915;509.9830147792002;140.2659617777778;0;0;0;0.6446959999999766;-0.07624222222221932;385107.6185737303;5197284.755875946;0;61248;49.90548034099568;7.3217862030422;365.020886481294;357.9027221526639;44.8592572401552;495.4426980521402;217.1907913922071;44.39351135420931;6.5;66;-1;;50;;;0;288.15;350;218.3031558072848;293.3031558072848;1;;;;0;29.37568120102879;4.253100929827761;4.253100929827761;1.860731656799645;1.860731656799645;22683.20495908139;4253.100929827761;167.931276784092;167.931276784092;12;12;0.2;85.61541932176548;5.990520219107944;6.959620349188508;12;0.6666666666666666;0.3169017600000001;86.38293240711914;5.992054454327604;6.961154584408168;12;0.6666666666666666;0.3169017600000001;0;0.1033531838220452;316901.76;1;0;1;0.05170056486906226;0;0.10383080070734566;316901.7599999999;1;0;0.05170056486906226;0;0.1033531838220452;316901.76;1;0;1;0.05170056486906226;0;0.10383080070734566;316901.7599999999;1;0;0.05170056486906226;0
130;1786615678;0;123.40370370370042;7.49103;46.91915;509.9830115280002;140.2658701851852;0;0;0;0.6448491481481506;-0.0767595925925965;385107.6185737303;5197284.755875946;0;61248;49.65762056460102;8.215693689398028;364.9662335550147;9.744129601067998;47.01601607729788;479.3206272189454;228.9048161639217;46.65267771095272;6.5;66;-1;;50;;;0;288.15;350;214.6946008942012;289.6946008942013;1;;;;0;30.10512566526586;4.100913562481818;4.100913562481818;1.794149683585796;1.794149683585796;21871.53899990303;4100.913562481818;167.6439305217372;167.6439305217372;12;12;0.2;86.12153492468012;5.991562013099244;6.96066214317981;12;0.6666666666666666;0.3169017600000001;86.94281135586582;5.993014719334994;6.962114849415558;12;0.6666666666666666;0.3169017600000001;0;0.10329940638234326;316901.76;1;0;1;0.05170056486906226;0;0.10379284396984548;316901.7599999999;1;0;0.05170056486906226;0;0.10329940638234326;316901.76;1;0;1;0.05170056486906226;0;0.10379284396984548;316901.7599999999;1;0;0.05170056486906226;0
140;1786615688;0;132.8927203065127;7.49103;46.91915;509.983048104;140.2660335632184;0;0;0;0.6436630651340948;-0.07588662835249156;385107.6185737303;5197284.755875946;0;61248;49.40227733533456;9.100013002235746;364.909941341406;22.83766718348025;47.8223727872513;473.6560703922208;241.9071052062661;47.58971366421768;6.5;66;-1;;50;;;0;288.15;350;213.4021462198553;288.4021462198553;1;;;;0;30.46146526917858;4.048217878093587;4.048217878093587;1.771095321665945;1.771095321665945;21590.49534983246;4048.217878093587;167.5406702950288;167.5406702950288;12;12;0.2;86.30054519769656;5.991902427488972;6.961002557569536;12;0.6666666666666666;0.3169017600000001;87.14124076144756;5.993326456265812;6.962426586346378;12;0.6666666666666666;0.3169017600000001;0;0.1032805114546172;316901.76;1;0;1;0.05170056486906226;0;0.10375868846883026;316901.7599999999;1;0;0.05170056486906226;0;0.1032805114546172;316901.76;1;0;1;0.05170056486906226;0;0.10375868846883026;316901.7599999999;1;0;0.05170056486906226;0
150;1786615698;0;142.3678160919517;7.49103;46.91915;509.983038434483;140.2659542528736;0;0;0;0.643691149425318;-0.07606137931035012;385107.6185737303;5197284.755875946;0;61248;49.13959222049842;9.974655572275958;364.852048016498;35.95779268852121;47.06687580424004;478.8214561825892;255.0032604902042;46.97763524300106;6.5;66;-1;;50;;;0;288.15;350;214.6121739125848;289.6121739125848;1;;;;0;30.12778677840118;4.097525288062477;4.097525288062477;1.792667313527334;1.792667313527334;21853.46820299988;4097.525288062477;167.6348802044623;167.6348802044623;12;12;0.2;86.13545588643274;5.9915889909552;6.960689121035764;12;0.6666666666666666;0.3169017600000001;86.95796819418936;5.993039035917834;6.9621391659984;12;0.6666666666666666;0.3169017600000001;0;0.10329774132699232;316901.76;1;0;1;0.05170056486906226;0;0.10372987927246538;316901.7599999999;1;0;0.05170056486906226;0;0.10329774132699232;316901.76;1;0;1;0.05170056486906226;0;0.10372987927246538;316901.7599999999;1;0;0.05170056486906226;0
160;1786615708;0;151.8429118773908;7.49103;46.91915;509.9830115280002;140.2658414176245;0;0;0;0.6448752107279848;-0.07683134099616468;385107.6185737303;5197284.755875946;0;61248;48.8697071185281;10.83954940136904;364.7925928805126;47.86478222218102;44.94590727943044;494.4775264780208;266.9522663491121;44.99200013910993;6.5;66;-1;;50;;;0;288.15;350;218.1538992966651;293.1538992966652;1;;;;0;29.16575871047451;4.246651826403365;4.246651826403365;1.857910174051472;1.857910174051472;22648.80974081794;4246.651826403364;167.9143393052461;167.9143393052461;12;12;0.2;85.641627386784;5.990577191984468;6.959677322065034;12;0.6666666666666666;0.3169017600000001;86.4113510783461;5.99210623031599;6.961206360396554;12;0.6666666666666666;0.3169017600000001;0;0.10334996435621688;316901.76;1;0;1;0.05170056486906226;0;0.10370753133621546;316901.7599999999;1;0;0.05170056486906226;0;0.10334996435621688;316901.76;1;0;1;0.05170056486906226;0;0.10370753133621546;316901.7599999999;1;0;0.05170056486906226;0
170;1786615718;0;161.3180076628346;7.49103;46.91915;509.9830231594484;140.2660509195403;0;0;0;0.6416836781609234;-0.0767277011494252;385107.6185737303;5197284.755875948;0;61248;48.5927673870882;11.694628173974306;364.7316170831482;57.89337776120886;41.93004592188376;519.6756294266364;277.0633671852343;42.08818565564025;6.5;66;-1;;50;;;0;288.15;350;223.5605705627217;298.5605705627218;1;;;;0;27.23584235717351;4.489520690111855;4.489520690111855;1.964165301923936;1.964165301923936;23944.11034726323;4489.520690111855;168.346055157619;168.346055157619;12;12;0.2;84.86078754283014;5.988723570495904;6.957823700576468;12;0.6666666666666666;0.3169017600000001;85.5511434660974;5.990379030827372;6.959479160907936;12;0.6666666666666666;0.3169017600000001;0;0.10343401618032452;316901.76;1;0;1;0.05170056486906226;0;0.10369233604977706;316901.7599999999;1;0;0.05170056486906226;0;0.10343401618032452;316901.76;1;0;1;0.05170056486906226;0;0.10369233604977706;316901.7599999999;1;0;0.05170056486906226;0
180;1786615728;0;170.8275862068908;7.49103;46.91915;509.9830052217932;140.2658834482759;0;0;0;0.6488031034483042;-0.07704034482758488;385107.6185737303;5197284.755875946;0;61248;48.30891392374514;12.53985486351499;364.6691619120002;65.99443450722736;38.50953429591539;553.1110716259994;285.2457003294615;38.75702562137628;6.5;66;-1;;50;;;0;288.15;350;230.217784753151;305.217784753151;1;;;;0;25.53044022654467;4.818155907567494;4.818155907567494;2.107943209560778;2.107943209560778;25696.83150702664;4818.155907567494;168.8876551794386;168.8876551794386;12;12;0.2;83.84677439591804;5.985762792571224;6.954862922651788;12;0.6666666666666666;0.3169017600000001;84.44135647991078;5.98758182995301;6.956681960033574;12;0.6666666666666666;0.3169017600000001;0;0.10354554481057232;316901.76;1;0;1;0.05170056486906226;0;0.10368461019508208;316901.7599999999;1;0;0.05170056486906226;0;0.10354554481057232;316901.76;1;0;1;0.05170056486906226;0;0.10368461019508208;316901.7599999999;1;0;0.05170056486906226;0
190;1786615738;0;180.3259259259244;7.49103;46.91915;509.9830353701336;140.2659621481481;0;0;0;0.6436271111111126;-0.0758619259259277;385107.6185737303;5197284.755875946;0;61248;48.01829184408468;13.375193535656204;364.605270731815;72.4398478489257;35.0427026685247;593.3896254221128;291.7733092971513;35.35388933301324;6.5;66;-1;;50;;;0;288.15;350;237.5130149097914;312.5130149097914;1;;;;0;23.71732021973617;5.224780572642078;5.224780572642078;2.285841500530909;2.285841500530909;27865.49638742441;5224.780572642078;169.498207123291;169.498207123291;12;12;0.2;82.65169949602086;5.98126269374638;6.950362823826944;12;0.6666666666666666;0.3169017600000001;83.14369885277688;5.983265704323032;6.952365834403596;12;0.6666666666666666;0.3169017600000001;0;0.10367989960410124;316901.76;1;0;1;0.05170056486906226;0;0.10368437466553304;316901.7599999999;1;0;0.05170056486906226;0;0.10367989960410124;316901.76;1;0;1;0.05170056486906226;0;0.10368437466553304;316901.7599999999;1;0;0.05170056486906226;0
200;1786615748;0;189.7777777777747;7.49103;46.91915;509.9830196560002;140.2659566666667;0;0;0;0.6437466666666498;-0.0763222222222217;385107.6185737303;5197284.755875946;0;61248;47.72104233921142;14.200632559586638;364.539987217353;77.57375928532454;31.73626836567283;639.2151695592726;296.9730993474181;32.09785029994214;6.5;66;-1;;50;;;0;288.15;350;244.9305847087883;319.9305847087883;1;;;;0;21.91468284555481;5.70331241919057;5.70331241919057;2.495199183395875;2.495199183395875;30417.66623568304;5703.31241919057;170.144349600923;170.144349600923;12;12;0.2;81.31766748897542;5.974544936589414;6.943645066669978;12;0.6666666666666666;0.3169017600000001;81.707790335159;5.976725998729432;6.945826128809996;12;0.6666666666666666;0.3169017600000001;0;0.10383275716577198;316901.76;1;0;1;0.05170056486906226;0;0.10369144049887776;316901.7599999999;1;0;0.05170056486906226;0;0.10383275716577198;316901.76;1;0;1;0.05170056486906226;0;0.10369144049887776;316901.7599999999;1;0;0.05170056486906226;0
210;1786615758;0;199.2528735632138;7.49103;46.91915;509.9830388548966;140.2659697701149;0;0;0;0.6451495402298496;-0.0764624137931036;385107.6185737303;5197284.755875948;0;62220;51.92520287635484;6.621126012617854;364.9265536871081;353.8622965983778;29.33628265666174;678.6735957477752;213.3632828870076;28.8403524718676;6.5;103;-1;;50;;;0;288.15;350;250.5393783573228;325.5393783573228;1;;;;0;21.31486829944152;6.123266335140152;6.123266335140152;2.678929021623816;2.678929021623816;32657.42045408081;6123.266335140152;170.6646272028666;170.6646272028666;12;12;0.2;80.19370613285438;5.967054554843788;6.936154684924352;12;0.6666666666666666;0.3169017600000001;80.50835127807066;5.96934892406623;6.938449054146794;12;0.6666666666666666;0.3169017600000001;0;0.1039643763080671;316901.76;1;0;1;0.05170056486906226;0;0.10370384667202272;316901.7599999999;1;0;0.05170056486906226;0;0.1039643763080671;316901.76;1;0;1;0.05170056486906226;0;0.10370384667202272;316901.7599999999;1;0;0.05170056486906226;0
220;1786615768;0;208.7624521072735;7.49103;46.91915;509.9830567925518;140.265956743295;0;0;0;0.643160114942495;-0.07592229885058106;385107.6185737304;5197284.755875946;0;62220;52.08253870998422;7.608550791435018;364.9594215611706;0.8046826051810868;28.64358445794492;690.963668224151;220.2822068562459;28.20308278776438;0;103;-1;;50;;;0;288.15;350;252.1839892416928;327.1839892416928;1;;;;0;20.9192026564956;6.258349756452684;6.258349756452684;2.738028018448049;2.738028018448049;33377.86536774765;6258.349756452684;170.8205123868584;170.8205123868584;12;12;0.2;73.3436385307258;5.842759396170524;6.811859526251088;12;0.6666666666666666;0.3169017600000001;73.63639854117068;5.852838035329134;6.821938165409698;12;0.6666666666666666;0.3169017600000001;0;0.10400537157712212;316901.76;1;0;1;0.05170056486906226;0;0.1037169564505053;316901.7599999999;1;0;0.05170056486906226;0;0.10400537157712212;316901.76;1;0;1;0.05170056486906226;0;0.1037169564505053;316901.7599999999;1;0;0.05170056486906226;0
230;1786615778;0;218.2720306513402;7.49103;46.91915;509.9830314275864;140.2659936781609;0;0;0;0.6462342145593962;-0.07642609195402484;385107.6185737304;5197284.755875946;0;62220;52.2308352948486;8.603020462172998;364.9902885935672;7.330444811362796;27.605443022426;710.2847959165056;226.7929766168332;27.21994996985437;0;103;-1;;50;;;0;288.15;350;254.6635713975482;329.6635713975482;1;;;;0;20.07127882498321;6.474164979106568;6.474164979106568;2.832447178359124;2.832447178359124;34528.87988856837;6474.164979106568;171.0600585114499;171.0600585114499;12;12;0.2;72.79385802356934;5.821968632414246;6.79106876249481;12;0.6666666666666666;0.3169017600000001;73.05382887477646;5.832115669856512;6.801215799937076;12;0.6666666666666666;0.3169017600000001;0;0.1040698199218912;316901.76;1;0;1;0.05170056486906226;0;0.10373165909514638;316901.7599999999;1;0;0.05170056486906226;0;0.1040698199218912;316901.76;1;0;1;0.05170056486906226;0;0.10373165909514638;316901.7599999999;1;0;0.05170056486906226;0
240;1786615788;0;227.7816091954;7.49103;46.91915;509.9830115280002;140.2658302298851;0;0;0;0.6463833333333402;-0.07690471264367598;385107.6185737303;5197284.755875946;0;62220;52.36998513538546;9.604199885561778;365.0191331823771;13.328483378324412;26.30913295883355;736.0811458319568;232.7871779095003;25.98080754759081;0;103;-1;;50;;;0;288.15;350;257.7744628359817;332.7744628359817;1;;;;0;19.31670481022729;6.768737951733152;6.768737951733152;2.961322853883254;2.961322853883254;36099.93574257681;6768.737951733152;171.369922017751;171.369922017751;12;12;0.2;72.0605458691175;5.790000889251346;6.75910101933191;12;0.6666666666666666;0.3169017600000001;72.27972640190678;5.800102008462842;6.769202138543406;12;0.6666666666666666;0.3169017600000001;0;0.10415586728308082;316901.76;1;0;1;0.05170056486906226;0;0.10374862742266376;316901.7599999999;1;0;0.05170056486906226;0;0.10415586728308082;316901.76;1;0;1;0.05170056486906226;0;0.10374862742266376;316901.7599999999;1;0;0.05170056486906226;0
250;1786615798;0;237.2911877394617;7.49103;46.91915;509.983022178483;140.2659107662835;0;0;0;0.6406916475095834;-0.07664609195402238;385107.6185737303;5197284.755875946;0;63143;43.16084362289287;1.89854358623709;362.0148176812327;228.5363279337909;26.92101068806366;718.1401282160816;88.59671201522502;26.86190715480456;0;152;-1;;50;;;0;288.15;350;256.3049268824614;331.3049268824614;1;;;;0;20.92395775081366;6.626002065827402;6.626002065827402;2.898875903799488;2.898875903799488;35338.67768441281;6626.002065827402;171.1555920408634;171.1555920408634;12;12;0.2;72.4800586819946;5.808918201986254;6.778018332066818;12;0.6666666666666666;0.3169017600000001;72.7184601816504;5.818914958736734;6.788015088817298;12;0.6666666666666666;0.3169017600000001;0;0.10409602249000108;316901.76;1;0;1;0.05170056486906226;0;0.1037619887714075;316901.7599999999;1;0;0.05170056486906226;0;0.10409602249000108;316901.76;1;0;1;0.05170056486906226;0;0.1037619887714075;316901.7599999999;1;0;0.05170056486906226;0
260;1786615808;0;246.8007662835251;7.49103;46.91915;509.9830115280002;140.2659219157088;0;0;0;0.6489162452107272;-0.07687586206896552;385107.6185737303;5197284.755875946;0;63143;43.15245366572688;2.752227148434969;362.0255379853134;223.4280476926731;29.1155213270898;677.3967868539724;83.52649619842508;29.11437543761273;6.5;152;-1;;50;;;0;288.15;350;251.06249426909;326.06249426909;1;;;;0;22.1890256616739;6.165582058496518;6.165582058496518;2.697442150592226;2.697442150592226;32883.10431198142;6165.582058496516;170.6482707886863;170.6482707886863;12;12;0.2;80.14923369470984;5.966716751140212;6.935816881220776;12;0.6666666666666666;0.3169017600000001;80.45690567388016;5.968984979990434;6.938085110071;12;0.6666666666666666;0.3169017600000001;0;0.10396011733203306;316901.76;1;0;1;0.05170056486906226;0;0.1037693268662455;316901.7599999999;1;0;0.05170056486906226;0;0.10396011733203306;316901.76;1;0;1;0.05170056486906226;0;0.1037693268662455;316901.7599999999;1;0;0.05170056486906226;0
270;1786615818;0;256.2758620689605;7.49103;46.91915;509.983058193931;140.2660831034483;0;0;0;0.6435865517241524;-0.07601448275862666;385107.6185737303;5197284.755875946;0;63143;43.13707230584944;3.605564517675701;362.0343104477461;217.460086958055;31.26853260970722;642.0519781125764;77.58641964867124;31.33485483785663;6.5;152;-1;;50;;;0;288.15;350;246.0109398505798;321.0109398505798;1;;;;0;23.40428654991831;5.779792711448522;5.779792711448522;2.528659311258728;2.528659311258728;30825.56112772545;5779.792711448522;170.1828119096242;170.1828119096242;12;12;0.2;81.16926476015342;5.973662757451506;6.94276288753207;12;0.6666666666666666;0.3169017600000001;81.54474687226224;5.975838106542386;6.94493823662295;12;0.6666666666666666;0.3169017600000001;0;0.10384221974055532;316901.76;1;0;1;0.05170056486906226;0;0.10377193018318514;316901.7599999999;1;0;0.05170056486906226;0;0.10384221974055532;316901.76;1;0;1;0.05170056486906226;0;0.10377193018318514;316901.7599999999;1;0;0.05170056486906226;0
280;1786615828;0;265.7854406130238;7.49103;46.91915;509.9830559517242;140.2659585440613;0;0;0;0.6445677777777532;-0.07635348659003736;385107.6185737303;5197284.755875946;0;63143;43.11470692914728;4.458345892631867;362.0411357518888;210.5626511493376;33.2478978082703;613.0449683649692;70.7133016118123;33.39103290130332;6.5;152;-1;;50;;;0;288.15;350;241.4889680467603;316.4889680467603;1;;;;0;24.49733606341977;5.47183101177002;5.47183101177002;2.393926067649384;2.393926067649384;29183.0987294401;5471.831011770018;169.7812547880649;169.7812547880649;12;12;0.2;82.01351682500064;5.978304114580756;6.94740424466132;12;0.6666666666666666;0.3169017600000001;82.45061150569376;5.980376718998738;6.949476849079302;12;0.6666666666666666;0.3169017600000001;0;0.10374546277094666;316901.76;1;0;1;0.05170056486906226;0;0.1037710175137976;316901.7599999999;1;0;0.05170056486906226;0;0.10374546277094666;316901.76;1;0;1;0.05170056486906226;0;0.1037710175137976;316901.7599999999;1;0;0.05170056486906226;0
290;1786615838;0;275.2605363984661;7.49103;46.91915;509.9830385746208;140.26595;0;0;0;0.644087203065125;-0.0764239463601534;385107.6185737303;5197284.755875946;0;63143;43.08536799387979;5.31037281156716;362.0460158019833;202.7500905050896;34.8814479586129;591.3126572539146;62.909796471453;35.10898313744858;6.5;152;-1;;50;;;0;288.15;350;237.8649770065245;312.8649770065245;1;;;;0;25.38102099946412;5.245853177680348;5.245853177680348;2.295060765235152;2.295060765235152;27977.88361429519;5245.853177680348;169.4677516493087;169.4677516493087;12;12;0.2;82.6518631002607;5.981263398070764;6.950363528151328;12;0.6666666666666666;0.3169017600000001;83.13897404666126;5.983247523814564;6.952347653895128;12;0.6666666666666666;0.3169017600000001;0;0.10367297158402342;316901.76;1;0;1;0.05170056486906226;0;0.10376774931613846;316901.7599999999;1;0;0.05170056486906226;0;0.10367297158402342;316901.76;1;0;1;0.05170056486906226;0;0.10376774931613846;316901.7599999999;1;0;0.05170056486906226;0
300;1786615848;0;284.7701149425294;7.49103;46.91915;509.9830565122758;140.2660262068966;0;0;0;0.6439675862069016;-0.0760239080459765;385107.6185737303;5197284.755875946;0;63143;43.0490690670133;6.16144821492508;362.0489535803636;194.1731832128524;35.98243285343372;577.6792743018016;54.3211515724959;36.29832044745914;6.5;152;-1;;50;;;0;288.15;350;235.4835627244749;310.4835627244749;1;;;;0;25.96687121458843;5.10605987265279;5.10605987265279;2.233901194285596;2.233901194285596;27232.31932081488;5106.059872652792;169.2651438710979;169.2651438710979;12;12;0.2;83.05542375444864;5.982922755770368;6.952022885850932;12;0.6666666666666666;0.3169017600000001;83.57571806609488;5.984847487378128;6.953947617458692;12;0.6666666666666666;0.3169017600000001;0;0.10362749551353432;316901.76;1;0;1;0.05170056486906226;0;0.10376322499992544;316901.7599999999;1;0;0.05170056486906226;0;0.10362749551353432;316901.76;1;0;1;0.05170056486906226;0;0.10376322499992544;316901.7599999999;1;0;0.05170056486906226;0
310;1786615858;0;294.2796934865889;7.49103;46.91915;509.9830319881382;140.2659463601533;0;0;0;0.6450763984674438;-0.0763770498084316;385107.6185737304;5197284.755875946;0;63143;43.00582735853676;7.011366556204874;362.0499531449823;185.1430475059935;36.39844418489104;572.7252102580202;45.25673991487648;36.79998459593057;6.5;152;-1;;50;;;0;288.15;350;234.5971948984786;309.5971948984785;1;;;;0;26.18610420509595;5.055637030878108;5.055637030878108;2.211841201009172;2.211841201009172;26963.39749801658;5055.637030878108;169.19033414961;169.19033414961;12;12;0.2;83.20271631098766;5.983491144295496;6.952591274376062;12;0.6666666666666666;0.3169017600000001;83.73542658340094;5.98539366936099;6.954493799441554;12;0.6666666666666666;0.3169017600000001;0;0.10361097053463114;316901.76;1;0;1;0.05170056486906226;0;0.10375846704788498;316901.7599999999;1;0;0.05170056486906226;0;0.10361097053463114;316901.76;1;0;1;0.05170056486906226;0;0.10375846704788498;316901.7599999999;1;0;0.05170056486906226;0
320;1786615868;0;303.7547892720282;7.49103;46.91915;509.9830204968278;140.2658616858238;0;0;0;0.6482363218390838;-0.07701214559386732;385107.6185737303;5197284.755875946;0;63143;42.95566280824628;7.859934709687002;362.049019697497;176.0873123067106;36.06576889806512;576.6746660699046;36.14751557195232;36.54506126897155;6.5;152;-1;;50;;;0;288.15;350;235.3054036385144;310.3054036385144;1;;;;0;25.76085040892235;5.095857129243608;5.095857129243608;2.229437494044079;2.229437494044079;27177.90468929925;5095.85712924361;169.2500255990852;169.2500255990852;12;12;0.2;83.08520847011202;5.983039246346762;6.952139376427326;12;0.6666666666666666;0.3169017600000001;83.6079955293504;5.984959491771908;6.954059621852472;12;0.6666666666666666;0.3169017600000001;0;0.1036241445011753;316901.76;1;0;1;0.05170056486906226;0;0.10375439666768166;316901.7599999999;1;0;0.05170056486906226;0;0.1036241445011753;316901.76;1;0;1;0.05170056486906226;0;0.10375439666768166;316901.7599999999;1;0;0.05170056486906226;0
330;1786615878;0;313.2643678160896;7.49103;46.91915;509.9830577735172;140.26588;0;0;0;0.6405895402299002;-0.0765848275862057;385107.6185737303;5197284.755875946;0;60730;47.11813150483668;2.013358243687558;364.3453852163684;275.0430417682932;37.95780500826867;558.59218272088;135.0863470553213;37.45115827894783;6.5;46;-1;;50;;;0;288.15;350;231.3428683430718;306.3428683430718;1;;;;0;26.99747615508841;4.877406512658068;4.877406512658068;2.133865349287904;2.133865349287904;26012.83473417636;4877.406512658066;168.9733052153579;168.9733052153579;12;12;0.2;83.67595161518102;5.985192608280586;6.95429273836115;12;0.6666666666666666;0.3169017600000001;84.25455431451104;5.987036849690158;6.956136979770722;12;0.6666666666666666;0.3169017600000001;0;0.10356382782920278;316901.76;1;0;1;0.05170056486906226;0;0.10374879170184404;316901.7599999999;1;0;0.05170056486906226;0;0.10356382782920278;316901.76;1;0;1;0.05170056486906226;0;0.10374879170184404;316901.7599999999;1;0;0.05170056486906226;0
340;1786615888;0;322.7394636015339;7.49103;46.91915;509.9829844813794;140.2659587356322;6.745665058273766e-12;6.745665058273768e-11;0;0.6509880076628376;-0.07686597701149384;385107.6185737303;5197284.755875946;0;60730;47.42796788222762;2.819384976522813;364.4144027501916;280.7850231586603;42.52035154811508;514.0035539711606;140.8401174648281;41.96802782133197;6.5;46;-1;;50;;;0;288.15;350;222.4679640752646;297.4679640752646;1;;;;0;29.27126710465007;4.438841331044688;4.438841331044688;1.941993082332051;1.941993082332051;23673.82043223833;4438.841331044688;168.2507305797347;168.2507305797347;12;12;0.2;85.02896369937344;5.989151357648562;6.958251487729126;12;0.6666666666666666;0.3169017600000001;85.7352421321294;5.99077791951583;6.959878049596394;12;0.6666666666666666;0.3169017600000001;0;0.1034150961731525;316901.76;1;0;1;0.05170056486906226;0;0.10373925754388142;316901.7599999999;1;0;0.05170056486906226;0;0.1034150961731525;316901.76;1;0;1;0.05170056486906226;0;0.10373925754388142;316901.7599999999;1;0;0.05170056486906226;0
350;1786615898;0;332.2145593869677;7.49103;46.91915;509.9830559517242;140.2660714176245;6.745665058273766e-12;6.745665058273768e-11;0;0.6414480459770078;-0.07590409961686194;385107.6185737303;5197284.755875946;0;60730;47.73145363838562;3.635301897954474;364.4821175438729;288.6294702149704;47.38388328685908;476.136037809593;148.6546569293157;46.79725404849976;6.5;46;-1;;50;;;0;288.15;350;214.1011652504277;289.1011652504277;1;;;;0;31.01839549566467;4.07660395544368;4.07660395544368;1.78351423050661;1.78351423050661;21741.88776236629;4076.60395544368;167.5860292152807;167.5860292152807;12;12;0.2;86.21438129125394;5.991740321779224;6.960840451859788;12;0.6666666666666666;0.3169017600000001;87.0445633133524;5.993176349911384;6.96227647999195;12;0.6666666666666666;0.3169017600000001;0;0.10328878373549416;316901.76;1;0;1;0.05170056486906226;0;0.10372674438253734;316901.7599999999;1;0;0.05170056486906226;0;0.10328878373549416;316901.76;1;0;1;0.05170056486906226;0;0.10372674438253734;316901.7599999999;1;0;0.05170056486906226;0
360;1786615908;0;341.6896551724116;7.49103;46.91915;509.9830594551724;140.2659141379311;0;0;0;0.643326896551714;-0.07627068965517298;385107.6185737303;5197284.755875946;0;60730;48.02844922650404;4.461122854719275;364.54848377888;299.4831729967871;52.11964410160444;446.7065675659421;159.4158048046821;51.49084207003426;6.5;46;-1;;50;;;0;288.15;350;207.024732540937;282.024732540937;1;;;;0;33.01601158337735;3.800861952845881;3.800861952845881;1.662877104370073;1.662877104370073;20271.26374851136;3800.861952845881;167.0318548948328;167.0318548948328;12;12;0.2;87.16493474043618;5.993362738516352;6.962462868596916;12;0.6666666666666666;0.3169017600000001;88.10274322361566;5.994651001116944;6.963751131197508;12;0.6666666666666666;0.3169017600000001;0;0.10319061758935432;316901.76;1;0;1;0.05170056486906226;0;0.10371225446920808;316901.7599999999;1;0;0.05170056486906226;0;0.10319061758935432;316901.76;1;0;1;0.05170056486906226;0;0.10371225446920808;316901.7599999999;1;0;0.05170056486906226;0
370;1786615918;0;351.1302681992261;7.49103;46.91915;509.9830751506208;140.2660739463601;0;0;0;0.6422081992336342;-0.07606252873562854;385107.6185737303;5197284.755875946;0;60730;48.31881063216908;5.296839009109716;364.6134558522126;314.1446177939858;55.89942146493728;427.4649935077632;173.8686256382003;55.252763608252;6.5;46;-1;;50;;;0;288.15;350;202.1039174470475;277.1039174470476;1;;;;0;33.96630691881114;3.622949179063918;3.622949179063918;1.585040265840464;1.585040265840464;19322.39562167423;3622.949179063918;166.649419237621;166.649419237621;12;12;0.2;87.8031200099595;5.994269193640696;6.96336932372126;12;0.6666666666666666;0.3169017600000001;88.81737379854104;5.9954621512657;6.964562281346264;12;0.6666666666666666;0.3169017600000001;0;0.10312643460694526;316901.76;1;0;1;0.05170056486906226;0;0.10369683815704326;316901.7599999999;1;0;0.05170056486906226;0;0.10312643460694526;316901.76;1;0;1;0.05170056486906226;0;0.10369683815704326;316901.7599999999;1;0;0.05170056486906226;0
380;1786615928;0;360.5708812260505;7.49103;46.91915;509.9830429188968;140.2659443295019;6.745665058273766e-12;6.745665058273768e-11;0;0.642389003831379;-0.0762483524904202;385107.6185737303;5197284.755875946;0;60730;48.60239673250812;6.142438065806028;364.676990003115;332.1225055114513;57.61857860472994;419.8161464077155;191.5376746297336;57.00498542311666;6.5;46;-1;;50;;;0;288.15;350;200.0707034128938;275.0707034128938;1;;;;0;34.58166856042453;3.552391023987758;3.552391023987758;1.554171072994644;1.554171072994644;18946.08546126804;3552.391023987758;166.4925908992701;166.4925908992701;12;12;0.2;88.06137569623244;5.994599839083586;6.96369996916415;12;0.6666666666666666;0.3169017600000001;89.10761275941702;5.995755360787894;6.964855490868458;12;0.6666666666666666;0.3169017600000001;0;0.1031009207993229;316901.76;1;0;1;0.05170056486906226;0;0.10368155822479402;316901.7599999999;1;0;0.05170056486906226;0;0.1031009207993229;316901.76;1;0;1;0.05170056486906226;0;0.10368155822479402;316901.7599999999;1;0;0.05170056486906226;0
390;1786615938;0;370.0459770114963;7.491030000000002;46.91915;509.9830497856552;140.2660172413793;6.745665058273766e-12;6.745665058273768e-11;0;0.6463456321838896;-0.07648172413792896;385107.6185737304;5197284.755875946;0;60730;48.87906579248986;6.997893780797638;364.7390435097159;350.5804828968151;56.59927501324486;424.3876628076618;209.7298412144013;56.07790561512584;6.5;46;-1;;50;;;0;288.15;350;201.2610489648955;276.2610489648955;1;;;;0;34.22020096466418;3.593499082424144;3.593499082424144;1.572155848560563;1.572155848560563;19165.32843959544;3593.499082424144;166.5866631473072;166.5866631473072;12;12;0.2;87.90821061419298;5.994406115161632;6.963506245242196;12;0.6666666666666666;0.3169017600000001;88.93569449271784;5.99558405107652;6.964684181157084;12;0.6666666666666666;0.3169017600000001;0;0.10311616973663922;316901.76;1;0;1;0.05170056486906226;0;0.10366742351259014;316901.7599999999;1;0;0.05170056486906226;0;0.10311616973663922;316901.76;1;0;1;0.05170056486906226;0;0.10366742351259014;316901.7599999999;1;0;0.05170056486906226;0
400;1786615948;0;379.5037037037011;7.49103;46.91915;509.9830296805334;140.2659194814815;0;0;0;0.6502132592592394;-0.07685777777777582;385107.6185737303;5197284.755875946;0;60730;49.1486724668067;7.86315476599199;364.7995739892295;6.248453776046726;53.26203244657332;440.7983508005627;225.293199796899;52.8623470137995;6.5;46;-1;;50;;;0;288.15;350;205.4709539119223;280.4709539119223;1;;;;0;32.71815737964733;3.74354497421833;3.74354497421833;1.637800926220519;1.637800926220519;19965.57319583109;3743.54497421833;166.916207362453;166.916207362453;12;12;0.2;87.3629754295931;5.993658388323406;6.96275851840397;12;0.6666666666666666;0.3169017600000001;88.32477695724334;5.994917440652214;6.964017570732778;12;0.6666666666666666;0.3169017600000001;0;0.10317090989955852;316901.76;1;0;1;0.05170056486906226;0;0.10365531342446744;316901.7599999999;1;0;0.05170056486906226;0;0.10317090989955852;316901.76;1;0;1;0.05170056486906226;0;0.10365531342446744;316901.7599999999;1;0;0.05170056486906226;0
410;1786615958;0;388.9961685823747;7.49103;46.91915;509.983048104;140.2658701532567;0;0;0;0.650873026819918;-0.07604099616858258;385107.6185737303;5197284.755875946;0;60730;49.41107575401714;8.738168005405772;364.8585411527502;18.04548379208834;48.68973248986118;467.8016480970542;237.1125996951421;48.4035883304888;6.5;46;-1;;50;;;0;288.15;350;212.0460513599968;287.0460513599968;1;;;;0;30.83859069583252;3.99389813352804;3.99389813352804;1.747330433418517;1.747330433418517;21300.79004548288;3993.89813352804;167.432643093333;167.432643093333;12;12;0.2;86.48665703220536;5.992241805982006;6.961341936062572;12;0.6666666666666666;0.3169017600000001;87.34782170533202;5.993636238285638;6.962736368366202;12;0.6666666666666666;0.3169017600000001;0;0.10326098320385924;316901.76;1;0;1;0.05170056486906226;0;0.10364592460969104;316901.7599999999;1;0;0.05170056486906226;0;0.10326098320385924;316901.76;1;0;1;0.05170056486906226;0;0.10364592460969104;316901.7599999999;1;0;0.05170056486906226;0
420;1786615968;0;398.4367816091931;7.49103;46.91915;509.9830115280002;140.2658574712644;0;0;0;0.6472583908045824;-0.077546666666664;385107.6185737303;5197284.755875946;0;60730;49.66613056981648;9.62285035454257;364.9159048796673;26.58352996517141;43.81422559497496;503.693173376848;245.7224605875187;43.6220172394616;6.5;46;-1;;50;;;0;288.15;350;220.1315748720522;295.1315748720522;1;;;;0;28.63756182580073;4.333241566013349;4.333241566013349;1.89579318513084;1.89579318513084;23110.62168540453;4333.241566013349;168.0747294397258;168.0747294397258;12;12;0.2;85.3567645016149;5.989939149001332;6.959039279081896;12;0.6666666666666666;0.3169017600000001;86.0972881920653;5.991514818047276;6.96061494812784;12;0.6666666666666666;0.3169017600000001;0;0.1033807044454116;316901.76;1;0;1;0.05170056486906226;0;0.10363975669889386;316901.7599999999;1;0;0.05170056486906224;0;0.1033807044454116;316901.76;1;0;1;0.05170056486906226;0;0.10363975669889386;316901.7599999999;1;0;0.05170056486906224;0
430;1786615978;0;407.9481481481444;7.49103;46.91915;509.9830827834668;140.266124962963;0;0;0;0.6352806666666968;-0.07500740740741748;385107.6185737304;5197284.755875946;0;62020;43.36215777994923;8.439554836904878;363.1028586122038;168.9760575886381;38.93387118308454;546.2699684402446;29.01395979302483;39.45403847072376;6.5;87;-1;;50;;;0;288.15;350;229.3620286541716;304.3620286541716;1;;;;0;27.24671854149074;4.77385442449099;4.77385442449099;2.088561310714808;2.088561310714808;25460.55693061862;4773.854424490992;168.7795546536148;168.7795546536148;12;12;0.2;84.0185583036643;5.986314079878432;6.955414209958996;12;0.6666666666666666;0.3169017600000001;84.62533404589886;5.98809620123449;6.957196331315054;12;0.6666666666666666;0.3169017600000001;0;0.1035227253466292;316901.76;1;0;1;0.05170056486906226;0;0.1036370968954333;316901.7599999999;1;0;0.05170056486906224;0;0.1035227253466292;316901.76;1;0;1;0.05170056486906226;0;0.1036370968954333;316901.7599999999;1;0;0.05170056486906224;0
440;1786615988;0;417.3869731800754;7.49103;46.91915;509.983070526069;140.266018697318;0;0;0;0.6407160919540228;-0.07632789272030796;385107.6185737303;5197284.755875946;0;63313;42.94628031115919;7.763350258466978;360.765513234338;177.1162295861275;35.9272002146407;576.3398455622812;37.17706968132078;36.39286189325138;6.5;161;-1;;50;;;0;288.15;350;235.601806054213;310.601806054213;1;;;;0;25.68768763107824;5.11285045703218;5.11285045703218;2.236872074951578;2.236872074951578;27268.53577083829;5112.85045703218;169.2449810588298;169.2449810588298;12;12;0.2;83.06582510167138;5.982963526789292;6.952063656869856;12;0.6666666666666666;0.3169017600000001;83.58446577828354;5.984877924363332;6.953978054443896;12;0.6666666666666666;0.3169017600000001;0;0.1036230276601785;316901.76;1;0;1;0.05170056486906226;0;0.10363678424576098;316901.7599999999;1;0;0.05170056486906224;0;0.1036230276601785;316901.76;1;0;1;0.05170056486906226;0;0.10363678424576098;316901.7599999999;1;0;0.05170056486906224;0
450;1786615998;0;426.8666666666667;7.49103;46.91915;509.9830749264;140.265984;0;0;0;0.6361866666666672;-0.07590200000000008;385107.6185737303;5197284.755875946;0;63313;42.99777855785978;8.612016457900316;360.7837950911417;168.1299499587745;35.75243257220431;578.4832666048682;28.13021007654202;36.27854029769532;6.5;161;-1;;50;;;0;288.15;350;235.9768148702634;310.9768148702634;1;;;;0;25.595170432033;5.134488323426756;5.134488323426756;2.246338641499205;2.246338641499205;27383.93772494269;5134.488323426756;169.2772241613561;169.2772241613561;12;12;0.2;83.00247756620284;5.982713703859566;6.95181383394013;12;0.6666666666666666;0.3169017600000001;83.51587789915602;5.984637631718992;6.953737761799556;12;0.6666666666666666;0.3169017600000001;0;0.1036301773431855;316901.76;1;0;1;0.05170056486906226;0;0.10363664061744412;316901.7599999999;1;0;0.05170056486906224;0;0.1036301773431855;316901.76;1;0;1;0.05170056486906226;0;0.10363664061744412;316901.7599999999;1;0;0.05170056486906224;0
460;1786616008;0;436.371647509577;7.49103;46.91915;509.9830710866206;140.2659568199234;0;0;0;0.6409898850574536;-0.07671421455938542;385107.6185737303;5197284.755875946;0;63313;43.04235204470786;9.462066541477246;360.8003607583305;159.4595376529086;34.87796081485929;589.3756193284018;19.39425187490792;35.45760495296563;6.5;161;-1;;50;;;0;288.15;350;237.872600025132;312.872600025132;1;;;;0;25.12918534108155;5.246311211668246;5.246311211668246;2.295261155104858;2.295261155104858;27980.32646223064;5246.311211668246;169.4392514717858;169.4392514717858;12;12;0.2;82.67970485392598;5.981382874226942;6.950483004307508;12;0.6666666666666666;0.3169017600000001;83.16670998488446;5.983353967393424;6.952454097473988;12;0.6666666666666666;0.3169017600000001;0;0.10366651032099356;316901.76;1;0;1;0.05170056486906226;0;0.10363727614305156;316901.7599999999;1;0;0.05170056486906224;0;0.10366651032099356;316901.76;1;0;1;0.05170056486906226;0;0.10363727614305156;316901.7599999999;1;0;0.05170056486906224;0
470;1786616018;0;445.7851851851822;7.49103;46.91915;509.9830768229334;140.2659942222222;0;0;0;0.6406129629629718;-0.07546266666666966;385107.6185737303;5197284.755875946;0;63313;43.07998032166314;10.31330750150764;360.8152026519802;151.4515207805939;33.42835604054451;608.5461111904268;11.318851279034316;34.04193125859232;6.5;161;-1;;50;;;0;288.15;350;241.0835597757482;316.0835597757482;1;;;;0;24.34581194188252;5.44569526807343;5.44569526807343;2.382491679782126;2.382491679782126;29043.70809639163;5445.69526807343;169.7172779725251;169.7172779725251;12;12;0.2;82.1150637721043;5.978804302445534;6.947904432526098;12;0.6666666666666666;0.3169017600000001;82.55772513776652;5.980853732245092;6.949953862325656;12;0.6666666666666666;0.3169017600000001;0;0.10373045619871816;316901.76;1;0;1;0.05170056486906226;0;0.10363921739421128;316901.7599999999;1;0;0.05170056486906222;0;0.10373045619871816;316901.76;1;0;1;0.05170056486906226;0;0.10363921739421128;316901.7599999999;1;0;0.05170056486906222;0
480;1786616028;0;455.3111111111066;7.49103;46.91915;509.9830115280002;140.2658862222222;0;0;0;0.6496326666666382;-0.07689911111111026;385107.6185737304;5197284.755875946;0;63313;43.11064565238676;11.165533842612128;360.828314090616;144.3046935950224;31.57930389084857;635.2433981571736;4.115740443369536;32.22182506344938;6.5;161;-1;;50;;;0;288.15;350;245.2923694206568;320.2923694206568;1;;;;0;23.32742241104427;5.728708802184424;5.728708802184424;2.506310100955685;2.506310100955685;30553.11361165026;5728.708802184424;170.0902113486084;170.0902113486084;12;12;0.2;81.33529844073636;5.974647766010244;6.943747896090808;12;0.6666666666666666;0.3169017600000001;81.72051296178998;5.976793898415004;6.945894028495568;12;0.6666666666666666;0.3169017600000001;0;0.10381950876243124;316901.76;1;0;1;0.05170056486906226;0;0.10364289680988924;316901.7599999999;1;0;0.05170056486906222;0;0.10381950876243124;316901.76;1;0;1;0.05170056486906226;0;0.10364289680988924;316901.7599999999;1;0;0.05170056486906222;0
490;1786616038;0;464.7624521072788;7.49103;46.91915;509.983048104;140.2659404980843;0;0;0;0.6490110344827548;-0.07606218390804706;385107.6185737303;5197284.755875946;0;63312;42.75744886232762;5.007198752886894;360.4717988430675;203.8886303763367;32.14118783914707;626.240636951843;64.0117822810972;32.35930132883273;6.5;160;-1;;50;;;0;288.15;350;244.0009835513168;319.0009835513169;1;;;;0;23.88911146199087;5.639019231507286;5.639019231507286;2.467070913784437;2.467070913784437;30074.76923470552;5639.019231507286;169.9662330568514;169.9662330568514;12;12;0.2;81.58820549034176;5.976078020717212;6.945178150797776;12;0.6666666666666666;0.3169017600000001;81.99096571298268;5.978191446966816;6.94729157704738;12;0.6666666666666666;0.3169017600000001;0;0.10378947878347382;316901.76;1;0;1;0.05170056486906226;0;0.10364582844936094;316901.7599999999;1;0;0.05170056486906222;0;0.10378947878347382;316901.76;1;0;1;0.05170056486906226;0;0.10364582844936094;316901.7599999999;1;0;0.05170056486906222;0
500;1786616048;0;474.2629629629622;7.49103;46.91915;509.9830115280002;140.2658694814815;0;0;0;0.6470221481481462;-0.07688618518518464;385107.6185737303;5197284.755875946;0;63312;42.82875561376791;5.850841440506578;360.4902823227312;196.4946012488786;33.92406562037212;601.2967758268654;56.62251208885708;34.2178268989367;6.5;160;-1;;50;;;0;288.15;350;239.9762648830359;314.9762648830359;1;;;;0;24.8651423160427;5.375441579150984;5.375441579150984;2.351755690878555;2.351755690878555;28669.02175547191;5375.441579150984;169.6131856458442;169.6131856458442;12;12;0.2;82.32014577661122;5.979779666216678;6.948879796297242;12;0.6666666666666666;0.3169017600000001;82.77804793360518;5.981798837057496;6.95089896713806;12;0.6666666666666666;0.3169017600000001;0;0.1037062750188048;316901.76;1;0;1;0.05170056486906226;0;0.10364701367621278;316901.7599999999;1;0;0.05170056486906222;0;0.1037062750188048;316901.76;1;0;1;0.05170056486906226;0;0.10364701367621278;316901.7599999999;1;0;0.05170056486906222;0
510;1786616058;0;483.7471264367774;7.49103;46.91915;509.9830661817932;140.2659843678161;0;0;0;0.6390982758621176;-0.0751566666666764;385107.6185737303;5197284.755875946;0;63312;42.89321341868308;6.69641623831707;360.5071077698258;188.2654597391538;35.2593226763504;584.107523545589;48.3746362151597;35.62939898275936;6.5;160;-1;;50;;;0;288.15;350;237.0419038304792;312.0419038304792;1;;;;0;25.5830166142996;5.19680239313804;5.19680239313804;2.273601046997892;2.273601046997892;27716.27943006954;5196.802393138038;169.3612641461879;169.3612641461879;12;12;0.2;82.82886110616104;5.982010114815488;6.951110244896052;12;0.6666666666666666;0.3169017600000001;83.32741236010898;5.983957549736252;6.953057679816816;12;0.6666666666666666;0.3169017600000001;0;0.10364893784496144;316901.76;1;0;1;0.05170056486906226;0;0.10364705067945794;316901.7599999999;1;0;0.05170056486906222;0;0.10364893784496144;316901.76;1;0;1;0.05170056486906226;0;0.10364705067945794;316901.7599999999;1;0;0.05170056486906222;0
520;1786616068;0;493.2222222222198;7.49103;46.91915;509.983048104;140.2658977777778;0;0;0;0.6460077777777744;-0.0766988888888912;385107.6185737303;5197284.755875946;0;63312;42.95079314496954;7.543738385057198;360.5222651377881;179.4408355089728;35.97635577401449;575.3702899936632;39.51857227851006;36.42730546149292;6.5;160;-1;;50;;;0;288.15;350;235.4965662532024;310.4965662532024;1;;;;0;25.96365128312778;5.106805904485054;5.106805904485054;2.234227583212211;2.234227583212211;27236.29815725362;5106.805904485054;169.2303567980954;169.2303567980954;12;12;0.2;83.08913840669226;5.983054557323576;6.95215468740414;12;0.6666666666666666;0.3169017600000001;83.60925083294444;5.984963831001378;6.954063961081942;12;0.6666666666666666;0.3169017600000001;0;0.1036197935709186;316901.76;1;0;1;0.05170056486906226;0;0.10364653639439116;316901.7599999999;1;0;0.05170056486906222;0;0.1036197935709186;316901.76;1;0;1;0.05170056486906226;0;0.10364653639439116;316901.7599999999;1;0;0.05170056486906222;0
530;1786616078;0;502.7318007662832;7.49103;46.91915;509.9830650606898;140.265957816092;0;0;0;0.6410534099616882;-0.07628034482758672;385107.6185737303;5197284.755875946;0;63312;43.00146855846615;8.392619954411548;360.5357454151754;170.4013566815835;35.96986805547057;575.4712372622706;30.4208875278033;36.48501753527097;6.5;160;-1;;50;;;0;288.15;350;235.5104502080113;310.5104502080112;1;;;;0;25.71023943536329;5.107602651079214;5.107602651079214;2.234576159847156;2.234576159847156;27240.54747242247;5107.602651079214;169.2318805818934;169.2318805818934;12;12;0.2;83.08646929966514;5.983044160024374;6.952144290104938;12;0.6666666666666666;0.3169017600000001;83.60638753407082;5.98495393156074;6.954054061641304;12;0.6666666666666666;0.3169017600000001;0;0.10362013029476176;316901.76;1;0;1;0.05170056486906226;0;0.10364604739254616;316901.7599999999;1;0;0.05170056486906222;0;0.10362013029476176;316901.76;1;0;1;0.05170056486906226;0;0.10364604739254616;316901.7599999999;1;0;0.05170056486906222;0
540;1786616088;0;512.2413793103448;7.49103;46.91915;509.9830670226208;140.2659065517242;0;0;0;0.6432675862068964;-0.07660241379310342;385107.6185737303;5197284.755875946;0;61247;50.00958621319224;5.194678633977656;364.8466638417358;334.5606712349199;40.53281890314119;532.830862183631;194.0989042809392;39.92798263236872;6.5;65;-1;;50;;;0;288.15;350;226.2130841900107;301.2130841900107;1;;;;0;27.29968736983347;4.616211977507784;4.616211977507784;2.019592740159656;2.019592740159656;24619.79721337485;4616.211977507784;168.5631955774875;168.5631955774875;12;12;0.2;84.46152839732994;5.987639293758042;6.956739423838606;12;0.6666666666666666;0.3169017600000001;85.11347051122656;5.989360158579204;6.958460288659768;12;0.6666666666666666;0.3169017600000001;0;0.1034778973134416;316901.76;1;0;1;0.05170056486906226;0;0.10364299011838062;316901.7599999999;1;0;0.0517005648690622;0;0.1034778973134416;316901.76;1;0;1;0.05170056486906226;0;0.10364299011838062;316901.7599999999;1;0;0.0517005648690622;0
550;1786616098;0;521.7592592592578;7.49103;46.91915;509.9830758746668;140.2660616666667;0;0;0;0.6405835185185292;-0.07547462962963094;385107.6185737303;5197284.755875946;0;61247;49.76498066245142;6.092728939077446;364.791243540597;342.3857458695202;44.78182238246887;495.7430637202298;201.8158450112475;44.21597911055474;6.5;65;-1;;50;;;0;288.15;350;218.4368430634858;293.4368430634858;1;;;;0;29.33987302327432;4.258889024580992;4.258889024580992;1.863263948254184;1.863263948254184;22714.07479776529;4258.889024580992;167.936541071019;167.936541071019;12;12;0.2;85.60183464863078;5.990490552546882;6.959590682627446;12;0.6666666666666666;0.3169017600000001;86.36736867549908;5.992025955110636;6.9611260851912;12;0.6666666666666666;0.3169017600000001;0;0.10335418573406824;316901.76;1;0;1;0.05170056486906226;0;0.1036378328972322;316901.7599999999;1;0;0.0517005648690622;0;0.10335418573406824;316901.76;1;0;1;0.05170056486906226;0;0.1036378328972322;316901.7599999999;1;0;0.0517005648690622;0
560;1786616108;0;531.329501915708;7.49103;46.91915;509.983036052138;140.2659170498085;0;0;0;0.649705747126431;-0.0767959003831416;385107.6185737304;5197284.755875948;0;61247;49.51282751565864;6.981242687881384;364.7341958819971;352.7072313790067;48.81278845303074;466.8383881562582;211.9759284353771;48.30398973768626;6.5;65;-1;;50;;;0;288.15;350;211.8565082276968;286.8565082276968;1;;;;0;31.14156328672732;3.98638299383167;3.98638299383167;1.744042559801356;1.744042559801356;21260.70930043557;3986.38299383167;167.4147393610375;167.4147393610375;12;12;0.2;86.51536377781438;5.992292872993186;6.96139300307375;12;0.6666666666666666;0.3169017600000001;87.3793971448703;5.99368230479885;6.962782434879414;12;0.6666666666666666;0.3169017600000001;0;0.10325777011455332;316901.76;1;0;1;0.05170056486906226;0;0.10363116512911502;316901.76;1;0;0.0517005648690622;0;0.10325777011455332;316901.76;1;0;1;0.05170056486906226;0;0.10363116512911502;316901.76;1;0;0.0517005648690622;0
570;1786616118;0;540.8390804597714;7.49103;46.91915;509.983048104;140.2709809195403;7.929619259296562e-11;7.929619259296562e-10;0;0.6133244827585726;-0.0771104597701154;385107.6185737303;5197284.755875946;0;61247;49.25327108925066;7.86011312235997;364.6755594107299;5.909856891829354;51.96564805584936;447.7091777172887;225.0166325623867;51.58927811952098;6.5;65;-1;;50;;;0;288.15;350;207.2386640037751;282.2386640037751;1;;;;0;32.2041441474953;3.80883947898125;3.80883947898125;1.666367272054297;1.666367272054297;20313.81055456667;3808.839478981251;167.0513280868426;167.0513280868426;12;12;0.2;87.13399385460682;5.993315319653982;6.962415449734546;12;0.6666666666666666;0.3169017600000001;88.06850922117314;5.994608696364306;6.96370882644487;12;0.6666666666666666;0.3169017600000001;0;0.10319396193683402;316901.76;1;0;1;0.05170056486906226;0;0.10362362714304122;316901.76;1;0;0.0517005648690622;0;0.10319396193683402;316901.76;1;0;1;0.05170056486906226;0;0.10362362714304122;316901.76;1;0;0.0517005648690622;0
580;1786616128;0;550.3141762452068;7.491030000000002;46.91915000000002;509.98308468;140.2716120306514;7.929619259296562e-11;7.929619259296562e-10;0;0.6407352873563592;-0.0723856321839263;385107.6185737304;5197284.755875948;0;61247;48.986453238217;8.729261217108044;364.6153731417371;21.45671073422437;53.440832147028;439.6361704544367;240.3873509835615;53.1912784011139;6.5;65;-1;;50;;;0;288.15;350;205.2330349817569;280.233034981757;1;;;;0;32.78790985182696;3.734863651928204;3.734863651928204;1.634002847718589;1.634002847718589;19919.27281028375;3734.863651928204;166.8932764667525;166.8932764667525;12;12;0.2;87.39838572608556;5.993709847296564;6.96280997737713;12;0.6666666666666666;0.3169017600000001;88.36387286634992;5.994962962963838;6.964063093044402;12;0.6666666666666666;0.3169017600000001;0;0.1031670332832024;316901.76;1;0;1;0.05170056486906226;0;0.10361588826406088;316901.76;1;0;0.0517005648690622;0;0.1031670332832024;316901.76;1;0;1;0.05170056486906226;0;0.10361588826406088;316901.76;1;0;0.0517005648690622;0
590;1786616138;0;559.858237547892;7.49103;46.91915;509.9831500777012;140.2719533716475;0;0;0;0.6321024521072902;-0.07100750957854682;385107.6185737303;5197284.755875946;0;61247;48.71251599953852;9.588624168962202;364.5536771995321;37.45410990844328;52.75346954713392;443.2255228780815;256.3530029816569;52.67789900595174;6.5;65;-1;;50;;;0;288.15;350;206.1554478128906;281.1554478128907;1;;;;0;32.51844194279966;3.768661210630776;3.768661210630776;1.648789279650965;1.648789279650965;20099.52645669747;3768.661210630776;166.9639033634329;166.9639033634329;12;12;0.2;87.27917483877026;5.993534925567782;6.962635055648346;12;0.6666666666666666;0.3169017600000001;88.23039025186592;5.99480583731703;6.963905967397594;12;0.6666666666666666;0.3169017600000001;0;0.10317900607413782;316901.76;1;0;1;0.05170056486906226;0;0.10360860689422884;316901.76;1;0;0.0517005648690622;0;0.10317900607413782;316901.76;1;0;1;0.05170056486906226;0;0.10360860689422884;316901.76;1;0;0.0517005648690622;0
600;1786616148;0;569.333333333331;7.49103;46.91915;509.9831476720002;140.27061;0;0;0;0.6308599999999942;-0.06854666666666964;385107.6185737303;5197284.755875946;0;61247;48.43160477591754;10.438144558858802;364.4905135692607;51.68301351002582;50.13659700791908;458.2033732651436;270.6578240434809;50.21653092101502;6.5;65;-1;;50;;;0;288.15;350;209.8619475515492;284.8619475515492;1;;;;0;31.4534073511926;3.908414316345376;3.908414316345376;1.709931263401102;1.709931263401102;20844.87635384201;3908.414316345377;167.2525737851258;167.2525737851258;12;12;0.2;86.78960932761258;5.99276411710215;6.961864247182716;12;0.6666666666666666;0.3169017600000001;87.68394537953214;5.994109865268564;6.963209995349128;12;0.6666666666666666;0.3169017600000001;0;0.10322896680526156;316901.76;1;0;1;0.05170056486906226;0;0.10360238328621298;316901.7600000001;1;0;0.0517005648690622;0;0.10322896680526156;316901.76;1;0;1;0.05170056486906226;0;0.10360238328621298;316901.7600000001;1;0;0.0517005648690622;0
610;1786616158;0;578.8429118773906;7.49103;46.91915;509.9831489098852;140.2715201532567;0.6993565516305114;6.993565516305114;0;0.6279740229885454;-0.06818019157088804;385107.6185737303;5197284.755875946;0;61247;48.14386148271574;11.277790430277242;364.4259245847971;63.08149433778614;46.336645236099;483.5113820366208;282.1811796180454;46.53908575838116;6.5;65;-1;;50;;;0;288.15;350;215.8073944809837;290.8073944809837;1;;;;0;29.30086010947082;4.147032354218074;4.147032354218074;1.814326654970407;1.814326654970407;22117.50588916306;4147.032354218074;167.719542182675;167.719542182675;12;12;0.2;85.97962750062138;5.991282025682824;6.960382155763388;12;0.6666666666666666;0.3169017600000001;86.78425349097976;5.99275519555512;6.961855325635684;12;0.6666666666666666;0.3169017600000001;0;0.1033133852357328;316901.76;1;0;1;0.05170056486906226;0;0.10359772202733426;316901.7600000001;1;0;0.0517005648690622;0;0.1033133852357328;316901.76;1;0;1;0.05170056486906226;0;0.10359772202733426;316901.7600000001;1;0;0.0517005648690622;0
620;1786616168;0;588.386973180074;7.491087088122606;46.919100651341;509.9970249123678;140.2998501532565;22.69768032695478;226.9768032695478;-0.747514221252747;0.1719415325668561;-0.1973406513407902;385111.859670876;5197279.188512956;0;61247;47.84942750613054;12.107544052451078;364.359953624693;71.78019719663288;42.10052746975156;517.6326872630646;292.1513110328632;42.34819041089692;6.5;65;-1;;50;;;0;288.15;350;223.2433090251298;298.2433090251298;1;;;;0;27.58256046530812;4.474717068025921;4.474717068025921;1.95768871726134;1.95768871726134;23865.15769613825;4474.717068025921;168.3118420064718;168.3118420064718;12;12;0.2;84.91628090072582;5.988866558643242;6.957966688723806;12;0.6666666666666666;0.3169017600000001;85.61125425202222;5.990511133161362;6.959611263241926;12;0.6666666666666666;0.3169017600000001;0;0.10342720165878118;316901.76;1;0;1;0.05170056486906226;0;0.10359501535481754;316901.7600000002;1;0;0.05170056486906218;0;0.10342720165878118;316901.76;1;0;1;0.05170056486906226;0;0.10359501535481754;316901.7600000002;1;0;0.05170056486906218;0
630;1786616178;0;597.896551724138;7.493007931034484;46.91753689655172;509.5515610320002;140.7200696551724;44.96427196256402;449.6427196256402;0.07609026259470294;0.1967289655172417;0.1829227586206899;385254.7708858676;5197102.608543838;0;61247;47.54844717109624;12.927391385087056;364.2926459107212;78.33722553521616;37.92512165121829;558.869200933509;297.3392884385751;37.85343601097151;6.5;65;-1;;50;;;0;288.15;350;231.4099535411126;306.4099535411126;1;;;;0;27.54914685403844;4.88097641934852;4.88097641934852;2.135427183464978;2.135427183464978;26031.87423652544;4880.97641934852;168.9776116723095;168.9776116723095;12;12;0.2;83.66651341736188;5.985160448464386;6.95426057854495;12;0.6666666666666666;0.3169017600000001;84.24416517104456;5.987005848668718;6.956105978749282;12;0.6666666666666666;0.3169017600000001;0;0.10356475186249726;316901.76;1;0;1;0.05170056486906226;0;0.10359454248775004;316901.7600000002;1;0;0.05170056486906218;0;0.10356475186249726;316901.76;1;0;1;0.05170056486906226;0;0.10359454248775004;316901.7600000002;1;0;0.05170056486906218;0
640;1786616188;0;607.371647509577;7.49677724137931;46.91441877394636;511.9226731621108;140.1400871264358;53.33407972630152;533.3407972630152;-0.08986989927254152;6.94541026819725;1.836879693486223;385535.1281198462;5196750.608161024;0;61247;47.24105918869522;13.73734464047386;364.2240466124504;83.33621058759188;34.05295949522809;605.694322269119;298.3239279197251;36.03790467526197;6.5;65;-1;;50;;;0;288.15;350;239.6898985655043;314.6898985655044;1;;;;0;25.8745966809438;5.357535502571602;5.357535502571602;2.343921782375076;2.343921782375076;28573.52268038188;5357.535502571602;169.676478195638;169.676478195638;12;12;0.2;82.28259321190018;5.979604478678566;6.94870460875913;12;0.6666666666666666;0.3169017600000001;82.74444563102668;5.981657762638976;6.95075789271954;12;0.6666666666666666;0.3169017600000001;0;0.10372094365480584;316901.76;1;0;1;0.05170056486906226;0;0.10359648712108936;316901.7600000002;1;0;0.05170056486906218;0;0.10372094365480584;316901.76;1;0;1;0.05170056486906226;0;0.10359648712108936;316901.7600000002;1;0;0.05170056486906218;0
650;1786616198;0;616.8122605363954;7.501151762452106;46.91066697318008;549.6337577980592;140.9991206513412;57.29450558972632;572.9450558972632;0.05017797437655836;6.060619999999806;0.0559197701157533;385860.2599822866;5196327.32513108;0;61247;46.9274061609921;14.537415185391674;364.1542029880848;87.23017059280302;30.56306625053865;656.9189965134044;303.0051231451253;33.9614263907026;6.5;65;-1;;50;;;0;288.15;350;247.6528115881962;322.6528115881962;1;;;;0;58.1597405210133;5.899862085120404;5.899862085120404;2.581189662240177;2.581189662240177;31465.93112064216;5899.862085120404;170.3816445588075;170.3816445588075;12;12;0.2;80.7978323863168;5.971318872327984;6.940419002408548;12;0.6666666666666666;0.3169017600000001;81.1511582909152;5.97355305818605;6.942653188266614;12;0.6666666666666666;0.3169017600000001;0;0.10389181077596698;316901.76;1;0;1;0.05170056486906226;0;0.10360096172192084;316901.7600000002;1;0;0.05170056486906218;0;0.10389181077596698;316901.76;1;0;1;0.05170056486906226;0;0.10360096172192084;316901.7600000002;1;0;0.05170056486906218;0
660;1786616208;0;626.2777777777782;7.505884444444444;46.906655;598.6025523480026;140.8009883333334;59.07878921056862;590.7878921056862;-0.06692524001542432;10.305681666666766;1.599437222222252;386212.1643150588;5195874.630356012;0;62224;52.21454401116526;6.733372397388108;365.080093720866;354.8849983991167;27.76155142114328;707.4772319665354;212.1747607945856;18.25679853289117;0;107;-1;;50;;;0;288.15;350;254.2898040739502;329.2898040739501;1;;;;0;105.03107594050016;6.440630125872118;6.440630125872118;2.817775680069051;2.817775680069051;34350.02733798462;6440.630125872116;171.0256575019454;171.0256575019454;12;12;0.2;72.87646538459836;5.825256394338974;6.794356524419538;12;0.6666666666666666;0.3169017600000001;73.14136299116042;5.835402906913902;6.804503036994468;12;0.6666666666666666;0.3169017600000001;0;0.10406045489660438;316901.76;1;0;1;0.05170056486906226;0;0.10360781982900568;316901.7600000002;1;0;0.05170056486906218;0;0.10406045489660438;316901.76;1;0;1;0.05170056486906226;0;0.10360781982900568;316901.7600000002;1;0;0.05170056486906218;0
670;1786616218;0;635.7279693486578;7.510661264367816;46.9024624137931;665.1837319592586;142.2142114559388;64.6432337264238;646.432337264238;0.000129009586024835;5.82704455938819;-0.7887468965512956;386567.1036509783;5195401.823583574;0;62224;52.35473122987318;7.733805954086698;365.1110958541203;1.438079673288656;27.13518209362628;719.6184010478408;217.2830795211316;23.0448518721718;0;107;-1;;50;;;0;288.15;350;255.7909331249649;330.7909331249649;1;;;;0;170.9992562191324;6.577628228114148;6.577628228114148;2.877712349799939;2.877712349799939;35080.68388327545;6577.628228114148;171.1734533422362;171.1734533422362;12;12;0.2;72.5317347723346;5.81112994638704;6.780230076467604;12;0.6666666666666666;0.3169017600000001;72.77687924414716;5.821285409258866;6.79038553933943;12;0.6666666666666666;0.3169017600000001;0;0.1041009534773969;316901.76;1;0;1;0.05170056486906226;0;0.1036150717944232;316901.7600000003;1;0;0.05170056486906218;0;0.1041009534773969;316901.76;1;0;1;0.05170056486906226;0;0.1036150717944232;316901.7600000003;1;0;0.05170056486906218;0
680;1786616228;0;645.1962962962956;7.515937777777778;46.89790185185186;689.7456188070184;141.0946859259259;67.95334813968008;679.5334813968008;0.1312556185651875;4.900833703703406;0.6209465925926274;386959.3876317166;5194887.428892324;0;62224;52.4856790570727;8.74062402146848;365.1400832854288;7.626865339057596;26.20303207392566;738.4979976090172;224.9876619090071;22.33459577436613;0;107;-1;;50;;;0;288.15;350;258.029349967206;333.029349967206;1;;;;0;193.5171719674629;6.79419622412139;6.79419622412139;2.972460848053108;2.972460848053108;36235.71319531408;6794.19622412139;171.3983945845824;171.3983945845824;12;12;0.2;71.995477035728;5.786907380583562;6.756007510664126;12;0.6666666666666666;0.3169017600000001;72.21133238239254;5.797002057197258;6.766102187277822;12;0.6666666666666666;0.3169017600000001;0;0.10416392903284324;316901.76;1;0;1;0.05170056486906226;0;0.10362302624715392;316901.7600000003;1;0;0.05170056486906218;0;0.10416392903284324;316901.76;1;0;1;0.05170056486906226;0;0.10362302624715392;316901.7600000003;1;0;0.05170056486906218;0
690;1786616238;0;654.7126436781586;7.521513333333332;46.89312367816092;747.7477413613642;141.0533359770115;69.4242019509459;694.2420195094588;0.03754478992240287;4.611886896558498;0.11910586206937928;387374.0645045952;5194348.450744344;0;62224;52.60729001089628;9.753456713327862;365.1670367829775;13.354748935677616;25.0376828056078;763.593997301217;230.7172429236622;22.07176229938193;0;107;-1;;50;;;0;288.15;350;260.8261059253539;335.8261059253539;1;;;;0;249.8331025661429;7.088608377650322;7.088608377650322;3.101266165222015;3.101266165222015;37805.91134746838;7088.60837765032;171.6886582567759;171.6886582567759;12;12;0.2;71.28199589283662;5.749935803241694;6.719035933322258;12;0.6666666666666666;0.3169017600000001;71.46153180013442;5.759787747377842;6.728887877458406;12;0.6666666666666666;0.3169017600000001;0;0.10424764027714748;316901.76;1;0;1;0.05170056486906226;0;0.10363194930472528;316901.7600000003;1;0;0.05170056486906218;0;0.10424764027714748;316901.76;1;0;1;0.05170056486906226;0;0.10363194930472528;316901.7600000003;1;0;0.05170056486906218;0
700;1786616248;0;664.1814814814788;7.527218888888888;46.88824744444446;798.6142764566;140.8616712592594;67.88518988178532;678.8518988178532;0.02114534249339027;7.682028962961176;0.5012177037037774;387798.5168522375;5193798.420516342;0;62224;52.71947222757846;10.771916799879768;365.1919384757284;18.57459381947203;23.71408648456602;794.3016765337032;235.2552951937958;19.04848524775039;0;107;-1;;50;;;0;288.15;350;263.9825955834057;338.9825955834057;1;;;;0;294.9123356135251;7.459478523358598;7.459478523358598;3.263521853969387;3.263521853969387;39783.88545791253;7459.478523358598;172.0311177271629;172.0311177271629;12;12;0.2;70.406410587994;5.69599256114646;6.665092691227026;12;0.6666666666666666;0.3169017600000001;70.54531702398294;5.705244788169198;6.674344918249762;12;0.6666666666666666;0.3169017600000001;0;0.10435007006953566;316901.76;1;0;1;0.05170056486906226;0;0.10364206368169442;316901.7600000003;1;0;0.05170056486906218;0;0.10435007006953566;316901.76;1;0;1;0.05170056486906226;0;0.10364206368169442;316901.7600000003;1;0;0.05170056486906218;0
710;1786616258;0;673.6407407407398;7.532834444444444;46.88349962962964;866.1909725958188;140.1646562962963;68.90300104889742;689.0300104889742;0.10341077715426166;4.025723703703355;0.1620781481481454;388216.4587402773;5193262.82051185;0;62067;52.69671992713828;4.741240075144832;365.3161131359757;343.7897632239472;24.19172198991518;783.1976780277742;202.9254758364938;20.42806068709482;0;98;-1;;50;;;0;288.15;350;262.8474107430016;337.8474107430016;1;;;;0;353.0240871972465;7.320800569041688;7.320800569041688;3.202850248955738;3.202850248955738;39044.26970155566;7320.800569041688;171.9088359674295;171.9088359674295;12;12;0.2;70.72804190705794;5.717001990193438;6.686102120274002;12;0.6666666666666666;0.3169017600000001;70.88151640208086;5.72652528367095;6.695625413751516;12;0.6666666666666666;0.3169017600000001;0;0.10431303111738854;316901.76;1;0;1;0.05170056486906226;0;0.10365138267385684;316901.7600000003;1;0;0.05170056486906218;0;0.10431303111738854;316901.76;1;0;1;0.05170056486906226;0;0.10365138267385684;316901.7600000003;1;0;0.05170056486906218;0
720;1786616268;0;683.1333333333274;7.538589999999996;46.878712;927.7963657903576;141.0904799999994;67.91330681761934;679.1330681761934;-0.1800047652025516;6.72482799999837;0.743199333334886;388645.0619516188;5192722.628400016;0;62067;52.58240759891262;5.758459789084534;365.288521923404;349.239436803048;25.38768510939845;756.1209557241626;207.2701881456093;19.09164655553253;0;98;-1;;50;;;0;288.15;350;259.987062795553;334.987062795553;1;;;;0;411.838519893691;6.997232003648912;6.997232003648912;3.061289001596398;3.061289001596398;37318.57068612753;6997.23200364891;171.6032336349162;171.6032336349162;12;12;0.2;71.4987740523234;5.761783609492038;6.730883739572604;12;0.6666666666666666;0.3169017600000001;71.68917414680084;5.771737904468096;6.74083803454866;12;0.6666666666666666;0.3169017600000001;0;0.10422271289362718;316901.76;1;0;1;0.05170056486906226;0;0.10365920911522356;316901.7600000003;1;0;0.05170056486906218;0;0.10422271289362718;316901.76;1;0;1;0.05170056486906226;0;0.10365920911522356;316901.7600000003;1;0;0.05170056486906218;0
730;1786616278;0;692.6259259259218;7.544179296296294;46.87394703703704;998.222863866903;141.274152925926;67.21921208084248;672.1921208084246;0.03702619493820812;7.07532033333315;-0.1309900740742281;389061.1215019117;5192185.222489356;0;63140;43.13822887373076;1.619853665366905;361.452628403792;230.4893647672912;26.09897786433554;733.7275187531296;92.63714737141332;25.85567066968442;0;149;-1;;50;;;0;288.15;350;258.2793141933575;333.2793141933575;1;;;;0;488.4334205539832;6.81937289444283;6.81937289444283;2.983475641318739;2.983475641318739;36369.98877036177;6819.372894442832;171.3421042983129;171.3421042983129;12;12;0.2;72.01557585841044;5.787867636755544;6.756967766836108;12;0.6666666666666666;0.3169017600000001;72.22817271257676;5.797769673520426;6.76686980360099;12;0.6666666666666666;0.3169017600000001;0;0.104148016428211;316901.76;1;0;1;0.05170056486906226;0;0.1036658146194531;316901.7600000004;1;0;0.05170056486906216;0;0.104148016428211;316901.76;1;0;1;0.05170056486906226;0;0.1036658146194531;316901.7600000004;1;0;0.05170056486906216;0
740;1786616288;0;702.0881226053614;7.549721992337164;46.86923681992338;1068.49788224559;141.2942226436782;66.73558342575322;667.355834257532;0.1796515526618123;7.248191034482714;-0.07105996168581612;389473.8182471368;5191653.996181666;0;63140;43.11670691150492;2.472859837648215;361.4627517566014;225.6457848739223;28.23524675213071;692.1108047550308;88.1024286562195;28.65354054522266;6.5;149;-1;;50;;;0;288.15;350;253.1574711685981;328.157471168598;1;;;;0;563.1995452164504;6.341250213841168;6.341250213841168;2.774296968555511;2.774296968555511;33820.00114048623;6341.250213841168;170.834920726809;170.834920726809;12;12;0.2;79.71006078327926;5.96318994841365;6.932290078494214;12;0.6666666666666666;0.3169017600000001;79.9899182638037;5.965478056295558;6.934578186376122;12;0.6666666666666666;0.3169017600000001;0;0.10400919801271202;316901.76;1;0;1;0.05170056486906226;0;0.10367039306469656;316901.7600000004;1;0;0.05170056486906216;0;0.10400919801271202;316901.76;1;0;1;0.05170056486906226;0;0.10367039306469656;316901.7600000004;1;0;0.05170056486906216;0
750;1786616298;0;711.6111111111106;7.555224444444446;46.86456055555556;1138.933920586664;141.2916988888889;66.28036541331418;662.8036541331418;0.03917730735361414;7.388252777777772;-0.06770333333333368;389883.5920978798;5191126.629337148;0;63140;43.08820769945607;3.325134933303103;361.4710223139237;219.9957692629332;30.35465777755022;655.5657662130454;83.05006378750268;31.46414549401786;6.5;149;-1;;50;;;0;288.15;350;248.1405255297506;323.1405255297506;1;;;;0;633.592585453818;5.936467481334458;5.936467481334458;2.597204523083825;2.597204523083825;31661.15990045044;5936.467481334458;170.3637334736008;170.3637334736008;12;12;0.2;80.76312321446576;5.971089496292842;6.940189626373406;12;0.6666666666666666;0.3169017600000001;81.10988938852316;5.973301322443496;6.94240145252406;12;0.6666666666666666;0.3169017600000001;0;0.10388729688555964;316901.76;1;0;1;0.05170056486906226;0;0.1036732470623395;316901.7600000004;1;0;0.05170056486906216;0;0.10388729688555964;316901.76;1;0;1;0.05170056486906226;0;0.1036732470623395;316901.7600000004;1;0;0.05170056486906216;0
760;1786616308;0;721.1072796934812;7.560691149425284;46.8599174329502;1209.537249178442;141.2906999616858;65.94008905464382;659.4008905464382;-0.1976640945996496;7.5018171647509;-0.06288099616858544;390290.7822890364;5190603.024804032;0;63140;43.05274444566639;4.176481590283162;361.4774425327096;213.4621042319456;32.34271014106661;624.9883772542412;77.14678119456664;34.25855807774233;6.5;149;-1;;50;;;0;288.15;350;243.5403730323403;318.5403730323402;1;;;;0;703.8046232785094;5.60766230066781;5.60766230066781;2.453352256542167;2.453352256542167;29907.53227022832;5607.66230066781;169.9488469619964;169.9488469619964;12;12;0.2;81.65066717327858;5.976418686584736;6.9455188166653;12;0.6666666666666666;0.3169017600000001;82.05970277364796;5.978533055166206;6.947633185246772;12;0.6666666666666666;0.3169017600000001;0;0.10378530169474398;316901.76;1;0;1;0.05170056486906226;0;0.1036747023173058;316901.7600000004;1;0;0.05170056486906216;0;0.10378530169474398;316901.76;1;0;1;0.05170056486906226;0;0.1036747023173058;316901.7600000004;1;0;0.05170056486906216;0
770;1786616318;0;730.6168582375444;7.566121609195402;46.85529390804598;1280.100304511238;141.2889551340997;65.71452369799572;657.1452369799572;-0.02689606160990405;7.593116666666636;-0.05747773946360326;390695.3220989625;5190081.677763816;0;63140;43.01033399785376;5.02669391427087;361.4820158924167;206.0341783443374;34.04526948983255;601.293657515208;69.79445969120668;36.9309795541197;6.5;149;-1;;50;;;0;288.15;350;239.7069654157755;314.7069654157755;1;;;;0;774.0480670600278;5.358599699508138;5.358599699508138;2.344387368534811;2.344387368534811;28579.19839737674;5358.599699508138;169.6131406008976;169.6131406008976;12;12;0.2;82.34440102354438;5.97989202124274;6.948992151323306;12;0.6666666666666666;0.3169017600000001;82.80601791436366;5.981915438879102;6.951015568959666;12;0.6666666666666666;0.3169017600000001;0;0.10370626461723674;316901.76;1;0;1;0.05170056486906226;0;0.10367510696217672;316901.7600000004;1;0;0.05170056486906216;0;0.10370626461723674;316901.76;1;0;1;0.05170056486906226;0;0.10367510696217672;316901.7600000004;1;0;0.05170056486906216;0
780;1786616328;0;740.0919540229862;7.571532413793102;46.85068586206896;1350.787942651568;141.2841024137931;65.54732905703844;655.4732905703844;0.09916108653547804;7.666781724137914;-0.05052091954023196;391098.466542782;5189562.106855632;0;60729;47.86758270191226;2.257035269318932;364.9073826533968;287.6740299552696;37.99779513781831;558.9934634061426;149.1101804283954;31.48569180867801;6.5;45;-1;;50;;;0;288.15;350;231.2608517313691;306.2608517313692;1;;;;0;844.572946533775;4.873047761282168;4.873047761282168;2.131958395560948;2.131958395560948;25989.58806017156;4873.047761282168;168.9795427326488;168.9795427326488;12;12;0.2;83.675979802993;5.985192704223754;6.95429283430432;12;0.6666666666666666;0.3169017600000001;84.25574538661292;5.987040399106356;6.95614052918692;12;0.6666666666666666;0.3169017600000001;0;0.10356516635748978;316901.76;1;0;1;0.05170056486906226;0;0.10367371530895282;316901.7600000004;1;0;0.05170056486906216;0;0.10356516635748978;316901.76;1;0;1;0.05170056486906226;0;0.10367371530895282;316901.7600000004;1;0;0.05170056486906216;0
790;1786616338;0;749.5814814814818;7.576931444444444;46.8460908888889;1421.439030782046;141.2815037037037;65.46888635473864;654.6888635473864;0.04996564972754816;7.72628025925926;-0.04412344444444438;391500.811135946;5189044.033603128;0;60729;48.16152741813352;3.087278398234388;364.9699958797073;295.0309295717148;41.74266371765983;521.7103091740788;156.2498808553712;34.71949608567823;6.5;45;-1;;50;;;0;288.15;350;223.9108885509957;298.9108885509958;1;;;;0;900.850678218258;4.505951458518966;4.505951458518966;1.971353763102048;1.971353763102048;24031.74111210115;4505.951458518966;168.3799965151281;168.3799965151281;12;12;0.2;84.80322695573578;5.98857331771845;6.957673447799014;12;0.6666666666666666;0.3169017600000001;85.48849004371078;5.990239385050642;6.959339515131206;12;0.6666666666666666;0.3169017600000001;0;0.10344080314141426;316901.76;1;0;1;0.05170056486906226;0;0.1036708039068586;316901.7600000004;1;0;0.05170056486906216;0;0.10344080314141426;316901.76;1;0;1;0.05170056486906226;0;0.1036708039068586;316901.7600000004;1;0;0.05170056486906216;0
800;1786616348;0;759.0793650793666;7.582324444444446;46.84150190476192;1492.187253436582;141.2796017460318;65.57177566744442;655.7177566744442;-0.08031690902335494;7.774596349206356;-0.03954269841269771;391902.7787896464;5188526.662658162;0;60729;48.4487748339897;3.92740954433086;365.031150750986;304.3989585329449;45.29592486708278;492.0953143407664;165.0561468971488;37.80513423487305;6.5;45;-1;;50;;;0;288.15;350;217.554642351173;292.554642351173;1;;;;0;964.2812881523242;4.22089672737277;4.22089672737277;1.846642318225587;1.846642318225587;22511.44921265477;4220.89672737277;167.8723927381472;167.8723927381472;12;12;0.2;85.7205969087394;5.99074680160113;6.959846931681694;12;0.6666666666666666;0.3169017600000001;86.49920741198256;5.99226417356675;6.961364303647314;12;0.6666666666666666;0.3169017600000001;0;0.10334201815185554;316901.76;1;0;1;0.05170056486906226;0;0.10366674482346348;316901.7600000004;1;0;0.05170056486906216;0;0.10334201815185554;316901.76;1;0;1;0.05170056486906226;0;0.10366674482346348;316901.7600000004;1;0;0.05170056486906216;0
810;1786616358;0;768.551724137928;7.58772448275862;46.8369051724138;1563.096388992804;141.2779634482759;65.40131964669122;654.0131964669122;-0.01892862148183777;7.81421896551723;-0.03525379310344956;392305.3386283465;5188008.44961291;0;60729;48.72918359535396;4.777410112390748;365.0908043972522;316.0108859631964;48.16256880226292;471.5991883502344;175.3764260315221;40.3741048189581;6.5;45;-1;;50;;;0;288.15;350;212.8660542580554;287.8660542580554;1;;;;0;999.723484573673;4.026627299593854;4.026627299593854;1.761649443572311;1.761649443572311;21475.34559783389;4026.627299593855;167.5028691223861;167.5028691223861;12;12;0.2;86.36938282693268;5.992029649029266;6.96112977910983;12;0.6666666666666666;0.3169017600000001;87.21815872021682;5.993443522580636;6.9625436526612;12;0.6666666666666666;0.3169017600000001;0;0.10327365043464456;316901.76;1;0;1;0.05170056486906226;0;0.1036619509894535;316901.7600000005;1;0;0.05170056486906216;0;0.10327365043464456;316901.76;1;0;1;0.05170056486906226;0;0.1036619509894535;316901.7600000005;1;0;0.05170056486906216;0
820;1786616368;0;777.9925925925912;7.593115777777778;46.83232355555556;1633.936157402656;141.2767515555555;65.64461507724222;656.4461507724222;-0.11831427216381218;7.846686740740736;-0.03183266666666721;392707.3326414521;5187491.956655826;0;60729;49.00261183203828;5.637247248043582;365.1489150019725;329.5180732451101;49.74514884989424;461.438291678862;187.2308749373068;41.9746698887167;6.5;45;-1;;50;;;0;288.15;350;210.4432849797344;285.4432849797344;1;;;;0;1064.491896766988;3.930932155779449;3.930932155779449;1.719782818153509;1.719782818153509;20964.97149749039;3930.932155779449;167.3136807603567;167.3136807603567;12;12;0.2;86.69613295819522;5.992606819664694;6.961706949745258;12;0.6666666666666666;0.3169017600000001;87.58161509434382;5.993969528919936;6.9630696590005;12;0.6666666666666666;0.3169017600000001;0;0.10323975733159866;316901.76;1;0;1;0.05170056486906226;0;0.10365686431887692;316901.7600000005;1;0;0.05170056486906216;0;0.10323975733159866;316901.76;1;0;1;0.05170056486906226;0;0.10365686431887692;316901.7600000005;1;0;0.05170056486906216;0
830;1786616378;0;787.5019157088092;7.598516091954022;46.82771908045978;1704.961588192712;141.2757497318008;65.56133739730664;655.6133739730666;0.0002670517521061178;7.873414942528728;-0.02842938697318109;393110.0400675186;5186972.939943286;0;60729;49.26891420660354;6.506862596915726;365.2054411506233;343.7160258312935;49.618323912356;462.2977228019044;199.4974884012058;42.27255285453404;6.5;45;-1;;50;;;0;288.15;350;210.6331499643942;285.6331499643942;1;;;;0;1126.463738517567;3.938322997385457;3.938322997385457;1.723016311356137;1.723016311356137;21004.3893193891;3938.322997385457;167.3298432265228;167.3298432265228;12;12;0.2;86.66934615722056;5.992561117583658;6.961661247664222;12;0.6666666666666666;0.3169017600000001;87.55194050766702;5.993928211554056;6.963028341634622;12;0.6666666666666666;0.3169017600000001;0;0.1032426240852481;316901.76;1;0;1;0.05170056486906226;0;0.1036519328875242;316901.7600000005;1;0;0.05170056486906216;0;0.1032426240852481;316901.76;1;0;1;0.05170056486906226;0;0.1036519328875242;316901.7600000005;1;0;0.05170056486906216;0
840;1786616388;0;797.011494252869;7.603916436781606;46.82312448275862;1775.928406339828;141.2754805747126;65.4888360161338;654.888360161338;0.0001410070236671585;7.895654022988496;-0.02593781609195491;393512.8402852161;5186455.04926605;0;60729;49.52794875584954;7.3861923965122;365.2603432559245;356.9995986870361;47.8209008754535;474.1141158898954;211.4018954753623;41.24806004566096;6.5;45;-1;;50;;;0;288.15;350;213.4044775242471;288.4044775242471;1;;;;0;1236.65617809666;4.048312106855539;4.048312106855539;1.771136546749298;1.771136546749298;21590.99790322954;4048.312106855539;167.5490658597118;167.5490658597118;12;12;0.2;86.29201417916826;5.991886520337036;6.9609866504176;12;0.6666666666666666;0.3169017600000001;87.13267463678176;5.993313290362118;6.962413420442682;12;0.6666666666666666;0.3169017600000001;0;0.1032820393299371;316901.76;1;0;1;0.05170056486906226;0;0.1036475811986114;316901.7600000005;1;0;0.05170056486906216;0;0.1032820393299371;316901.76;1;0;1;0.05170056486906226;0;0.1036475811986114;316901.7600000005;1;0;0.05170056486906216;0
850;1786616398;0;806.503703703701;7.60930711111111;46.81853318518518;1846.77027729278;141.27557;65.72429515331936;657.2429515331936;0.0523511895197814;7.914286666666662;-0.02430437037037082;393914.9804794612;5185937.567005512;0;60729;49.779573713794;8.275156634505546;365.3135828486275;8.283971462027326;44.82518454667715;496.1033534576254;221.9416968880758;39.18254328351238;6.5;45;-1;;50;;;0;288.15;350;218.3619451763743;293.3619451763743;1;;;;0;1300.397166541515;4.255644895832385;4.255644895832385;1.861844641926668;1.861844641926668;22696.77277777272;4255.644895832385;167.942851396852;167.942851396852;12;12;0.2;85.60018775787382;5.990486949727046;6.95958707980761;12;0.6666666666666666;0.3169017600000001;86.36683043526788;5.99202496769786;6.961125097778424;12;0.6666666666666666;0.3169017600000001;0;0.10335538753127088;316901.76;1;0;1;0.05170056486906226;0;0.10364418359782838;316901.7600000006;1;0;0.05170056486906216;0;0.10335538753127088;316901.76;1;0;1;0.05170056486906226;0;0.10364418359782838;316901.7600000006;1;0;0.05170056486906216;0
860;1786616408;0;816.029629629629;7.61471688888889;46.8139254814815;1917.742913695106;141.2759102962963;65.64831690772712;656.4831690772712;-0.1088197585634207;7.930035925925926;-0.02288703703703711;394318.6164906401;5185418.264382582;0;60729;50.0236448753736;9.17364753576241;365.3651219852427;17.33324354510891;41.22627791098019;526.9913724788752;231.0018251796578;36.52740860799401;6.5;45;-1;;50;;;0;288.15;350;224.8849765431272;299.8849765431272;1;;;;0;1357.401935069552;4.552113905689446;4.552113905689446;1.991549833739133;1.991549833739133;24277.94083034371;4552.113905689446;168.4674782491556;168.4674782491556;12;12;0.2;84.64938670390072;5.98816185664065;6.957261986721214;12;0.6666666666666666;0.3169017600000001;85.32052005459142;5.989854932303142;6.958955062383706;12;0.6666666666666666;0.3169017600000001;0;0.10345841887244376;316901.76;1;0;1;0.05170056486906226;0;0.10364204837109982;316901.7600000006;1;0;0.05170056486906216;0;0.10345841887244376;316901.76;1;0;1;0.05170056486906226;0;0.10364204837109982;316901.7600000006;1;0;0.05170056486906216;0
870;1786616418;0;825.505747126438;7.62011827586207;46.80932218390806;1988.629184444423;141.2765756321839;65.74788229587736;657.4788229587736;0.05293787921058946;7.943462643678164;-0.02212954022988496;394721.6923902338;5184899.491357264;0;60729;50.26002288999492;10.081554125103248;365.4149247506048;24.42870529399564;37.49207708124998;565.316234522023;238.1373663303774;33.60568245933244;6.5;45;-1;;50;;;0;288.15;350;232.3033966926359;307.3033966926359;1;;;;0;1286.153039637399;4.928927190769704;4.928927190769704;2.156405645961745;2.156405645961745;26287.61168410509;4928.927190769704;169.0772372934708;169.0772372934708;12;12;0.2;83.49795856228262;5.98457422708387;6.953674357164434;12;0.6666666666666666;0.3169017600000001;84.06296539942346;5.98645309000284;6.955553220083404;12;0.6666666666666666;0.3169017600000001;0;0.1035862568517539;316901.76;1;0;1;0.05170056486906226;0;0.10364141437656182;316901.7600000006;1;0;0.05170056486906216;0;0.1035862568517539;316901.76;1;0;1;0.05170056486906226;0;0.10364141437656182;316901.7600000006;1;0;0.05170056486906216;0
880;1786616428;0;835.0153256705012;7.625528735632186;46.80471264367818;2059.493434401953;141.2771012260537;66.04649016539948;660.4649016539948;0.11668318183514484;7.955177318007666;-0.02119892720306494;395125.5193314644;5184380.041047676;0;63316;42.88630061189157;5.060416481782008;361.1842874284848;205.8809493773833;33.50604133862033;608.0780998501452;69.64391961048798;36.59384185559971;6.5;164;-1;;50;;;0;288.15;350;240.9094115724146;315.9094115724146;1;;;;0;1360.398490423912;5.43453738300071;5.43453738300071;2.377610105062811;2.377610105062811;28984.19937600379;5434.53738300071;169.7105953913062;169.7105953913062;12;12;0.2;82.1377858131152;5.978914639477702;6.948014769558268;12;0.6666666666666666;0.3169017600000001;82.5828406106377;5.980963894940678;6.950064025021242;12;0.6666666666666666;0.3169017600000001;0;0.1037288950809255;316901.76;1;0;1;0.05170056486906226;0;0.1036423973058243;316901.7600000006;1;0;0.05170056486906216;0;0.1037288950809255;316901.76;1;0;1;0.05170056486906226;0;0.1036423973058243;316901.7600000006;1;0;0.05170056486906216;0
890;1786616438;0;844.524904214554;7.630964444444442;46.80008279693488;2130.537652900464;141.2777582375479;66.10645326900166;661.0645326900164;0.05828162695992682;7.965540153256702;-0.02044126436781691;395531.3051412305;5183858.329460044;0;63316;42.94481959523771;5.907315502200688;361.2107685181918;198.2460061306771;35.46109749956441;582.7191567752052;62.19421123910522;39.48918696953025;6.5;164;-1;;50;;;0;288.15;350;236.6048413642885;311.6048413642885;1;;;;0;1365.995064537555;5.171075942905718;5.171075942905718;2.262345725021252;2.262345725021252;27579.07169549716;5171.075942905718;169.3405940562094;169.3405940562094;12;12;0.2;82.88651296834852;5.982246865187186;6.95134699526775;12;0.6666666666666666;0.3169017600000001;83.39115144554748;5.984190851998966;6.95329098207953;12;0.6666666666666666;0.3169017600000001;0;0.10364430675190578;316901.76;1;0;1;0.05170056486906226;0;0.1036424185218919;316901.7600000006;1;0;0.05170056486906216;0;0.10364430675190578;316901.76;1;0;1;0.05170056486906226;0;0.1036424185218919;316901.7600000006;1;0;0.05170056486906216;0
900;1786616448;0;854.068965517235;7.636399999999998;46.79544620689656;2201.580089907262;141.2783127586207;66.4395837864635;664.395837864635;0.09652093176565684;7.974704137931028;-0.01971448275862121;395937.1380262872;5183335.89763992;0;63316;42.9964405524853;6.755797074870012;361.2354154506966;189.6670528771684;36.93578762782672;565.2354007449868;53.40262016981206;41.96554314428484;6.5;164;-1;;50;;;0;288.15;350;233.4635204379407;308.4635204379407;1;;;;0;1461.814633328599;4.992348387772406;4.992348387772406;2.184152419650428;2.184152419650428;26625.8580681195;4992.348387772406;169.075995221467;169.075995221467;12;12;0.2;83.40803266359512;5.984252072515472;6.953352202596036;12;0.6666666666666666;0.3169017600000001;83.95667499907054;5.986117984614412;6.955218114694976;12;0.6666666666666666;0.3169017600000001;0;0.10358598721929694;316901.76;1;0;1;0.05170056486906226;0;0.10364179839768756;316901.7600000006;1;0;0.05170056486906216;0;0.10358598721929694;316901.76;1;0;1;0.05170056486906226;0;0.10364179839768756;316901.7600000006;1;0;0.05170056486906216;0
910;1786616458;0;863.5592592592548;7.641869962962962;46.79079037037038;2261.726714784342;141.3344812592592;70.53513438903378;705.3513438903378;-0.02089114079466754;3.863523703705871;-0.03685570370362636;396345.6321358432;5182811.31077937;0;63316;43.04113936650698;7.605660683653308;361.2582184804797;180.4059131647112;37.72966110185826;556.3707714322928;41.14758163821175;40.66128810395209;6.5;164;-1;;50;;;0;288.15;350;231.8121674816826;306.8121674816826;1;;;;0;1548.623478644036;4.902468959681754;4.902468959681754;2.144830169860767;2.144830169860767;26146.50111830269;4902.468959681754;168.9386942737977;168.9386942737977;12;12;0.2;83.67453528914464;5.98518778671686;6.954287916797426;12;0.6666666666666666;0.3169017600000001;84.24648994502232;5.98701279217628;6.956112922256844;12;0.6666666666666666;0.3169017600000001;0;0.10355641799873736;316901.76;1;0;1;0.05170056486906226;0;0.10364087034987288;316901.7600000006;1;0;0.05170056486906216;0;0.10355641799873736;316901.76;1;0;1;0.05170056486906226;0;0.10364087034987288;316901.7600000006;1;0;0.05170056486906216;0
920;1786616468;0;873.0191570881196;7.647662260536396;46.78583965517242;2279.315330732779;141.375938045977;74.74441773063154;747.4441773063154;0.191265315073921;1.737356628352773;-0.1180205747126049;396778.2379721861;5182253.562817234;0;63316;43.07889566252057;8.45671348715565;361.279169253342;170.9015561373523;37.71998135060697;556.5103855309186;30.10130249108056;39.1704004254394;6.5;164;-1;;50;;;0;288.15;350;231.8321313775497;306.8321313775497;1;;;;0;1635.207094673281;4.903539735560172;4.903539735560172;2.145298634307575;2.145298634307575;26152.21192298758;4903.539735560172;168.9408736128069;168.9408736128069;12;12;0.2;83.67081670981028;5.98517512018833;6.954275250268894;12;0.6666666666666666;0.3169017600000001;84.24248878472594;5.987000839429838;6.956100969510402;12;0.6666666666666666;0.3169017600000001;0;0.10355688370124222;316901.76;1;0;1;0.05170056486906226;0;0.10363996726762954;316901.7600000006;1;0;0.05170056486906216;0;0.10355688370124222;316901.76;1;0;1;0.05170056486906226;0;0.10363996726762954;316901.7600000006;1;0;0.05170056486906216;0
930;1786616478;0;882.528735632183;7.65380896551724;46.78059862068966;2284.371487233104;141.391067816092;77.93367591727588;779.3367591727588;-0.04877617881698456;0.933790344827647;-0.1382452873563168;397237.4270351103;5181663.124118782;0;63316;43.10969210400647;9.308760449923646;361.2982604792105;161.6608446827473;36.90939347499925;565.6385875055158;20.66766192517442;37.7356981385343;6.5;164;-1;;50;;;0;288.15;350;233.5189081565645;308.5189081565645;1;;;;0;1608.342250853634;4.995409857667568;4.995409857667568;2.185491812729561;2.185491812729561;26642.18590756036;4995.409857667568;169.0821887247047;169.0821887247047;12;12;0.2;83.39743829738306;5.984213679270156;6.95331380935072;12;0.6666666666666666;0.3169017600000001;83.94530088356536;5.986081638420354;6.955181768500918;12;0.6666666666666666;0.3169017600000001;0;0.10358733210556664;316901.76;1;0;1;0.05170056486906226;0;0.10363940731909698;316901.7600000006;1;0;0.05170056486906216;0;0.10358733210556664;316901.76;1;0;1;0.05170056486906226;0;0.10363940731909698;316901.7600000006;1;0;0.05170056486906216;0
940;1786616488;0;892.0383141762394;7.660206053639844;46.77512777777778;2285.420934595403;141.4138401149425;79.94138994641808;799.413899464181;0.010421220881985334;0.5089509578546458;-0.1563127969349165;397715.3875517146;5181046.86021668;0;63316;43.13351418473423;10.161594397291378;361.3154857385125;153.1125732011581;35.42557853886726;583.3308194694208;11.873350675749296;35.89189595440171;6.5;164;-1;;50;;;0;288.15;350;236.6816546096781;311.6816546096781;1;;;;0;1520.609449036009;5.17558149990908;5.17558149990908;2.264316906210223;2.264316906210223;27603.10133284842;5175.58149990908;169.3497065904116;169.3497065904116;12;12;0.2;82.87092369595406;5.982183155460456;6.95128328554102;12;0.6666666666666666;0.3169017600000001;83.37449173222436;5.98413020187685;6.953230331957414;12;0.6666666666666666;0.3169017600000001;0;0.1036463470390374;316901.76;1;0;1;0.05170056486906226;0;0.10363948036878056;316901.7600000006;1;0;0.05170056486906214;0;0.1036463470390374;316901.76;1;0;1;0.05170056486906226;0;0.10363948036878056;316901.7600000006;1;0;0.05170056486906214;0
950;1786616498;0;901.5823754789224;7.666672720306512;46.76946475095786;2284.467239230529;144.682569655168;80.86347658072708;808.6347658072708;-0.1410315466112469;0.3768314176243054;6.713962567053106;398198.3984783305;5180409.19093265;0;63316;43.15035100353558;11.015016953564302;361.3308399457447;145.5094714953086;33.46858093074857;608.8420247173924;356.477394577817;33.69565408930046;6.5;164;-1;;50;;;0;288.15;350;240.9933587084681;315.993358708468;1;;;;0;1358.351892545183;5.43991083289006;5.43991083289006;2.379960989389401;2.379960989389401;29012.85777541365;5439.910832890058;169.7215005737028;169.7215005737028;12;12;0.2;82.11915629650262;5.978824217968334;6.9479243480489;12;0.6666666666666666;0.3169017600000001;82.56305718934582;5.98087717301078;6.949977303091344;12;0.6666666666666666;0.3169017600000001;0;0.10373144325999694;316901.76;1;0;1;0.05170056486906226;0;0.10364043831556406;316901.7600000007;1;0;0.05170056486906214;0;0.10373144325999694;316901.76;1;0;1;0.05170056486906226;0;0.10364043831556406;316901.7600000007;1;0;0.05170056486906214;0
960;1786616508;0;911.0574712643656;7.672515057471264;46.76339264367816;2284.345431527726;147.1646508045979;81.76461162481432;817.646116248143;0.005054419820622434;0.2731077011493768;-0.6613374712647516;398633.0733795149;5179726.910224582;0;60915;43.20779999018325;5.462489970820666;363.6113899317097;204.5861876916884;36.84300523897687;569.9516162887656;57.85288637015584;36.43059682323031;6.5;60;-1;;50;;;0;288.15;350;233.6583595856761;308.6583595856761;1;;;;0;1287.03151425028;5.003131584395192;5.003131584395192;2.188870068172896;2.188870068172896;26683.36845010768;5003.131584395192;169.1481679345077;169.1481679345077;12;12;0.2;83.32035910540916;5.983931522653634;6.953031652734198;12;0.6666666666666666;0.3169017600000001;83.86625911162122;5.985826421149394;6.954926551229958;12;0.6666666666666666;0.3169017600000001;0;0.10360171882100312;316901.76;1;0;1;0.05170056486906226;0;0.10364003914551704;316901.7600000007;1;0;0.05170056486906214;0;0.10360171882100312;316901.76;1;0;1;0.05170056486906226;0;0.10364003914551704;316901.7600000007;1;0;0.05170056486906214;0
970;1786616518;0;920.5670498084252;7.678351570881222;46.75722141762452;2283.992061145564;147.3489053639846;82.2558395107623;822.558395107623;-0.05271760148123608;0.2575178544061284;0.005971762452385834;399067.2201500759;5179033.656647736;0;60915;43.58018435155964;6.160363087758688;363.6869359661059;199.2131888931773;41.28925285436064;524.0113506392554;52.09248274711446;41.4524863464486;6.5;60;-1;;50;;;0;288.15;350;224.7655016571432;299.7655016571432;1;;;;0;1335.931998749654;4.546413842727524;4.546413842727524;1.989056056193291;1.989056056193291;24247.54049454679;4546.413842727522;168.4182220300907;168.4182220300907;12;12;0.2;84.70683676347336;5.988317215643742;6.957417345724306;12;0.6666666666666666;0.3169017600000001;85.3797006984388;5.989992081842908;6.959092211923472;12;0.6666666666666666;0.3169017600000001;0;0.1034484785895577;316901.76;1;0;1;0.05170056486906226;0;0.10363808444596644;316901.7600000007;1;0;0.05170056486906214;0;0.1034484785895577;316901.76;1;0;1;0.05170056486906226;0;0.10363808444596644;316901.7600000007;1;0;0.05170056486906214;0
980;1786616528;0;930.0436507936522;7.684197500000002;46.75100206349206;2283.680659681809;146.6632023412686;82.6246771425738;826.2467714257382;0.2574739893762772;0.2289892857142269;-6.183911666668726;399502.0994256371;5178335.076585054;0;60915;43.94770726107264;6.867334602083656;363.7617556161404;191.9007821996864;46.07812428478878;484.4971141441872;49.20844985080126;41.69922469305766;6.5;60;-1;;50;;;0;288.15;350;216.2366033849473;291.2366033849474;1;;;;0;1207.381534523749;4.165010403470564;4.165010403470564;1.822192051518372;1.822192051518372;22213.38881850967;4165.010403470564;167.7372320341428;167.7372320341428;12;12;0.2;85.93609420335318;5.991194287000714;6.960294417081278;12;0.6666666666666666;0.3169017600000001;86.7343150733754;5.992671479246454;6.961771609327018;12;0.6666666666666666;0.3169017600000001;0;0.10331667328411848;316901.76;1;0;1;0.05170056486906226;0;0.10363483786857402;316901.7600000007;1;0;0.05170056486906214;0;0.10331667328411848;316901.76;1;0;1;0.05170056486906226;0;0.10363483786857402;316901.7600000007;1;0;0.05170056486906214;0
990;1786616538;0;939.5517241379272;7.69072620689655;46.74506896551724;2283.658328595311;141.4308482758619;83.0172301127959;830.172301127959;-0.0313852516826229;0.2467717241381331;0.11073724137756264;399989.766867591;5177667.470654398;0;60915;44.31024854337084;7.583514733830032;363.8357940934284;181.8107994901625;50.8431202444727;453.123680919897;40.50469940279994;51.10274063747238;6.5;60;-1;;50;;;0;288.15;350;208.8305342223603;283.8305342223603;1;;;;0;1293.172131815241;3.86887142124835;3.86887142124835;1.692631246796153;1.692631246796153;20633.98091332453;3868.87142124835;167.1557433358388;167.1557433358388;12;12;0.2;86.94328268860164;5.993015476785758;6.962115606866322;12;0.6666666666666666;0.3169017600000001;87.85337198583134;5.994335079342276;6.96343520942284;12;0.6666666666666666;0.3169017600000001;0;0.10321202277545128;316901.76;1;0;1;0.05170056486906226;0;0.1036306097176428;316901.7600000007;1;0;0.05170056486906214;0;0.10321202277545128;316901.76;1;0;1;0.05170056486906226;0;0.1036306097176428;316901.7600000007;1;0;0.05170056486906214;0
1000;1786616548;0;949.1259259259244;7.697500666666666;46.73922192592592;2283.5495392672;141.646911925926;82.86568075937604;828.6568075937604;-0.009613447835669602;0.2064637777777938;-0.6975205925926298;400496.4770415151;5177009.158379244;0;60915;44.66768154119483;8.30899966318059;363.9089964192781;168.0966884494653;54.8514485112605;431.6335561341619;27.4741280636108;54.71914751104144;6.5;60;-1;;50;;;0;288.15;350;203.4054574605626;278.4054574605626;1;;;;0;1119.393916001541;3.668996922997125;3.668996922997125;1.605186153811242;1.605186153811242;19567.983589318;3668.996922997125;166.7337121493095;166.7337121493095;12;12;0.2;87.65263346636702;5.994067274011832;6.963167404092396;12;0.6666666666666666;0.3169017600000001;88.6465364668;5.995280188562726;6.96438031864329;12;0.6666666666666666;0.3169017600000001;0;0.10314033943515278;316901.76;1;0;1;0.05170056486906226;0;0.10362575555643004;316901.7600000007;1;0;0.05170056486906214;0;0.10314033943515278;316901.76;1;0;1;0.05170056486906226;0;0.10362575555643004;316901.7600000007;1;0;0.05170056486906214;0
1010;1786616558;0;958.6053639846718;7.704289808429118;46.73340072796936;2283.454275213702;141.4427081226053;83.35902202207526;833.5902202207526;0.0001772132860576298;0.1876264367816192;-0.2101834482758614;401004.4694646273;5176353.74420909;0;60915;45.01988191711957;9.043888271261954;363.981309242321;150.8842391133101;57.03928857614536;421.5334436953736;9.810716529548074;57.18912788301772;6.5;60;-1;;50;;;0;288.15;350;200.7418083895467;275.7418083895467;1;;;;0;1156.348687348275;3.575498519231498;3.575498519231498;1.56428060216378;1.56428060216378;19069.32543590132;3575.498519231498;166.5280488720473;166.5280488720473;12;12;0.2;87.99270069904234;5.994513821936542;6.963613952017106;12;0.6666666666666666;0.3169017600000001;89.02835494770788;5.995677224757476;6.964777354838042;12;0.6666666666666666;0.3169017600000001;0;0.10310664908648234;316901.76;1;0;1;0.05170056486906226;0;0.1036206662773129;316901.7600000007;1;0;0.05170056486906214;0;0.10310664908648234;316901.76;1;0;1;0.05170056486906226;0;0.1036206662773129;316901.7600000007;1;0;0.05170056486906214;0
1020;1786616568;0;968.111111111108;7.711129999999998;46.72755111111112;2283.374887309334;141.4358966666667;83.34929585447226;833.4929585447226;-0.07057008188682928;0.1759011111111157;-0.2706944444444609;401516.4234998874;5175695.153380792;0;61245;48.5312063231561;8.406527472352924;364.5659831594239;14.349316563680492;58.2954899509282;416.8124839722755;232.4914012460376;58.40442741953294;6.5;63;-1;;50;;;0;288.15;350;199.3043559690947;274.3043559690947;1;;;;0;1360.708046405136;3.52621848687694;3.52621848687694;1.542720588008661;1.542720588008661;18806.49859667702;3526.21848687694;166.4302225040912;166.4302225040912;12;12;0.2;88.16136711350812;5.994722676676474;6.963822806757038;12;0.6666666666666666;0.3169017600000001;89.21972051420216;5.995863477290054;6.964963607370618;12;0.6666666666666666;0.3169017600000001;0;0.10309090165989732;316901.76;1;0;1;0.05170056486906226;0;0.10361552293151276;316901.7600000007;1;0;0.05170056486906214;0;0.10309090165989732;316901.76;1;0;1;0.05170056486906226;0;0.10361552293151276;316901.7600000007;1;0;0.05170056486906214;0
1030;1786616578;0;977.5900383141738;7.717964827586206;46.72170007662836;2283.315491143542;141.430965210728;83.37441865298608;833.7441865298608;-0.00914684522013845;0.1684856704980861;-0.24681283524904;402028.0794079431;5175036.457656914;0;61245;48.2458950070496;9.249665119707358;364.5024664333141;33.69671866376792;58.57023351631734;415.6032421008661;251.8872830409774;58.75323730693854;6.5;63;-1;;50;;;0;288.15;350;198.9987638857444;273.9987638857444;1;;;;0;1416.992576415814;3.515844717488117;3.515844717488117;1.538182063901051;1.538182063901051;18751.17182660329;3515.844717488117;166.4049866790095;166.4049866790095;12;12;0.2;88.20151523208626;5.994771208579066;6.96387133865963;12;0.6666666666666666;0.3169017600000001;89.26470964004244;5.995906086792478;6.965006216873042;12;0.6666666666666666;0.3169017600000001;0;0.1030868680631902;316901.76;1;0;1;0.05170056486906226;0;0.10361043971162504;316901.7600000007;1;0;0.05170056486906214;0;0.1030868680631902;316901.76;1;0;1;0.05170056486906226;0;0.10361043971162504;316901.7600000007;1;0;0.05170056486906214;0
1040;1786616588;0;987.0996168582364;7.724802720306514;46.7158482375479;2283.268424896828;141.4307309961686;83.7009575820093;837.009575820093;-0.01952567939492646;0.1638411494252878;-0.2493011111111115;402540.0820367757;5174377.714468978;0;61245;47.95384392474578;10.082914205092858;364.4375443646759;51.45503509136856;56.07779732773002;426.4268845392229;269.7989104168551;56.3268739281073;6.5;63;-1;;50;;;0;288.15;350;201.8870996140182;276.8870996140182;1;;;;0;1387.816815094677;3.615346025478925;3.615346025478925;1.58171388614703;1.58171388614703;19281.84546922094;3615.346025478925;166.6282996916756;166.6282996916756;12;12;0.2;87.83516908918332;5.994311301300698;6.963411431381262;12;0.6666666666666666;0.3169017600000001;88.85282231170408;5.995499020785258;6.964599150865822;12;0.6666666666666666;0.3169017600000001;0;0.1031229718481572;316901.76;1;0;1;0.05170056486906226;0;0.10360579716054438;316901.7600000007;1;0;0.05170056486906214;0;0.1031229718481572;316901.76;1;0;1;0.05170056486906226;0;0.10360579716054438;316901.7600000007;1;0;0.05170056486906214;0
1050;1786616598;0;996.62222222222;7.731667999999998;46.70997422222222;2283.231602929068;141.4319146666667;83.4486879988954;834.486879988954;0.013216573600039308;0.1608082222222228;-0.2489635555555554;403054.2526012835;5173716.519270616;0;61245;47.65519404730416;10.906265857043892;364.3712609299064;65.24591410498396;51.77696521440314;448.4115834774808;283.6772479897531;52.05699724092888;6.5;63;-1;;50;;;0;288.15;350;207.5022415783809;282.5022415783809;1;;;;0;1508.876619948632;3.818697367128586;3.818697367128586;1.670680098118756;1.670680098118756;20366.38595801913;3818.697367128586;167.064944600214;167.064944600214;12;12;0.2;87.10620662702352;5.993272445524156;6.96237257560472;12;0.6666666666666666;0.3169017600000001;88.0366680887501;5.99456904852769;6.963669178608254;12;0.6666666666666666;0.3169017600000001;0;0.10319630491025262;316901.76;1;0;1;0.05170056486906226;0;0.10360193402610766;316901.7600000007;1;0;0.05170056486906214;0;0.10319630491025262;316901.76;1;0;1;0.05170056486906226;0;0.10360193402610766;316901.7600000007;1;0;0.05170056486906214;0
1060;1786616608;0;1006.0842911877356;7.738511532567048;46.70411773946362;2283.201966596782;141.4331877011494;83.89790409343436;838.9790409343436;0.0708267180561501;0.1587465134099623;-0.2492042145593868;403566.9067948042;5173057.345068172;0;61245;47.3500892083567;11.719714515035386;364.3036619377836;75.19753033977728;46.79803383168618;480.0244086029164;293.6453276799314;47.09000425246216;6.5;63;-1;;50;;;0;288.15;350;215.0492660630346;290.0492660630346;1;;;;0;1498.226827562509;4.115536069656372;4.115536069656372;1.800547030474663;1.800547030474663;21949.52570483399;4115.536069656372;167.656674567516;167.656674567516;12;12;0.2;86.08777102483786;5.991496221369158;6.960596351449722;12;0.6666666666666666;0.3169017600000001;86.90373375962272;5.992951633716684;6.962051763797248;12;0.6666666666666666;0.3169017600000001;0;0.10330175394434886;316901.76;1;0;1;0.05170056486906226;0;0.10359912860478282;316901.7600000007;1;0;0.05170056486906214;0;0.10330175394434886;316901.76;1;0;1;0.05170056486906226;0;0.10359912860478282;316901.7600000007;1;0;0.05170056486906214;0
1070;1786616618;0;1015.6283524904188;7.745392413793102;46.69823042145594;2283.17755936892;141.4346905363985;83.3754578150704;833.754578150704;-0.02991533791927814;0.1573083141762456;-0.2495165517241377;404082.4762287262;5172394.744990828;0;61245;47.0386687086926;12.523277095870406;364.2347934046766;82.32718377766202;41.87211043132639;519.5058589684978;300.9166755119696;42.16699819197303;6.5;63;-1;;50;;;0;288.15;350;223.6687036923483;298.6687036923483;1;;;;0;1518.652218273983;4.494582870020891;4.494582870020891;1.96638000563414;1.96638000563414;23971.10864011143;4494.582870020892;168.3432171404049;168.3432171404049;12;12;0.2;84.856348676425;5.98871205408746;6.957812184168024;12;0.6666666666666666;0.3169017600000001;85.54513194998988;5.990365719005054;6.959465849085618;12;0.6666666666666666;0.3169017600000001;0;0.10343344988703192;316901.76;1;0;1;0.05170056486906226;0;0.10359759454258142;316901.7600000007;1;0;0.05170056486906214;0;0.10343344988703192;316901.76;1;0;1;0.05170056486906226;0;0.10359759454258142;316901.7600000007;1;0;0.05170056486906214;0
1080;1786616628;0;1025.103448275862;7.752224482758622;46.69237689655172;2283.156006844139;141.4358286206897;83.65689981382698;836.5689981382696;0.003214171380508614;0.156398275862069;-0.2492941379310345;404594.4883162159;5171736.005484074;0;61245;46.72107063590516;13.31698216766168;364.1647023065516;87.54489004475986;37.337639497869;565.209133324126;306.121975113321;37.63121067973314;6.5;63;-1;;50;;;0;288.15;350;232.6240794231206;307.6240794231205;1;;;;0;1163.09975714605;4.946325424663694;4.946325424663694;2.164017373290366;2.164017373290366;26380.40226487303;4946.325424663694;169.0755915644774;169.0755915644774;12;12;0.2;83.47459433005342;5.984491164075062;6.953591294155626;12;0.6666666666666666;0.3169017600000001;84.0350715028574;5.98636593766638;6.955466067746944;12;0.6666666666666666;0.3169017600000001;0;0.1035858996006122;316901.76;1;0;1;0.05170056486906226;0;0.10359748724953582;316901.7600000007;1;0;0.05170056486906214;0;0.1035858996006122;316901.76;1;0;1;0.05170056486906226;0;0.10359748724953582;316901.7600000007;1;0;0.05170056486906214;0
1090;1786616638;0;1034.578544061301;7.75908233716475;46.68650551724138;2283.143425587679;141.4371347126437;83.78712732200412;837.8712732200414;-0.0299838474144444;0.155935785440613;-0.2497758620689658;405108.5550982094;5171075.296805176;0;61245;46.39743565568608;14.100859843490988;364.0934374223534;91.47339533838342;33.30089051699469;615.7424140559872;310.0940016825476;33.59240550455481;6.5;63;-1;;50;;;0;288.15;350;241.3697914426991;316.3697914426991;1;;;;0;1343.936638787949;5.464124477753826;5.464124477753826;2.390554459017299;2.390554459017299;29141.99721468708;5464.124477753826;169.8193895435932;169.8193895435932;12;12;0.2;81.9864602121206;5.978168867181328;6.947268997261892;12;0.6666666666666666;0.3169017600000001;82.42519057348816;5.980261780926416;6.94936191100698;12;0.6666666666666666;0.3169017600000001;0;0.10375446048125938;316901.76;1;0;1;0.05170056486906226;0;0.10359891427891512;316901.7600000007;1;0;0.05170056486906214;0;0.10375446048125938;316901.76;1;0;1;0.05170056486906226;0;0.10359891427891512;316901.7600000007;1;0;0.05170056486906214;0
1100;1786616648;0;1044.122605363983;7.765948275862068;46.68062398467434;2283.133889610207;141.4386208429119;83.46020903958728;834.6020903958728;0.0001852837201498057;0.1556212260536399;-0.2493247126436779;405623.3370325754;5170413.496280654;0;61245;46.0678978641315;14.874963338371372;364.0210473221305;94.51568163888714;29.75619431182919;670.0094199490604;313.1098156867255;30.04458005607019;6.5;63;-1;;50;;;0;288.15;350;249.5472621454747;324.5472621454747;1;;;;0;1743.704280536719;6.044604798225258;6.044604798225258;2.644514599223551;2.644514599223551;32237.89225720138;6044.604798225258;170.5530263163491;170.5530263163491;12;12;0.2;80.41838297868702;5.968709640577466;6.93780977065803;12;0.6666666666666666;0.3169017600000001;80.746283924096;5.970977555842652;6.940077685923216;12;0.6666666666666666;0.3169017600000001;0;0.10393547572845774;316901.76;1;0;1;0.05170056486906226;0;0.10360194636404614;316901.7600000006;1;0;0.05170056486906214;0;0.10393547572845774;316901.76;1;0;1;0.05170056486906226;0;0.10360194636404614;316901.7600000006;1;0;0.05170056486906214;0
1110;1786616658;0;1053.632183908046;7.772791494252874;46.67476804597702;2283.113863864828;141.4414140229885;83.50805198841212;835.0805198841214;-0.05631298489680616;0.1518550574712646;-0.2457773563218388;406136.5407906268;5169754.613109948;0;61245;45.73259507273384;15.63934305149961;363.9475826332055;96.93211854546406;26.65397577429183;727.1710705391438;315.5822802675421;26.93447598782603;0;63;-1;;50;;;0;288.15;350;256.9461223162405;331.9461223162405;1;;;;0;1741.89912740989;6.687453777413632;6.687453777413632;2.925761027618464;2.925761027618464;35666.42014620604;6687.453777413632;171.2641399982931;171.2641399982931;12;12;0.2;72.28317388915966;5.80025703484559;6.769357164926154;12;0.6666666666666666;0.3169017600000001;72.51317833536788;5.810338625390294;6.779438755470858;12;0.6666666666666666;0.3169017600000001;0;0.10412614647104886;316901.76;1;0;1;0.05170056486906226;0;0.10360662672214438;316901.7600000006;1;0;0.05170056486906214;0;0.10412614647104886;316901.76;1;0;1;0.05170056486906226;0;0.10360662672214438;316901.7600000006;1;0;0.05170056486906214;0
1120;1786616668;0;1063.107279693481;7.779628314176242;46.66890348659006;2283.053605488737;141.4394767816092;83.67947725875954;836.7947725875954;0.1460520819488463;0.1677114559386963;-0.2496448659003883;406649.3542859618;5169094.82548078;0;63113;41.45550321647887;3.734408939885405;359.7706499038477;210.649754712952;24.36508097209919;768.1822556596846;69.175405922861;24.19160541816906;0;137;-1;;50;;;0;288.15;350;262.4341713273248;337.4341713273248;1;;;;0;1740.489919145441;7.271857555871728;7.271857555871728;3.181437680693881;3.181437680693881;38783.24029798255;7271.857555871728;171.740693565259;171.740693565259;12;12;0.2;70.9665398906603;5.731666698084642;6.700766828165206;12;0.6666666666666666;0.3169017600000001;71.12532972746362;5.741018980385628;6.710119110466192;12;0.6666666666666666;0.3169017600000001;0;0.10426294505962624;316901.76;1;0;1;0.05170056486906226;0;0.10361243484902474;316901.7600000006;1;0;0.05170056486906214;0;0.10426294505962624;316901.76;1;0;1;0.05170056486906226;0;0.10361243484902474;316901.7600000006;1;0;0.05170056486906214;0
1130;1786616678;0;1072.651340996165;7.78648896551724;46.66303268199234;2283.048575401196;141.4408867816092;83.32769758434646;833.2769758434646;-0.02767341707546719;0.1753449425287345;-0.2470586206896549;407164.0946250326;5168434.36173671;0;63113;41.30204647116465;4.539710229443736;359.7356016659542;204.757927299883;24.90995137437729;755.814003344648;63.46886370875882;24.76752317921358;0;137;-1;;50;;;0;288.15;350;261.1319827746487;336.1319827746487;1;;;;0;1740.808321082984;7.122619639035536;7.122619639035536;3.116146092078047;3.116146092078047;37987.30474152286;7122.619639035536;171.5997068237749;171.5997068237749;12;12;0.2;71.32205613759638;5.752167564302426;6.72126769438299;12;0.6666666666666666;0.3169017600000001;71.49763820791538;5.761722977259806;6.73082310734037;12;0.6666666666666666;0.3169017600000001;0;0.10422168901069976;316901.76;1;0;1;0.05170056486906226;0;0.10361777918377628;316901.7600000006;1;0;0.05170056486906214;0;0.10422168901069976;316901.76;1;0;1;0.05170056486906226;0;0.10361777918377628;316901.7600000006;1;0;0.05170056486906214;0
1140;1786616688;0;1082.126436781607;7.793311034482758;46.6571816091954;2283.055864383724;141.4421102298851;83.22249051545576;832.2249051545574;0.02326663130133911;0.17962540229885;-0.2464473563218393;407676.0312134829;5167776.181897462;0;63113;41.14239491373855;5.340974569557584;359.6991104601111;198.6817153683062;25.17177889620161;749.9692412782104;57.35001561345746;25.06151487181274;0;137;-1;;50;;;0;288.15;350;260.5047867478707;335.5047867478707;1;;;;149.6675654657506;1647.379163607909;7.053287672732106;7.053287672732106;3.085813356820296;3.085813356820296;37617.53425457123;7053.287672732106;171.5322771808812;171.5322771808812;12;12;0.2;71.4891504820513;5.76126942055197;6.730369550632534;12;0.6666666666666666;0.3169017600000001;71.67284371795976;5.770900261676508;6.740000391757072;12;0.6666666666666666;0.3169017600000001;0;0.10420219298299638;316901.76;1;0;1;0.05170056486906226;0;0.10362286104289994;316901.7600000006;1;0;0.05170056486906214;0;0.10420219298299638;316901.76;1;0;1;0.05170056486906226;0;0.10362286104289994;316901.7600000006;1;0;0.05170056486906214;0
1150;1786616698;0;1091.60153256705;7.800133103448276;46.6513430651341;2283.063234622897;141.4435842911877;83.30277053172384;833.0277053172384;-0.0687398864758724;0.182052337164751;-0.246043908045977;408188.1028472529;5167119.439961912;0;63113;40.97661182188167;6.138090217512136;359.6612004192312;192.5535084866478;25.12975560221127;750.8017154544664;51.31764760090772;25.05182988997172;0;137;-1;;50;;;0;288.15;350;260.6055030975876;335.6055030975876;1;;;;187.0844568321883;1421.652145268092;7.064314455011314;7.064314455011314;3.09063757406745;3.09063757406745;37676.34376006035;7064.314455011314;171.5419132676281;171.5419132676281;12;12;0.2;71.4636633957781;5.759902419954898;6.729002550035462;12;0.6666666666666666;0.3169017600000001;71.64605310361048;5.76951959288937;6.738619722969936;12;0.6666666666666666;0.3169017600000001;0;0.10420496981795016;316901.76;1;0;1;0.05170056486906226;0;0.10362787922199518;316901.7600000005;1;0;0.05170056486906214;0;0.10420496981795016;316901.76;1;0;1;0.05170056486906226;0;0.10362787922199518;316901.7600000005;1;0;0.05170056486906214;0
1160;1786616708;0;1101.111111111112;7.80694888888889;46.64549222222224;2283.065605394667;141.4447711111111;82.26164679127144;822.6164679127144;0.010463948844546706;0.1834322222222191;-0.2378544444444128;408699.7861918824;5166461.384284044;0;62065;52.22577059089796;6.056440422837164;364.9770277624575;349.1002926683761;25.94641164529255;743.5505538921676;207.5017027058173;25.89391294542121;0;96;-1;;50;;;0;288.15;350;258.6457847452936;333.6457847452936;1;;;;0;1195.686629817207;6.856667683224592;6.856667683224592;2.999792111410759;2.999792111410759;36568.89431053116;6856.667683224592;171.4576181724236;171.4576181724236;12;12;0.2;71.84645072542592;5.7796539096036;6.748754039684164;12;0.6666666666666666;0.3169017600000001;72.05427474513878;5.7897046656435;6.758804795724064;12;0.6666666666666666;0.3169017600000001;0;0.10418078254649352;316901.76;1;0;1;0.05170056486906226;0;0.10363260489143534;316901.7600000005;1;0;0.05170056486906214;0;0.10418078254649352;316901.76;1;0;1;0.05170056486906226;0;0.10363260489143534;316901.7600000005;1;0;0.05170056486906214;0
1170;1786616718;0;1110.642857142854;7.81368357142857;46.63971714285714;2281.396715110287;141.3592814285716;79.30812653244002;793.0812653244002;0.003489994469654756;0.3945678571426583;-0.3211242857143971;409205.5028385001;5165811.886409652;0;62065;52.07708695032084;7.050650598815874;364.9492442946075;355.0513914998645;27.09574183909058;720.0892426945554;213.4420178999486;26.944510216661;0;96;-1;;50;;;0;288.15;350;255.8855646510885;330.8855646510885;1;;;;0;499.6893138808474;6.586476370799308;6.586476370799308;2.881583412224697;2.881583412224697;35127.87397759631;6586.476370799308;171.1791346050176;171.1791346050176;12;12;0.2;72.51333430444334;5.810345290035848;6.779445420116412;12;0.6666666666666666;0.3169017600000001;72.7572365393009;5.820491785379706;6.78959191546027;12;0.6666666666666666;0.3169017600000001;0;0.10410252403607558;316901.76;1;0;1;0.05170056486906226;0;0.10363658725706788;316901.7600000004;1;0;0.05170056486906214;0;0.10410252403607558;316901.76;1;0;1;0.05170056486906226;0;0.10363658725706788;316901.7600000004;1;0;0.05170056486906214;0
1180;1786616728;0;1120.130268199232;7.820187279693486;46.63415574712644;2280.819107813335;141.3416918007663;76.39478394400308;763.9478394400308;-0.02416088046365413;0.6954088122604218;-0.08634521072794166;409694.0062503881;5165186.44174032;0;62065;51.9193684237769;8.037800381668482;364.9194710155816;1.460876996844893;27.98385204339999;702.9931446401102;219.8739047478611;27.50671177885746;0;96;-1;;50;;;0;288.15;350;253.7580451071043;328.7580451071043;1;;;;0;821.6259625535214;6.393552590167278;6.393552590167278;2.797179258198185;2.797179258198185;34098.94714755882;6393.552590167278;170.9704299416822;170.9704299416822;12;12;0.2;72.99936690243724;5.830038011678896;6.79913814175946;12;0.6666666666666666;0.3169017600000001;73.27128345254752;5.840165789053954;6.809265919134518;12;0.6666666666666666;0.3169017600000001;0;0.10404549759128608;316901.76;1;0;1;0.05170056486906226;0;0.10364002347836384;316901.7600000004;1;0;0.05170056486906214;0;0.10404549759128608;316901.76;1;0;1;0.05170056486906226;0;0.10364002347836384;316901.7600000004;1;0;0.05170056486906214;0
1190;1786616738;0;1129.605363984672;7.826441379310344;46.62879310344828;2280.767375826024;141.3327333716475;70.15692700929558;701.5692700929558;0.02252764542065015;0.965921417624463;-0.03496360153255381;410163.8340915292;5164583.40803534;0;62065;51.75272735728678;9.017574440726892;364.8877305074148;8.213647422761814;28.53770065288899;692.7446719940802;226.4687917789788;27.90022491948282;0;96;-1;;50;;;0;288.15;350;252.436158121321;327.436158121321;1;;;;0;1097.642806227527;6.279606788649692;6.279606788649692;2.74732797003424;2.74732797003424;33491.23620613168;6279.60678864969;170.8428720276638;170.8428720276638;12;12;0.2;73.29072190613722;5.840866668662366;6.80996679874293;12;0.6666666666666666;0.3169017600000001;73.58013598967202;5.850951716005468;6.820051846086032;12;0.6666666666666666;0.3169017600000001;0;0.10401131236623272;316901.76;1;0;1;0.05170056486906226;0;0.10364311755242942;316901.7600000004;1;0;0.05170056486906214;0;0.10401131236623272;316901.76;1;0;1;0.05170056486906226;0;0.10364311755242942;316901.7600000004;1;0;0.05170056486906214;0
1200;1786616748;0;1139.114942528738;7.832182068965518;46.6238671264368;2313.19652816138;141.4699403448276;60.59416098532446;605.9416098532446;0.03232283576059436;-1.667075862074202;-0.2307018390804814;410595.1709712344;5164029.516347732;0;62065;51.577282518754;9.989665134468344;364.8540470900789;15.148182759402034;28.70689952185577;689.640388315942;234.3229279570688;29.87380322361326;6.5;96;-1;;50;;;0;288.15;350;252.033292439302;327.033292439302;1;;;;0;911.4189506403226;6.245717528108722;6.245717528108722;2.732501418547566;2.732501418547566;33310.49348324652;6245.717528108722;170.8038618972292;170.8038618972292;12;12;0.2;79.87844784859942;5.964584161641058;6.933684291721622;12;0.6666666666666666;0.3169017600000001;80.17320862523344;5.966899286325198;6.935999416405762;12;0.6666666666666666;0.3169017600000001;0;0.10400095759046934;316901.76;1;0;1;0.05170056486906226;0;0.1036460749081157;316901.7600000004;1;0;0.05170056486906214;0;0.10400095759046934;316901.76;1;0;1;0.05170056486906226;0;0.1036460749081157;316901.7600000004;1;0;0.05170056486906214;0
1210;1786616758;0;1148.59003831417;7.837139118773944;46.61961218390806;2321.123145750325;141.0031132567053;52.87476462439016;528.7476462439016;0.08126086881266996;3.347322643681675;0.3217661685827881;410967.6902506136;5163551.105711152;0;60728;48.03587984692872;0.9986253235516672;364.752390253716;289.4397749111608;30.372369354695;661.0390687895714;149.458243508385;27.67168923409732;0;44;-1;;50;;;0;288.15;350;248.0990320371396;323.0990320371397;1;;;;0;580.0417906149302;5.933335865367416;5.933335865367416;2.595834441098244;2.595834441098244;31644.45794862622;5933.335865367416;170.4359507019379;170.4359507019379;12;12;0.2;74.19540768408138;5.870349296843106;6.83944942692367;12;0.6666666666666666;0.3169017600000001;74.54273155828848;5.880178078275392;6.849278208355956;12;0.6666666666666666;0.3169017600000001;0;0.10390555385777648;316901.76;1;0;1;0.05170056486906226;0;0.10364820178475226;316901.7600000004;1;0;0.05170056486906212;0;0.10390555385777648;316901.76;1;0;1;0.05170056486906226;0;0.10364820178475226;316901.7600000004;1;0;0.05170056486906212;0
1220;1786616768;0;1158.030651340995;7.841463180076628;46.61589865900384;2342.106685365516;140.8172537164751;47.0005437570095;470.005437570095;-0.1292529267297507;5.135296590037882;0.364961685823717;411292.6866148879;5163133.592336804;0;60728;48.32603756693126;1.834560668939862;364.8193770442195;294.9747789629753;33.13816799541684;619.1946555276494;155.7661522068989;28.63590955585923;6.5;44;-1;;50;;;0;288.15;350;241.7360724531839;316.7360724531839;1;;;;0;300.5609991644042;5.487872886032232;5.487872886032232;2.400944387639102;2.400944387639102;29268.65539217191;5487.872886032232;169.8679521258912;169.8679521258912;12;12;0.2;81.90375929292242;5.9777502357102;6.946850365790764;12;0.6666666666666666;0.3169017600000001;82.33746446502864;5.97985995349782;6.948960083578384;12;0.6666666666666666;0.3169017600000001;0;0.10376597591928838;316901.76;1;0;1;0.05170056486906226;0;0.10364915929804116;316901.7600000004;1;0;0.05170056486906212;0;0.10376597591928838;316901.76;1;0;1;0.05170056486906226;0;0.10364915929804116;316901.7600000004;1;0;0.05170056486906212;0
1230;1786616778;0;1167.505747126435;7.84530724137931;46.61259804597702;2360.558885855178;140.8537519540232;47.1465532890667;471.465532890667;0.002339294573816361;0.1876466666708003;0.2689437931031721;411581.645761828;5162762.517392394;0;60728;48.60941556609772;2.680372849341079;364.8849070493434;301.651709012818;35.9025574819305;583.1185018043196;161.0232264013187;35.81319214735491;6.5;44;-1;;50;;;0;288.15;350;235.6546040944602;310.6546040944602;1;;;;0;58.25046950338084;5.115887526582724;5.115887526582724;2.238200792879941;2.238200792879941;27284.73347510786;5115.887526582724;169.3465445707781;169.3465445707781;12;12;0.2;82.95989580224412;5.982543723170132;6.951643853250696;12;0.6666666666666666;0.3169017600000001;83.47779830063502;5.984502580985154;6.953602711065718;12;0.6666666666666666;0.3169017600000001;0;0.10364563882353886;316901.76;1;0;1;0.05170056486906226;0;0.10364913090711776;316901.7600000003;1;0;0.05170056486906212;0;0.10364563882353886;316901.76;1;0;1;0.05170056486906226;0;0.10364913090711776;316901.7600000003;1;0;0.05170056486906212;0
1240;1786616788;0;1176.980842911874;7.849162145593868;46.60928670498086;2349.378709557979;140.7681591954026;47.40119074109102;474.0119074109102;0.00010171796563491146;3.112751149426069;0.2813936781616584;411871.4538375073;5162390.25273495;0;60728;48.8858722245829;3.536035092964082;364.9489373473152;309.6335176722689;38.46413681424311;553.9950099707798;169.5052221929392;35.45935927612192;6.5;44;-1;;50;;;0;288.15;350;230.3098306692541;305.3098306692541;1;;;;0;182.6529385489926;4.82295994177296;4.82295994177296;2.11004497452567;2.11004497452567;25722.45302278913;4822.959941772962;168.9015252008733;168.9015252008733;12;12;0.2;83.82599857531304;5.985694633632574;6.954794763713138;12;0.6666666666666666;0.3169017600000001;84.41927113512578;5.987518609400286;6.95661873948085;12;0.6666666666666666;0.3169017600000001;0;0.1035484933115142;316901.76;1;0;1;0.05170056486906226;0;0.10364832580635292;316901.7600000003;1;0;0.05170056486906212;0;0.1035484933115142;316901.76;1;0;1;0.05170056486906226;0;0.10364832580635292;316901.7600000003;1;0;0.05170056486906212;0
1250;1786616798;0;1186.474074074072;7.85305911111111;46.60596933333334;2343.922137851202;140.4661465925928;47.53488952583492;475.3488952583492;-0.07438031611892462;2.82812192592596;0.5951879259263452;412164.5097009484;5162017.285731576;0;60728;49.15526553340576;4.40150597351306;365.0114260802011;318.9470602039293;40.5440889475685;532.968727872108;179.0724773362446;37.72885557579037;6.5;44;-1;;50;;;0;288.15;350;226.1913171605277;301.1913171605277;1;;;;0;126.74435148536486;4.615150404798844;4.615150404798844;2.019128302099494;2.019128302099494;24614.1354922605;4615.150404798844;168.5654426906837;168.5654426906837;12;12;0.2;84.46080729490286;5.987637244134996;6.95673737421556;12;0.6666666666666666;0.3169017600000001;85.11306326111446;5.989359162026008;6.958459292106572;12;0.6666666666666666;0.3169017600000001;0;0.10347835718387796;316901.76;1;0;1;0.05170056486906226;0;0.1036469768490317;316901.7600000003;1;0;0.05170056486906212;0;0.10347835718387796;316901.76;1;0;1;0.05170056486906226;0;0.1036469768490317;316901.7600000003;1;0;0.05170056486906212;0
1260;1786616808;0;1195.965517241379;7.856965862068966;46.60264206896552;2339.216104475586;139.2597037931034;46.64508940710598;466.4508940710598;0.134803538601899;3.590460689655177;1.127447241379308;412458.3357331493;5161643.22347724;0;60728;49.41745020201968;5.27671811208504;365.0723317493749;329.3608311837523;41.83162214195287;521.0210190697492;190.3307391393014;38.09881482398451;6.5;44;-1;;50;;;0;288.15;350;223.7443680142984;298.7443680142984;1;;;;0;293.4210683650949;4.498130095331584;4.498130095331584;1.967931916707568;1.967931916707568;23990.02717510178;4498.130095331584;168.3685130227179;168.3685130227179;12;12;0.2;84.8259536577279;5.988632879569694;6.95773300965026;12;0.6666666666666666;0.3169017600000001;85.51363683491952;5.990295675353766;6.95939580543433;12;0.6666666666666666;0.3169017600000001;0;0.10343850391711446;316901.76;1;0;1;0.05170056486906226;0;0.10364533532988276;316901.7600000003;1;0;0.05170056486906212;0;0.10343850391711446;316901.76;1;0;1;0.05170056486906226;0;0.10364533532988276;316901.7600000003;1;0;0.05170056486906212;0
1270;1786616818;0;1205.440613026815;7.860820651340994;46.59938900383142;2341.804708385744;134.0237432950126;44.60790414101316;446.0790414101316;0.2035664524917523;5.383586934863538;-1.26210831417603;412748.3381293599;5161277.478562724;0;60728;49.67228441087762;6.161598418933256;365.131614746133;340.3208002660988;42.09016888754235;518.7721497983906;203.3105673929144;37.72384089134065;6.5;44;-1;;50;;;0;288.15;350;223.262546353878;298.262546353878;1;;;;0;629.6352243629714;4.475612630985451;4.475612630985451;1.958080526056135;1.958080526056135;23869.93403192241;4475.612630985451;168.3309412029681;168.3309412029681;12;12;0.2;84.89589433247522;5.988814240804104;6.957914370884668;12;0.6666666666666666;0.3169017600000001;85.59058756361356;5.990465920709536;6.9595660507901;12;0.6666666666666666;0.3169017600000001;0;0.10343100249667726;316901.76;1;0;1;0.05170056486906226;0;0.10364366085462332;316901.7600000003;1;0;0.05170056486906212;0;0.10343100249667726;316901.76;1;0;1;0.05170056486906226;0;0.10364366085462332;316901.7600000003;1;0;0.05170056486906212;0
1280;1786616828;0;1214.915708812257;7.865265325670498;46.59678770114944;2347.045528912;115.41035720306486;45.9692688700166;459.692688700166;-0.07326917723103974;4.052005938698605;-2.057286513417852;413084.6009916965;5160983.519921698;0;60728;49.91962668993622;7.056057200452882;365.1892365894182;351.0655150092172;41.27272343817999;526.304158629407;231.9131592277432;40.54013144975132;6.5;44;-1;;50;;;0;288.15;350;224.7968426455867;299.7968426455867;1;;;;0;620.4773546308462;4.54790805907035;4.54790805907035;1.989709775843278;1.989709775843278;24255.5096483752;4547.908059070352;168.4561441756218;168.4561441756218;12;12;0.2;84.6667666819495;5.988209072770468;6.957309202851032;12;0.6666666666666666;0.3169017600000001;85.33917657844904;5.989898369710018;6.958998499790582;12;0.6666666666666666;0.3169017600000001;0;0.1034561265737847;316901.76;1;0;1;0.05170056486906226;0;0.1036422071005083;316901.7600000003;1;0;0.05170056486906212;0;0.1034561265737847;316901.76;1;0;1;0.05170056486906226;0;0.1036422071005083;316901.7600000003;1;0;0.05170056486906212;0
1290;1786616838;0;1224.42528735632;7.87038264367816;46.59461367816094;2360.408961671996;117.88495540229668;46.09535088744464;460.9535088744464;-0.07057098925970662;7.04249827586389;4.94221965517418;413473.1003460115;5160736.320435084;0;60728;50.1593333436236;7.959976602085536;365.2451592803045;0.9257646879044696;39.54068559644157;543.1994458009034;240.0428137015578;31.84460369828756;6.5;44;-1;;50;;;0;288.15;350;228.1528327352989;303.152832735299;1;;;;0;371.2295271300373;4.712342966712424;4.712342966712424;2.061650047936685;2.061650047936685;25132.49582246626;4712.342966712424;168.7305945065126;168.7305945065126;12;12;0.2;84.15594117132318;5.986739588525722;6.955839718606286;12;0.6666666666666666;0.3169017600000001;84.78000530737234;5.98851213676835;6.957612266848916;12;0.6666666666666666;0.3169017600000001;0;0.1035124831855694;316901.76;1;0;1;0.05170056486906226;0;0.10364120922423954;316901.7600000002;1;0;0.05170056486906212;0;0.1035124831855694;316901.76;1;0;1;0.05170056486906226;0;0.10364120922423954;316901.7600000002;1;0;0.05170056486906212;0
1300;1786616848;0;1233.934865900384;7.875305478927204;46.5922175862069;2362.460294680551;123.96015620689692;52.5541983777812;525.541983777812;-0.8002923358116858;1.174384367814811;13.47508398467753;413846.38166383;5160464.68315597;0;60728;50.39126563071426;8.873235350519366;365.2993469277344;9.530573708519436;37.17997632855871;568.6614452313136;248.6641886009515;24.27417523727567;0;44;-1;;50;;;0;288.15;350;232.9525659677658;307.9525659677658;1;;;;0;135.8220969424924;4.964251535502036;4.964251535502036;2.17186004678214;2.17186004678214;26476.00818934419;4964.251535502036;169.1284838318146;169.1284838318146;12;12;0.2;76.89593327838614;5.92990108131315;6.899001211393714;12;0.6666666666666666;0.3169017600000001;77.45177545055038;5.938262896498842;6.907363026579406;12;0.6666666666666666;0.3169017600000001;0;0.10359741527358882;316901.76;1;0;1;0.05170056486906226;0;0.10364087491927274;316901.7600000002;1;0;0.05170056486906212;0;0.10359741527358882;316901.76;1;0;1;0.05170056486906226;0;0.10364087491927274;316901.7600000002;1;0;0.05170056486906212;0
1310;1786616858;0;1243.478927203064;7.880084674329502;46.58881885057472;2317.863618953017;141.1747334099615;61.0938804535592;610.938804535592;-0.07240010539119694;-5.862805823753858;2.940993065134424;414207.1108722519;5160081.814804424;0;60728;50.6152823554937;9.795679168339446;365.3517639685552;16.79554945003805;34.4873588692232;601.6758703052866;240.3861304314978;35.09818319468595;6.5;44;-1;;50;;;0;288.15;350;238.7296056932324;313.7296056932325;1;;;;0;426.2999756938453;5.298252808279896;5.298252808279896;2.317985603622455;2.317985603622455;28257.34831082611;5298.252808279896;169.6186600394998;169.6186600394998;12;12;0.2;82.42563024108274;5.98026377453406;6.949363904614624;12;0.6666666666666666;0.3169017600000001;82.90075564798994;5.982304872941438;6.951405003022002;12;0.6666666666666666;0.3169017600000001;0;0.1037075395418717;316901.76;1;0;1;0.05170056486906226;0;0.10364137995429242;316901.7600000002;1;0;0.05170056486906212;0;0.1037075395418717;316901.76;1;0;1;0.05170056486906226;0;0.10364137995429242;316901.7600000002;1;0;0.05170056486906212;0
1320;1786616868;0;1252.954022988503;7.884935632183908;46.5844516091954;2273.022278782342;142.3019419540233;60.29254139215268;602.9254139215268;0.01937608352352211;1.897509999996282;-1.223748735632352;414571.8623103642;5159591.27342613;0;60728;50.83124679364916;10.727145963599068;365.4023767297222;22.82763818246022;31.70343295505864;641.082380854057;239.1304030628554;31.80728629504495;6.5;44;-1;;50;;;0;288.15;350;245.006201452724;320.006201452724;1;;;;0;586.9357018513998;5.708602907290654;5.708602907290654;2.497513771939661;2.497513771939661;30445.88217221682;5708.602907290654;170.1696849657076;170.1696849657076;12;12;0.2;81.28472704754702;5.974351701693964;6.943451831774528;12;0.6666666666666666;0.3169017600000001;81.67382354439442;5.976543748362276;6.94564387844284;12;0.6666666666666666;0.3169017600000001;0;0.10383898551223286;316901.76;1;0;1;0.05170056486906226;0;0.10364286571036718;316901.7600000002;1;0;0.05170056486906212;0;0.10383898551223286;316901.76;1;0;1;0.05170056486906226;0;0.10364286571036718;316901.7600000002;1;0;0.05170056486906212;0
1330;1786616878;0;1262.448148148145;7.889818555555554;46.58019281481482;2281.200749936624;141.198313962963;59.0018127607031;590.018127607031;0.00858307993505336;-0.2589589629640302;0.1630678518517321;414939.2928726868;5159112.771071256;0;60728;51.03902407410428;11.667454597730566;365.4511527595996;27.81897907139351;28.98954430929122;685.6951696424704;246.7798076226137;28.9422267081489;6.5;44;-1;;50;;;0;288.15;350;251.3614505172841;326.3614505172841;1;;;;0;549.3348465664776;6.190033966981026;6.190033966981026;2.708139860554199;2.708139860554199;33013.51449056548;6190.033966981028;170.7540299448892;170.7540299448892;12;12;0.2;80.0083249200605;5.965623484332052;6.934723614412616;12;0.6666666666666666;0.3169017600000001;80.31201681667724;5.967936681209808;6.937036811290374;12;0.6666666666666666;0.3169017600000001;0;0.1039877977574976;316901.76;1;0;1;0.05170056486906226;0;0.10364543983012188;316901.7600000002;1;0;0.05170056486906212;0;0.1039877977574976;316901.76;1;0;1;0.05170056486906226;0;0.10364543983012188;316901.7600000002;1;0;0.05170056486906212;0
1340;1786616888;0;1271.973180076623;7.894626590038312;46.57604153256706;2281.692372075403;141.1430261685824;57.8741402615385;578.741402615385;0.0006234179905956218;-0.015260038314432468;0.2053961302681796;415301.2115222371;5158646.31892198;0;63310;42.87276017875585;3.035949980925812;359.7836513780913;224.8143501993858;28.83143020737618;678.367702868282;83.64980694358904;29.03388519673096;6.5;158;-1;;50;;;0;288.15;350;251.7371034799796;326.7371034799796;1;;;;0;617.2360808252192;6.221042228940472;6.221042228940472;2.721705975161456;2.721705975161456;33178.89188768251;6221.042228940472;170.6607114018662;170.6607114018662;12;12;0.2;80.05706908651684;5.966005663209364;6.935105793289928;12;0.6666666666666666;0.3169017600000001;80.35576498288822;5.968256874534072;6.937357004614636;12;0.6666666666666666;0.3169017600000001;0;0.10396335595925132;316901.76;1;0;1;0.05170056486906226;0;0.10364779476441172;316901.7600000002;1;0;0.05170056486906212;0;0.10396335595925132;316901.76;1;0;1;0.05170056486906226;0;0.10364779476441172;316901.7600000002;1;0;0.05170056486906212;0
1350;1786616898;0;1281.413793103446;7.899346896551724;46.57197206896552;2281.972962115035;141.1219382758621;57.28199285145302;572.8199285145302;0.008204122791726794;0.1454355172413458;0.2348579310344847;415656.5912974057;5158189.074764386;0;63310;42.9324427262527;3.882903196230088;359.800175861813;219.6062231226237;31.41292944384287;636.0322749022138;78.53453563500982;31.6720587747911;6.5;158;-1;;50;;;0;288.15;350;245.6766914495833;320.6766914495833;1;;;;0;668.9747294101608;5.755923163300524;5.755923163300524;2.51821638394398;2.51821638394398;30698.25687093613;5755.923163300524;170.10099122487;170.10099122487;12;12;0.2;81.2853979203704;5.974355651714146;6.94345578179471;12;0.6666666666666666;0.3169017600000001;81.66540442229712;5.976498355498948;6.945598485579512;12;0.6666666666666666;0.3169017600000001;0;0.10382214017200806;316901.76;1;0;1;0.05170056486906226;0;0.10364907671593818;316901.7600000002;1;0;0.05170056486906212;0;0.10382214017200806;316901.76;1;0;1;0.05170056486906226;0;0.10364907671593818;316901.7600000002;1;0;0.05170056486906212;0
1360;1786616908;0;1290.923371647508;7.90388398467433;46.56787218390804;2284.925590895722;141.0358318390874;55.31808569755292;553.1808569755292;0.4880686042865644;1.605593141763904;-14.129031379310952;415997.9375277295;5157728.667179994;2;63310;42.98522648517867;4.731474480528596;359.8150706462557;213.3640638467807;34.0025328624638;599.1770217888186;74.94752523621624;20.90576632892905;0;158;-1;;50;;;0;288.15;350;239.8018553080437;314.8018553080437;1;;;;336.7520222979388;1169.921904861736;5.364523368260824;5.364523368260824;2.34697897361411;2.34697897361411;28610.79129739106;5364.523368260824;169.5825111424829;169.5825111424829;12;12;0.2;75.86651520812708;5.91134110784725;6.880441237927814;12;0.6666666666666666;0.3169017600000001;76.32682281921726;5.920175776858354;6.889275906938918;12;0.6666666666666666;0.3169017600000001;136;0.10369920428042736;316901.76;1;0;1;0.05170056486906226;0;0.10369920428042736;316901.76;1;0;0.05170056486906226;0;0.10369920428042736;316901.76;1;0;1;0.05170056486906226;0;0.10369920428042736;316901.76;1;0;0.05170056486906226;0
1370;1786616918;0;1300.451851851849;7.909724370370368;46.56493511111112;2280.65305986276;111.82391703704332;56.00956484255328;560.0956484255328;0.3898621372255599;-0.5374377037044394;-8.345805111131722;416441.0088423913;5157396.106714122;2;63310;43.03108672900192;5.58146353681424;359.8283271689452;205.9544766804058;36.42292556028322;569.0146827238902;93.04997494552102;28.12324816685745;0;158;-1;;50;;;0;288.15;350;234.5452686209953;309.5452686209952;1;;;;0;1455.118998559405;5.052709031658486;5.052709031658486;2.210560201350588;2.210560201350588;26947.7815021786;5052.709031658486;169.1338776023258;169.1338776023258;12;12;0.2;76.76338185715002;5.92774657454614;6.896846704626704;12;0.6666666666666666;0.3169017600000001;77.2968205982812;5.936036803058356;6.90513693313892;12;0.6666666666666666;0.3169017600000001;136;0.10359859354703484;316901.76;1;0;1;0.05170056486906226;0;0.1036488989137311;316901.76;1;0;0.05170056486906226;0;0.10359859354703484;316901.76;1;0;1;0.05170056486906226;0;0.1036488989137311;316901.76;1;0;0.05170056486906226;0
1380;1786616928;0;1309.977011494248;7.916812298850572;46.56366091954024;2282.737524782353;94.4383691954106;56.04308040060514;560.4308040060514;0.2361825566028327;-0.9753780459776228;-10.819534252874788;416982.2820181436;5157247.039912366;2;63310;43.0700024853594;6.432677679263334;359.8399381151312;197.3472349180018;38.43429646033663;546.6561407015486;100.52479981979942;28.02723578747651;0;158;-1;;50;;;0;288.15;350;230.3703854170453;305.3703854170453;1;;;;0;990.9964921997794;4.826124568849524;4.826124568849524;2.111429498871667;2.111429498871667;25739.33103386413;4826.124568849524;168.785692762595;168.785692762595;12;12;0.2;77.43728186216874;5.938057983599286;6.90715811367985;12;0.6666666666666666;0.3169017600000001;78.02969313346378;5.945907437164398;6.915007567244962;12;0.6666666666666666;0.3169017600000001;136;0.10352401347863852;316901.76;1;0;1;0.05170056486906226;0;0.10360727043536692;316901.76;1;0;0.05170056486906226;0;0.10352401347863852;316901.76;1;0;1;0.05170056486906226;0;0.10360727043536692;316901.76;1;0;0.05170056486906226;0
1390;1786616938;0;1319.470370370368;7.924132185185184;46.56393233333334;2282.59970038569;80.29889559259716;55.7277777102851;557.277777102851;0.3487997977673216;0.3498045185183252;-8.627442666671542;417543.7007797053;5157269.522330862;2;63310;43.10195581916664;7.284921962870818;359.8498972120369;187.7100622497624;39.76877968732221;533.0266378583776;105.59059585526738;31.38947082289557;6.5;158;-1;;50;;;0;288.15;350;227.7027705976741;302.7027705976741;1;;;;1122.506740993129;648.5923726177044;4.689764504831382;4.689764504831382;2.05177197086373;2.05177197086373;25012.0773591007;4689.764504831382;168.5663864091395;168.5663864091395;12;12;0.2;84.35260580765032;5.98732582022272;6.956425950303284;12;0.6666666666666666;0.3169017600000001;84.98312229101664;5.989036384863652;6.958136514944216;12;0.6666666666666666;0.3169017600000001;136;0.1034785503507997;316901.76;1;0;1;0.05170056486906226;0;0.1035750904142251;316901.76;1;0;0.05170056486906226;0;0.1034785503507997;316901.76;1;0;1;0.05170056486906226;0;0.1035750904142251;316901.76;1;0;0.05170056486906226;0
1400;1786616948;0;1328.929629629629;7.931159333333334;46.56526451851852;2281.241035442935;65.16355888889078;55.93884996759428;559.3884996759428;0.3595708931694785;0.6194707037036582;-8.278230185189834;418084.2752314795;5157410.230189078;2;63310;43.1269316120032;8.13798923449819;359.8581991416368;177.4766982739197;40.20686335927467;528.7534723288312;110.2348574549655;32.25877123123822;6.5;158;-1;;50;;;0;288.15;350;226.8452414037233;301.8452414037233;1;;;;0;816.3954788650976;4.647205987628548;4.647205987628548;2.033152619587489;2.033152619587489;24785.09860068558;4647.205987628548;168.4964727910009;168.4964727910009;12;12;0.2;84.48369729426796;5.987702140148406;6.95680227022897;12;0.6666666666666666;0.3169017600000001;85.12653440194816;5.98939207690214;6.958492206982704;12;0.6666666666666666;0.3169017600000001;136;0.10346429660486474;316901.76;1;0;1;0.05170056486906226;0;0.10355293165235304;316901.76;1;0;0.05170056486906226;0;0.10346429660486474;316901.76;1;0;1;0.05170056486906226;0;0.10355293165235304;316901.76;1;0;0.05170056486906226;0
1410;1786616958;0;1338.471264367817;7.937481609195404;46.56779724137932;2281.657738515586;58.4572764367817;55.82248394471908;558.2248394471908;-0.014254209836973452;0.7265358620690698;0.024238160918648;418572.6004033588;5157685.113523136;2;63310;43.14491836611303;8.991681075271802;359.8648397838106;167.2718794107005;39.66425384139878;534.0862412626396;109.40229850858248;39.44922768975467;6.5;158;-1;;50;;;0;288.15;350;227.9087115023586;302.9087115023586;1;;;;0;821.040479072543;4.700075095302084;4.700075095302084;2.056282854194662;2.056282854194662;25067.06717494445;4700.075095302084;168.5836359455933;168.5836359455933;12;12;0.2;84.32053479739486;5.98723201770727;6.956332147787834;12;0.6666666666666666;0.3169017600000001;84.94809760486192;5.988947721615906;6.95804785169647;12;0.6666666666666666;0.3169017600000001;136;0.1034820848073078;316901.76;1;0;1;0.05170056486906226;0;0.1035411238448455;316901.76;1;0;0.05170056486906226;0;0.1034820848073078;316901.76;1;0;1;0.05170056486906226;0;0.1035411238448455;316901.76;1;0;0.05170056486906226;0
1420;1786616968;0;1347.946360153253;7.94355620689655;46.57058337164752;2282.635535514207;54.67219777777882;55.6653132104309;556.653132104309;0.0896900224092268;0.6067749808428916;-1.463888927204346;419042.2777287209;5157988.447819928;2;61246;49.1806776600447;4.623810888387414;364.7641542511892;320.6724361869616;40.6384532589507;531.7044729564884;265.2871042111238;42.05149064053849;6.5;64;-1;;50;;;0;288.15;350;226.0092979052753;301.0092979052753;1;;;;0;545.5045449062668;4.606287941104592;4.606287941104592;2.01525097423326;2.01525097423326;24566.8690192245;4606.287941104592;168.5448144193526;168.5448144193526;12;12;0.2;84.4941753577944;5.9877317331617;6.956831863242264;12;0.6666666666666666;0.3169017600000001;85.14905669364482;5.989446880043626;6.958547010124192;12;0.6666666666666666;0.3169017600000001;136;0.10347414008340768;316901.76;1;0;1;0.05170056486906226;0;0.10353155473606868;316901.7600000001;1;0;0.05170056486906226;0;0.10347414008340768;316901.76;1;0;1;0.05170056486906226;0;0.10353155473606868;316901.7600000001;1;0;0.05170056486906226;0
1430;1786616978;0;1357.421455938695;7.949421302681992;46.573550651341;2282.936973768736;53.6884124137932;55.8759253333324;558.759253333324;-0.0432600923093925;0.5491643678160972;-0.3464106130268945;419496.1218905851;5158312.160832022;2;61246;48.91189225008598;5.490242345282726;364.7021966119865;325.5581402996036;46.0914199365256;485.6584166628114;271.3510752393938;46.45333483702728;6.5;64;-1;;50;;;0;288.15;350;216.2144517386127;291.2144517386127;1;;;;0;450.1438708719825;4.164079926164542;4.164079926164542;1.821784967696987;1.821784967696987;22208.42627287756;4164.079926164542;167.7580265356647;167.7580265356647;12;12;0.2;85.91663726295864;5.991154788029174;6.960254918109738;12;0.6666666666666666;0.3169017600000001;86.71518847276438;5.992639160203588;6.961739290284152;12;0.6666666666666666;0.3169017600000001;136;0.10332054697235724;316901.76;1;0;1;0.05170056486906226;0;0.10350517876560474;316901.76;1;0;0.05170056486906226;0;0.10332054697235724;316901.76;1;0;1;0.05170056486906226;0;0.10350517876560474;316901.76;1;0;0.05170056486906226;0
1440;1786616988;0;1366.9;7.955268;46.576567;2283.0276641616;53.49302100000002;55.87945558329926;558.7945558329926;-0.3043596825633568;0.525082000000001;-0.1714760000000042;419948.5798273399;5158641.37850828;2;61246;48.63602832101136;6.346870619449284;364.6387258156592;332.7536439077332;52.18977166428048;446.4141933658915;278.9304880297263;52.4434056860581;6.5;64;-1;;50;;;0;288.15;350;206.9276653965477;281.9276653965477;1;;;;0;383.8387139811485;3.797249244682913;3.797249244682913;1.661296544548775;1.661296544548775;20251.9959716422;3797.249244682913;167.0261680264126;167.0261680264126;12;12;0.2;87.17581487684058;5.993379333012556;6.96247946309312;12;0.6666666666666666;0.3169017600000001;88.11511837008662;5.994666211959514;6.963766342040078;12;0.6666666666666666;0.3169017600000001;136;0.10318964233399932;316901.76;1;0;1;0.05170056486906226;0;0.10347011916209304;316901.76;1;0;0.05170056486906226;0;0.10318964233399932;316901.76;1;0;1;0.05170056486906226;0;0.10347011916209304;316901.76;1;0;0.05170056486906226;0
1450;1786616998;0;1376.371647509577;7.961120421455938;46.57957892720306;2283.053590155311;53.45598111111112;55.98820755138506;559.8820755138506;-0.03299141722775171;0.5096408429118796;-0.1364559770114965;420401.4203640832;5158970.132615794;2;61246;48.35322786744864;7.193652809268524;364.5737835614946;343.9318172607285;58.5143121406733;415.9131576236549;289.8008131357235;58.81801941082336;6.5;64;-1;;50;;;0;288.15;350;199.06071004801;274.0607100480099;1;;;;0;253.7116171044454;3.517944693924614;3.517944693924614;1.539100803592018;1.539100803592018;18762.37170093127;3517.944693924614;166.4114613370045;166.4114613370045;12;12;0.2;88.19202185796378;5.994759773205068;6.963859903285632;12;0.6666666666666666;0.3169017600000001;89.25423451565962;5.995896205080388;6.964996335160952;12;0.6666666666666666;0.3169017600000001;136;0.10308790183009966;316901.76;1;0;1;0.05170056486906226;0;0.1034318974288937;316901.76;1;0;0.05170056486906226;0;0.10308790183009966;316901.76;1;0;1;0.05170056486906226;0;0.1034318974288937;316901.76;1;0;0.05170056486906226;0
1460;1786617008;0;1385.851851851848;7.966978148148146;46.5826025925926;2283.056647774223;53.4497437037037;56.0233290632164;560.233290632164;0.0001267960068615878;0.5000470370370398;-0.1296485185185194;420854.6351046973;5159300.219183378;2;61246;48.06363605386588;8.030550693428626;364.5074134218603;1.648213299590064;63.92624584855264;396.183981589859;307.5490314238025;64.3355830819449;6.5;64;-1;;50;;;0;288.15;350;193.6528670884008;268.6528670884009;1;;;;0;284.1655849632271;3.339905497994628;3.339905497994628;1.46120865537265;1.46120865537265;17812.82932263801;3339.905497994627;165.9893463883015;165.9893463883015;12;12;0.2;88.87006815081612;5.995516849534698;6.964616979615262;12;0.6666666666666666;0.3169017600000001;90.0188337967131;5.99655841233456;6.965658542415124;12;0.6666666666666666;0.3169017600000001;136;0.10302209238257248;316901.76;1;0;1;0.05170056486906226;0;0.10339464242468268;316901.76;1;0;0.05170056486906226;0;0.10302209238257248;316901.76;1;0;1;0.05170056486906226;0;0.10339464242468268;316901.76;1;0;0.05170056486906226;0
1470;1786617018;0;1395.356321839079;7.972837356321838;46.58563045977012;2283.054924513657;53.44969574712644;56.00980991916882;560.0980991916882;-0.08651170235805484;0.5053986206895896;-0.12846;421307.9197181992;5159630.804779746;2;61246;47.76739416658762;8.857550482551024;364.439659251133;26.71523512653275;66.36115247106568;388.8735140102022;333.0912463402845;66.87022750600386;6.5;64;-1;;50;;;0;288.15;350;191.5938569407702;266.5938569407702;1;;;;0;388.3322047632528;3.274783567480797;3.274783567480797;1.432717810772849;1.432717810772849;17465.51235989759;3274.783567480797;165.827575434125;165.827575434125;12;12;0.2;89.12545188010626;5.995772751882528;6.964872881963094;12;0.6666666666666666;0.3169017600000001;90.30763094512852;5.996779745544554;6.965879875625118;12;0.6666666666666666;0.3169017600000001;136;0.10299770728753566;316901.76;1;0;1;0.05170056486906226;0;0.10336156449658708;316901.76;1;0;0.05170056486906226;0;0.10299770728753566;316901.76;1;0;1;0.05170056486906226;0;0.10336156449658708;316901.76;1;0;0.05170056486906226;0
1480;1786617028;0;1404.831417624516;7.978697164750956;46.58865605363984;2283.062434493701;53.45081134099618;56.0412656216219;560.412656216219;-0.1362592779837685;0.4910104980842834;-0.1282433716475097;421761.1973572099;5159961.170736608;2;61246;47.46464270131386;9.674651718002894;364.370565920799;52.31090504811788;64.36197990003316;394.6746898805859;359.2512346861353;64.85489527201262;6.5;64;-1;;50;;;0;288.15;350;193.26777463111;268.26777463111;1;;;;0;421.5454685017212;3.327618680034085;3.327618680034085;1.455833172514912;1.455833172514912;17747.29962684845;3327.618680034085;165.9561936706122;165.9561936706122;12;12;0.2;88.92088316932376;5.995568972760586;6.96466910284115;12;0.6666666666666666;0.3169017600000001;90.07587854620542;5.996603304573282;6.965703434653846;12;0.6666666666666666;0.3169017600000001;136;0.10301705792733854;316901.76;1;0;1;0.05170056486906226;0;0.10333506399126028;316901.7599999999;1;0;0.05170056486906226;0;0.10301705792733854;316901.76;1;0;1;0.05170056486906226;0;0.10333506399126028;316901.7599999999;1;0;0.05170056486906226;0
1490;1786617038;0;1414.340996168577;7.984558007662832;46.59168570881226;2283.06029632754;53.45235455938698;56.07911979811248;560.7911979811248;-0.02821342464141831;0.487302720306514;-0.1284897701149427;422214.5103006292;5160292.020586658;2;61246;47.15552494706638;10.481856880677928;364.3001801542005;70.8649434395925;59.14695996840032;413.0354745022396;17.89772912087093;59.57227863719992;6.5;64;-1;;50;;;0;288.15;350;198.3674514009742;273.3674514009742;1;;;;0;543.4321557315166;3.49452603872046;3.49452603872046;1.528855141940201;1.528855141940201;18637.47220650912;3494.52603872046;166.3511552156223;166.3511552156223;12;12;0.2;88.28599229620196;5.994871874491014;6.963972004571578;12;0.6666666666666666;0.3169017600000001;89.35920470097308;5.99599416063964;6.965094290720204;12;0.6666666666666666;0.3169017600000001;136;0.10307830291243306;316901.76;1;0;1;0.05170056486906226;0;0.1033167239142012;316901.7599999999;1;0;0.05170056486906226;0;0.10307830291243306;316901.76;1;0;1;0.05170056486906226;0;0.1033167239142012;316901.7599999999;1;0;0.05170056486906226;0
1500;1786617048;0;1423.850574712641;7.990428850574712;46.59471218390804;2283.061173369105;53.45384057471264;55.93882098959492;559.3882098959492;-0.1415716975722838;0.4859619540229888;-0.1285114942528736;422668.5349594518;5160622.54084681;2;61246;46.84017950097666;11.27919040577831;364.2285488334465;82.60978262712828;52.8358404903448;442.3934671366389;29.76457610685172;53.19533214708834;6.5;64;-1;;50;;;0;288.15;350;206.0437987109637;281.0437987109637;1;;;;0;661.8789919301244;3.764550175580416;3.764550175580416;1.646990701816432;1.646990701816432;20077.60093642889;3764.550175580416;166.9475822444171;166.9475822444171;12;12;0.2;87.30140557067094;5.993567910101742;6.962668040182306;12;0.6666666666666666;0.3169017600000001;88.2543459447947;5.994834392469634;6.963934522550198;12;0.6666666666666666;0.3169017600000001;136;0.10317623063493232;316901.76;1;0;1;0.05170056486906226;0;0.10330735769558328;316901.7599999999;1;0;0.05170056486906226;0;0.10317623063493232;316901.76;1;0;1;0.05170056486906226;0;0.10330735769558328;316901.7599999999;1;0;0.05170056486906226;0
1510;1786617058;0;1433.325670498082;7.996281915708812;46.5977342145594;2283.065701213978;53.45518536398468;55.8890307109577;558.890307109577;-0.02934646120798636;0.4847376628352494;-0.1283265134099617;423121.141793584;5160952.618344818;2;61246;46.51874364805428;12.066687934520668;364.1557197854718;90.13304648503578;46.67144894997298;480.737083139527;37.12745766063404;46.98192088747032;6.5;64;-1;;50;;;0;288.15;350;215.256257769229;290.256257769229;1;;;;0;680.5339048227438;4.124102961121192;4.124102961121192;1.804295045490522;1.804295045490522;21995.21579264636;4124.102961121193;167.669560624173;167.669560624173;12;12;0.2;86.06257006170014;5.991446781439988;6.960546911520552;12;0.6666666666666666;0.3169017600000001;86.87543458852662;5.992905593334208;6.962005723414772;12;0.6666666666666666;0.3169017600000001;136;0.10330413117071862;316901.76;1;0;1;0.05170056486906226;0;0.10330715603777924;316901.7599999999;1;0;0.05170056486906226;0;0.10330413117071862;316901.76;1;0;1;0.05170056486906226;0;0.10330715603777924;316901.7599999999;1;0;0.05170056486906226;0
1520;1786617068;0;1442.807407407402;8.001957925925924;46.6009048888889;2281.09967740996;42.32098400001827;55.64171826445304;556.4171826445304;0.7466011966878106;0.4835283703691054;-18.60321474073824;423560.3476059124;5161299.417895846;2;61246;46.19135720600794;12.84438628688881;364.0817426575859;95.21250410386562;41.12883372618655;526.1125096072926;59.48239887472;25.93407758411211;0;64;-1;;50;;;0;288.15;350;225.0702185589939;300.0702185589938;1;;;;0;727.7108019059096;4.560972990802792;4.560972990802792;1.995425683476221;1.995425683476221;24325.18928428155;4560.97299080279;168.4529807094321;168.4529807094321;12;12;0.2;78.1511493087738;5.947390250589948;6.916490380670512;12;0.6666666666666666;0.3169017600000001;78.81960080626878;5.954856513547606;6.92395664362817;12;0.6666666666666666;0.3169017600000001;136;0.10345548730145812;316901.76;1;0;1;0.05170056486906226;0;0.10331588140623094;316901.7599999999;1;0;0.05170056486906226;0;0.10345548730145812;316901.76;1;0;1;0.05170056486906226;0;0.10331588140623094;316901.7599999999;1;0;0.05170056486906226;0
1530;1786617078;0;1452.299999999995;8.005119;46.605413;2281.481562504;10.902349000014822;55.34519940717026;553.4519940717026;0.668912273587009;0.9547989999999898;-16.79894700000027;423808.7725492214;5161797.289258128;2;61246;45.85815327887204;13.612344850612454;364.0066668284408;98.83829823252172;36.29687809311757;577.0258095205456;88.26333148629108;19.54652040888127;0;64;-1;;50;;;0;288.15;350;234.8129013884048;309.8129013884049;1;;;;0;897.3812121795218;5.067830676498942;5.067830676498942;2.217175920968287;2.217175920968287;27028.43027466103;5067.830676498942;169.2553129217796;169.2553129217796;12;12;0.2;76.62020917323804;5.925345614790282;6.894445744870846;12;0.6666666666666666;0.3169017600000001;77.14989462759832;5.93385252473631;6.902952654816874;12;0.6666666666666666;0.3169017600000001;136;0.10362531578964928;316901.76;1;0;1;0.05170056486906226;0;0.10333307220530972;316901.7599999999;1;0;0.05170056486906226;0;0.10362531578964928;316901.76;1;0;1;0.05170056486906226;0;0.10333307220530972;316901.7599999999;1;0;0.05170056486906226;0
1540;1786617088;0;1461.854406130267;8.00459348659004;46.61037720306514;2281.66355610823;341.5240337164803;55.26548219445672;552.6548219445672;0.5727018748008144;0.991040114942528;-16.66449942528736;423775.4918106373;5162349.408595738;2;63674;42.35856214547955;10.17220717039369;360.4062987742928;159.1866376667945;32.10618903601196;626.636780912776;167.5104736201956;28.86462630852509;6.5;177;-1;;50;;;0;288.15;350;244.0811185678099;319.0811185678099;1;;;;0;1006.800262758582;5.644507965693058;5.644507965693058;2.469472234990713;2.469472234990713;30104.04248369631;5644.507965693058;169.9717257934768;169.9717257934768;12;12;0.2;81.57482269832432;5.976004394988294;6.945104525068858;12;0.6666666666666666;0.3169017600000001;81.97649208342136;5.97811882796523;6.947218958045794;12;0.6666666666666666;0.3169017600000001;136;0.10379080017749278;316901.76;1;0;1;0.05170056486906226;0;0.1033571631512141;316901.7599999999;1;0;0.05170056486906226;0;0.10379080017749278;316901.76;1;0;1;0.05170056486906226;0;0.1033571631512141;316901.7599999999;1;0;0.05170056486906226;0
1550;1786617098;0;1471.363984674326;8.000612528735634;46.61452739463602;2281.776288700506;312.2036186973282;55.02344255113916;550.2344255113916;0.6836598601462672;1.002342030651338;-16.64834766283526;423476.4929275622;5162814.425913356;2;63674;42.45993874072184;11.00502380300163;360.4372856812734;151.5902570204202;31.16269355316963;640.9438036015588;188.2436045198947;34.10632131026253;6.5;177;-1;;50;;;0;288.15;350;246.2563375810714;321.2563375810714;1;;;;0;1085.138405775032;5.797438041886162;5.797438041886162;2.536379143325196;2.536379143325196;30919.6695567262;5797.438041886162;170.1678072088555;170.1678072088555;12;12;0.2;81.15890429841808;5.973600043538846;6.94270017361941;12;0.6666666666666666;0.3169017600000001;81.53106770228328;5.975762095059922;6.944862225140486;12;0.6666666666666666;0.3169017600000001;136;0.10383852326827442;316901.76;1;0;1;0.05170056486906226;0;0.10338123115706712;316901.7599999999;1;0;0.05170056486906226;0;0.10383852326827442;316901.76;1;0;1;0.05170056486906226;0;0.10338123115706712;316901.7599999999;1;0;0.05170056486906226;0
1560;1786617108;0;1480.844444444445;7.994206666666666;46.61679133333334;2281.8409777872;282.8672191111083;55.04278979518352;550.4278979518352;0.504136357558849;1.0073722222222226;-16.63789222222222;422989.2059180006;5163072.228401594;2;63674;42.55463300703699;11.840569309021688;360.4666310235162;144.5531116228978;29.81370826514203;662.7056686360894;211.6807936706229;38.96672575698715;6.5;177;-1;;50;;;0;288.15;350;249.4116888074184;324.4116888074184;1;;;;0;1013.693966336989;6.03401296511506;6.03401296511506;2.639880672237839;2.639880672237839;32181.40248061365;6034.01296511506;170.4578218521331;170.4578218521331;12;12;0.2;80.52881320299886;5.969492493084646;6.93859262316521;12;0.6666666666666666;0.3169017600000001;80.85852870858552;5.971715633877364;6.940815763957928;12;0.6666666666666666;0.3169017600000001;136;0.1039111130364751;316901.76;1;0;1;0.05170056486906226;0;0.10340646362751512;316901.7599999999;1;0;0.05170056486906226;0;0.1039111130364751;316901.76;1;0;1;0.05170056486906226;0;0.10340646362751512;316901.7599999999;1;0;0.05170056486906226;0
1570;1786617118;0;1490.303703703704;7.98700525925926;46.61660140740742;2281.815113204267;253.4852885185172;55.36229248832866;553.6229248832866;0.542094352383953;0.823281629629648;-15.015149037035576;422437.546102442;5163058.184843428;2;63674;42.64260221492389;12.678666653826492;360.4943191110633;138.2017229694257;28.18964080513601;691.172343401863;238.8074120403562;41.02787065834686;6.5;177;-1;;50;;;0;288.15;350;253.2663563836126;328.2663563836126;1;;;;0;837.4905314867602;6.350665783705466;6.350665783705466;2.778416280371142;2.778416280371142;33870.21751309582;6350.665783705466;170.8231351816663;170.8231351816663;12;12;0.2;79.70831144674196;5.963175181048604;6.932275311129168;12;0.6666666666666666;0.3169017600000001;79.98672814323356;5.9654527894326;6.934552919513164;12;0.6666666666666666;0.3169017600000001;136;0.10400606764259054;316901.76;1;0;1;0.05170056486906226;0;0.10343371835547308;316901.7599999999;1;0;0.05170056486906226;0;0.10400606764259054;316901.76;1;0;1;0.05170056486906226;0;0.10343371835547308;316901.7599999999;1;0;0.05170056486906226;0
1580;1786617128;0;1499.789272030649;7.980325402298854;46.61466846743296;2284.184033201104;243.8959673563222;55.37955500599224;553.7955500599224;-0.0669040557843161;0.3890088505747669;-0.3732187739528782;421923.3109469962;5162849.994868418;2;63674;42.72380748160547;13.519144406877468;360.5203356508764;132.5782462559936;26.40981587194447;725.5676381267592;248.5018795527132;26.61558608524601;0;177;-1;;50;;;0;288.15;350;257.5325947355854;332.5325947355854;1;;;;0;724.8266408771088;6.74477679727758;6.74477679727758;2.950839848808941;2.950839848808941;35972.14291881376;6744.776797277578;171.2449662232041;171.2449662232041;12;12;0.2;72.21994582319426;5.797395030171662;6.766495160252228;12;0.6666666666666666;0.3169017600000001;72.44228405541818;5.807285433585542;6.776385563666106;12;0.6666666666666666;0.3169017600000001;136;0.1041207979962304;316901.76;1;0;1;0.05170056486906226;0;0.1034635913833321;316901.7599999999;1;0;0.05170056486906226;0;0.1041207979962304;316901.76;1;0;1;0.05170056486906226;0;0.1034635913833321;316901.7599999999;1;0;0.05170056486906226;0
1590;1786617138;0;1509.29885057471;7.97368482758621;46.6126691954023;2284.167924380967;250.6856413793054;55.54683109160654;555.4683109160654;-0.4846724066552868;0.4114762068967401;9.714064367808864;421411.9515150939;5162634.438558794;2;62058;52.14947769564338;4.832568889805496;365.2544966392006;340.860552935317;25.00278275747089;764.5460831429434;90.93875033275192;34.71024454098439;6.5;89;-1;;50;;;0;288.15;350;260.9097000964145;335.9097000964145;1;;;;0;550.7326329609732;7.097865479558686;7.097865479558686;3.105316147306925;3.105316147306925;37855.28255764632;7097.865479558684;171.6994814970313;171.6994814970313;12;12;0.2;77.757865568588;5.94243660483219;6.911536734912756;12;0.6666666666666666;0.3169017600000001;77.93632056023196;5.94473931210919;6.913839442189754;12;0.6666666666666666;0.3169017600000001;136;0.10425081609367092;316901.76;1;0;1;0.05170056486906226;0;0.10349639241292956;316901.7599999999;1;0;0.05170056486906226;0;0.10425081609367092;316901.76;1;0;1;0.05170056486906226;0;0.10349639241292956;316901.7599999999;1;0;0.05170056486906226;0
1600;1786617148;0;1518.80842911877;7.966727931034486;46.61121448275862;2283.507784920736;250.5171096934875;55.5176855420553;555.176855420553;-0.03218855489484762;0.6093065517241174;0.12399969347715106;420877.125443933;5162479.752856704;2;62058;51.99610784018356;5.823066459573008;365.2233209871775;346.2178437107655;26.59969282064907;730.519778345824;96.04255144489772;26.66053562087419;0;89;-1;;50;;;0;288.15;350;257.0764977074978;332.0764977074978;1;;;;0;361.511358698609;6.700103248869976;6.700103248869976;2.931295171380614;2.931295171380614;35733.8839939732;6700.103248869976;171.304047716214;171.304047716214;12;12;0.2;72.22508255602028;5.797629030670164;6.766729160750728;12;0.6666666666666666;0.3169017600000001;72.45338159906848;5.807766523542296;6.77686665362286;12;0.6666666666666666;0.3169017600000001;136;0.10413731655794506;316901.76;1;0;1;0.05170056486906226;0;0.10352202937873018;316901.7599999999;1;0;0.05170056486906226;0;0.10413731655794506;316901.76;1;0;1;0.05170056486906226;0;0.10352202937873018;316901.7599999999;1;0;0.05170056486906226;0
1610;1786617158;0;1528.283524904214;7.959853026819924;46.60959463601532;2283.825980296828;252.142232183908;55.65869723832604;556.5869723832604;-0.166641402090299;0.7348839846743864;1.509981647509251;420348.3075414526;5162306.68210739;2;62058;51.83376260265564;6.806337729219286;365.1901361531582;352.20587430906;28.04899816293164;702.2723234686556;100.7674057135855;29.39983008098251;6.5;89;-1;;50;;;0;288.15;350;253.6023297316826;328.6023297316826;1;;;;0;347.67039302383;6.379904566353648;6.379904566353648;2.791208247779722;2.791208247779722;34026.15768721946;6379.90456635365;170.9615192072548;170.9615192072548;12;12;0.2;79.52789667109676;5.961620065440476;6.93072019552104;12;0.6666666666666666;0.3169017600000001;79.80187073279874;5.963956759865576;6.93305688994614;12;0.6666666666666666;0.3169017600000001;136;0.10404309319066752;316901.76;1;0;1;0.05170056486906226;0;0.1035420702945739;316901.7599999999;1;0;0.05170056486906226;0;0.10404309319066752;316901.76;1;0;1;0.05170056486906226;0;0.1035420702945739;316901.7599999999;1;0;0.05170056486906226;0
1620;1786617168;0;1537.766666666666;7.952975666666668;46.60794133333334;2282.555245396;245.9196996666673;55.96417730167964;559.6417730167964;0.0812697329633074;0.3620976666665307;-4.088273666668393;419819.2209209133;5162129.942297752;2;62058;51.66255658231888;7.782077503965244;365.1549657084552;358.7935748764866;29.25338567950062;680.510897536034;112.171111957621;25.33721656817239;0;89;-1;;50;;;0;288.15;350;250.7356927373015;325.7356927373015;1;;;;0;202.5898623748244;6.139077139505374;6.139077139505374;2.685846248533601;2.685846248533601;32741.74474402866;6139.077139505374;170.6881098284612;170.6881098284612;12;12;0.2;73.64749547598476;5.853207302513204;6.822307432593768;12;0.6666666666666666;0.3169017600000001;73.959522426269;5.863225420720212;6.832325550800776;12;0.6666666666666666;0.3169017600000001;136;0.10397050488715314;316901.76;1;0;1;0.05170056486906226;0;0.10355793824244722;316901.7599999999;1;0;0.05170056486906226;0;0.10397050488715314;316901.76;1;0;1;0.05170056486906226;0;0.10355793824244722;316901.7599999999;1;0;0.05170056486906226;0
1630;1786617178;0;1547.268199233715;7.946380306513412;46.60575026819924;2282.940439916966;241.5464739846758;55.84571882887608;558.4571882887608;0.296495271257762;0.4225101532565826;-6.045197509579502;419310.8998005578;5161893.204990502;2;62058;51.48261066630316;8.749988458064854;365.1178350006503;5.879521555691958;30.10816864597279;665.92089821106;122.51676034669728;24.82095387347567;0;89;-1;;50;;;0;288.15;350;248.7188315008117;323.7188315008117;1;;;;0;102.21002766303854;5.980454958196956;5.980454958196956;2.616449044211168;2.616449044211168;31895.75977705043;5980.454958196956;170.4998610292235;170.4998610292235;12;12;0.2;74.06376366085326;5.866419884131688;6.835520014212252;12;0.6666666666666666;0.3169017600000001;74.40276446346574;5.876308850733304;6.845408980813868;12;0.6666666666666666;0.3169017600000001;136;0.1039218378879154;316901.76;1;0;1;0.05170056486906226;0;0.10357093465835678;316901.7599999999;1;0;0.05170056486906226;0;0.1039218378879154;316901.76;1;0;1;0.05170056486906226;0;0.10357093465835678;316901.7599999999;1;0;0.05170056486906226;0
1640;1786617188;0;1556.751851851854;7.94027137037037;46.6029918888889;2281.491134759289;232.5137026296287;55.99021473710742;559.9021473710742;-0.06711339355391344;0.2050915555552811;-3.249294259257417;418838.943789761;5161592.9706674;2;62058;51.29404753337322;9.70980487773953;365.0787702909111;13.28748943295427;30.52837483655764;658.9677089699242;139.5136588576839;28.28953926011605;0;89;-1;;50;;;0;288.15;350;247.7339145407652;322.7339145407652;1;;;;0;288.997606320424;5.90591860978798;5.90591860978798;2.583839391782241;2.583839391782241;31498.23258553589;5905.91860978798;170.4086908152996;170.4086908152996;12;12;0.2;74.26207987561504;5.872295718195902;6.841395848276466;12;0.6666666666666666;0.3169017600000001;74.61431426210416;5.882110514390068;6.851210644470632;12;0.6666666666666666;0.3169017600000001;136;0.10389864454513578;316901.76;1;0;1;0.05170056486906226;0;0.1035822349992802;316901.7599999999;1;0;0.05170056486906226;0;0.10389864454513578;316901.76;1;0;1;0.05170056486906226;0;0.1035822349992802;316901.7599999999;1;0;0.05170056486906226;0
1650;1786617198;0;1566.218390804593;7.9345467816092;46.59984793103448;2282.551593524138;232.4081088505737;56.0762700329186;560.762700329186;-0.1147756444054204;0.5183575862068808;1.12064471264486;418395.7987588354;5161249.530434434;2;62058;51.09699320251008;10.661280819866284;365.0377991292153;20.78740247301935;30.46946327718439;659.8618400271626;149.212987243865;30.60547460184892;6.5;89;-1;;50;;;0;288.15;350;247.8717151742017;322.8717151742017;1;;;;0;746.5249160583212;5.916237069025504;5.916237069025504;2.588353717698659;2.588353717698659;31553.26436813603;5916.237069025506;170.4204684174636;170.4204684174636;12;12;0.2;80.73546948829718;5.970905438377442;6.940005568458006;12;0.6666666666666666;0.3169017600000001;81.08584992392656;5.973153584815908;6.942253714896472;12;0.6666666666666666;0.3169017600000001;136;0.10390162704530674;316901.76;1;0;1;0.05170056486906226;0;0.10359288140081444;316901.7599999999;1;0;0.05170056486906226;0;0.10390162704530674;316901.76;1;0;1;0.05170056486906226;0;0.10359288140081444;316901.7599999999;1;0;0.05170056486906226;0
1660;1786617208;0;1575.762452107275;7.928714904214562;46.59678601532568;2282.867860812506;233.2586551724137;55.85220736356404;558.5220736356404;-0.04487920808667576;0.5318629118774106;0.023936091954118;417944.5093555962;5160915.350257374;2;60727;48.78470674584938;1.478841230153315;364.9264409422804;299.0398233294211;30.30624379197185;662.4100347061196;66.10549249062336;30.54472497633079;6.5;43;-1;;50;;;0;288.15;350;248.2539887361447;323.2539887361447;1;;;;0;913.4992364835744;5.945047440124242;5.945047440124242;2.600958255054356;2.600958255054356;31706.91968066262;5945.047440124242;170.4539462000295;170.4539462000295;12;12;0.2;80.66057679727676;5.97040108164295;6.939501211723514;12;0.6666666666666666;0.3169017600000001;81.00581831591536;5.9726558422953;6.941755972375864;12;0.6666666666666666;0.3169017600000001;136;0.1039101269078315;316901.76;1;0;1;0.05170056486906226;0;0.10360311512684724;316901.7599999999;1;0;0.05170056486906226;0;0.1039101269078315;316901.76;1;0;1;0.05170056486906226;0;0.10360311512684724;316901.7599999999;1;0;0.05170056486906226;0
1670;1786617218;0;1585.262962962957;7.922876962962968;46.59376322222222;2283.004079798756;233.3990430740741;55.90599944355076;559.0599944355076;0.0824675193535284;0.5136561481481594;-0.09109307407403896;417492.7647856195;5160585.556919276;2;60727;49.05673084457282;2.34069193706234;364.9824945343626;305.2831135284956;32.64484481719119;626.4799941601404;72.13343940439048;32.71723284101877;6.5;43;-1;;50;;;0;288.15;350;242.852413268134;317.852413268134;1;;;;0;1023.9378734613164;5.561425962629034;5.561425962629034;2.433123858650202;2.433123858650202;29660.93846735484;5561.425962629034;169.9695522810567;169.9695522810567;12;12;0.2;81.69642659014892;5.976665183785248;6.945765313865812;12;0.6666666666666666;0.3169017600000001;82.11485190241274;5.978803270911824;6.947903400992388;12;0.6666666666666666;0.3169017600000001;136;0.10379027719317996;316901.76;1;0;1;0.05170056486906226;0;0.10360896394142014;316901.7599999999;1;0;0.05170056486906226;0;0.10379027719317996;316901.76;1;0;1;0.05170056486906226;0;0.10360896394142014;316901.7599999999;1;0;0.05170056486906226;0
1680;1786617228;0;1594.72222222222;7.917032222222224;46.5907388888889;2283.044967725334;233.4263716666667;56.01116201222296;560.1116201222296;-0.0001266207896058197;0.5001061111111138;-0.11802944444444186;417040.4475411376;5160255.632940796;2;60727;49.32160187156118;3.212317206686774;365.036980632206;312.5649802420661;34.79877230790016;597.1650615103966;79.49584728090674;34.77549359482758;6.5;43;-1;;50;;;0;288.15;350;238.0458429814384;313.0458429814384;1;;;;0;1154.14863693418;5.256739392254588;5.256739392254588;2.299823484111382;2.299823484111382;28035.9434253578;5256.739392254588;169.5532959511858;169.5532959511858;12;12;0.2;82.5506698649331;5.980822671782002;6.949922801862568;12;0.6666666666666666;0.3169017600000001;83.0352708979547;5.982843483631352;6.951943613711916;12;0.6666666666666666;0.3169017600000001;136;0.1036924931033289;316901.76;1;0;1;0.05170056486906226;0;0.10361149512814464;316901.7599999999;1;0;0.05170056486906226;0;0.1036924931033289;316901.76;1;0;1;0.05170056486906226;0;0.10361149512814464;316901.7599999999;1;0;0.05170056486906226;0
1690;1786617238;0;1604.187739463597;7.91117360153257;46.5877118007663;2283.047854087909;233.4310687739464;55.98244088784168;559.8244088784168;-0.11451737698891984;0.491227318007666;-0.12379693486589934;416587.0132297889;5159925.450960896;2;60727;49.57917462265104;4.093639577428214;365.0898594159062;320.8786405238523;36.56566944957705;575.4805718273858;87.92961402253668;36.4612889068706;6.5;43;-1;;50;;;0;288.15;350;234.243024090227;309.243024090227;1;;;;0;1511.338732698058;5.03572228185774;5.03572228185774;2.203128498312761;2.203128498312761;26857.18550324128;5035.72228185774;169.2320214722448;169.2320214722448;12;12;0.2;83.18965644006964;5.983441519693182;6.952541649773746;12;0.6666666666666666;0.3169017600000001;83.7273377676842;5.985366485271588;6.954466615352152;12;0.6666666666666666;0.3169017600000001;136;0.10362016143151944;316901.76;1;0;1;0.05170056486906226;0;0.10361175001942038;316901.7599999999;1;0;0.05170056486906226;0;0.10362016143151944;316901.76;1;0;1;0.05170056486906226;0;0.10361175001942038;316901.7599999999;1;0;0.05170056486906226;0
1700;1786617248;0;1613.697318007658;7.905317662835254;46.58468685823756;2283.03683714446;233.4307990804598;55.82075629750496;558.2075629750498;-0.02857286725860536;0.485568314176248;-0.1249245977011486;416133.7379632889;5159595.53815344;2;60727;49.82930747252626;4.984575553644212;365.1410928718624;330.0487491770672;37.7245059509158;562.3125973180578;97.00734288857044;37.54274610692588;6.5;43;-1;;50;;;0;288.15;350;231.8227991362945;306.8227991362945;1;;;;336.7520222979389;1261.22784845504;4.90303914780185;4.90303914780185;2.14507962716331;2.14507962716331;26149.54212160987;4903.03914780185;169.0309644025469;169.0309644025469;12;12;0.2;83.58144551497288;5.984867422496328;6.953967552576892;12;0.6666666666666666;0.3169017600000001;84.15324968174276;5.98673138053775;6.955831510618314;12;0.6666666666666666;0.3169017600000001;136;0.10357623779649148;316901.76;1;0;1;0.05170056486906226;0;0.10361073538447954;316901.7599999999;1;0;0.05170056486906226;0;0.10357623779649148;316901.76;1;0;1;0.05170056486906226;0;0.10361073538447954;316901.7599999999;1;0;0.05170056486906226;0
1710;1786617258;0;1623.24137931034;7.89977655172414;46.58141620689656;2280.464850182898;218.2610782758818;55.52199523056696;555.2199523056696;0.892115298360024;0.8010882758604926;-18.65350517241478;415704.1531062713;5159238.019900072;2;60727;50.07185931519558;5.885024658668916;365.1906441261272;339.6979794365291;38.09649397931347;558.2919682031764;115.9980389371086;21.25028340451566;0;43;-1;;50;;;0;288.15;350;231.0587409283328;306.0587409283328;1;;;;0;891.050612682881;4.862333401350486;4.862333401350486;2.127270863090837;2.127270863090837;25932.44480720259;4862.333401350486;168.9686357422901;168.9686357422901;12;12;0.2;77.2022886857535;5.934639806365416;6.90373993644598;12;0.6666666666666666;0.3169017600000001;77.78492125618002;5.94279175444875;6.911891884529314;12;0.6666666666666666;0.3169017600000001;136;0.10356282642136314;316901.76;1;0;1;0.05170056486906226;0;0.10360940457994854;316901.7599999999;1;0;0.05170056486906226;0;0.10356282642136314;316901.76;1;0;1;0.05170056486906226;0;0.10360940457994854;316901.7599999999;1;0;0.05170056486906226;0
1720;1786617268;0;1632.725925925923;7.897050148148148;46.576788;2281.402574058134;187.461861185196;55.34666251469522;553.4666251469522;0.7300425986701018;0.9587516296295778;-16.74260577777791;415488.0742403759;5158726.664639172;2;60727;50.3066870571038;6.79485783203059;365.2384768962866;349.288977371656;37.60871055577801;563.7338675823884;151.1799294294137;29.89237883163672;6.5;43;-1;;50;;;0;288.15;350;232.0619257795051;307.0619257795051;1;;;;0;685.4868159785442;4.915892302909292;4.915892302909292;2.150702882522815;2.150702882522815;26218.09228218289;4915.892302909292;169.0528906793076;169.0528906793076;12;12;0.2;83.54104282774524;5.984726234726268;6.953826364806832;12;0.6666666666666666;0.3169017600000001;84.10946357796604;5.986597135296438;6.955697265377002;12;0.6666666666666666;0.3169017600000001;136;0.103580978643789;316901.76;1;0;1;0.05170056486906226;0;0.10360863631140368;316901.7599999999;1;0;0.05170056486906226;0;0.103580978643789;316901.76;1;0;1;0.05170056486906226;0;0.10360863631140368;316901.7599999999;1;0;0.05170056486906226;0
1730;1786617278;0;1642.251851851851;7.898005555555556;46.57185407407408;2281.557534581334;158.1039046666709;55.20338506370022;552.0338506370022;0.6360960566890956;0.9946474074073734;-16.24901377777744;415553.6213788975;5158177.398548466;2;60727;50.53365177235606;7.71393865348257;365.2845567073182;358.3022694632922;36.35700667348081;578.22041870853;187.1680319353246;39.18705602558575;6.5;43;-1;;50;;;0;288.15;350;234.6851457028923;309.6851457028924;1;;;;0;592.7388195825024;5.060602850258634;5.060602850258634;2.214013746988152;2.214013746988152;26989.88186804604;5060.602850258632;169.2732766199288;169.2732766199288;12;12;0.2;83.11263547530934;5.98314581418644;6.952245944267006;12;0.6666666666666666;0.3169017600000001;83.6441121730899;5.985083838801064;6.954183968881628;12;0.6666666666666666;0.3169017600000001;136;0.10362930057697834;316901.76;1;0;1;0.05170056486906226;0;0.10360918010786616;316901.7599999999;1;0;0.05170056486906226;0;0.10362930057697834;316901.76;1;0;1;0.05170056486906226;0;0.10360918010786616;316901.7599999999;1;0;0.05170056486906226;0
1740;1786617288;0;1651.735632183908;7.902314022988506;46.56786988505748;2281.610698416276;128.9348554022977;55.14219204291586;551.4219204291586;0.7513430697625472;1.0066325287356316;-16.65737551724138;415877.6190438564;5157730.08465505;2;63138;42.66232740855212;5.842441952045204;360.7276048579233;201.3685731459922;34.50348890632709;594.0601294081294;74.74693166812636;18.82669389968676;0;147;-1;;50;;;0;288.15;350;238.6940931153959;313.6940931153959;1;;;;0;974.0557367214392;5.296082624770246;5.296082624770246;2.317036148336983;2.317036148336983;28245.77399877465;5296.082624770246;169.5080162528474;169.5080162528474;12;12;0.2;76.03939366653026;5.914767282634656;6.88386741271522;12;0.6666666666666666;0.3169017600000001;76.51501070028034;5.923531215390542;6.892631345471106;12;0.6666666666666666;0.3169017600000001;136;0.10368213616465546;316901.76;1;0;1;0.05170056486906226;0;0.10361105077598896;316901.7599999999;1;0;0.05170056486906226;0;0.10368213616465546;316901.76;1;0;1;0.05170056486906226;0;0.10361105077598896;316901.7599999999;1;0;0.05170056486906226;0
1750;1786617298;0;1661.210727969344;7.908910153256702;46.56586314176246;2281.673707489748;99.57571053641342;54.97067130759704;549.7067130759706;0.4918591314579656;1.0055247892720296;-16.63585877394636;416380.0335533219;5157500.089196674;2;63138;42.57607879049267;6.681068875344796;360.714161876208;192.8382324007462;35.1329924892324;586.0105820291606;92.99904720767408;18.46838271009142;0;147;-1;;50;;;0;288.15;350;237.3164131643404;312.3164131643404;1;;;;0;1463.45624056261;5.213073339744982;5.213073339744982;2.28071958613843;2.28071958613843;27803.05781197324;5213.073339744982;169.3895173121867;169.3895173121867;12;12;0.2;76.27721845441482;5.919267282284798;6.888367412365362;12;0.6666666666666666;0.3169017600000001;76.77195081484076;5.927887819568172;6.896987949648736;12;0.6666666666666666;0.3169017600000001;136;0.10365528576477326;316901.76;1;0;1;0.05170056486906226;0;0.10361215665070858;316901.7599999999;1;0;0.05170056486906226;0;0.10365528576477326;316901.76;1;0;1;0.05170056486906226;0;0.10361215665070858;316901.7599999999;1;0;0.05170056486906226;0
1760;1786617308;0;1670.720306513407;7.916068620689654;46.56632965517242;2281.71277489692;70.24340394636828;55.44410989118794;554.4410989118794;0.6450734539731786;1.0092986973179982;-16.31637509578659;416929.3595609029;5157544.364200822;2;63138;42.48309671347551;7.517184939849558;360.6990097326934;184.1376825624338;35.07261514542629;586.7407397782254;110.70239429186804;19.55226902557658;0;147;-1;;50;;;0;288.15;350;237.4478445149613;312.4478445149613;1;;;;1421.84187192463;1022.2235042928368;5.220894779756848;5.220894779756848;2.284141466143621;2.284141466143621;27844.77215870319;5220.894779756848;169.4003330244836;169.4003330244836;12;12;0.2;76.2551594221009;5.91885999168279;6.887960121763356;12;0.6666666666666666;0.3169017600000001;76.74806453615466;5.927493410100182;6.896593540180746;12;0.6666666666666666;0.3169017600000001;136;0.10365772130886244;316901.76;1;0;1;0.05170056486906226;0;0.10361326798383428;316901.7599999999;1;0;0.05170056486906226;0;0.10365772130886244;316901.76;1;0;1;0.05170056486906226;0;0.10361326798383428;316901.7599999999;1;0;0.05170056486906226;0
1770;1786617318;0;1680.26436781609;7.9223691954023;46.56879931034484;2283.473176083587;55.92376114942506;55.5950793372589;555.950793372589;-0.01730255321159908;0.5896486206896538;-0.11185275862443728;417415.9702815167;5157812.169608306;2;63138;42.38342328527733;8.35061205637718;360.6821619355033;175.6597503933246;34.33387768623025;596.1825645237144;120.06261315733058;33.94291455214181;6.5;147;-1;;50;;;0;288.15;350;239.0680380561971;314.068038056197;1;;;;0;871.076841747035;5.319013098929802;5.319013098929802;2.327068230781788;2.327068230781788;28368.06986095894;5319.013098929802;169.5389935599327;169.5389935599327;12;12;0.2;82.4754538028406;5.980488395636512;6.949588525717076;12;0.6666666666666666;0.3169017600000001;82.94589683084966;5.982487477611032;6.951587607691596;12;0.6666666666666666;0.3169017600000001;136;0.10368921584614494;316901.76;1;0;1;0.05170056486906226;0;0.10361507626627024;316901.7599999999;1;0;0.05170056486906226;0;0.10368921584614494;316901.76;1;0;1;0.05170056486906226;0;0.10361507626627024;316901.7599999999;1;0;0.05170056486906226;0
1780;1786617328;0;1689.748148148144;7.928418814814814;46.57157444444444;2283.523524835556;56.43746192592556;55.8662139462483;558.662139462483;-0.09307470181125374;0.4948275555552616;-0.7506378518544832;417883.7675594015;5158114.218869646;2;63138;42.27710212964194;9.181186893918502;360.6636328525128;167.7524541487022;33.02924573692669;613.8062915936272;111.53005886263272;32.14959005044909;6.5;147;-1;;50;;;0;288.15;350;241.9817958210356;316.9817958210356;1;;;;0;590.6682394461082;5.50391001996338;5.50391001996338;2.407960633733979;2.407960633733979;29354.18677313803;5503.91001996338;169.7920348566969;169.7920348566969;12;12;0.2;81.95662318209066;5.978018746111024;6.947118876191588;12;0.6666666666666666;0.3169017600000001;82.38696041040282;5.980087661402328;6.949187791482892;12;0.6666666666666666;0.3169017600000001;136;0.10374800227188588;316901.76;1;0;1;0.05170056486906226;0;0.10361816756872642;316901.7599999999;1;0;0.05170056486906224;0;0.10374800227188588;316901.76;1;0;1;0.05170056486906226;0;0.10361816756872642;316901.7599999999;1;0;0.05170056486906224;0
1790;1786617338;0;1699.249042145595;7.934489386973182;46.57437222222222;2283.986590768;56.8395492720303;56.07197253256782;560.719725325678;0.0001264353977491506;0.4260919540228991;-1.248622835247985;418353.1572970108;5158418.798312824;2;63138;42.16417930080244;10.008750964210986;360.6434378557006;160.6281637358765;31.31635697866443;638.9105754275712;103.86152217997624;30.00209781375929;6.5;147;-1;;50;;;0;288.15;350;245.9001658002521;320.900165800252;1;;;;0;451.9345073841424;5.771861136330738;5.771861136330738;2.525189247144698;2.525189247144698;30783.25939376393;5771.861136330738;170.1402096779572;170.1402096779572;12;12;0.2;81.22326863105226;5.973987256565326;6.94308738664589;12;0.6666666666666666;0.3169017600000001;81.60024965971976;5.97614408935267;6.945244219433234;12;0.6666666666666666;0.3169017600000001;136;0.10383174114911254;316901.76;1;0;1;0.05170056486906226;0;0.1036230215137352;316901.7599999999;1;0;0.05170056486906224;0;0.10383174114911254;316901.76;1;0;1;0.05170056486906226;0;0.1036230215137352;316901.7599999999;1;0;0.05170056486906224;0
1800;1786617348;0;1708.758620689655;7.94057551724138;46.5771875862069;2283.439283339588;56.44546241379308;56.1779660735019;561.779660735019;-0.2073632160126444;0.4154972413793166;0.08747000000001528;418823.7177658043;5158725.351891606;2;63138;42.04470467574068;10.833140893837528;360.6215935866931;154.3636795421598;29.35879384031911;670.6523272222712;98.36376311897994;29.38577707891692;6.5;147;-1;;50;;;0;288.15;350;250.4860930635211;325.4860930635211;1;;;;0;336.7839269982606;6.118989073208058;6.118989073208058;2.677057719528525;2.677057719528525;32634.60839044297;6118.989073208058;170.5613568621597;170.5613568621597;12;12;0.2;80.30312503758862;5.967871209748;6.936971339828564;12;0.6666666666666666;0.3169017600000001;80.61848110764984;5.97011377731246;6.939213907393024;12;0.6666666666666666;0.3169017600000001;136;0.10393762023628658;316901.76;1;0;1;0.05170056486906226;0;0.10363001259645856;316901.7599999999;1;0;0.05170056486906224;0;0.10393762023628658;316901.76;1;0;1;0.05170056486906226;0;0.10363001259645856;316901.7599999999;1;0;0.05170056486906224;0
1810;1786617358;0;1718.26819923371;7.9466162835249;46.5800658237548;2282.976718380783;52.89678432950758;56.47251206038602;564.7251206038602;0.0514485306205666;0.2701476245243235;-4.470368237555756;419290.8477705135;5159038.974426684;2;63311;42.96643857541318;2.539697705932323;359.897815460633;228.750902773533;27.70907297443744;699.018789402959;173.5210356436458;27.02386239684521;0;159;-1;;50;;;0;288.15;350;254.4154221793401;329.4154221793401;1;;;;0;203.3749085247005;6.451859254944178;6.451859254944178;2.822688424038079;2.822688424038079;34409.91602636896;6451.85925494418;170.9211851348411;170.9211851348411;12;12;0.2;72.96479587866154;5.828706109135068;6.797806239215632;12;0.6666666666666666;0.3169017600000001;73.22803704624344;5.83859559309242;6.807695723172984;12;0.6666666666666666;0.3169017600000001;136;0.10403224056919932;316901.76;1;0;1;0.05170056486906226;0;0.1036387566828225;316901.7599999999;1;0;0.05170056486906224;0;0.10403224056919932;316901.76;1;0;1;0.05170056486906226;0;0.1036387566828225;316901.7599999999;1;0;0.05170056486906224;0
1820;1786617368;0;1727.751851851849;7.952366148148146;46.58325562962964;2283.040489976266;52.01692133333224;57.87276491901152;578.7276491901152;0.01951503047163656;0.4209141111113297;1.530512481482231;419736.1016319596;5159387.549248944;2;60913;43.64279086196075;2.799749827179354;363.5240464808485;232.9764848152448;31.34013186702849;643.5094736311852;181.8516969515098;30.8820427824099;6.5;59;-1;;50;;;0;288.15;350;245.8451227519465;320.8451227519465;1;;;;0;124.00166906366394;5.767927708552924;5.767927708552924;2.523468372491905;2.523468372491905;30762.28111228226;5767.927708552924;170.2025070406964;170.2025070406964;12;12;0.2;81.1666255707437;5.973646796031586;6.94274692611215;12;0.6666666666666666;0.3169017600000001;81.54435159567782;5.97583591343518;6.944936043515744;12;0.6666666666666666;0.3169017600000001;136;0.10384708142229452;316901.76;1;0;1;0.05170056486906226;0;0.10364318912408786;316901.7599999999;1;0;0.05170056486906224;0;0.10384708142229452;316901.76;1;0;1;0.05170056486906226;0;0.10364318912408786;316901.7599999999;1;0;0.05170056486906224;0
1830;1786617378;0;1737.252873563215;7.958371839080458;46.5864259770115;2285.084769017104;53.25082390804586;60.33102657371632;603.3102657371632;0.1508336921248016;-0.3037141379308537;0.0462932183909886;420200.8742664136;5159733.735401692;2;60913;44.00949400144192;3.508317232061867;363.6008019542405;232.2249782720988;35.52483489171862;585.7288318445754;178.8522506969211;35.82942552094042;6.5;59;-1;;50;;;0;288.15;350;236.46713637403;311.46713637403;1;;;;0;215.3260700164401;5.163015502280112;5.163015502280112;2.258819282247549;2.258819282247549;27536.08267882726;5163.015502280112;169.3853401870904;169.3853401870904;12;12;0.2;82.85335372086682;5.982111077534994;6.951211207615558;12;0.6666666666666666;0.3169017600000001;83.35991186450914;5.984076932948468;6.953177063029032;12;0.6666666666666666;0.3169017600000001;136;0.10365434594731932;316901.76;1;0;1;0.05170056486906226;0;0.10364342155790518;316901.7599999999;1;0;0.05170056486906222;0;0.10365434594731932;316901.76;1;0;1;0.05170056486906226;0;0.10364342155790518;316901.7599999999;1;0;0.05170056486906222;0
1840;1786617388;0;1746.762452107279;7.964670842911876;46.58969685823756;2285.735326417839;53.45921084291188;62.089983239948;620.89983239948;-0.1290854429493223;-0.9120270114942018;-0.1275744827586051;420688.2094461308;5160090.832892068;2;60913;44.37119244243609;4.226108483781269;363.6767921902347;231.1910332395788;40.51927159244196;531.2900208686472;177.7186367312251;41.42570106330973;6.5;59;-1;;50;;;0;288.15;350;226.2392575196618;301.2392575196618;1;;;;0;372.2952220329712;4.617488938514396;4.617488938514396;2.020151410600048;2.020151410600048;24626.60767207678;4617.488938514396;168.5380413169545;168.5380413169545;12;12;0.2;84.48484702641594;5.987705390795572;6.956805520876136;12;0.6666666666666666;0.3169017600000001;85.13641178489832;5.989416146292086;6.95851627637265;12;0.6666666666666666;0.3169017600000001;136;0.10347275762005084;316901.76;1;0;1;0.05170056486906226;0;0.10363993862039796;316901.7599999999;1;0;0.05170056486906222;0;0.10347275762005084;316901.76;1;0;1;0.05170056486906226;0;0.10363993862039796;316901.7599999999;1;0;0.05170056486906222;0
1850;1786617398;0;1756.262962962962;7.971174074074074;46.59304466666668;2284.251437030845;53.49379396296296;62.15223060491262;621.5223060491262;-0.002040673360215786;-0.9942143333333384;-0.2013873333333333;421191.2422623531;5160456.313053502;2;60913;44.72776350272369;4.953227491933094;363.7519629491881;229.6886023075726;46.51465137738308;481.3190881648608;175.9061981891173;47.49264264881982;6.5;59;-1;;50;;;0;288.15;350;215.5137072259437;290.5137072259438;1;;;;0;431.8992763959059;4.134792186953052;4.134792186953052;1.80897158179196;1.80897158179196;22052.22499708294;4134.792186953051;167.6800698484498;167.6800698484498;12;12;0.2;86.03669507529012;5.991395720402288;6.960495850482852;12;0.6666666666666666;0.3169017600000001;86.84570923476006;5.992856909047734;6.961957039128298;12;0.6666666666666666;0.3169017600000001;136;0.10330607253051538;316901.76;1;0;1;0.05170056486906226;0;0.10363326129860032;316901.7599999999;1;0;0.05170056486906222;0;0.10330607253051538;316901.76;1;0;1;0.05170056486906226;0;0.10363326129860032;316901.7599999999;1;0;0.05170056486906222;0
1860;1786617408;0;1765.747126436777;7.977678045977008;46.59640149425288;2283.44651533269;53.49139666666666;62.2083036778443;622.083036778443;0.02136809371298804;-0.9309288505747336;-0.1934570114942522;421694.2837814382;5160822.836038782;2;60913;45.07907814942154;5.689763349731916;363.8262598197107;227.3250602185004;53.69975113268586;437.3383920317988;173.4011536762569;54.6033560242621;6.5;59;-1;;50;;;0;288.15;350;204.8910174522247;279.8910174522247;1;;;;0;472.851750103101;3.722427464217809;3.722427464217809;1.628562015595292;1.628562015595292;19852.94647582832;3722.427464217809;166.8477602196069;166.8477602196069;12;12;0.2;87.46177899306486;5.99380093175658;6.962901061837144;12;0.6666666666666666;0.3169017600000001;88.43256982788064;5.995041967160934;6.964142097241498;12;0.6666666666666666;0.3169017600000001;136;0.10315936871939728;316901.76;1;0;1;0.05170056486906226;0;0.10362396928724338;316901.7599999999;1;0;0.05170056486906222;0;0.10315936871939728;316901.76;1;0;1;0.05170056486906226;0;0.10362396928724338;316901.7599999999;1;0;0.05170056486906222;0
1870;1786617418;0;1775.256704980839;7.984187126436778;46.5997624137931;2283.152509877242;53.4927574329502;62.16641963357522;621.6641963357522;0.03784391747684949;-0.897537701149436;-0.193936628352491;422197.6611996491;5161189.850070312;2;60913;45.42500966782738;6.435807311031702;363.8996300631361;223.1175296937806;62.16865532762006;401.3270908674583;168.8948443360475;63.01422881379516;6.5;59;-1;;50;;;0;288.15;350;195.2810891162779;270.281089116278;1;;;;0;634.4912284434122;3.392415269114586;3.392415269114586;1.484181680237631;1.484181680237631;18092.88143527779;3392.415269114586;166.1013776827475;166.1013776827475;12;12;0.2;88.6825540603852;5.995319148780348;6.964419278860912;12;0.6666666666666666;0.3169017600000001;89.80507790112782;5.996384854784098;6.965484984864662;12;0.6666666666666666;0.3169017600000001;136;0.10303924794849936;316901.76;1;0;1;0.05170056486906226;0;0.10361272464611368;316901.7599999999;1;0;0.05170056486906222;0;0.10303924794849936;316901.76;1;0;1;0.05170056486906226;0;0.10361272464611368;316901.7599999999;1;0;0.05170056486906222;0
1880;1786617428;0;1784.731800766283;7.990697624521072;46.6031161302682;2283.062507155219;53.4938824521073;62.18963975898162;621.896397589816;0.03662149722980521;-0.8788927969348668;-0.1930687739463602;422701.0756006575;5161556.103780218;2;60913;45.76542933098182;7.191443588407748;363.9720217184859;213.8173055716374;71.67714471850058;375.588108325492;158.7777652552524;72.43311078835276;6.5;59;-1;;50;;;0;288.15;350;187.8622202226584;262.8622202226584;1;;;;0;783.8323677622972;3.160222821283898;3.160222821283898;1.382597484311705;1.382597484311705;16854.52171351412;3160.222821283898;165.5256448109699;165.5256448109699;12;12;0.2;89.59206357591936;5.996203196725906;6.96530332680647;12;0.6666666666666666;0.3169017600000001;90.8354623016774;5.997148157893832;6.966248287974398;12;0.6666666666666666;0.3169017600000001;136;0.10295339194427004;316901.76;1;0;1;0.05170056486906226;0;0.10360028440645626;316901.7599999999;1;0;0.05170056486906222;0;0.10295339194427004;316901.76;1;0;1;0.05170056486906226;0;0.10360028440645626;316901.7599999999;1;0;0.05170056486906222;0
1890;1786617438;0;1794.266666666667;7.997112666666666;46.60655933333334;2281.7465716768;47.0054346666675;61.32926254558446;613.2926254558446;0.577878070046712;-1.120556000000017;-19.09743466666631;423197.2451067638;5161932.435489288;2;60913;46.10020246973744;7.95673944117186;364.0433827741363;183.17410155933;80.53328811245498;362.3222856153233;102.79935781631564;63.69282296092522;6.5;59;-1;;50;;;0;288.15;350;183.8400093417835;258.8400093417835;1;;;;0;913.153894583178;3.041420110151513;3.041420110151513;1.330621298191287;1.330621298191287;16220.907254141398;3041.420110151513;165.2133090891685;165.2133090891685;12;12;0.2;90.0751781949736;5.996602756985992;6.965702887066556;12;0.6666666666666666;0.3169017600000001;91.3855445702336;5.997487337196108;6.966587467276672;12;0.6666666666666666;0.3169017600000001;136;0.10290914192277628;316901.76;1;0;1;0.05170056486906226;0;0.10358748547157328;316901.7599999999;1;0;0.05170056486906222;0;0.10290914192277628;316901.76;1;0;1;0.05170056486906226;0;0.10358748547157328;316901.7599999999;1;0;0.05170056486906222;0
1900;1786617448;0;1803.750957854405;8.00111521072797;46.61134053639848;2280.77056278446;15.226549578548482;61.63581419784434;616.3581419784434;0.652333222339132;-0.3426180076627331;-18.65581210727992;423510.4961754735;5162459.821051118;2;60913;46.42919678423828;8.73176277629288;364.1136629437406;109.59435125309224;80.00273474873616;362.9387728747243;90.64093404304012;61.36649787431834;6.5;59;-1;;50;;;0;288.15;350;184.0067789419396;259.0067789419396;1;;;;0;1028.11931757588;3.046254201388916;3.046254201388916;1.332736213107651;1.332736213107651;16246.689074074214;3046.254201388915;165.2280754730117;165.2280754730117;12;12;0.2;90.05346280497666;5.99658573440316;6.965685864483724;12;0.6666666666666666;0.3169017600000001;91.36103193899698;5.9974731191571;6.966573249237666;12;0.6666666666666666;0.3169017600000001;136;0.10291119830292512;316901.76;1;0;1;0.05170056486906226;0;0.10357518934123424;316901.7599999999;1;0;0.0517005648690622;0;0.10291119830292512;316901.76;1;0;1;0.05170056486906226;0;0.10357518934123424;316901.7599999999;1;0;0.0517005648690622;0
1910;1786617458;0;1813.251851851849;8.001092074074078;46.61688355555556;2280.910135543111;345.9403685185287;61.3627713364659;613.627713364659;0.613818847422403;-0.3434662222222113;-18.36543244444445;423516.5293137789;5163075.77225411;2;61244;47.26418136482622;8.467785755619492;364.5173111079548;26.10632233910541;76.652723496758;367.5185457849887;67.5882523442906;61.17358914255846;6.5;62;-1;;50;;;0;288.15;350;185.2754249709852;260.2754249709853;1;;;;0;1149.816348795904;3.083283430767144;3.083283430767144;1.348936500960625;1.348936500960625;16444.17829742477;3083.283430767144;165.3369933311781;165.3369933311781;12;12;0.2;89.89131542957898;5.996455903429682;6.965556033510246;12;0.6666666666666666;0.3169017600000001;91.17766423053478;5.997364177953744;6.966464308034308;12;0.6666666666666666;0.3169017600000001;136;0.10292647478099536;316901.76;1;0;1;0.05170056486906226;0;0.10356360515265852;316901.7599999999;1;0;0.0517005648690622;0;0.10292647478099536;316901.76;1;0;1;0.05170056486906226;0;0.10356360515265852;316901.7599999999;1;0;0.0517005648690622;0
1920;1786617468;0;1822.770114942524;7.997153333333336;46.62169344827586;2280.989972095173;316.7295468965657;61.36767878411398;613.6767878411398;0.5372031871392914;-0.3375034482758602;-18.3588275862069;423221.7529010192;5163614.067120648;2;61244;46.95100583916476;9.268508098934422;364.452799808053;68.87277276990642;72.9313646560647;373.6271814438432;100.36175666749728;55.27888168577062;6.5;62;-1;;50;;;0;288.15;350;187.1294017534216;262.1294017534216;1;;;;0;1131.25879285748;3.138226860909045;3.138226860909045;1.372974251647707;1.372974251647707;16737.20992484824;3138.226860909045;165.4801774169982;165.4801774169982;12;12;0.2;89.66915016292996;5.99626996612778;6.965370096208344;12;0.6666666666666666;0.3169017600000001;90.92467324308938;5.997206123007302;6.966306253087866;12;0.6666666666666666;0.3169017600000001;136;0.10294685099625978;316901.76;1;0;1;0.05170056486906226;0;0.10355278490430066;316901.76;1;0;0.0517005648690622;0;0.10294685099625978;316901.76;1;0;1;0.05170056486906226;0;0.10355278490430066;316901.76;1;0;0.0517005648690622;0
1930;1786617478;0;1832.270370370366;7.990298296296302;46.62457325925926;2281.038846283912;287.4829030740873;61.16313333622138;611.6313333622138;0.6271664832859812;-0.336178111111111;-18.35213022222223;422701.0314397562;5163940.766353882;2;61244;46.63169440368924;10.059378062256198;364.3870472845938;88.96168639303938;64.80151475718896;393.3505601978303;133.5030231087393;54.79272221213896;6.5;62;-1;;50;;;0;288.15;350;192.8867139731999;267.8867139731999;1;;;;0;953.1450829843548;3.315509490688388;3.315509490688388;1.45053540217617;1.45053540217617;17682.7172836714;3315.509490688387;165.9270036031259;165.9270036031259;12;12;0.2;88.96748019649446;5.995616236859354;6.964716366939918;12;0.6666666666666666;0.3169017600000001;90.1286488899251;5.996644311630036;6.9657444417106;12;0.6666666666666666;0.3169017600000001;136;0.10301264110614302;316901.76;1;0;1;0.05170056486906226;0;0.10354347208019448;316901.76;1;0;0.0517005648690622;0;0.10301264110614302;316901.76;1;0;1;0.05170056486906226;0;0.10354347208019448;316901.76;1;0;0.0517005648690622;0
1940;1786617488;0;1841.789272030651;7.98229490421456;46.62478318007664;2281.057855703081;258.2992810727991;61.52249190052456;615.2249190052456;0.7059363986216406;-0.335664214559387;-18.34867111111111;422088.6264950559;5163971.97263586;2;61244;46.306383468759;10.840438349853294;364.3201011332676;98.12188406159478;56.41110757622188;424.7617851774933;170.0085086279418;58.2774201619352;6.5;62;-1;;50;;;0;288.15;350;201.4856106394943;276.4856106394944;1;;;;0;738.2271928783452;3.601317328890513;3.601317328890513;1.5755763313896;1.5755763313896;19207.02575408274;3601.317328890513;166.5943168903167;166.5943168903167;12;12;0.2;87.88931814188808;5.994381743671294;6.963481873751858;12;0.6666666666666666;0.3169017600000001;88.9132732464332;5.995561205658818;6.964661335739384;12;0.6666666666666666;0.3169017600000001;136;0.10311741767453708;316901.76;1;0;1;0.05170056486906226;0;0.10353625081908164;316901.76;1;0;0.0517005648690622;0;0.10311741767453708;316901.76;1;0;1;0.05170056486906226;0;0.10353625081908164;316901.76;1;0;0.0517005648690622;0
1950;1786617498;0;1851.32222222222;7.975001222222224;46.62243366666668;2283.125249810134;237.1042250000018;61.56910413702998;615.6910413702998;0.2306641377478568;-0.5894959999996402;-4.387781111114029;421526.8598700691;5163718.134977776;2;61244;45.97521193354542;11.611732467907168;364.2520106847251;103.08323443618448;48.94671589421264;465.3758296758868;222.373754630829;52.42361386915458;6.5;62;-1;;50;;;0;288.15;350;211.6510224008949;286.6510224008948;1;;;;0;621.0912950424346;3.978256810093687;3.978256810093687;1.740487354415988;1.740487354415988;21217.36965383299;3978.256810093686;167.3874846126547;167.3874846126547;12;12;0.2;86.55429991532052;5.992361601016948;6.961461731097512;12;0.6666666666666666;0.3169017600000001;87.4214454076666;5.993743133549138;6.962843263629702;12;0.6666666666666666;0.3169017600000001;136;0.10325289154459152;316901.76;1;0;1;0.05170056486906226;0;0.1035315281645068;316901.76;1;0;0.0517005648690622;0;0.10325289154459152;316901.76;1;0;1;0.05170056486906226;0;0.1035315281645068;316901.76;1;0;0.0517005648690622;0
1960;1786617508;0;1860.808429118776;7.968410268199234;46.61924513409962;2283.307201202483;234.2806890038312;61.95656708628044;619.5656708628044;-0.0674176097273223;-0.8120711877394836;-0.9787625670496196;421017.6273883804;5163370.414679564;2;61244;45.63831320690978;12.37332289591714;364.1828253615077;106.1658938163687;42.6015253053525;512.9665438236442;231.9800852469877;43.87275841063367;6.5;62;-1;;50;;;0;288.15;350;222.3190244732271;297.3190244732271;1;;;;0;566.13452904417;4.431998306373141;4.431998306373141;1.938999259038249;1.938999259038249;23637.32430065675;4431.99830637314;168.2331889613844;168.2331889613844;12;12;0.2;85.05634216568908;5.989219449176264;6.958319579256828;12;0.6666666666666666;0.3169017600000001;85.76479561739802;5.990840396285562;6.959940526366126;12;0.6666666666666666;0.3169017600000001;136;0.10341163707963682;316901.76;1;0;1;0.05170056486906226;0;0.10352956273688598;316901.7600000001;1;0;0.0517005648690622;0;0.10341163707963682;316901.76;1;0;1;0.05170056486906226;0;0.10352956273688598;316901.7600000001;1;0;0.0517005648690622;0
1970;1786617518;0;1870.307407407407;7.961890962962964;46.61592933333334;2283.23260061849;233.6357154444445;61.92138371966862;619.2138371966862;0.010325715055661642;-0.839544777777776;-0.3350977777777971;420513.6356542977;5163008.52286775;2;61244;45.29581891763822;13.12528081549413;364.1125954389572;108.26473547136998;37.27837108562013;565.791448039847;234.9966719848547;38.03607173799231;6.5;62;-1;;50;;;0;288.15;350;232.7474325727134;307.7474325727134;1;;;;0;468.145565306495;4.953044566085516;4.953044566085516;2.166956997662414;2.166956997662414;26416.23768578942;4953.044566085516;169.0845357186815;169.0845357186815;12;12;0.2;83.45599141005546;5.98442470903063;6.953524839111194;12;0.6666666666666666;0.3169017600000001;84.01472746901626;5.98630202147158;6.955402151552144;12;0.6666666666666666;0.3169017600000001;136;0.1035878419934249;316901.76;1;0;1;0.05170056486906226;0;0.10353050272489468;316901.7600000001;1;0;0.0517005648690622;0;0.1035878419934249;316901.76;1;0;1;0.05170056486906226;0;0.10353050272489468;316901.7600000001;1;0;0.0517005648690622;0
1980;1786617528;0;1879.793103448275;7.955400689655174;46.61259241379312;2283.173076695173;233.5136189655173;61.99225897470236;619.9225897470236;-0.0001402463427654682;-0.8496644827586198;-0.218543448275868;420011.7752862658;5162644.296484336;2;61244;44.94786305178576;13.867676558779844;364.0413728849672;109.78618209537368;32.81349163161876;622.5154830428892;236.6546447867688;33.46507122132533;6.5;62;-1;;50;;;0;288.15;350;242.4697987203755;317.4697987203755;1;;;;0;336.6995193549824;5.53601418072255;5.53601418072255;2.422006204066116;2.422006204066116;29525.4089638536;5536.01418072255;169.9144112940618;169.9144112940618;12;12;0.2;81.7880970136344;5.977151290856834;6.946251420937398;12;0.6666666666666666;0.3169017600000001;82.2117532907139;5.979269868404458;6.948369998485022;12;0.6666666666666666;0.3169017600000001;136;0.10377705300754266;316901.76;1;0;1;0.05170056486906226;0;0.10353441622144464;316901.7600000002;1;0;0.05170056486906218;0;0.10377705300754266;316901.76;1;0;1;0.05170056486906226;0;0.10353441622144464;316901.7600000002;1;0;0.05170056486906218;0
1990;1786617538;0;1889.292592592591;7.948911037037038;46.60924466666668;2283.1291640856;233.4874293703704;61.86830960691052;618.6830960691052;0.07592395556514132;-0.8546736296296292;-0.1940920370370385;419509.8856361008;5162278.90757005;2;63673;42.24541668050105;7.435014833540382;360.237527911544;185.0039327526294;33.04946399555404;612.8186522449192;311.9343735447752;32.62598096346354;6.5;176;-1;;50;;;0;288.15;350;241.9361516283785;316.9361516283785;1;;;;0;188.534947134523;5.50092460701901;5.50092460701901;2.406654515570817;2.406654515570817;29338.26457076805;5500.92460701901;169.7780476501233;169.7780476501233;12;12;0.2;81.97490191977176;5.978110834895484;6.947210964976048;12;0.6666666666666666;0.3169017600000001;82.40586456091902;5.980173951177434;6.949274081257998;12;0.6666666666666666;0.3169017600000001;136;0.10374470786162854;316901.76;1;0;1;0.05170056486906226;0;0.10353770202832252;316901.7600000002;1;0;0.05170056486906218;0;0.10374470786162854;316901.76;1;0;1;0.05170056486906226;0;0.10353770202832252;316901.7600000002;1;0;0.05170056486906218;0
2000;1786617548;0;1898.751851851849;7.942431222222224;46.60590685185186;2283.097363025956;233.4808467037037;62.13880786426136;621.3880786426134;0.10052373716067924;-0.8573402222222218;-0.1894470000000008;419008.703291028;5161914.65340497;2;63673;42.35364928053915;8.26486221824868;360.263266396003;176.7794500115973;33.87094672708479;601.6276954457082;303.7435896850583;33.55613182999376;6.5;176;-1;;50;;;0;288.15;350;240.0944683932871;315.094468393287;1;;;;0;142.4507005237438;5.382863731583476;5.382863731583476;2.35500288256777;2.35500288256777;28708.6065684452;5382.863731583476;169.617964551635;169.617964551635;12;12;0.2;82.30469752669868;5.979707780647064;6.948807910727628;12;0.6666666666666666;0.3169017600000001;82.76097017988824;5.981727274406304;6.950827404486868;12;0.6666666666666666;0.3169017600000001;136;0.10370737884783724;316901.76;1;0;1;0.05170056486906226;0;0.10354031244093044;316901.7600000002;1;0;0.05170056486906218;0;0.10370737884783724;316901.76;1;0;1;0.05170056486906226;0;0.10354031244093044;316901.7600000002;1;0;0.05170056486906218;0
2010;1786617558;0;1908.277777777778;7.935928333333334;46.60255;2283.074244950668;233.4783316666667;61.88029166399886;618.8029166399884;0.05549341469890062;-0.8589522222222222;-0.1885444444444445;418505.6645694966;5161548.348834554;2;63673;42.45524520033571;9.097607776814372;360.2874052433536;168.2613767254362;34.07329062089995;598.977734801588;295.3044500921486;33.88091245784991;6.5;176;-1;;50;;;0;288.15;350;239.644787744368;314.644787744368;1;;;;0;691.53716758049;5.354724438071512;5.354724438071512;2.342691941656286;2.342691941656286;28558.53033638139;5354.724438071512;169.5796217247615;169.5796217247615;12;12;0.2;82.38349058799566;5.980071782419584;6.949171912500148;12;0.6666666666666666;0.3169017600000001;82.84596561322202;5.982080682203528;6.951180812284092;12;0.6666666666666666;0.3169017600000001;136;0.10369853953059156;316901.76;1;0;1;0.05170056486906226;0;0.10354270982107682;316901.7600000002;1;0;0.05170056486906218;0;0.10369853953059156;316901.76;1;0;1;0.05170056486906226;0;0.10354270982107682;316901.7600000002;1;0;0.05170056486906218;0
2020;1786617568;0;1917.727969348658;7.929454980842912;46.59920521072798;2283.056625893242;233.4765772030651;62.1758849863924;621.7588498639242;0.05690025120127114;-0.8599300766283524;-0.1884482375478926;418004.8450912733;5161183.395290842;2;63673;42.55016010819874;9.933089449131846;360.3099289042484;159.8155511640444;33.6281529836694;604.9836694538436;286.8638941890382;33.56348385870259;6.5;176;-1;;50;;;0;288.15;350;240.6361334126864;315.6361334126864;1;;;;0;877.778128337955;5.4171107717119;5.4171107717119;2.369985962623956;2.369985962623956;28891.25744913013;5417.110771711898;169.6662811776438;169.6662811776438;12;12;0.2;82.20715078050526;5.979247940079254;6.948348070159818;12;0.6666666666666666;0.3169017600000001;82.65596407827036;5.981281044356836;6.950381174437402;12;0.6666666666666666;0.3169017600000001;136;0.10371857317217254;316901.76;1;0;1;0.05170056486906226;0;0.10354533464721258;316901.7600000002;1;0;0.05170056486906218;0;0.10371857317217254;316901.76;1;0;1;0.05170056486906226;0;0.10354533464721258;316901.7600000002;1;0;0.05170056486906218;0
2030;1786617578;0;1927.237547892719;7.922948467432952;46.59584685823756;2283.042170443771;233.4743406130268;61.97392832806788;619.7392832806788;-0.05988330934192826;-0.8606123754789272;-0.1879643678160922;417501.4043288224;5160817.010337806;2;63673;42.6383511429778;10.771130356783206;360.3308225885476;151.7890312207823;32.59733513701014;619.3918853837006;278.9359325868295;32.65364481120383;6.5;176;-1;;50;;;0;288.15;350;242.9603816964209;317.9603816964209;1;;;;0;1013.19983225013;5.568635647210774;5.568635647210774;2.436278095654714;2.436278095654714;29699.39011845747;5568.635647210776;169.8707183706724;169.8707183706724;12;12;0.2;81.78489657894698;5.97713449107725;6.946234621157814;12;0.6666666666666666;0.3169017600000001;82.20184692582956;5.979222641549504;6.948322771630068;12;0.6666666666666666;0.3169017600000001;136;0.10376663380727318;316901.76;1;0;1;0.05170056486906226;0;0.10354858904662524;316901.7600000003;1;0;0.05170056486906218;0;0.10376663380727318;316901.76;1;0;1;0.05170056486906226;0;0.10354858904662524;316901.7600000003;1;0;0.05170056486906218;0
2040;1786617588;0;1936.747126436779;7.916464482758624;46.59249850574714;2283.029913256277;233.4729901149426;62.0947696620112;620.947696620112;0.01971699407663184;-0.8610349425287356;-0.1880724137931034;416999.6432935802;5160451.7542835;2;63673;42.71977929012926;11.611559213961712;360.3500728169738;144.4351737981127;31.10935379741238;641.6355703982778;271.4646868200364;31.27930030116206;6.5;176;-1;;50;;;0;288.15;350;246.3801380900323;321.3801380900323;1;;;;0;1110.862214940891;5.806379184980894;5.806379184980894;2.540290893429141;2.540290893429141;30967.35565323143;5806.379184980894;170.1771767820079;170.1771767820079;12;12;0.2;81.13668183206702;5.973465023983454;6.942565154064018;12;0.6666666666666666;0.3169017600000001;81.50717194533642;5.975628740185398;6.944728870265962;12;0.6666666666666666;0.3169017600000001;136;0.10384083075393078;316901.76;1;0;1;0.05170056486906226;0;0.10355282443368762;316901.7600000003;1;0;0.05170056486906218;0;0.10384083075393078;316901.76;1;0;1;0.05170056486906226;0;0.10355282443368762;316901.7600000003;1;0;0.05170056486906218;0
2050;1786617598;0;1946.24814814815;7.909968777777778;46.58914314814816;2283.019755154756;233.4716729259259;62.02466830831154;620.2466830831154;-0.0994152406525422;-0.8615074444444446;-0.18854;416496.9128075348;5160085.773392214;2;63673;42.79440819393914;12.454200545978554;360.3676671267358;137.8816245298844;29.31835236467754;670.9331161711016;264.9826258944235;29.58499295399757;6.5;176;-1;;50;;;0;288.15;350;250.5818281196093;325.5818281196092;1;;;;1384.424980558192;1478.241346386094;6.12667815749557;6.12667815749557;2.680421693904312;2.680421693904312;32675.61683997637;6126.678157495568;170.5649927123677;170.5649927123677;12;12;0.2;80.28843612871728;5.967762761290466;6.93686289137103;12;0.6666666666666666;0.3169017600000001;80.60251499848864;5.970004082668682;6.939104212749246;12;0.6666666666666666;0.3169017600000001;136;0.10393855684740316;316901.76;1;0;1;0.05170056486906226;0;0.10355833489674072;316901.7600000003;1;0;0.05170056486906218;0;0.10393855684740316;316901.76;1;0;1;0.05170056486906226;0;0.10355833489674072;316901.7600000003;1;0;0.05170056486906218;0
2060;1786617608;0;1955.740740740737;7.903478888888892;46.58579333333334;2283.010611233778;233.4701981481482;62.05865676235736;620.5865676235736;-0.03778595634387928;-0.862017037037037;-0.1886725925925927;415994.5753660206;5159720.443501266;2;62057;51.3406877418975;7.735698724971552;365.0929065016481;358.7321992272535;30.98969914256524;651.6035129138506;124.80614202641536;31.33034423743517;6.5;88;-1;;50;;;0;288.15;350;246.6581605864944;321.6581605864944;1;;;;0;1116.275968495996;5.826555540677864;5.826555540677864;2.549118049046566;2.549118049046566;31074.96288361528;5826.555540677866;170.311076482913;170.311076482913;12;12;0.2;80.97377861984746;5.972454007976194;6.941554138056758;12;0.6666666666666666;0.3169017600000001;81.3405133224724;5.97467810144272;6.943778231523284;12;0.6666666666666666;0.3169017600000001;136;0.10387408023119272;316901.76;1;0;1;0.05170056486906226;0;0.10356278201412736;316901.7600000003;1;0;0.05170056486906218;0;0.10387408023119272;316901.76;1;0;1;0.05170056486906226;0;0.10356278201412736;316901.7600000003;1;0;0.05170056486906218;0
2070;1786617618;0;1965.266666666662;7.896991333333338;46.58243666666668;2282.9779065776;233.4085013333357;61.47291272247888;614.7291272247888;0.00644256163295532;-0.8344506666666716;-4.484263333309546;415492.3451250493;5159354.39097039;2;62057;51.14575954700678;8.689253172224764;365.0536574979278;6.236657981695618;31.99451854137994;636.0912014023584;130.6544089189082;29.20226342806993;6.5;88;-1;;50;;;0;288.15;350;244.3370783021034;319.3370783021034;1;;;;0;813.3028023097864;5.66210665698839;5.66210665698839;2.477171662432421;2.477171662432421;30197.90217060475;5662.10665698839;170.1017959094575;170.1017959094575;12;12;0.2;81.41945446360664;5.97513291304567;6.944233043126234;12;0.6666666666666666;0.3169017600000001;81.81764143210924;5.977305795740464;6.946405925821028;12;0.6666666666666666;0.3169017600000001;136;0.1038223367296551;316901.76;1;0;1;0.05170056486906226;0;0.1035663869407319;316901.7600000003;1;0;0.05170056486906218;0;0.1038223367296551;316901.76;1;0;1;0.05170056486906226;0;0.1035663869407319;316901.7600000003;1;0;0.05170056486906218;0
2080;1786617628;0;1974.750957854405;7.891752145593872;46.57824199233718;2279.893337500414;205.6990244444492;61.52558034099438;615.2558034099438;0.7591005013039704;-0.01619961685817422;-19.42647727969397;415084.3952091617;5158893.917969816;2;62057;50.94243774280732;9.634293745799682;365.0125167819515;14.134210002730914;32.50140373535361;628.5498229688666;157.0665885794912;26.55644926948669;0;88;-1;;50;;;0;288.15;350;243.178632373502;318.178632373502;1;;;;0;579.7481917135388;5.583262276332784;5.583262276332784;2.442677245895593;2.442677245895593;29777.39880710818;5583.262276332784;169.9982023109715;169.9982023109715;12;12;0.2;75.13638685928502;5.895303948707878;6.864404078788442;12;0.6666666666666666;0.3169017600000001;75.55035719499548;5.904719103947952;6.873819234028516;12;0.6666666666666666;0.3169017600000001;136;0.10379718139891794;316901.76;1;0;1;0.05170056486906226;0;0.10356954850865228;316901.7600000003;1;0;0.05170056486906218;0;0.10379718139891794;316901.76;1;0;1;0.05170056486906226;0;0.10356954850865228;316901.7600000003;1;0;0.05170056486906218;0
2090;1786617638;0;1984.218518518515;7.89028874074074;46.57280107407408;2281.482981923734;178.3791041481572;61.4223190523334;614.223190523334;0.5050737803221366;-0.4015647777770874;-16.83428699999687;414963.7622662939;5158290.916061636;2;62057;50.73085601082418;10.57059783109507;364.9695145174228;22.12550753344591;32.45252304601744;629.1986922669776;191.8390573691383;37.96842021802906;6.5;88;-1;;50;;;0;288.15;350;243.2899626993455;318.2899626993456;1;;;;0;491.310906979537;5.590750726847012;5.590750726847012;2.445953442995568;2.445953442995568;29817.33720985073;5590.750726847012;170.0071643690374;170.0071643690374;12;12;0.2;81.6166601536049;5.976233816799522;6.945333946880086;12;0.6666666666666666;0.3169017600000001;82.02911116386714;5.978381685705184;6.947481815785748;12;0.6666666666666666;0.3169017600000001;136;0.1037993457939212;316901.76;1;0;1;0.05170056486906226;0;0.10357265387737212;316901.7600000004;1;0;0.05170056486906216;0;0.1037993457939212;316901.76;1;0;1;0.05170056486906226;0;0.10357265387737212;316901.7600000004;1;0;0.05170056486906216;0
2100;1786617648;0;1993.666666666662;7.892596666666664;46.56751000000002;2281.158572039998;149.7755000000064;61.21560862686328;612.1560862686328;0.2341164198327524;0.0563399999989336;-6.89152666669484;415132.3622672732;5157700.503081958;2;62057;50.51114809864302;11.497973865750188;364.9246816529994;29.91938064363142;31.86865077835938;637.7879410109494;237.3845280940207;37.72797873822155;6.5;88;-1;;50;;;0;288.15;350;244.6260738067328;319.6260738067328;1;;;;0;475.9137082343614;5.682100745594526;5.682100745594526;2.485919076197605;2.485919076197605;30304.53730983747;5682.100745594526;170.1249342138843;170.1249342138843;12;12;0.2;81.36757465680848;5.974834939393134;6.943935069473698;12;0.6666666666666666;0.3169017600000001;81.76183309950802;5.977013061012446;6.94611319109301;12;0.6666666666666666;0.3169017600000001;136;0.10382799644377836;316901.76;1;0;1;0.05170056486906226;0;0.1035760584449242;316901.7600000004;1;0;0.05170056486906216;0;0.10382799644377836;316901.76;1;0;1;0.05170056486906226;0;0.1035760584449242;316901.7600000004;1;0;0.05170056486906216;0
2110;1786617658;0;2003.107279693481;7.896160038314176;46.56257992337166;2284.696601896188;160.0148552490324;61.78332214018562;617.8332214018562;-0.5065643260546536;-1.321528620691519;9.65445521074147;415397.7803484024;5157148.861579662;2;60726;49.69753410028528;2.8051638915287;364.0154679675952;314.4882063507726;31.70370939207115;638.7751914419198;160.8364999193068;36.57103118547355;6.5;42;-1;;50;;;0;288.15;350;245.0055647009857;320.0055647009857;1;;;;0;650.3601785533912;5.70855831856987;5.70855831856987;2.497494264374319;2.497494264374319;30445.64436570598;5708.55831856987;170.1383689587553;170.1383689587553;12;12;0.2;81.3161071507854;5.97453581618614;6.943635946266704;12;0.6666666666666666;0.3169017600000001;81.70521228927914;5.976712215771726;6.94581234585229;12;0.6666666666666666;0.3169017600000001;136;0.10383128955674576;316901.76;1;0;1;0.05170056486906226;0;0.10357941674902712;316901.7600000004;1;0;0.05170056486906216;0;0.10383128955674576;316901.76;1;0;1;0.05170056486906226;0;0.10357941674902712;316901.7600000004;1;0;0.05170056486906216;0
2120;1786617668;0;2012.582375478924;7.898279003831418;46.55721804597702;2284.018645603035;168.3304999233673;62.01029371196486;620.1029371196486;-0.2426138187746919;-0.956185402298657;6.836132911867038;415551.8649564971;5156550.79744694;2;60726;49.94423412649786;3.700843122221464;364.0720100452291;321.9413615164795;33.21273424176914;616.8831468728216;158.0213005474439;36.87759592957775;6.5;42;-1;;50;;;0;288.15;350;241.5681057138368;316.5681057138368;1;;;;299.3351309315012;871.7242912144684;5.476959317482658;5.476959317482658;2.396169701398663;2.396169701398663;29210.44969324084;5476.959317482658;169.8354662541471;169.8354662541471;12;12;0.2;81.95193341945648;5.977995056728602;6.947095186809166;12;0.6666666666666666;0.3169017600000001;82.38794228802536;5.980092152486708;6.949192282567272;12;0.6666666666666666;0.3169017600000001;136;0.10375826555635848;316901.76;1;0;1;0.05170056486906226;0;0.10358173946081064;316901.7600000004;1;0;0.05170056486906216;0;0.10375826555635848;316901.76;1;0;1;0.05170056486906226;0;0.10358173946081064;316901.7600000004;1;0;0.05170056486906216;0
2130;1786617678;0;2022.12222222222;7.899051222222222;46.55166666666668;2283.980756963734;179.1586498888859;62.15103135046732;621.510313504673;-0.1783046807581831;-1.073012222221814;6.951188333332278;415602.4493363889;5155933.1208701;2;60726;50.18328100448844;4.605982045854778;364.1269580669287;330.0835056829078;34.25737277257832;602.7545113847696;155.3799136431949;38.35001027692962;6.5;42;-1;;50;;;0;288.15;350;239.2370854953955;314.2370854953955;1;;;;411.5858050308142;1081.479443066382;5.329436563894498;5.329436563894498;2.331628496703843;2.331628496703843;28423.661674104;5329.4365638945;169.634217534599;169.634217534599;12;12;0.2;82.36524609728762;5.979988081887548;6.949088211968112;12;0.6666666666666666;0.3169017600000001;82.83335215973506;5.982028670181558;6.951128800262122;12;0.6666666666666666;0.3169017600000001;136;0.1037111375012289;316901.76;1;0;1;0.05170056486906226;0;0.10358339841004678;316901.7600000004;1;0;0.05170056486906216;0;0.1037111375012289;316901.76;1;0;1;0.05170056486906226;0;0.10358339841004678;316901.7600000004;1;0;0.05170056486906216;0
2140;1786617688;0;2031.636015325667;7.898480038314176;46.54609111111112;2283.426085067494;187.4345915708804;61.97191165589956;619.7191165589956;-0.05127555586979894;-0.8694468582372938;2.658436398463113;415550.0154942681;5155314.195750258;2;60726;50.41453493737832;5.520453917428324;364.1802760924102;338.6578788298297;34.70588832096309;596.9665502585676;152.6887007199972;36.72242597715028;6.5;42;-1;;50;;;0;288.15;350;238.2493743282267;313.2493743282267;1;;;;710.9209359623154;1398.502713253987;5.269036913715924;5.269036913715924;2.305203649750717;2.305203649750717;28101.53020648493;5269.036913715924;169.5504080838449;169.5504080838449;12;12;0.2;82.53588004517332;5.980757397125538;6.949857527206104;12;0.6666666666666666;0.3169017600000001;83.01765836642984;5.982773903301558;6.951874033382122;12;0.6666666666666666;0.3169017600000001;136;0.10369183094106788;316901.76;1;0;1;0.05170056486906226;0;0.1035847709737306;316901.7600000004;1;0;0.05170056486906216;0;0.10369183094106788;316901.76;1;0;1;0.05170056486906226;0;0.1035847709737306;316901.7600000004;1;0;0.05170056486906216;0
2150;1786617698;0;2041.145593869727;7.896873601532568;46.54062846743296;2282.395737419126;197.2920571647502;62.05990397324776;620.5990397324776;-0.1265545459980428;-0.6542702681996548;2.027261149448319;415418.3717501497;5154708.926821364;2;60726;50.6378547247208;6.444102480859964;364.231928744076;347.3070170573136;34.4944540428991;599.7891067912826;151.1765903947785;36.05823845199169;6.5;42;-1;;50;;;0;288.15;350;238.7139833677752;313.7139833677752;1;;;;0;1226.085913155755;5.297297931573002;5.297297931573002;2.317567845063189;2.317567845063189;28252.25563505601;5297.297931573004;169.5913796219431;169.5913796219431;12;12;0.2;82.45428329390564;5.980393265317666;6.94949339539823;12;0.6666666666666666;0.3169017600000001;82.92962496534598;5.982421872605978;6.951522002686542;12;0.6666666666666666;0.3169017600000001;136;0.10370124597622768;316901.76;1;0;1;0.05170056486906226;0;0.1035862269112618;316901.7600000004;1;0;0.05170056486906216;0;0.10370124597622768;316901.76;1;0;1;0.05170056486906226;0;0.1035862269112618;316901.7600000004;1;0;0.05170056486906216;0
2160;1786617708;0;2050.6;7.894324;46.53533;2281.687913932801;204.4102779999995;62.04764402970716;620.4764402970716;-0.3494600837954499;-0.7986560000000636;10.205386000000984;415214.6361348616;5154122.916320544;2;60726;50.85310366341866;7.376763613456124;364.2818825129298;355.6570237202946;33.65184824053957;611.1231972721058;158.2015849233715;38.72080452632818;6.5;42;-1;;50;;;0;288.15;350;240.5831705762715;315.5831705762716;1;;;;0;621.1722991349038;5.413744994374116;5.413744994374116;2.368513435038676;2.368513435038676;28873.30663666195;5413.744994374116;169.7539835261528;169.7539835261528;12;12;0.2;82.12428673691926;5.978849157953238;6.947949288033802;12;0.6666666666666666;0.3169017600000001;82.57382882949498;5.980924439976414;6.950024570056978;12;0.6666666666666666;0.3169017600000001;136;0.10373905243258898;316901.76;1;0;1;0.05170056486906226;0;0.103588113646093;316901.7600000004;1;0;0.05170056486906216;0;0.10373905243258898;316901.76;1;0;1;0.05170056486906226;0;0.103588113646093;316901.7600000004;1;0;0.05170056486906216;0
2170;1786617718;0;2060.125925925918;7.890339555555558;46.53046955555556;2282.534894137071;214.2377895555492;62.00518229719192;620.0518229719192;-0.04403920189156436;-1.216281185187311;5.442963555558918;414901.5109746495;5153587.12992893;2;60726;51.06014693903506;8.318254084931098;364.3301051022863;3.410667635406999;32.28952311474452;630.506192091505;152.0918733256861;36.01905573290315;6.5;42;-1;;50;;;0;288.15;350;243.6618061661109;318.6618061661109;1;;;;0;455.772914407291;5.615897551722532;5.615897551722532;2.456955178878608;2.456955178878608;29951.45360918684;5615.897551722532;170.0251952640462;170.0251952640462;12;12;0.2;81.5624806978376;5.97593629491714;6.945036424997704;12;0.6666666666666666;0.3169017600000001;81.9698610075543;5.978085477139172;6.947185607219736;12;0.6666666666666666;0.3169017600000001;136;0.10380370714388062;316901.76;1;0;1;0.05170056486906226;0;0.10359074283509042;316901.7600000005;1;0;0.05170056486906216;0;0.10380370714388062;316901.76;1;0;1;0.05170056486906226;0;0.10359074283509042;316901.7600000005;1;0;0.05170056486906216;0
2180;1786617728;0;2069.639846743292;7.885374482758624;46.52606206896552;2283.876489545655;218.5509849425282;61.98415031353694;619.8415031353694;-0.05364154889849544;-0.7132003831409134;2.670890344826413;414513.8330833081;5153102.751811304;2;60726;51.25884961132206;9.268359736592886;364.3765648937624;10.386575506544152;30.55961158820854;657.2463118178648;153.1562015578448;32.42487672522719;6.5;42;-1;;50;;;0;288.15;350;247.6608865611738;322.6608865611738;1;;;;0;232.6505296083447;5.900464555867816;5.900464555867816;2.58145324319217;2.58145324319217;31469.14429796169;5900.464555867818;170.3859712970834;170.3859712970834;12;12;0.2;80.7926395963415;5.971284671441954;6.940384801522518;12;0.6666666666666666;0.3169017600000001;81.14585681221328;5.973520852690654;6.942620982771218;12;0.6666666666666666;0.3169017600000001;136;0.10389290258230074;316901.76;1;0;1;0.05170056486906226;0;0.10359438331397246;316901.7600000005;1;0;0.05170056486906216;0;0.10389290258230074;316901.76;1;0;1;0.05170056486906226;0;0.10359438331397246;316901.7600000005;1;0;0.05170056486906216;0
2190;1786617738;0;2079.144444444441;7.880090555555556;46.52183644444446;2283.608267995732;219.1417464444453;59.94056723931684;599.4056723931684;0.1635164220105434;-0.2668371111148636;0.6835434444464398;414101.924502427;5152638.95270736;2;63139;42.74764225139723;3.076338318126825;361.0637444498662;223.9703887398249;28.76016298604917;681.9223917935732;4.282963156941994;28.54745968955941;6.5;148;-1;;50;;;0;288.15;350;251.9065742492013;326.9065742492013;1;;;;0;151.8611909906058;6.235136046033896;6.235136046033896;2.727872020139829;2.727872020139829;33254.05891218077;6235.136046033896;170.7061071687025;170.7061071687025;12;12;0.2;79.99141345760868;5.965489892413882;6.934590022494446;12;0.6666666666666666;0.3169017600000001;80.28785735571026;5.9677584807397;6.936858610820266;12;0.6666666666666666;0.3169017600000001;136;0.10397521312520208;316901.76;1;0;1;0.05170056486906226;0;0.1035989170022014;316901.7600000005;1;0;0.05170056486906216;0;0.10397521312520208;316901.76;1;0;1;0.05170056486906226;0;0.1035989170022014;316901.7600000005;1;0;0.05170056486906216;0
2200;1786617748;0;2088.624521072798;7.875271455938698;46.51758647509578;2310.273583152002;209.943697701148;56.30975540123254;563.0975540123254;0.4608944886893392;2.544068007663043;-9.069880766284634;413725.5701962664;5152171.968056334;2;63139;42.66852159388653;3.917381901533757;361.0530826625145;217.7078724592076;30.61139489979826;650.69641708523;13.165901953565084;31.50156102693177;6.5;148;-1;;50;;;0;288.15;350;247.5398818761691;322.5398818761692;1;;;;0;311.5767352688881;5.891449005953712;5.891449005953712;2.577508940104749;2.577508940104749;31421.06136508646;5891.449005953712;170.2989764507296;170.2989764507296;12;12;0.2;80.89259429569682;5.971935913038734;6.941036043119298;12;0.6666666666666666;0.3169017600000001;81.24744051358374;5.974131206508298;6.943231336588862;12;0.6666666666666666;0.3169017600000001;136;0.1038710544851994;316901.76;1;0;1;0.05170056486906226;0;0.10360211861964844;316901.7600000005;1;0;0.05170056486906216;0;0.1038710544851994;316901.76;1;0;1;0.05170056486906226;0;0.10360211861964844;316901.7600000005;1;0;0.05170056486906216;0
2210;1786617758;0;2098.134099616858;7.873198045977012;46.5127275862069;2328.007019545011;175.5599868965555;55.6790030068118;556.790030068118;0.8822327776591158;0.9739062452104918;-20.11472900383369;413558.8216239328;5151634.336369348;2;63139;42.58262821747939;4.756092721489444;361.0406893632535;210.6613420984299;32.2071288861289;626.23119554777;42.56478188479613;20.36073886880359;0;148;-1;;50;;;0;288.15;350;243.8501135293206;318.8501135293206;1;;;;0;533.6995325802272;5.62871258507337;5.62871258507337;2.4625617559696;2.4625617559696;30019.80045372464;5628.71258507337;169.9661021046149;169.9661021046149;12;12;0.2;75.10315224682702;5.894509372815252;6.863609502895816;12;0.6666666666666666;0.3169017600000001;75.50796693075396;5.903794815910338;6.872894945990902;12;0.6666666666666666;0.3169017600000001;136;0.10378944729033974;316901.76;1;0;1;0.05170056486906226;0;0.1036042968600053;316901.7600000006;1;0;0.05170056486906216;0;0.10378944729033974;316901.76;1;0;1;0.05170056486906226;0;0.1036042968600053;316901.7600000006;1;0;0.05170056486906216;0
2220;1786617768;0;2107.643678160917;7.876206206896552;46.50816827586208;2335.056397871173;127.9982234482894;55.80856520002114;558.0856520002114;1.321442034621824;-0.1381503448270345;-30.437416666666;413782.3774581341;5151124.436612888;2;63139;42.48999994083275;5.592301545342994;361.0265766168068;202.9406425841586;33.39035706683517;609.4011582585354;76.27136062834916;3.910061424084538;0;148;-1;;50;;;0;288.15;350;241.1688252251289;316.1688252251289;1;;;;0;412.648418345003;5.451173392235618;5.451173392235618;2.384888359103083;2.384888359103083;29072.92475858996;5451.173392235618;169.729473649424;169.729473649424;12;12;0.2;75.5949932917222;5.9056828679274;6.874782998007964;12;0.6666666666666666;0.3169017600000001;76.03648327977428;5.914710702918918;6.883810832999482;12;0.6666666666666666;0.3169017600000001;136;0.1037333083287344;316901.76;1;0;1;0.05170056486906226;0;0.10360577975045048;316901.7600000006;1;0;0.05170056486906216;0;0.1037333083287344;316901.76;1;0;1;0.05170056486906226;0;0.10360577975045048;316901.7600000006;1;0;0.05170056486906216;0
2230;1786617778;0;2117.118773946356;7.883367892720304;46.5072225670498;2335.434063359172;70.19279785442988;57.98734559151104;579.8734559151104;1.449883676066521;0.4893063601534436;-31.07013532566924;414330.3334542475;5151011.559227716;2;63139;42.39067873080866;6.425830064692692;361.0107577492782;194.7435409069852;34.00955322062232;600.9928494667582;117.4286096873083;6.740907782194542;0;148;-1;;50;;;0;288.15;350;239.7862628177964;314.7862628177964;1;;;;0;372.1124953162994;5.36354918176669;5.36354918176669;2.346552767022927;2.346552767022927;28605.59563608901;5363.54918176669;169.6087942399421;169.6087942399421;12;12;0.2;75.84163250375316;5.910836876684218;6.879937006764782;12;0.6666666666666666;0.3169017600000001;76.30215523111634;5.919725267914914;6.888825397995478;12;0.6666666666666666;0.3169017600000001;136;0.10370526122959164;316901.76;1;0;1;0.05170056486906226;0;0.10360691022180436;316901.7600000006;1;0;0.05170056486906216;0;0.10370526122959164;316901.76;1;0;1;0.05170056486906226;0;0.10360691022180436;316901.7600000006;1;0;0.05170056486906216;0
2240;1786617788;0;2126.62835249042;7.889157892720306;46.51058647509578;2336.071503008735;35.30576344827793;59.61030311297568;596.1030311297568;0.3756526310264671;-0.05207015325675608;-6.272709003833118;414779.8060270038;5151379.077290614;2;63139;42.28470807838486;7.256514717886166;360.9932469604946;186.3480773037963;33.98414637863932;601.2978716022902;147.2341596912264;30.78958104847403;6.5;148;-1;;50;;;0;288.15;350;239.8427015258342;314.8427015258342;1;;;;823.1716100616284;711.8590544629316;5.367076845621382;5.367076845621382;2.348096119959354;2.348096119959354;28624.40984331403;5367.076845621382;169.6132014745931;169.6132014745931;12;12;0.2;82.33215425231106;5.97983536988137;6.948935499961934;12;0.6666666666666666;0.3169017600000001;82.79189839352526;5.98185667060512;6.950956800685686;12;0.6666666666666666;0.3169017600000001;136;0.10370627867391818;316901.76;1;0;1;0.05170056486906226;0;0.10360802672126632;316901.7600000006;1;0;0.05170056486906216;0;0.10370627867391818;316901.76;1;0;1;0.05170056486906226;0;0.10360802672126632;316901.7600000006;1;0;0.05170056486906216;0
2250;1786617798;0;2136.137931034482;7.893288275862068;46.51513172413794;2337.636943978759;23.76171931034509;61.16921723182432;611.6921723182432;0.3407314676649409;-1.159258620689451;-8.013773448277266;415103.7523172608;5151879.676973934;2;63139;42.17213390908385;8.084196774538582;360.9740594556961;178.1263309470183;33.33354015883691;610.0826556365124;149.1965009427413;30.53505525918944;6.5;148;-1;;50;;;0;288.15;350;241.2964168493169;316.2964168493169;1;;;;0;853.697974562791;5.45938948150246;5.45938948150246;2.388482898157326;2.388482898157326;29116.74390134645;5459.38948150246;169.739181710429;169.739181710429;12;12;0.2;82.07347460239612;5.978600853593212;6.947700983673776;12;0.6666666666666666;0.3169017600000001;82.51321232533108;5.980656922956632;6.949757053037196;12;0.6666666666666666;0.3169017600000001;136;0.10373558155929704;316901.76;1;0;1;0.05170056486906226;0;0.10360944399724444;316901.7600000006;1;0;0.05170056486906216;0;0.10373558155929704;316901.76;1;0;1;0.05170056486906226;0;0.10360944399724444;316901.7600000006;1;0;0.05170056486906216;0
2260;1786617808;0;2145.613026819921;7.896183256704982;46.52025942528736;2326.446085294073;14.454932068968312;63.40675248701196;634.0675248701196;0.2392663780372884;-2.726763601532366;-3.979721072800858;415333.791455838;5152446.337507046;2;63139;42.05300597124393;8.908712606993062;360.9532116991077;170.3980368585771;32.14423811656085;626.9821849848528;152.5681103916512;32.86177360340718;6.5;148;-1;;50;;;0;288.15;350;243.9940014301782;318.9940014301782;1;;;;0;902.3538353102098;5.63854147296026;5.63854147296026;2.466861894420114;2.466861894420114;30072.22118912138;5638.54147296026;169.9765121628731;169.9765121628731;12;12;0.2;81.5786131622314;5.976025271217928;6.945125401298492;12;0.6666666666666666;0.3169017600000001;81.98146844194188;5.978143823175074;6.947243953255638;12;0.6666666666666666;0.3169017600000001;136;0.10379195232146058;316901.76;1;0;1;0.05170056486906226;0;0.10361144958322482;316901.7600000006;1;0;0.05170056486906216;0;0.10379195232146058;316901.76;1;0;1;0.05170056486906226;0;0.10361144958322482;316901.7600000006;1;0;0.05170056486906216;0
2270;1786617818;0;2155.088122605361;7.898237624521072;46.52578375478928;2301.559019597343;11.416091264371052;65.56935888295096;655.6935888295096;0.3388732427332642;-4.061131379309857;-4.195607279692668;415499.9334359963;5153057.977928894;2;60912;44.58123803021723;2.918200787550914;363.5537391923772;242.726152337313;35.96248958818649;580.3173146298144;231.2470786289559;41.77542068085612;6.5;58;-1;;50;;;0;288.15;350;235.5262425990449;310.5262425990449;1;;;;37.41689136643766;902.7555685190196;5.108509170964494;5.108509170964494;2.234972762296967;2.234972762296967;27245.38224514397;5108.509170964494;169.304718714423;169.304718714423;12;12;0.2;83.01232804480044;5.982752789790892;6.951852919871456;12;0.6666666666666666;0.3169017600000001;83.5320254050335;5.984694544150504;6.953794674231068;12;0.6666666666666666;0.3169017600000001;136;0.10363629506888542;316901.76;1;0;1;0.05170056486906226;0;0.10361171964285156;316901.7600000006;1;0;0.05170056486906216;0;0.10363629506888542;316901.76;1;0;1;0.05170056486906226;0;0.10361171964285156;316901.7600000006;1;0;0.05170056486906216;0
2280;1786617828;0;2164.597701149421;7.899899655172414;46.53156862068966;2287.1285532858;8.562360344824096;64.95363331115372;649.5363331115374;-0.06220030648160302;-2.15533701149653;4.669617126415544;415636.360466564;5153698.992115648;2;60912;44.93472970084877;3.65090248238644;363.62824553059;243.3089266355682;41.08171605432372;525.8949452636048;238.5267234583152;38.36172823853496;6.5;58;-1;;50;;;0;288.15;350;225.1599518924231;300.1599518924231;1;;;;0;952.7164924245248;4.565273789966504;4.565273789966504;1.997307283110346;1.997307283110346;24348.12687982136;4565.273789966504;168.4493880734738;168.4493880734738;12;12;0.2;84.64855954593426;5.988159604802286;6.95725973488285;12;0.6666666666666666;0.3169017600000001;85.31571251850464;5.989843708866114;6.958943838946678;12;0.6666666666666666;0.3169017600000001;136;0.10345476158492362;316901.76;1;0;1;0.05170056486906226;0;0.10361003192179858;316901.7600000006;1;0;0.05170056486906216;0;0.10345476158492362;316901.76;1;0;1;0.05170056486906226;0;0.10361003192179858;316901.7600000006;1;0;0.05170056486906216;0
2290;1786617838;0;2174.107279693487;7.901523601532568;46.53730222222222;2282.071791015908;12.46730019157274;63.76156756330028;637.6156756330028;-0.3318136514980436;-1.307414482758631;12.127784559387356;415769.7617947048;5154334.353985626;2;60912;45.2828891134328;4.393074267444726;363.7018677316492;244.1426319832737;47.25341537971466;476.0199075400198;239.4463433779277;37.93185751459743;6.5;58;-1;;50;;;0;288.15;350;214.310901469515;289.310901469515;1;;;;0;1126.049370532322;4.085173296732999;4.085173296732999;1.787263317320687;1.787263317320687;21787.59091590933;4085.173296733;167.5839104558168;167.5839104558168;12;12;0.2;86.20418162261448;5.991720919128102;6.960821049208666;12;0.6666666666666666;0.3169017600000001;87.0312140808695;5.99315535982727;6.962255489907834;12;0.6666666666666666;0.3169017600000001;136;0.1032883963666112;316901.76;1;0;1;0.05170056486906226;0;0.10360661026695616;316901.7600000006;1;0;0.05170056486906216;0;0.1032883963666112;316901.76;1;0;1;0.05170056486906226;0;0.10360661026695616;316901.7600000006;1;0;0.05170056486906216;0
2300;1786617848;0;2183.582375478923;7.904454712643678;46.54267030651342;2282.086831225931;19.82766076629042;63.10082528333088;631.0082528333088;0.30071134532152;-1.086815478926999;-7.858151839074856;416002.7950053343;5154927.712089088;2;60912;45.62558838112992;5.144803234688674;363.7745535297027;245.4669661336122;54.68107794069628;432.3241575068286;217.0230070432907;60.69133560976366;6.5;58;-1;;50;;;0;288.15;350;203.6215545465212;278.6215545465212;1;;;;0;1368.867020515232;3.676710715273787;3.676710715273787;1.608560937932282;1.608560937932282;19609.12381479353;3676.710715273787;166.7475982191709;166.7475982191709;12;12;0.2;87.62765882010788;5.994033082339478;6.963133212420042;12;0.6666666666666666;0.3169017600000001;88.61819215355266;5.995249300778918;6.964349430859484;12;0.6666666666666666;0.3169017600000001;136;0.10314264303337294;316901.76;1;0;1;0.05170056486906226;0;0.1036017264013395;316901.7600000006;1;0;0.05170056486906214;0;0.10314264303337294;316901.76;1;0;1;0.05170056486906226;0;0.1036017264013395;316901.7600000006;1;0;0.05170056486906214;0
2310;1786617858;0;2193.126436781607;7.906949195402298;46.54807954022988;2280.819019584829;21.12406793103389;62.62598811814958;626.2598811814958;-0.07988678177588806;-0.9345241379315006;2.55031402299678;416202.374575087;5155526.11505434;2;60912;45.962697650399;5.906169071048076;363.8462514507837;247.8523727625434;63.5152630719029;396.7752627711602;231.4638427541495;62.1966518232558;6.5;58;-1;;50;;;0;288.15;350;194.0228069619683;269.0228069619683;1;;;;0;1185.809127669445;3.351756101106029;3.351756101106029;1.466393294233888;1.466393294233888;17876.03253923216;3351.756101106029;166.0022999015476;166.0022999015476;12;12;0.2;88.8400793955974;5.995485801647416;6.96458593172798;12;0.6666666666666666;0.3169017600000001;89.98286884138594;5.996529804825722;6.965629934906286;12;0.6666666666666666;0.3169017600000001;136;0.10302406468429498;316901.76;1;0;1;0.05170056486906226;0;0.10359570909178694;316901.7600000007;1;0;0.05170056486906214;0;0.10302406468429498;316901.76;1;0;1;0.05170056486906226;0;0.10359570909178694;316901.7600000007;1;0;0.05170056486906214;0
2320;1786617868;0;2202.648148148144;7.910229814814814;46.55324;2282.043999558222;24.93432629629385;62.15301736565588;621.5301736565588;-0.2102991344560383;-0.7848122222217868;7.422256111086082;416461.7970626465;5156096.049217454;2;60912;46.29408121928914;6.677234064240916;363.9169099926903;253.5381414014405;73.64236919781678;371.7613170278387;242.7436878079568;67.90059557497928;6.5;58;-1;;50;;;0;288.15;350;186.7383740278299;261.7383740278299;1;;;;0;877.946348654034;3.126555139881009;3.126555139881009;1.367867873697941;1.367867873697941;16674.96074603205;3126.555139881009;165.4366921035513;165.4366921035513;12;12;0.2;89.72941357535462;5.996321345474574;6.965421475555138;12;0.6666666666666666;0.3169017600000001;90.99142001726622;5.99724872036203;6.966348850442596;12;0.6666666666666666;0.3169017600000001;136;0.1029406271425029;316901.76;1;0;1;0.05170056486906226;0;0.1035889556696294;316901.7600000007;1;0;0.05170056486906214;0;0.1029406271425029;316901.76;1;0;1;0.05170056486906226;0;0.1035889556696294;316901.7600000007;1;0;0.05170056486906214;0
2330;1786617878;0;2212.140740740736;7.914685999999998;46.55791474074074;2282.664600038577;38.82616614814745;61.81672995404504;618.1672995404504;-0.1396687182593131;-0.726216592592403;3.427982888872754;416810.5361288011;5156610.782805532;2;60912;46.61960577592856;7.458060830847376;363.9864793839197;281.2551525207749;83.98128962347238;359.4710910817907;256.8170244285816;80.9951377202798;6.5;58;-1;;50;;;0;288.15;350;182.9805276526034;257.9805276526034;1;;;;0;703.6252385654316;3.016628538053792;3.016628538053792;1.319774985398534;1.319774985398534;16088.685536286888;3016.628538053792;165.1446875399409;165.1446875399409;12;12;0.2;90.17943762909166;5.996683311392084;6.965783441472648;12;0.6666666666666666;0.3169017600000001;91.50424880568198;5.997555065808948;6.966655195889512;12;0.6666666666666666;0.3169017600000001;136;0.10289963136152816;316901.76;1;0;1;0.05170056486906226;0;0.10358192174811814;316901.7600000007;1;0;0.05170056486906214;0;0.10289963136152816;316901.76;1;0;1;0.05170056486906226;0;0.10358192174811814;316901.7600000007;1;0;0.05170056486906214;0
2340;1786617888;0;2221.633333333331;7.920414333333332;46.561838;2282.396131160001;51.51706633333162;62.06842533899014;620.6842533899014;-0.07801303093243222;-0.8523803333335974;2.582170666677048;417255.5757783514;5157040.699057418;2;60912;46.93913633579126;8.248702635505056;364.0549107259167;30.75822565967589;81.7763990776538;361.179029928025;327.4081335422479;79.84634798400018;6.5;58;-1;;50;;;0;288.15;350;183.4854516309051;258.4854516309051;1;;;;0;657.6782794538726;3.031168302971157;3.031168302971157;1.326136132549881;1.326136132549881;16166.230949179504;3031.168302971157;165.1858586871314;165.1858586871314;12;12;0.2;90.1173655698324;5.996635585326842;6.965735715407408;12;0.6666666666666666;0.3169017600000001;91.433684966665;5.997515027678576;6.96661515775914;12;0.6666666666666666;0.3169017600000001;136;0.10290532843228714;316901.76;1;0;1;0.05170056486906226;0;0.10357508747220066;316901.7600000007;1;0;0.05170056486906214;0;0.10290532843228714;316901.76;1;0;1;0.05170056486906226;0;0.10357508747220066;316901.7600000007;1;0;0.05170056486906214;0
2350;1786617898;0;2231.130268199232;7.926898582375478;46.56519689655174;2282.830628686713;53.6055796934879;62.07213548241022;620.7213548241022;0.1936242912387364;-0.85842670498083;-4.462637432951214;417757.6319702621;5157407.14902373;2;61243;46.7910062799555;7.926465127881562;364.2169586350665;359.9244725231723;85.75792299101038;358.7557966496636;17.06265289492378;86.48895315577874;6.5;61;-1;;50;;;0;288.15;350;182.6881563119743;257.6881563119743;1;;;;0;861.3950136152034;3.008241307325077;3.008241307325077;1.316105571954721;1.316105571954721;16043.953639067076;3008.241307325077;165.1273866823528;165.1273866823528;12;12;0.2;90.20879513085234;5.99670564751177;6.965805777592334;12;0.6666666666666666;0.3169017600000001;91.53853099173924;5.997574284203644;6.966674414284208;12;0.6666666666666666;0.3169017600000001;136;0.10289724539612762;316901.76;1;0;1;0.05170056486906226;0;0.10356830905143992;316901.7600000007;1;0;0.05170056486906214;0;0.10289724539612762;316901.76;1;0;1;0.05170056486906226;0;0.10356830905143992;316901.7600000007;1;0;0.05170056486906214;0
2360;1786617908;0;2240.639846743296;7.933193103448278;46.56872314176246;2282.762806949702;49.16990666666624;62.13895208397166;621.3895208397166;-0.008649199235808924;-0.8783767816091588;-2.45967130268191;418245.3387787643;5157792.432055336;2;61243;46.46863030887318;8.71243480726134;364.1501375753751;100.25957003656602;79.80431540903306;363.1875237886394;54.9259817251121;77.30982572394688;6.5;61;-1;;50;;;0;288.15;350;184.0715314579415;259.0715314579415;1;;;;0;660.0888460466886;3.048133246252285;3.048133246252285;1.333558295235375;1.333558295235375;16256.71064667885;3048.133246252285;165.2340265674152;165.2340265674152;12;12;0.2;90.04481058358202;5.996578928241584;6.965679058322148;12;0.6666666666666666;0.3169017600000001;91.3512941033247;5.9974674486323;6.966567578712864;12;0.6666666666666666;0.3169017600000001;136;0.10291202804666042;316901.76;1;0;1;0.05170056486906226;0;0.10356181121970942;316901.7600000007;1;0;0.05170056486906214;0;0.10291202804666042;316901.76;1;0;1;0.05170056486906226;0;0.10356181121970942;316901.7600000007;1;0;0.05170056486906214;0
2370;1786617918;0;2250.11494252873;7.939338160919538;46.57238137931034;2282.649669510621;51.49844206896086;62.04744393614218;620.4744393614218;-0.3056406555990352;-0.8304227586206462;6.555391954005936;418721.7273764903;5158192.574444678;2;61243;46.14032293382576;9.488617368224136;364.0821780100742;111.38000704863632;69.12839285463512;381.3466522727354;46.47566586216874;73.9280817215374;6.5;61;-1;;50;;;0;288.15;350;189.5232734489135;264.5232734489134;1;;;;0;520.111307146843;3.210681240601151;3.210681240601151;1.404673042763004;1.404673042763004;17123.63328320614;3210.681240601152;165.6578069068593;165.6578069068593;12;12;0.2;89.38736750226142;5.996020041499874;6.96512017158044;12;0.6666666666666666;0.3169017600000001;90.6034090616067;5.996991687304534;6.966091817385098;12;0.6666666666666666;0.3169017600000001;136;0.10297260037928426;316901.76;1;0;1;0.05170056486906226;0;0.1035560346428425;316901.7600000007;1;0;0.05170056486906214;0;0.10297260037928426;316901.76;1;0;1;0.05170056486906226;0;0.1035560346428425;316901.7600000007;1;0;0.05170056486906214;0
2380;1786617928;0;2259.590038314174;7.946066628352488;46.5755029118774;2283.014952387679;58.9311437547875;62.06262020808252;620.6262020808252;-0.04897643385940716;-0.9049586590039342;0.5512600383244142;419241.9593995078;5158532.519371208;2;61243;45.80622232683502;10.255061248870552;364.0131297993921;114.79571983692808;59.47948620874682;411.3858419614724;54.1263729439878;59.41234198347174;6.5;61;-1;;50;;;0;288.15;350;198.0096805553471;273.0096805553472;1;;;;0;385.9976357836026;3.482510988008818;3.482510988008818;1.523598557253858;1.523598557253858;18573.39193604703;3482.510988008818;166.3163949661494;166.3163949661494;12;12;0.2;88.33802418107284;5.994932911264384;6.964033041344948;12;0.6666666666666666;0.3169017600000001;89.41692415646728;5.996047023545652;6.965147153626216;12;0.6666666666666666;0.3169017600000001;136;0.10307280033057434;316901.76;1;0;1;0.05170056486906226;0;0.10355134304757776;316901.7600000007;1;0;0.05170056486906214;0;0.10307280033057434;316901.76;1;0;1;0.05170056486906226;0;0.10355134304757776;316901.7600000007;1;0;0.05170056486906214;0
2390;1786617938;0;2269.096296296295;7.952809333333334;46.57861274074074;2282.74988682649;55.6806121481471;62.06813471563404;620.6813471563404;-0.1564354189347322;-1.02213629629642;4.505035629630874;419763.2062515954;5158871.19349914;2;61243;45.4664610747979;11.01183346546209;363.9430428656852;116.45685594417898;51.24231629258708;450.941616784863;56.7298704023239;54.57133768153424;6.5;61;-1;;50;;;0;288.15;350;208.2578680838449;283.2578680838449;1;;;;0;300.6775987691695;3.847137648072985;3.847137648072985;1.683122721031931;1.683122721031931;20518.06745638925;3847.137648072985;167.1138144948305;167.1138144948305;12;12;0.2;87.01645382854952;5.993132075968164;6.96223220604873;12;0.6666666666666666;0.3169017600000001;87.93531445058358;5.994440895000436;6.963541025081;12;0.6666666666666666;0.3169017600000001;136;0.1032047441929626;316901.76;1;0;1;0.05170056486906226;0;0.10354801036628338;316901.7600000007;1;0;0.05170056486906214;0;0.1032047441929626;316901.76;1;0;1;0.05170056486906226;0;0.10354801036628338;316901.7600000007;1;0;0.05170056486906214;0
2400;1786617948;0;2278.574712643676;7.959536551724136;46.58173965517242;2282.895594447724;54.88847770115032;61.91216255742894;619.1216255742894;0.10545206108841308;-0.8769677011494752;-2.181482643679236;420283.2327353461;5159211.826292922;2;61243;45.12116993332996;11.759009408775784;363.8719679673341;117.4467234161039;44.37396227232152;497.748879913294;62.64969702299052;42.03390016466642;6.5;61;-1;;50;;;0;288.15;350;219.1457322773725;294.1457322773726;1;;;;0;283.8126701388929;4.289767623410704;4.289767623410704;1.876773335242183;1.876773335242183;22878.76065819042;4289.767623410704;167.9716139709474;167.9716139709474;12;12;0.2;85.52237376288458;5.990315156694198;6.959415286774762;12;0.6666666666666666;0.3169017600000001;86.2774286899238;5.99185925151697;6.960959381597534;12;0.6666666666666666;0.3169017600000001;136;0.10336087641670396;316901.76;1;0;1;0.05170056486906226;0;0.10354622813819216;316901.7600000007;1;0;0.05170056486906214;0;0.10336087641670396;316901.76;1;0;1;0.05170056486906226;0;0.10354622813819216;316901.7600000007;1;0;0.05170056486906214;0
2410;1786617958;0;2288.049808429116;7.966063869731798;46.5850374329502;2283.030565761839;53.73754268199248;62.248053022488;622.48053022488;0.07931847408588198;-0.8911172413793154;-0.4026751724138577;420788.1345262276;5159571.6898646;2;61243;44.77048200251875;12.496663358852312;363.7999575474342;118.11063578424062;38.68291507613651;549.9715083100546;63.79690836493158;37.93084177459371;6.5;61;-1;;50;;;0;288.15;350;229.8671216559408;304.8671216559408;1;;;;0;317.9164937953738;4.799923866110812;4.799923866110812;2.099966691423481;2.099966691423481;25599.593952591;4799.923866110812;168.838211965294;168.838211965294;12;12;0.2;83.92242616965658;5.986008253925222;6.955108384005786;12;0.6666666666666666;0.3169017600000001;84.52200070841412;5.987809975111764;6.956910105192328;12;0.6666666666666666;0.3169017600000001;136;0.10353507235460432;316901.76;1;0;1;0.05170056486906226;0;0.10354612289495078;316901.7600000007;1;0;0.05170056486906214;0;0.10353507235460432;316901.76;1;0;1;0.05170056486906226;0;0.10354612289495078;316901.7600000007;1;0;0.05170056486906214;0
2420;1786617968;0;2297.628352490418;7.972587279693484;46.58838992337166;2283.055105022989;53.54360900383146;62.07112886477308;620.7112886477308;0.0001401826053620176;-0.8979958620689634;-0.250022758620725;421292.7556642648;5159937.678632078;2;61243;44.41452430813151;13.224885899221146;363.7270639891804;118.59097562757922;33.95342629741115;606.1991622236306;64.57518502097552;33.34498141933033;6.5;61;-1;;50;;;0;288.15;350;239.9109766711609;314.9109766711609;1;;;;3217.852657513632;167.9344240535675;5.371349850871638;5.371349850871638;2.349965559756341;2.349965559756341;28647.19920464873;5371.349850871638;169.683714779446;169.683714779446;12;12;0.2;82.25549850241094;5.979477138723004;6.948577268803568;12;0.6666666666666666;0.3169017600000001;82.71430095737512;5.98153027633615;6.950630406416714;12;0.6666666666666666;0.3169017600000001;136;0.10372262761963228;316901.76;1;0;1;0.05170056486906226;0;0.10354777247181694;316901.7600000007;1;0;0.05170056486906214;0;0.10372262761963228;316901.76;1;0;1;0.05170056486906226;0;0.10354777247181694;316901.7600000007;1;0;0.05170056486906214;0
2430;1786617978;0;2307.137931034477;7.97908517241379;46.59173965517242;2283.062619592552;53.50700551724138;62.15002453873008;621.5002453873008;0.05638711675374866;-0.9034189655172384;-0.2104303448275954;421795.3569458009;5160303.427745816;2;61243;44.05342180178121;13.943774127365832;363.6533404287802;118.95727777276968;29.98981679189747;665.4119548395138;64.97479136570476;29.41964472354819;6.5;61;-1;;50;;;0;288.15;350;248.9970543574432;323.9970543574432;1;;;;2881.100635215694;241.8721441407625;6.00184769321277;6.00184769321277;2.625808365780587;2.625808365780587;32009.85436380144;6001.84769321277;170.4932201262179;170.4932201262179;12;12;0.2;80.53965250727362;5.969568274248156;6.93866840432872;12;0.6666666666666666;0.3169017600000001;80.87492233272638;5.971821854672866;6.94092198475343;12;0.6666666666666666;0.3169017600000001;136;0.10392014023556302;316901.76;1;0;1;0.05170056486906226;0;0.10355122032148126;316901.7600000007;1;0;0.05170056486906214;0;0.10392014023556302;316901.76;1;0;1;0.05170056486906226;0;0.10355122032148126;316901.7600000007;1;0;0.05170056486906214;0
2440;1786617988;0;2316.613026819922;7.985590727969348;46.59509455938698;2283.097873075863;53.5007316091954;62.4377343971979;624.377343971979;0.06084250882950926;-0.9175083141762642;-0.2027944827586213;422298.4914732074;5160669.78541965;2;63672;42.14584443796913;4.827516378781294;360.9457074037819;208.0947852833972;29.3428061888214;671.5061228784064;154.2007270427738;30.08229672181919;6.5;175;-1;;50;;;0;288.15;350;250.5239356625836;325.5239356625836;1;;;;0;566.6834162520604;6.122026111832412;6.122026111832412;2.67838642392668;2.67838642392668;32650.80592977286;6122.026111832412;170.5724076823403;170.5724076823403;12;12;0.2;80.28770847438554;5.96775737953585;6.936857509616414;12;0.6666666666666666;0.3169017600000001;80.6025596418724;5.970004389948326;6.93910452002889;12;0.6666666666666666;0.3169017600000001;136;0.1039404681920418;316901.76;1;0;1;0.05170056486906226;0;0.10355479140286254;316901.7600000007;1;0;0.05170056486906214;0;0.1039404681920418;316901.76;1;0;1;0.05170056486906226;0;0.10355479140286254;316901.7600000007;1;0;0.05170056486906214;0
2450;1786617998;0;2326.157088122602;7.99212681992337;46.59846498084292;2283.081347812507;53.5008435632184;62.15887478852522;621.5887478852522;0.09606608464040848;-0.9104968965517264;-0.2013005747126439;422803.9257743415;5161037.878802338;2;63672;42.25990702421731;5.654503636036332;360.978113114802;201.9335570615388;31.36441079712506;638.7460034575944;147.9326142643882;32.03142867298139;6.5;175;-1;;50;;;0;288.15;350;245.78893062631;320.78893062631;1;;;;0;671.3060670851896;5.76391744227954;5.76391744227954;2.521713880997299;2.521713880997299;30740.89302549089;5763.91744227954;170.1379720594919;170.1379720594919;12;12;0.2;81.23692530971618;5.974068683552362;6.943168813632926;12;0.6666666666666666;0.3169017600000001;81.61541201529138;5.97622700421122;6.945327134291784;12;0.6666666666666666;0.3169017600000001;136;0.10383119219610996;316901.76;1;0;1;0.05170056486906226;0;0.1035573041373466;316901.7600000007;1;0;0.05170056486906214;0;0.10383119219610996;316901.76;1;0;1;0.05170056486906226;0;0.1035573041373466;316901.7600000007;1;0;0.05170056486906214;0
2460;1786618008;0;2335.632183908046;7.998626206896552;46.6018275862069;2283.074841126622;53.54522252873562;61.77914482863754;617.7914482863754;-0.10072727544040814;-0.8939245977011552;-1.84892471264308;423306.4760423128;5161405.181228398;2;63672;42.36737641612556;6.4845261926413;361.0088501358387;194.8903239607293;33.16426353036762;612.4912326996382;140.1376042142567;32.68802705346992;6.5;175;-1;;50;;;0;288.15;350;241.6772667690837;316.6772667690837;1;;;;0;791.7934226978928;5.484047524663876;5.484047524663876;2.399270792040445;2.399270792040445;29248.253464874;5484.047524663876;169.7734056732026;169.7734056732026;12;12;0.2;82.00380470257802;5.97825566320125;6.947355793281814;12;0.6666666666666666;0.3169017600000001;82.43831626705398;5.980321210994728;6.949421341075292;12;0.6666666666666666;0.3169017600000001;136;0.1037436157075848;316901.76;1;0;1;0.05170056486906226;0;0.10355898261996136;316901.7600000006;1;0;0.05170056486906214;0;0.1037436157075848;316901.76;1;0;1;0.05170056486906226;0;0.10355898261996136;316901.7600000006;1;0;0.05170056486906214;0
2470;1786618018;0;2345.103703703698;8.004119407407406;46.60590496296296;2279.615744160176;28.21206451853856;61.65028941071988;616.5028941071988;0.7082371310009582;-0.013886592592402578;-19.7307540000021;423732.9114088796;5161852.921547772;2;63672;42.46820620650429;7.317426411104074;361.0379014043065;187.0106424030706;34.57136663450263;593.6680562790154;147.8082342496205;25.50329948966801;0;175;-1;;50;;;0;288.15;350;238.5447653823744;313.5447653823744;1;;;;0;887.847297434842;5.286974186351722;5.286974186351722;2.313051206528879;2.313051206528879;28197.19566054252;5286.974186351722;169.5022817689911;169.5022817689911;12;12;0.2;76.05822153061318;5.915132411035414;6.88423254111598;12;0.6666666666666666;0.3169017600000001;76.53590642769132;5.923895057839252;6.892995187919818;12;0.6666666666666666;0.3169017600000001;136;0.10368082834946982;316901.76;1;0;1;0.05170056486906226;0;0.10356007052826054;316901.7600000006;1;0;0.05170056486906214;0;0.10368082834946982;316901.76;1;0;1;0.05170056486906226;0;0.10356007052826054;316901.7600000006;1;0;0.05170056486906214;0
2480;1786618028;0;2354.616858237544;8.005851494252874;46.61132011494254;2280.712939024828;220.5892780063376;61.51179332169726;615.1179332169726;0.6218030136813542;-0.3497345593870043;-18.40142314176249;423873.1460406303;5162452.96738771;2;63672;42.56235240376246;8.15304177809898;361.0652508611793;178.460158579866;35.41225615821471;583.0845384071006;330.3133040039417;46.13640186127032;6.5;175;-1;;50;;;0;288.15;350;236.7104792649606;311.7104792649606;1;;;;0;1059.644363392994;5.177273973942576;5.177273973942576;2.265057363599877;2.265057363599877;27612.12786102707;5177.273973942576;169.3460386514658;169.3460386514658;12;12;0.2;82.87215870347664;5.982188210959684;6.951288341040248;12;0.6666666666666666;0.3169017600000001;83.37532511810108;5.984133241351056;6.953233371431622;12;0.6666666666666666;0.3169017600000001;136;0.10364552553384022;316901.76;1;0;1;0.05170056486906226;0;0.10356082676724796;316901.7600000006;1;0;0.05170056486906214;0;0.10364552553384022;316901.76;1;0;1;0.05170056486906226;0;0.10356082676724796;316901.7600000006;1;0;0.05170056486906214;0
2490;1786618038;0;2364.126436781607;8.00356563218391;46.61662448275862;2281.541098527447;331.1285783908086;61.79806395666334;617.9806395666334;0.4515324293670856;-0.2275796551723012;-10.660718965522704;423705.5575064427;5163044.587593068;2;63672;42.64977250372732;8.991194991498982;361.0908831598072;169.5719249046509;35.57154168823372;581.1664219372954;190.1959867522535;38.40173397162823;6.5;175;-1;;50;;;0;288.15;350;236.3663350727043;311.3663350727043;1;;;;0;1147.057216590925;5.157128789430944;5.157128789430944;2.256243845376038;2.256243845376038;27504.68687696504;5157.128789430944;169.3174184250523;169.3174184250523;12;12;0.2;82.92973763262558;5.98242232770079;6.951522457781354;12;0.6666666666666666;0.3169017600000001;83.4377015276067;5.98435909514245;6.953459225223014;12;0.6666666666666666;0.3169017600000001;136;0.10363912738599288;316901.76;1;0;1;0.05170056486906226;0;0.10356151361478082;316901.7600000006;1;0;0.05170056486906214;0;0.10363912738599288;316901.76;1;0;1;0.05170056486906226;0;0.10356151361478082;316901.7600000006;1;0;0.05170056486906214;0
2500;1786618048;0;2373.60153256705;7.999099233716476;46.62125873563218;2283.183115942989;324.8477815325671;61.96066796521078;619.6066796521078;0.0481397856600437;-0.8057480842911874;-1.383866704980835;423370.1174265276;5163563.869079906;2;63672;42.73042784655907;9.831714376390564;361.1147843340032;160.777612407665;35.02343721785534;588.0276611893196;195.0711201223636;36.1692628643777;6.5;175;-1;;50;;;0;288.15;350;237.5550081923585;312.5550081923585;1;;;;0;1161.157098992102;5.227287077696874;5.227287077696874;2.286938096492382;2.286938096492382;27878.86441438333;5227.287077696874;169.4193632636555;169.4193632636555;12;12;0.2;82.72694025464014;5.981583837095088;6.950683967175652;12;0.6666666666666666;0.3169017600000001;83.2183560764768;5.983550376640102;6.952650506720668;12;0.6666666666666666;0.3169017600000001;136;0.10366201401662326;316901.76;1;0;1;0.05170056486906226;0;0.10356238753131856;316901.7600000006;1;0;0.05170056486906214;0;0.10366201401662326;316901.76;1;0;1;0.05170056486906226;0;0.10356238753131856;316901.7600000006;1;0;0.05170056486906214;0
2510;1786618058;0;2383.111111111112;7.994323333333334;46.62576333333334;2283.289690629335;323.765188888889;62.05284143020008;620.5284143020008;-0.08141614632467964;-0.8733988888888904;-0.468731111111074;423010.8587265875;5164069.06548008;2;62064;50.86129167958256;8.25604715217818;364.8939765786236;2.241930610258725;34.33111193881708;602.9907456485256;38.43601371513135;33.35579003837508;6.5;95;-1;;50;;;0;288.15;350;239.0741452750321;314.0741452750322;1;;;;0;1058.891864799884;5.319389044564508;5.319389044564508;2.327232706996973;2.327232706996973;28370.07490434405;5319.389044564508;169.6376210806764;169.6376210806764;12;12;0.2;82.37628586024704;5.980038770990538;6.949138901071102;12;0.6666666666666666;0.3169017600000001;82.84664443822198;5.98208347709874;6.951183607179304;12;0.6666666666666666;0.3169017600000001;136;0.10371192549391336;316901.76;1;0;1;0.05170056486906226;0;0.10356367665168576;316901.7600000005;1;0;0.05170056486906214;0;0.10371192549391336;316901.76;1;0;1;0.05170056486906226;0;0.10356367665168576;316901.7600000005;1;0;0.05170056486906214;0
2520;1786618068;0;2392.586206896549;7.98945931034483;46.63023379310344;2283.102270604139;322.3373717241431;61.51473582983846;615.1473582983846;0.2780302966367701;-0.9176855172410538;-11.346858965496612;422644.8670743738;5164570.577525682;2;62064;50.64647963387906;9.188921891699036;364.8466657671798;10.746468112658268;35.3597890960039;589.7018388245284;51.96490244670422;26.05865950235311;0;95;-1;;50;;;0;288.15;350;236.8240709421004;311.8240709421004;1;;;;0;970.005760994834;5.183952890456312;5.183952890456312;2.267979389574636;2.267979389574636;27647.74874910033;5183.952890456312;169.4440577830147;169.4440577830147;12;12;0.2;76.26453862943922;5.919033414399118;6.888133544479682;12;0.6666666666666666;0.3169017600000001;76.76612270226398;5.927791782639052;6.896891912719616;12;0.6666666666666666;0.3169017600000001;136;0.10366759847210416;316901.76;1;0;1;0.05170056486906226;0;0.1035645648723731;316901.7600000005;1;0;0.05170056486906214;0;0.10366759847210416;316901.76;1;0;1;0.05170056486906226;0;0.1035645648723731;316901.7600000005;1;0;0.05170056486906214;0
2530;1786618078;0;2402.099206349205;7.98302162698413;46.63355984126984;2280.519933925428;291.7840431746094;61.42352527156852;614.2352527156852;0.5466321333444654;-0.1606046031743565;-19.06679567460364;422156.8457354888;5164946.501022546;2;62064;50.4235937759663;10.11279641863712;364.7975724023063;19.67188985325528;35.71578701099364;585.2196409259084;87.6489789105409;16.6599697613834;0;95;-1;;50;;;0;288.15;350;236.0556129108444;311.0556129108444;1;;;;0;1397.86260352702;5.139054710196058;5.139054710196058;2.248336435710776;2.248336435710776;27408.29178771231;5139.054710196058;169.3777860094201;169.3777860094201;12;12;0.2;76.39535153715792;5.921414225180198;6.890514355260762;12;0.6666666666666666;0.3169017600000001;76.9076515559518;5.93008845739068;6.899188587471244;12;0.6666666666666666;0.3169017600000001;136;0.10365264746923864;316901.76;1;0;1;0.05170056486906226;0;0.1035653113350584;316901.7600000004;1;0;0.05170056486906214;0;0.10365264746923864;316901.76;1;0;1;0.05170056486906226;0;0.1035653113350584;316901.7600000004;1;0;0.05170056486906214;0
2540;1786618088;0;2411.605363984672;7.97502544061303;46.6341655172414;2280.899201510713;262.3735753639942;61.38985978690546;613.8985978690546;0.5877302646735052;-0.3518953256704719;-18.37929885057473;421545.6680196551;5165021.732287444;2;62064;50.19277063900656;11.027505847949576;364.7467296005052;28.5915925162547;35.33273959102042;589.8981494932008;120.1361873170976;20.0298224279921;0;95;-1;;50;;;0;288.15;350;236.8826785193562;311.8826785193562;1;;;;0;1409.538283385067;5.187404657512016;5.187404657512016;2.269489537661507;2.269489537661507;27666.15817339742;5187.404657512016;169.4469488186802;169.4469488186802;12;12;0.2;76.2566856786312;5.918888237405382;6.887988367485946;12;0.6666666666666666;0.3169017600000001;76.75745356828984;5.927648696029616;6.89674882611018;12;0.6666666666666666;0.3169017600000001;136;0.10366825329400988;316901.76;1;0;1;0.05170056486906226;0;0.103566176393537;316901.7600000004;1;0;0.05170056486906214;0;0.10366825329400988;316901.76;1;0;1;0.05170056486906226;0;0.103566176393537;316901.7600000004;1;0;0.05170056486906214;0
2550;1786618098;0;2421.080459770117;7.967572068965518;46.63209505747128;2282.570902709242;238.2725808045965;61.87147967209388;618.7147967209388;0.10146462307067108;-0.4011388505749241;-6.402311839078314;420972.1560938507;5164799.113620464;2;62064;49.95415126119404;11.93289315926733;364.6941723275977;37.06741989456676;34.27479656705699;603.4450134957262;154.7156456629297;32.10762195139539;6.5;95;-1;;50;;;0;288.15;350;239.198564934048;314.198564934048;1;;;;0;1300.642696831639;5.32705822044855;5.32705822044855;2.330587971446241;2.330587971446241;28410.9771757256;5327.05822044855;169.6441622007376;169.6441622007376;12;12;0.2;82.35872029985248;5.979958058298114;6.949058188378678;12;0.6666666666666666;0.3169017600000001;82.82735877217332;5.982003903462688;6.951104033543254;12;0.6666666666666666;0.3169017600000001;136;0.10371344076834766;316901.76;1;0;1;0.05170056486906226;0;0.10356740359666042;316901.7600000004;1;0;0.05170056486906214;0;0.10371344076834766;316901.76;1;0;1;0.05170056486906226;0;0.10356740359666042;316901.7600000004;1;0;0.05170056486906214;0
2560;1786618108;0;2430.555555555553;7.960906666666668;46.62893111111112;2283.353454789333;234.4781244444449;61.98055097238138;619.8055097238138;0.009106673428430204;-0.8467577777777716;-1.132521111111396;420457.3162719709;5164454.247400004;2;62064;49.70787529506372;12.828830850473168;364.6399361526628;44.80544900765549;32.69891275186766;625.1171650239808;169.4888222553107;33.33403808499058;6.5;95;-1;;50;;;0;288.15;350;242.7296376601696;317.7296376601696;1;;;;0;1157.816970674945;5.5532483678021;5.5532483678021;2.429546160913419;2.429546160913419;29617.32462827787;5553.2483678021;169.9506366290617;169.9506366290617;12;12;0.2;81.72709753470764;5.976828962157388;6.945929092237952;12;0.6666666666666666;0.3169017600000001;82.14720070334378;5.978960189622004;6.948060319702568;12;0.6666666666666666;0.3169017600000001;136;0.10378573128450284;316901.76;1;0;1;0.05170056486906226;0;0.10356920795771698;316901.7600000004;1;0;0.05170056486906214;0;0.10378573128450284;316901.76;1;0;1;0.05170056486906226;0;0.10356920795771698;316901.7600000004;1;0;0.05170056486906214;0
2570;1786618118;0;2440.065134099616;7.954458314176248;46.62554590038314;2283.438942594208;230.7389180076635;61.70522635714312;617.0522635714312;0.01658868726860795;-0.8608653639847586;-1.423038697317177;419958.7072827824;5164084.617616274;2;60725;50.36878804300058;3.564043467491249;364.99642409219;323.6939368875179;31.05967294941156;650.37468315497;92.38510676380028;29.67812723611218;6.5;41;-1;;50;;;0;288.15;350;246.4955223610195;321.4955223610195;1;;;;0;954.7434590423354;5.814736380521924;5.814736380521924;2.543947166478342;2.543947166478342;31011.92736278359;5814.736380521924;170.2946806893873;170.2946806893873;12;12;0.2;81.00716445609734;5.972664289969448;6.941764420050014;12;0.6666666666666666;0.3169017600000001;81.3760956130768;5.974884123052878;6.943984253133442;12;0.6666666666666666;0.3169017600000001;136;0.103869981296326;316901.76;1;0;1;0.05170056486906226;0;0.10357167331295146;316901.7600000004;1;0;0.05170056486906212;0;0.103869981296326;316901.76;1;0;1;0.05170056486906226;0;0.10357167331295146;316901.7600000004;1;0;0.05170056486906212;0
2580;1786618128;0;2449.574712643676;7.948379425287358;46.62189011494254;2284.265198393104;226.1490110344861;62.2011619767896;622.011619767896;0.3070795713218998;-0.7976040229884842;-7.839958275860888;419487.9216231299;5163684.58543771;2;60725;50.5936556340974;4.485648122027063;365.045488844843;331.2562925365148;32.03821363037553;635.4476810694108;103.30054927589912;24.62433118321991;0;41;-1;;50;;;0;288.15;350;244.2368754739566;319.2368754739565;1;;;;0;420.8642888469581;5.655204925398308;5.655204925398308;2.474152154861759;2.474152154861759;30161.09293545764;5655.204925398308;170.0930041262944;170.0930041262944;12;12;0.2;74.93816748593042;5.890475862223754;6.859575992304318;12;0.6666666666666666;0.3169017600000001;75.33771741436696;5.899992494499706;6.86909262458027;12;0.6666666666666666;0.3169017600000001;136;0.10382019017687908;316901.76;1;0;1;0.05170056486906226;0;0.10357369377525982;316901.7600000004;1;0;0.05170056486906212;0;0.10382019017687908;316901.76;1;0;1;0.05170056486906226;0;0.10357369377525982;316901.7600000004;1;0;0.05170056486906212;0
2590;1786618138;0;2459.081481481478;7.943046000000002;46.61766251851852;2283.737417987201;218.5634405185177;61.9889597538101;619.889597538101;-0.010601103799471354;-0.9102326666665956;1.506471703698958;419073.2979965197;5163220.285408392;2;60725;50.81048363376496;5.41629718254362;365.0927887730996;339.203692552356;32.50882011551018;628.5820341721854;120.65293582121384;34.26881010003884;6.5;41;-1;;50;;;0;288.15;350;243.1617481307518;318.1617481307518;1;;;;0;151.3463567253198;5.582128204832944;5.582128204832944;2.442181089614413;2.442181089614413;29771.3504257757;5582.128204832944;169.9986474241163;169.9986474241163;12;12;0.2;81.63757197392122;5.976347668552462;6.945447798633026;12;0.6666666666666666;0.3169017600000001;82.05177277539134;5.978493918780182;6.947594048860746;12;0.6666666666666666;0.3169017600000001;136;0.10379728884392684;316901.76;1;0;1;0.05170056486906226;0;0.10357549696129746;316901.7600000003;1;0;0.05170056486906212;0;0.10379728884392684;316901.76;1;0;1;0.05170056486906226;0;0.10357549696129746;316901.7600000003;1;0;0.05170056486906212;0
2600;1786618148;0;2468.574074074071;7.937541111111114;46.61356611111112;2278.406045047117;230.2097546296227;62.44696130148606;624.4696130148606;-0.5083319143735916;-2.216472037038812;12.63011518519295;418645.6784058442;5162770.76788635;2;60725;51.0191368785623;6.355811464083016;365.1382917238934;347.25510968017;32.41954602181753;629.9518737778214;121.20816557210674;44.51768531622438;6.5;41;-1;;50;;;0;288.15;350;243.3651177165557;318.3651177165557;1;;;;0;150.9657942741569;5.595816419678922;5.595816419678922;2.448169683609529;2.448169683609529;29844.35423828759;5595.816419678922;170.0175555842539;170.0175555842539;12;12;0.2;81.59898700494254;5.976137171570968;6.945237301651532;12;0.6666666666666666;0.3169017600000001;82.01041267478362;5.978288640463006;6.94738877054357;12;0.6666666666666666;0.3169017600000001;136;0.10380185813701306;316901.76;1;0;1;0.05170056486906226;0;0.10357730785070318;316901.7600000003;1;0;0.05170056486906212;0;0.10380185813701306;316901.76;1;0;1;0.05170056486906226;0;0.10357730785070318;316901.7600000003;1;0;0.05170056486906212;0
2610;1786618158;0;2478.103448275856;7.93094862068966;46.61024482758622;2282.008157581244;233.8616851724151;61.9685237711867;619.685237711867;-0.10666220242237392;-1.0616827586216904;-1.444864827589042;418135.8784940603;5162408.53893808;2;60725;51.21947998766026;7.303980947211082;365.1819662600738;355.1128647788679;31.78617875465005;639.440539806747;120.3343029301994;31.08998468878294;6.5;41;-1;;50;;;0;288.15;350;244.8157123770707;319.8157123770707;1;;;;37.41689136643766;593.4269097900702;5.695293118597548;5.695293118597548;2.491690739386427;2.491690739386427;30374.89663252026;5695.293118597548;170.1474114745818;170.1474114745818;12;12;0.2;81.32613335991918;5.97459436408781;6.943694494168374;12;0.6666666666666666;0.3169017600000001;81.71781583749262;5.976779520589944;6.945879650670508;12;0.6666666666666666;0.3169017600000001;136;0.10383350891999882;316901.76;1;0;1;0.05170056486906226;0;0.10357934119252298;316901.7600000003;1;0;0.05170056486906212;0;0.10383350891999882;316901.76;1;0;1;0.05170056486906226;0;0.10357934119252298;316901.7600000003;1;0;0.05170056486906212;0
2620;1786618168;0;2487.559259259258;7.924455296296298;46.60690425925926;2282.720891676622;233.5395773333334;61.88382642197028;618.8382642197028;-0.05513811110909988;-0.883466592592618;-0.203474296296236;417633.5820341184;5162044.10608383;2;60725;51.41138274533658;8.26058722793799;365.2237827757026;2.508499396417572;30.67871279809967;656.785129750703;128.5344829560729;31.07343865934257;6.5;41;-1;;50;;;0;288.15;350;247.3826873320613;322.3826873320612;1;;;;0;995.061865964844;5.87977713471476;5.87977713471476;2.572402496437707;2.572402496437707;31358.81138514538;5879.77713471476;170.3798743703644;170.3798743703644;12;12;0.2;80.82847469096806;5.97151986438991;6.940619994470474;12;0.6666666666666666;0.3169017600000001;81.18543802268238;5.973760360616216;6.94286049069678;12;0.6666666666666666;0.3169017600000001;136;0.1038913642445112;316901.76;1;0;1;0.05170056486906226;0;0.10358179806694808;316901.7600000003;1;0;0.05170056486906212;0;0.1038913642445112;316901.76;1;0;1;0.05170056486906226;0;0.10358179806694808;316901.7600000003;1;0;0.05170056486906212;0
2630;1786618178;0;2497.019841269845;7.917976706349204;46.60356325396826;2282.931818635619;233.4814327380953;62.02975851866024;620.2975851866024;-0.1535712000558533;-0.8589741666666676;-0.1764042063491709;417132.3526575354;5161679.650367116;2;60725;51.5947177817392;9.22539218440689;365.2637129291971;9.266994389874756;29.21474916541717;681.380556317207;135.5277736375228;29.7067427969519;6.5;41;-1;;50;;;0;288.15;350;250.8272397006257;325.8272397006257;1;;;;0;1088.444417807616;6.146478551171004;6.146478551171004;2.689084366137314;2.689084366137314;32781.21893957869;6146.478551171004;170.6992028729199;170.6992028729199;12;12;0.2;80.12576290225668;5.966537082972378;6.935637213052942;12;0.6666666666666666;0.3169017600000001;80.43656945342708;5.96883992986032;6.937940059940884;12;0.6666666666666666;0.3169017600000001;136;0.10397340575659788;316901.76;1;0;1;0.05170056486906226;0;0.10358485750202348;316901.7600000003;1;0;0.05170056486906212;0;0.10397340575659788;316901.76;1;0;1;0.05170056486906226;0;0.10358485750202348;316901.7600000003;1;0;0.05170056486906212;0
2640;1786618188;0;2506.528735632179;7.911511034482762;46.60018908045978;2282.631223890485;230.9912198850684;61.73585412238042;617.3585412238042;0.4283060501997668;-0.9812978160911152;-14.387311264347172;416632.000959461;5161311.53659739;2;60725;51.76935887029016;10.19812612446001;365.3017292102814;15.30890408250628;27.52115433747219;712.4756584567444;138.6211707635166;19.24068226688981;0;41;-1;;50;;;0;288.15;350;254.8654895721786;329.8654895721786;1;;;;0;1412.92067428698;6.492437383785708;6.492437383785708;2.840441355406247;2.840441355406247;34626.33271352377;6492.437383785708;171.0868087703837;171.0868087703837;12;12;0.2;72.74084118290926;5.819826721817904;6.788926851898468;12;0.6666666666666666;0.3169017600000001;72.99815280476722;5.829991409190348;6.799091539270912;12;0.6666666666666666;0.3169017600000001;136;0.10407712785270056;316901.76;1;0;1;0.05170056486906226;0;0.10358867355125354;316901.7600000003;1;0;0.05170056486906212;0;0.10407712785270056;316901.76;1;0;1;0.05170056486906226;0;0.10358867355125354;316901.7600000003;1;0;0.05170056486906212;0
2650;1786618198;0;2516.003831417625;7.906348199233716;46.59591816091954;2283.190943417196;214.8180718773945;62.12279125895908;621.2279125895908;0.2308640540182189;-0.8432547892721084;-1.313448314175919;416229.9967935766;5160842.434667712;2;63144;42.52838303332978;3.446639035913736;359.5637501914053;219.6722081106808;28.28310370555226;687.7713946627818;5.26542350597342;27.32976962361001;0;153;-1;;50;;;0;288.15;350;253.0432445051178;328.0432445051178;1;;;;898.0053927945036;1357.92071786928;6.331404193122806;6.331404193122806;2.769989334491228;2.769989334491228;33767.4890299883;6331.404193122806;170.7802903222373;170.7802903222373;12;12;0.2;73.27884484263356;5.840438784566292;6.809538914646856;12;0.6666666666666666;0.3169017600000001;73.56021429987342;5.850278118412424;6.819378248492988;12;0.6666666666666666;0.3169017600000001;136;0.10399472329870088;316901.76;1;0;1;0.05170056486906226;0;0.1035917970108493;316901.7600000002;1;0;0.05170056486906212;0;0.10399472329870088;316901.76;1;0;1;0.05170056486906226;0;0.1035917970108493;316901.7600000002;1;0;0.05170056486906212;0
2660;1786618208;0;2525.547892720302;7.901812490421458;46.59128153256706;2283.071274861517;213.8868662068969;61.8834644394116;618.834644394116;0.05541800909476474;-0.8512129501915116;-0.6597736781612222;415875.4041086372;5160332.053384542;2;63144;42.43195448991493;4.281632959679658;359.5393135474715;213.194103588189;29.774375719372;661.7279707002318;359.6226428864606;28.9296793097943;6.5;153;-1;;50;;;0;288.15;350;249.504396034883;324.5043960348831;1;;;;0;1037.901972627692;6.041251814754852;6.041251814754852;2.643047668955248;2.643047668955248;32220.00967869254;6041.251814754852;170.4449979889201;170.4449979889201;12;12;0.2;80.53123121985474;5.969509414520014;6.938609544600578;12;0.6666666666666666;0.3169017600000001;80.85970581807186;5.971723274118678;6.940823404199242;12;0.6666666666666666;0.3169017600000001;136;0.10390785178720158;316901.76;1;0;1;0.05170056486906226;0;0.10359420964272984;316901.7600000002;1;0;0.05170056486906212;0;0.10390785178720158;316901.76;1;0;1;0.05170056486906226;0;0.10359420964272984;316901.7600000002;1;0;0.05170056486906212;0
2670;1786618218;0;2535.022988505745;7.8973691954023;46.5866287356322;2283.060914289104;213.5503529885058;61.96237456583922;619.6237456583922;0.007119167111827246;-0.8649952873563168;-0.2643151724138162;415527.8075011981;5159819.796931826;2;63144;42.3288526080541;5.113856402347006;359.5132331757559;206.0710463582873;30.94835104195829;642.6940486366844;352.7317291391551;30.1244516279279;6.5;153;-1;;50;;;0;288.15;350;246.7543321570242;321.7543321570241;1;;;;0;825.3031185547298;5.833566287404788;5.833566287404788;2.552185250739595;2.552185250739595;31112.35353282554;5833.566287404788;170.1914937098562;170.1914937098562;12;12;0.2;81.0832834444843;5.97313776411607;6.942237894196634;12;0.6666666666666666;0.3169017600000001;81.44871985765482;5.97529944519808;6.944399575278644;12;0.6666666666666666;0.3169017600000001;136;0.1038443614572896;316901.76;1;0;1;0.05170056486906226;0;0.10359610473223408;316901.7600000002;1;0;0.05170056486906212;0;0.1038443614572896;316901.76;1;0;1;0.05170056486906226;0;0.10359610473223408;316901.7600000002;1;0;0.05170056486906212;0
2680;1786618228;0;2544.532567049808;7.892945019157088;46.5819590421456;2283.040336295173;213.4866519157088;62.01234972329242;620.1234972329242;-0.05987510204626776;-0.873348007662835;-0.2059595019157072;415181.591514395;5159305.662144096;2;63144;42.21912221158083;5.943148306088992;359.4855250083656;198.4506429835052;31.68782569484824;631.3020999531952;345.2793397916299;30.89641512513396;6.5;153;-1;;50;;;0;288.15;350;245.0421555623948;320.0421555623948;1;;;;0;662.4450872427738;5.711121672239294;5.711121672239294;2.498615731604691;2.498615731604691;30459.31558527623;5711.121672239294;170.0361528220352;170.0361528220352;12;12;0.2;81.41463846660568;5.975105400961284;6.944205531041848;12;0.6666666666666666;0.3169017600000001;81.80324704183662;5.977230649740754;6.946330779821318;12;0.6666666666666666;0.3169017600000001;136;0.10380636200673806;316901.76;1;0;1;0.05170056486906226;0;0.10359768561399728;316901.7600000002;1;0;0.05170056486906212;0;0.10380636200673806;316901.76;1;0;1;0.05170056486906226;0;0.10359768561399728;316901.7600000002;1;0;0.05170056486906212;0
2690;1786618238;0;2554.042145593864;7.888510191570884;46.57728892720306;2282.902913197886;213.4810908429119;61.44171718905002;614.4171718905002;0.10199225293697976;-0.889420689655256;-0.1900171264367249;414834.5012423768;5158791.51149136;2;63144;42.10281195726699;6.769342609541886;359.4562063373533;190.5689039922004;31.90722388438732;627.9701144511612;337.3037751658323;31.16142674795042;6.5;153;-1;;50;;;0;288.15;350;244.5374537334073;319.5374537334073;1;;;;0;430.1794378652371;5.675955507219254;5.675955507219254;2.483230534408423;2.483230534408423;30271.76270516936;5675.955507219254;169.9901876596885;169.9901876596885;12;12;0.2;81.51115499116872;5.975651019044958;6.944751149125522;12;0.6666666666666666;0.3169017600000001;81.90661773315692;5.977764837833864;6.946864967914428;12;0.6666666666666666;0.3169017600000001;136;0.10379524769944608;316901.76;1;0;1;0.05170056486906226;0;0.10359915995791854;316901.7600000002;1;0;0.05170056486906212;0;0.10379524769944608;316901.76;1;0;1;0.05170056486906226;0;0.10359915995791854;316901.7600000002;1;0;0.05170056486906212;0
2700;1786618248;0;2563.566666666667;7.884125;46.572658;2281.727219924801;213.485974;59.26662702004116;592.6662702004116;-0.0166366877782145;-0.7109353333333528;-0.1520466666666564;414491.2182254714;5158281.68109856;2;63144;41.97997159284781;7.59228846743658;359.4252951366762;182.7160895345669;31.57886959775323;632.8299077893072;329.5455786625473;31.04436295034678;6.5;153;-1;;50;;;0;288.15;350;245.2933715006052;320.2933715006052;1;;;;0;321.3213891917508;5.728779443007406;5.728779443007406;2.50634100631574;2.50634100631574;30553.49036270616;5728.779443007406;170.0571480608751;170.0571480608751;12;12;0.2;81.36826018228664;5.974838899852358;6.943939029932922;12;0.6666666666666666;0.3169017600000001;81.75346111584484;5.976968823283982;6.946068953364546;12;0.6666666666666666;0.3169017600000001;136;0.10381145822512298;316901.76;1;0;1;0.05170056486906226;0;0.1036007325376756;316901.7600000002;1;0;0.05170056486906212;0;0.10381145822512298;316901.76;1;0;1;0.05170056486906226;0;0.1036007325376756;316901.7600000002;1;0;0.05170056486906212;0
2710;1786618258;0;2573.06130268199;7.879893639846746;46.56819180076628;2280.672545714299;213.4329964367816;57.2697973065456;572.697973065456;-0.007730297611472898;0.02493172413783167;-0.1515981992337207;414159.9275080859;5157790.006486254;2;60911;45.19191318928028;2.461585224485873;363.6414639375708;251.9715247356534;35.78991417167672;582.5599793303096;38.64279410144325;35.71483253516485;6.5;57;-1;;50;;;0;288.15;350;235.8962783930515;310.8962783930515;1;;;;0;243.8045010583965;5.129828314432976;5.129828314432976;2.244299887564427;2.244299887564427;27359.08434364254;5129.828314432976;169.338221066451;169.338221066451;12;12;0.2;82.94817942403648;5.982496661019706;6.95159679110027;12;0.6666666666666666;0.3169017600000001;83.46270463433908;5.984448723338006;6.95354885341857;12;0.6666666666666666;0.3169017600000001;136;0.10364377579310194;316901.76;1;0;1;0.05170056486906226;0;0.1036010490322008;316901.7600000002;1;0;0.05170056486906212;0;0.10364377579310194;316901.76;1;0;1;0.05170056486906226;0;0.1036010490322008;316901.7600000002;1;0;0.05170056486906212;0
2720;1786618268;0;2582.551851851849;7.875802703703704;46.56387718518518;2280.848858641423;213.5536938518504;55.78612281115874;557.8612281115874;-0.2481670547349967;0.4275117037037316;5.004502518504752;413839.5862876156;5157315.039872698;2;60911;45.53608869542626;3.210781428703544;363.7177197082165;254.1278629129881;40.82040960015115;528.490985030961;37.48437451624457;44.31415625017552;6.5;57;-1;;50;;;0;288.15;350;225.6595164393615;300.6595164393615;1;;;;0;402.557914415037;4.589329822797348;4.589329822797348;2.007831797473839;2.007831797473839;24476.42572158585;4589.329822797348;168.4921598135591;168.4921598135591;12;12;0.2;84.57120725865462;5.987947120969124;6.957047251049688;12;0.6666666666666666;0.3169017600000001;85.23113815579226;5.98964422514766;6.958744355228224;12;0.6666666666666666;0.3169017600000001;136;0.1034634210414846;316901.76;1;0;1;0.05170056486906226;0;0.10360004444832694;316901.7600000001;1;0;0.05170056486906212;0;0.1034634210414846;316901.76;1;0;1;0.05170056486906226;0;0.10360004444832694;316901.7600000001;1;0;0.05170056486906212;0
2730;1786618278;0;2592.045977011496;7.871186091954022;46.55999206896552;2281.548041661242;222.665603218391;55.04772585241114;550.4772585241114;0.0426982183154387;0.708627471264367;0.4520162068961728;413479.5871477922;5156888.39074906;2;60911;45.87470736178076;3.969591925109563;363.7930039007606;257.2122096135101;46.8074479880216;479.2863671481132;34.53259352787039;47.64745576688488;6.5;57;-1;;50;;;0;288.15;350;215.0339023754571;290.0339023754571;1;;;;0;358.5771109366388;4.114901170787116;4.114901170787116;1.800269262219363;1.800269262219363;21946.13957753129;4114.901170787116;167.6433096641884;167.6433096641884;12;12;0.2;86.10204859529;5.99152410469272;6.960624234773284;12;0.6666666666666666;0.3169017600000001;86.91824137863004;5.992975120520504;6.962075250601068;12;0.6666666666666666;0.3169017600000001;136;0.10329929210304796;316901.76;1;0;1;0.05170056486906226;0;0.10359786508350608;316901.7600000001;1;0;0.05170056486906212;0;0.10329929210304796;316901.76;1;0;1;0.05170056486906226;0;0.10359786508350608;316901.7600000001;1;0;0.05170056486906212;0
2740;1786618288;0;2601.537037037034;7.866316111111114;46.55634592592592;2281.865921343556;223.1996301851851;54.34297339608528;543.4297339608528;-0.000117441024517696;0.8961866666666238;0.10285500000013328;413100.4980410117;5156488.59562382;2;60911;46.20763799819596;4.738090468004312;363.8672652302703;261.9830317942195;53.8511498766761;436.6164028506849;39.45688089953779;54.61134550470604;6.5;57;-1;;50;;;0;288.15;350;204.6924015727634;279.6924015727634;1;;;;0;181.0795838369181;3.715228967159248;3.715228967159248;1.625412673132171;1.625412673132171;19814.55449151599;3715.228967159248;166.8334090888382;166.8334090888382;12;12;0.2;87.48647796335528;5.993836061779288;6.962936191859852;12;0.6666666666666666;0.3169017600000001;88.460351726691;5.995073564634572;6.964173694715136;12;0.6666666666666666;0.3169017600000001;136;0.10315696042271786;316901.76;1;0;1;0.05170056486906226;0;0.1035946931075292;316901.7600000001;1;0;0.05170056486906212;0;0.10315696042271786;316901.76;1;0;1;0.05170056486906226;0;0.1035946931075292;316901.7600000001;1;0;0.05170056486906212;0
2750;1786618298;0;2611.030651340995;7.861474367816094;46.55276835249042;2282.177792339586;223.3679879310345;54.02676718029532;540.2676718029532;0.1536628718016661;1.0072152490421346;-0.0739356704980762;412723.6339491103;5156096.411792996;2;60911;46.53474368938692;5.516332849054454;363.9404523732447;270.2130033939688;61.82270737787166;402.5824390385832;48.19000073863076;62.44954614473816;6.5;57;-1;;50;;;0;288.15;350;195.615869144333;270.615869144333;1;;;;0;351.1604327348691;3.403325893683345;3.403325893683345;1.488955078486463;1.488955078486463;18151.07143297784;3403.325893683345;166.1285046768405;166.1285046768405;12;12;0.2;88.63974304347458;5.99527280387063;6.964372933951194;12;0.6666666666666666;0.3169017600000001;89.75689088292226;5.996344536660958;6.965444666741522;12;0.6666666666666666;0.3169017600000001;136;0.10304343533926796;316901.76;1;0;1;0.05170056486906226;0;0.10359075555204162;316901.7600000001;1;0;0.05170056486906212;0;0.10304343533926796;316901.76;1;0;1;0.05170056486906226;0;0.10359075555204162;316901.7600000001;1;0;0.05170056486906212;0
2760;1786618308;0;2620.555555555553;7.856656666666668;46.54921444444444;2282.414135018667;223.4014577777778;53.76651084059996;537.6651084059996;-0.12179989923839548;1.078004444444431;-0.07576444444441206;412348.6025359148;5155706.854016366;2;60911;46.8558899415637;6.304374784752514;364.0125157880994;286.589246055878;69.88144951185358;379.5157180439969;66.08900899859962;70.2737855937775;6.5;57;-1;;50;;;0;288.15;350;189.008262451369;264.008262451369;1;;;;0;196.5479575738818;3.194946235152875;3.194946235152875;1.397788977879383;1.397788977879383;17039.71325414867;3194.946235152875;165.6160034902018;165.6160034902018;12;12;0.2;89.45178998925088;5.996078617339474;6.96517874742004;12;0.6666666666666666;0.3169017600000001;90.6762952443248;5.997041736460024;6.966141866540588;12;0.6666666666666666;0.3169017600000001;136;0.10296649304009048;316901.76;1;0;1;0.05170056486906226;0;0.10358632815833984;316901.76;1;0;0.05170056486906212;0;0.10296649304009048;316901.76;1;0;1;0.05170056486906226;0;0.10358632815833984;316901.76;1;0;0.05170056486906212;0
2770;1786618318;0;2630.015325670495;7.851852337164754;46.54568417624522;2282.578808508874;223.400778045977;53.55258261723198;535.5258261723198;0.2696785609303356;1.122950727969336;-0.11980314176249564;411974.5867616345;5155319.930900798;2;60911;47.1709406776862;7.102262139058538;364.0834068255117;320.8450538412074;75.08032223960538;369.4764161511923;101.22288121726566;74.78235455579356;6.5;57;-1;;50;;;0;288.15;350;186.0009339943949;261.000933994395;1;;;;0;204.9842908651431;3.104665372548938;3.104665372548938;1.35829110049016;1.35829110049016;16558.215320261;3104.665372548938;165.3831425908342;165.3831425908342;12;12;0.2;89.81442962861164;5.996392627725968;6.965492757806532;12;0.6666666666666666;0.3169017600000001;91.08868945743324;5.997309637281526;6.96640976736209;12;0.6666666666666666;0.3169017600000001;136;0.10293300553356754;316901.76;1;0;1;0.05170056486906226;0;0.1035817272947851;316901.76;1;0;0.05170056486906212;0;0.10293300553356754;316901.76;1;0;1;0.05170056486906226;0;0.1035817272947851;316901.76;1;0;0.05170056486906212;0
2780;1786618328;0;2639.507407407405;7.847076296296298;46.54216225925926;2282.690206625245;223.3944414074074;53.5583146580362;535.583146580362;0.07813850785124452;1.150601222222217;-0.1081731111111607;411602.7059568418;5154933.926846142;2;61255;46.58538213372334;6.679847477873148;364.5731714895838;273.4971231190194;75.15905576804228;369.85520368276;53.7780092182967;75.78422391855264;6.5;72;-1;;50;;;0;288.15;350;185.9626054420121;260.9626054420121;1;;;;0;366.1088928425552;3.103531973068764;3.103531973068764;1.357795238217584;1.357795238217584;16552.17052303341;3103.531973068764;165.3920428106951;165.3920428106951;12;12;0.2;89.80715867050342;5.996386585718822;6.965486715799386;12;0.6666666666666666;0.3169017600000001;91.08205631701042;5.997305526326754;6.966405656407318;12;0.6666666666666666;0.3169017600000001;136;0.10293426903276994;316901.76;1;0;1;0.05170056486906226;0;0.10357719961463114;316901.76;1;0;0.05170056486906212;0;0.10293426903276994;316901.76;1;0;1;0.05170056486906226;0;0.10357719961463114;316901.76;1;0;0.05170056486906212;0
2790;1786618338;0;2648.999999999992;7.842300000000004;46.53864000000002;2282.722208232001;223.3073400000014;52.8507546547278;528.507546547278;0.159301137666367;1.220629999999813;-6.733349999963706;411230.7581259701;5154547.907453906;2;61255;46.25926487059098;7.459474345147512;364.5062329001448;223.6055410144533;82.7974486596527;360.8099011896886;48.28653443652914;80.98937399856374;6.5;72;-1;;50;;;0;288.15;350;183.2319912997052;258.2319912997052;1;;;;0;428.5938473736619;3.023860925724423;3.023860925724423;1.322939155004435;1.322939155004435;16127.258270530256;3023.860925724423;165.1769770779416;165.1769770779416;12;12;0.2;90.13675153381444;5.996650564098838;6.965750694179402;12;0.6666666666666666;0.3169017600000001;91.45733153510526;5.997528517307702;6.966628647388266;12;0.6666666666666666;0.3169017600000001;136;0.10290409715135098;316901.76;1;0;1;0.05170056486906226;0;0.10357252529196948;316901.76;1;0;0.05170056486906212;0;0.10290409715135098;316901.76;1;0;1;0.05170056486906226;0;0.10357252529196948;316901.76;1;0;0.05170056486906212;0
2800;1786618348;0;2658.492592592591;7.839001185185186;46.5344637037037;2281.012590224889;192.9994290740802;52.87648617783472;528.7648617783472;0.5769800230680572;1.834192037037194;-16.56331718518563;410970.9899513619;5154087.568986596;2;61255;45.92730417461986;8.22935071878785;364.4381346639912;155.8175634928574;77.67571761684392;366.0284528771583;48.37735603213924;78.06237788909356;6.5;72;-1;;50;;;0;288.15;350;184.8482793220359;259.8482793220359;1;;;;0;372.5672169183004;3.070765160338603;3.070765160338603;1.343459757648139;1.343459757648139;16377.414188472546;3070.765160338603;165.3017050664211;165.3017050664211;12;12;0.2;89.94459870807712;5.996499102629446;6.96559923271001;12;0.6666666666666666;0.3169017600000001;91.23808069825234;5.997400581175358;6.966500711255922;12;0.6666666666666666;0.3169017600000001;136;0.10292150436606976;316901.76;1;0;1;0.05170056486906226;0;0.1035680354924805;316901.76;1;0;0.05170056486906212;0;0.10292150436606976;316901.76;1;0;1;0.05170056486906226;0;0.1035680354924805;316901.76;1;0;0.05170056486906212;0
2810;1786618358;0;2668.018518518516;7.83923425925926;46.52971111111112;2281.564848765334;163.395527037046;52.45313591767264;524.5313591767264;0.6843262260771614;1.693289629629636;-15.941292222222276;410981.096977147;5153559.216766088;2;61255;45.5896371610876;8.989530990303154;364.3689271143149;139.1638835891169;67.84950485117136;384.816507995874;18.35315655092614;70.65341784262924;6.5;72;-1;;50;;;0;288.15;350;190.4451301224017;265.4451301224018;1;;;;0;747.2202501543562;3.239052776773473;3.239052776773473;1.417085589838394;1.417085589838394;17274.94814279186;3239.052776773473;165.7364820285369;165.7364820285369;12;12;0.2;89.26790829733616;5.995909099504218;6.965009229584784;12;0.6666666666666666;0.3169017600000001;90.46884111934946;5.996897048137716;6.96599717821828;12;0.6666666666666666;0.3169017600000001;136;0.10298417457213182;316901.76;1;0;1;0.05170056486906226;0;0.10356403644508086;316901.76;1;0;0.05170056486906212;0;0.10298417457213182;316901.76;1;0;1;0.05170056486906226;0;0.10356403644508086;316901.76;1;0;0.05170056486906212;0
2820;1786618368;0;2677.494252873565;7.84281195402299;46.52568701149426;2281.731237497104;134.0502050574654;52.50762945758576;525.0762945758578;0.6052281282393456;1.706057701149429;-15.908670114942588;411248.913210013;5153108.046680028;2;61255;45.24639524750526;9.740087625793388;364.2986606336154;133.3155432276732;58.59935963048958;415.2510928549611;24.56701718246563;57.00764445074822;6.5;72;-1;;50;;;0;288.15;350;198.966551192546;273.9665511925461;1;;;;0;598.668237070438;3.514753282992672;3.514753282992672;1.537704561309294;1.537704561309294;18745.35084262758;3514.753282992672;166.397623824799;166.397623824799;12;12;0.2;88.21044702338392;5.994781944719502;6.963882074800066;12;0.6666666666666666;0.3169017600000001;89.27415204011534;5.995914973900268;6.965015103980832;12;0.6666666666666666;0.3169017600000001;136;0.10308569341974436;316901.76;1;0;1;0.05170056486906226;0;0.1035607824108949;316901.76;1;0;0.05170056486906212;0;0.10308569341974436;316901.76;1;0;1;0.05170056486906226;0;0.1035607824108949;316901.76;1;0;0.05170056486906212;0
2830;1786618378;0;2687.038314176246;7.848796819923372;46.52337578544062;2281.826773483587;104.62569796934712;52.27285148803984;522.7285148803984;0.7379584165887386;1.716876321839081;-15.919168237547886;411704.1771256771;5152844.521659928;2;61255;44.89770796089731;10.481101051103866;364.2273864287145;130.4540468002688;50.61285258767822;454.9929179545072;40.77229667476563;43.28718021444524;6.5;72;-1;;50;;;0;288.15;350;209.1641745204811;284.1641745204811;1;;;;0;349.9953884500265;3.881606163696965;3.881606163696965;1.698202696617422;1.698202696617422;20701.89953971715;3881.606163696965;167.191500879617;167.191500879617;12;12;0.2;86.88921895255348;5.992928056756274;6.962028186836838;12;0.6666666666666666;0.3169017600000001;87.79420615446964;5.994257426913526;6.96335755699409;12;0.6666666666666666;0.3169017600000001;136;0.10321825787905288;316901.76;1;0;1;0.05170056486906226;0;0.10355846805595002;316901.76;1;0;0.05170056486906212;0;0.10321825787905288;316901.76;1;0;1;0.05170056486906226;0;0.10355846805595002;316901.76;1;0;0.05170056486906212;0
2840;1786618388;0;2696.547892720306;7.855629003831416;46.52340122605364;2281.893437821426;75.22317088122922;52.66728038011586;526.6728038011586;0.6018780551119548;1.727601685823756;-15.832740268199232;412228.2342831804;5152839.730023596;2;61255;44.54370716042168;11.212650253079444;364.1551573818351;128.7969071109902;43.90645200590297;501.9056953753734;61.04529487563224;31.50195137357521;6.5;72;-1;;50;;;0;288.15;350;219.9681059920625;294.9681059920624;1;;;;0;189.3414145587412;4.325989468685023;4.325989468685023;1.892620392549698;1.892620392549698;23071.94383298679;4325.989468685023;168.0438506201775;168.0438506201775;12;12;0.2;85.39806821107272;5.990034270289894;6.959134400370458;12;0.6666666666666666;0.3169017600000001;86.14099805887794;5.991599707302934;6.960699837383498;12;0.6666666666666666;0.3169017600000001;136;0.1033747420605891;316901.76;1;0;1;0.05170056486906226;0;0.10355723499557848;316901.7599999999;1;0;0.05170056486906212;0;0.1033747420605891;316901.76;1;0;1;0.05170056486906226;0;0.10355723499557848;316901.7599999999;1;0;0.05170056486906212;0
2850;1786618398;0;2706.057471264365;7.861774482758618;46.52553551724138;2283.428008086897;56.58694839080592;52.69690404203826;526.9690404203826;-0.0861301192218313;1.390315057471425;-3.008582988507363;412703.0005719105;5153070.069737414;2;63307;43.04374677136794;9.24993533897752;360.0436323256372;163.6593768471885;38.70231530183561;544.145163736411;107.52005954176492;35.4163048744293;6.5;155;-1;;50;;;0;288.15;350;229.8279711506352;304.8279711506352;1;;;;0;222.5738246307806;4.797895123205594;4.797895123205594;2.099079116402447;2.099079116402447;25588.77399042983;4797.895123205594;168.7457036147306;168.7457036147306;12;12;0.2;84.01785083814628;5.986311853771034;6.955411983851598;12;0.6666666666666666;0.3169017600000001;84.61798312613428;5.988076063320364;6.957176193400928;12;0.6666666666666666;0.3169017600000001;136;0.10351563776104412;316901.76;1;0;1;0.05170056486906226;0;0.10355695768068158;316901.7599999999;1;0;0.05170056486906212;0;0.10351563776104412;316901.76;1;0;1;0.05170056486906226;0;0.10355695768068158;316901.7599999999;1;0;0.05170056486906212;0
2860;1786618408;0;2715.567049808426;7.867400229885056;46.52827011494254;2283.272173574805;54.10254068965564;52.91309659823046;529.1309659823046;-0.04299444697544947;1.289524137931073;-0.7272672413796314;413138.8276961645;5153367.721800692;2;63307;42.99977533482226;10.100221146403976;360.0292875703217;154.9444127790009;36.69078630888933;566.2099959418352;101.71453104620068;35.72492382248587;6.5;155;-1;;50;;;0;288.15;350;233.9788391258616;308.9788391258616;1;;;;0;388.8786242182382;5.020952381467676;5.020952381467676;2.196666666892108;2.196666666892108;26778.41270116094;5020.952381467676;169.0909587865493;169.0909587865493;12;12;0.2;83.3519508575758;5.984047771361284;6.953147901441848;12;0.6666666666666666;0.3169017600000001;83.89334392966384;5.985914397007308;6.955014527087872;12;0.6666666666666666;0.3169017600000001;136;0.10358923811894714;316901.76;1;0;1;0.05170056486906226;0;0.10355717145841844;316901.7599999999;1;0;0.0517005648690621;0;0.10358923811894714;316901.76;1;0;1;0.05170056486906226;0;0.10355717145841844;316901.7599999999;1;0;0.0517005648690621;0
2870;1786618418;0;2725.042145593871;7.872912758620692;46.53114432950192;2282.743040260966;46.54718103448158;52.84502747787644;528.4502747787644;0.553499745419338;2.110513218391017;-6.174491340994746;413566.1509197019;5153681.04239503;2;63307;42.94887557148726;10.949135936314252;360.0132293377374;147.4427165774356;34.26675550441356;596.0115667929648;101.01490019800094;27.80896665276063;0;155;-1;;50;;;0;288.15;350;239.2163406354863;314.2163406354863;1;;;;0;455.8104948676524;5.328155498371798;5.328155498371798;2.331068030537662;2.331068030537662;28416.82932464959;5328.155498371798;169.5365019062854;169.5365019062854;12;12;0.2;75.9648032572901;5.913305401339142;6.882405531419706;12;0.6666666666666666;0.3169017600000001;76.43319603559638;5.92208996880043;6.891190098880994;12;0.6666666666666666;0.3169017600000001;136;0.10368864545911156;316901.76;1;0;1;0.05170056486906226;0;0.10355803641894932;316901.7599999999;1;0;0.0517005648690621;0;0.10368864545911156;316901.76;1;0;1;0.05170056486906226;0;0.10355803641894932;316901.7599999999;1;0;0.0517005648690621;0
2880;1786618428;0;2734.551724137931;7.877526206896552;46.53468172413794;2279.239816416;30.36068103448312;52.32832231841876;523.2832231841876;0.12332002319764924;1.209159999999652;0.6841203448254738;413925.5331905762;5154069.06285845;2;63307;42.89107052005378;11.796492366560454;359.9954658303186;141.1237246331617;31.66584046323584;632.5283667959562;111.4835322513132;31.86971647739126;6.5;155;-1;;50;;;0;288.15;350;245.0928156734292;320.0928156734292;1;;;;37.41689136643766;553.0248813237408;5.714674233728698;5.714674233728698;2.500169977256306;2.500169977256306;30478.26257988639;5714.674233728698;170.0530082818232;170.0530082818232;12;12;0.2;81.39267619967678;5.97497955301333;6.944079683093894;12;0.6666666666666666;0.3169017600000001;81.78059737591502;5.977111904231248;6.946212034311812;12;0.6666666666666666;0.3169017600000001;136;0.10381045239263684;316901.76;1;0;1;0.05170056486906226;0;0.1035596861965551;316901.7599999999;1;0;0.0517005648690621;0;0.10381045239263684;316901.76;1;0;1;0.05170056486906226;0;0.1035596861965551;316901.7599999999;1;0;0.0517005648690621;0
2890;1786618438;0;2744.06130268199;7.882574137931034;46.53785796934866;2268.739919747039;71.35695793102084;49.43516292759654;494.3516292759654;-1.49807388186948;1.870108352487663;34.81699946360085;414317.6168122693;5154416.502959484;2;63307;42.8263871582157;12.642092321516908;359.9760065932697;135.8535450553431;29.0686245819858;674.5566239686912;47.58361386526106;59.77647203868144;6.5;155;-1;;50;;;0;288.15;350;251.1737484812;326.1737484812;1;;;;149.6675654657506;783.1361801486146;6.174658539493026;6.174658539493026;2.701413111028199;2.701413111028199;32931.51221062948;6174.658539493026;170.6117763688797;170.6117763688797;12;12;0.2;80.17268067308402;5.966895277475058;6.935995407555622;12;0.6666666666666666;0.3169017600000001;80.47887106973224;5.969140894649522;6.938241024730086;12;0.6666666666666666;0.3169017600000001;136;0.10395064356840262;316901.76;1;0;1;0.05170056486906226;0;0.1035622248807879;316901.7599999999;1;0;0.0517005648690621;0;0.10395064356840262;316901.76;1;0;1;0.05170056486906226;0;0.1035622248807879;316901.7599999999;1;0;0.0517005648690621;0
2900;1786618448;0;2753.57088122605;7.88858264367816;46.53622022988506;2261.471700100864;146.3340091570882;49.50615087830432;495.0615087830432;-0.3122452233954555;6.919897624512912;8.782058927228708;414775.7737409699;5154228.018414152;2;63671;42.18163874539956;3.225815638802011;360.2828906838368;219.1803426017491;26.66320189988934;719.986226866284;75.27958077713914;36.98968129606854;6.5;174;-1;;50;;;0;288.15;350;256.9239641511172;331.9239641511172;1;;;;0;599.5123482552726;6.685309171333868;6.685309171333868;2.924822762458567;2.924822762458567;35654.98224711397;6685.309171333868;171.1778919144284;171.1778919144284;12;12;0.2;78.8725048442641;5.955400300847434;6.924500430927998;12;0.6666666666666666;0.3169017600000001;79.10279920167762;5.957692506649492;6.926792636730056;12;0.6666666666666666;0.3169017600000001;136;0.1041021804122601;316901.76;1;0;1;0.05170056486906226;0;0.1035657084648619;316901.7599999999;1;0;0.0517005648690621;0;0.1041021804122601;316901.76;1;0;1;0.05170056486906226;0;0.1035657084648619;316901.7599999999;1;0;0.0517005648690621;0
2910;1786618458;0;2763.04444444444;7.891135777777778;46.53212911111112;2281.254887756271;163.4091053333259;50.18118649325794;501.8118649325794;-0.4365711405466672;2.426019999998207;10.093192222198862;414965.16231346;5153770.675290786;2;63671;42.29360573879779;4.053945071313307;360.3149369612184;214.3343960904669;28.96542117057658;676.9383230612772;48.02752971676002;38.23522633833964;6.5;174;-1;;50;;;0;288.15;350;251.4187324765036;326.4187324765036;1;;;;0;482.6252030062228;6.194741788480012;6.194741788480012;2.710199532460006;2.710199532460006;33038.6228718934;6194.741788480012;170.6423901672222;170.6423901672222;12;12;0.2;80.11319720432274;5.966440496203842;6.935540626284406;12;0.6666666666666666;0.3169017600000001;80.41612690749326;5.968693440113198;6.937793570193762;12;0.6666666666666666;0.3169017600000001;136;0.10395858806143116;316901.76;1;0;1;0.05170056486906226;0;0.10356822692381428;316901.7599999999;1;0;0.0517005648690621;0;0.10395858806143116;316901.76;1;0;1;0.05170056486906226;0;0.10356822692381428;316901.7599999999;1;0;0.0517005648690621;0
2920;1786618468;0;2772.537037037035;7.890973333333334;46.5276175925926;2277.683027838222;191.2754698148096;51.13485454556878;511.3485454556878;-0.4146389330879206;3.003666481481609;13.686536481485926;414945.6621918057;5153269.547866466;2;63671;42.39896198028641;4.885059371356966;360.345387073854;208.5972168990523;31.28732478094173;638.863192247988;8.694627934862838;37.3677313730891;6.5;174;-1;;50;;;0;288.15;350;245.9674038458693;320.9674038458693;1;;;;0;424.3647447295621;5.776672989165388;5.776672989165388;2.527294432759857;2.527294432759857;30808.92260888207;5776.672989165388;170.1395654871323;170.1395654871323;12;12;0.2;81.21699578342742;5.97394976976248;6.943049899843044;12;0.6666666666666666;0.3169017600000001;81.5930669324352;5.976104710230302;6.945204840310866;12;0.6666666666666666;0.3169017600000001;136;0.10383158309583828;316901.76;1;0;1;0.05170056486906226;0;0.10356990435166156;316901.7599999999;1;0;0.0517005648690621;0;0.10383158309583828;316901.76;1;0;1;0.05170056486906226;0;0.10356990435166156;316901.7599999999;1;0;0.0517005648690621;0
2930;1786618478;0;2782.029629629629;7.888850814814816;46.52325696296296;2280.180812248;204.2213085185154;51.08279035421626;510.8279035421626;-0.3067915729785577;2.602100592592845;8.927882074076504;414776.0615683916;5152787.30103663;2;63671;42.497661832882;5.718999205117572;360.3742242475428;201.8554074950665;33.49898558406695;606.8468110946302;351.4748004332584;35.26781119130721;6.5;174;-1;;50;;;0;288.15;350;240.9252191630588;315.9252191630588;1;;;;0;471.8320260474284;5.43554849557634;5.43554849557634;2.378052466814648;2.378052466814648;28989.59197640714;5435.54849557634;169.6929896252078;169.6929896252078;12;12;0.2;82.15393810488616;5.978992725548346;6.94809285562891;12;0.6666666666666666;0.3169017600000001;82.5987755939847;5.981033461561928;6.950133591642492;12;0.6666666666666666;0.3169017600000001;136;0.1037247879437289;316901.76;1;0;1;0.05170056486906226;0;0.10357088462756072;316901.7599999998;1;0;0.0517005648690621;0;0.1037247879437289;316901.76;1;0;1;0.05170056486906226;0;0.10357088462756072;316901.7599999998;1;0;0.0517005648690621;0
2940;1786618488;0;2791.488888888886;7.885599111111112;46.51924466666668;2282.727976538133;211.3927324444401;51.62173151632146;516.2173151632146;-0.1419141547087594;1.836723111111246;4.6000497777764;414520.3679873342;5152344.986277768;2;63671;42.58966210594265;6.555600429387126;360.4014327062205;194.0718676068002;35.41749571971837;581.979809595915;339.2112197013509;35.65737323734356;6.5;174;-1;;50;;;0;288.15;350;236.6991419201362;311.6991419201362;1;;;;0;504.9121895020494;5.176608175085892;5.176608175085892;2.264766076600078;2.264766076600078;27608.57693379143;5176.608175085892;169.3295665047965;169.3295665047965;12;12;0.2;82.88958793600248;5.982259404993392;6.951359535073956;12;0.6666666666666666;0.3169017600000001;83.39291231245906;5.984197248945906;6.95329737902647;12;0.6666666666666666;0.3169017600000001;136;0.1036418405551768;316901.76;1;0;1;0.05170056486906226;0;0.10357133089125644;316901.7599999998;1;0;0.0517005648690621;0;0.1036418405551768;316901.76;1;0;1;0.05170056486906226;0;0.10357133089125644;316901.7599999998;1;0;0.0517005648690621;0
2950;1786618498;0;2800.980842911874;7.88197747126437;46.51532785440614;2283.78190925315;213.338242107277;51.92455544585452;519.2455544585454;-0.002828361444733326;1.76349459770029;2.919853448272693;414236.410748265;5151913.693657378;2;63671;42.674921152032;7.394684173855374;360.426997380946;185.3516058541762;36.82847007344913;565.2234471859818;329.4123379402052;36.93812285318565;6.5;174;-1;;50;;;0;288.15;350;233.6889174298855;308.6889174298855;1;;;;0;578.460394853471;5.004826277602328;5.004826277602328;2.189611496451018;2.189611496451018;26692.40681387909;5004.826277602328;169.0758115309337;169.0758115309337;12;12;0.2;83.39027938749788;5.984187682995042;6.953287813075606;12;0.6666666666666666;0.3169017600000001;83.93574945407554;5.986051043271226;6.95515117335179;12;0.6666666666666666;0.3169017600000001;136;0.103585947346516;316901.76;1;0;1;0.05170056486906226;0;0.1035714222441018;316901.7599999998;1;0;0.0517005648690621;0;0.103585947346516;316901.76;1;0;1;0.05170056486906226;0;0.1035714222441018;316901.7599999998;1;0;0.0517005648690621;0
2960;1786618508;0;2810.455938697316;7.878212183908048;46.5114430651341;2283.72993970869;212.8272042145596;52.31142626637554;523.1142626637554;0.2003124604665674;1.479540881226108;-0.5775704597711112;413941.4445151911;5151486.1289626;2;63671;42.75340117073734;8.236077287022802;360.4509045744381;175.9842710915869;37.53319957693555;557.3157174812196;322.6208473958294;39.06079658837531;6.5;174;-1;;50;;;0;288.15;350;232.2181889860706;307.2181889860706;1;;;;411.5858050308142;624.7718244204644;4.924321153270854;4.924321153270854;2.154390504555998;2.154390504555998;26263.04615077788;4924.321153270854;168.9534339678611;168.9534339678611;12;12;0.2;83.62838306679694;5.98502981126016;6.954129941340724;12;0.6666666666666666;0.3169017600000001;84.19459426316214;5.986856907625202;6.955957037705766;12;0.6666666666666666;0.3169017600000001;136;0.10355956999947558;316901.76;1;0;1;0.05170056486906226;0;0.10357134862767556;316901.7599999998;1;0;0.0517005648690621;0;0.10355956999947558;316901.76;1;0;1;0.05170056486906226;0;0.10357134862767556;316901.7599999998;1;0;0.0517005648690621;0
2970;1786618518;0;2819.933333333334;7.874466;46.507508;2288.8464270224;208.8825486666667;47.07522185962426;470.7522185962426;0.5435146269468302;5.352607999999978;-9.70784666666653;413647.8236172422;5151052.971027948;2;63671;42.8250670537304;9.07960254737987;360.4731416097611;166.4301309821178;37.41835999308263;558.628148416997;320.9827028792319;47.82178059959218;6.5;174;-1;;50;;;0;288.15;350;232.456332897704;307.456332897704;1;;;;0;372.8320666651912;4.937212053979006;4.937212053979006;2.160030273615814;2.160030273615814;26331.79762122136;4937.212053979006;168.9738644498413;168.9738644498413;12;12;0.2;83.58942191504884;5.984895141763368;6.953995271843932;12;0.6666666666666666;0.3169017600000001;84.15226792908704;5.986728385314564;6.955828515395128;12;0.6666666666666666;0.3169017600000001;136;0.1035639477978516;316901.76;1;0;1;0.05170056486906226;0;0.10357130294354084;316901.7599999998;1;0;0.0517005648690621;0;0.1035639477978516;316901.76;1;0;1;0.05170056486906226;0;0.10357130294354084;316901.7599999998;1;0;0.0517005648690621;0
2980;1786618528;0;2829.425925925925;7.873258148148148;46.50335685185186;2316.207190058223;162.5237079629721;46.1737452199635;461.737452199635;1.158858282835508;3.675081666666891;-23.97944462962979;413548.5754131336;5150593.035096238;2;62068;49.8253395890853;10.667295110843796;364.9713991878907;28.32827890061295;37.51313640374142;564.4104194592932;204.7031818357386;48.48015268377832;6.5;99;-1;;50;;;0;288.15;350;232.2597512653304;307.2597512653304;1;;;;0;272.2419556583018;4.926566990837166;4.926566990837166;2.155373058491259;2.155373058491259;26275.02395113155;4926.566990837166;169.0633085943016;169.0633085943016;12;12;0.2;83.5152800488549;5.984635520524674;6.953735650605238;12;0.6666666666666666;0.3169017600000001;84.08090374590132;5.986508842888672;6.955608972969238;12;0.6666666666666666;0.3169017600000001;136;0.10358323537793574;316901.76;1;0;1;0.05170056486906226;0;0.10357137614865984;316901.7599999997;1;0;0.0517005648690621;0;0.10358323537793574;316901.76;1;0;1;0.05170056486906226;0;0.10357137614865984;316901.7599999997;1;0;0.0517005648690621;0
2990;1786618538;0;2838.918518518515;7.877123555555554;46.50016874074074;2313.817635330668;113.6935748148286;47.29941568889296;472.9941568889296;0.7152954661351536;2.651176740739182;-13.632618296304034;413840.1175131815;5150234.56219055;2;62068;49.57505633183356;11.558094939990786;364.9211209998057;37.39833756170937;36.4974007951869;576.02246175299;283.8772826602061;50.36794749030674;6.5;99;-1;;50;;;0;288.15;350;234.3874640175559;309.3874640175559;1;;;;0;128.8226904309672;5.04382818166117;5.04382818166117;2.206674829476762;2.206674829476762;26900.41696885957;5043.82818166117;169.2401965205077;169.2401965205077;12;12;0.2;83.16982916083924;5.983365895703366;6.95246602578393;12;0.6666666666666666;0.3169017600000001;83.70548247768646;5.985292783321576;6.95439291340214;12;0.6666666666666666;0.3169017600000001;136;0.10362196898174674;316901.76;1;0;1;0.05170056486906226;0;0.1035716846415445;316901.7599999997;1;0;0.0517005648690621;0;0.10362196898174674;316901.76;1;0;1;0.05170056486906226;0;0.1035716846415445;316901.7599999997;1;0;0.0517005648690621;0
3000;1786618548;0;2848.425287356321;7.883162183908046;46.49926551724138;2324.11170698262;76.98286137931316;47.75980622229882;477.5980622229882;0.9284950563007716;1.986455632184303;-18.50195632183905;414302.0476700728;5150127.630027942;2;62068;49.3173342116641;12.439281594693064;364.8691915569871;45.70951774512706;34.88780235278625;595.751423297211;341.4976037752063;44.71769880794521;6.5;99;-1;;50;;;0;288.15;350;237.8510873607557;312.8510873607557;1;;;;0;204.763093448445;5.245018787851;5.245018787851;2.294695719684812;2.294695719684812;27973.43353520533;5245.018787851;169.532709914507;169.532709914507;12;12;0.2;82.58810427044208;5.980986902371806;6.95008703245237;12;0.6666666666666666;0.3169017600000001;83.07540802622876;5.983001003781034;6.952101133861598;12;0.6666666666666666;0.3169017600000001;136;0.10368777771381372;316901.76;1;0;1;0.05170056486906226;0;0.10357238823592188;316901.7599999997;1;0;0.0517005648690621;0;0.10368777771381372;316901.76;1;0;1;0.05170056486906226;0;0.10357238823592188;316901.7599999997;1;0;0.0517005648690621;0
3010;1786618558;0;2857.969348659005;7.888535287356324;46.50144927203066;2304.464314421147;35.88618862068825;52.81107019174444;528.1107019174444;0.331846640191037;-1.525419386972007;-3.169688850570171;414717.7524806735;5150364.462963818;2;62068;49.05231804370324;13.310761314765316;364.8156494063305;53.09690798989126;32.87463939423594;622.9034825516138;18.41506938305847;30.4599049973031;6.5;99;-1;;50;;;0;288.15;350;242.3313213679109;317.3313213679109;1;;;;0;215.2743062922564;5.52686947447711;5.52686947447711;2.418005395083736;2.418005395083736;29476.63719721125;5526.86947447711;169.9198233218445;169.9198233218445;12;12;0.2;81.79583050107956;5.977191834821844;6.946291964902408;12;0.6666666666666666;0.3169017600000001;82.22138154327824;5.979315666782076;6.948415796862642;12;0.6666666666666666;0.3169017600000001;136;0.10377834723459334;316901.76;1;0;1;0.05170056486906226;0;0.10357362895278136;316901.7599999997;1;0;0.0517005648690621;0;0.10377834723459334;316901.76;1;0;1;0.05170056486906226;0;0.10357362895278136;316901.7599999997;1;0;0.0517005648690621;0
3020;1786618568;0;2867.478927203064;7.892522413793102;46.50532551724138;2287.247471706484;21.04120475095828;53.81914495857338;538.1914495857338;0.1437433772408667;1.0407948658997994;1.094711226052686;415029.7211556782;5150790.876643416;2;62068;48.78014990844118;14.172467522545636;364.7605336170036;59.50840148990138;30.63822140292374;656.7233274339124;38.18217562615698;32.13327414204485;6.5;99;-1;;50;;;0;288.15;350;247.4772240544885;322.4772240544885;1;;;;0;306.5656992939548;5.886791186248952;5.886791186248952;2.575471143983917;2.575471143983917;31396.21965999441;5886.791186248952;170.3790570050852;170.3790570050852;12;12;0.2;80.81920935716688;5.971459238810676;6.94055936889124;12;0.6666666666666666;0.3169017600000001;81.17489933395692;5.97369680225809;6.942796932338654;12;0.6666666666666666;0.3169017600000001;136;0.10389115809417238;316901.76;1;0;1;0.05170056486906226;0;0.1035755303248855;316901.7599999997;1;0;0.0517005648690621;0;0.10389115809417238;316901.76;1;0;1;0.05170056486906226;0;0.1035755303248855;316901.7599999997;1;0;0.0517005648690621;0
3030;1786618578;0;2876.988505747124;7.895915747126436;46.5095648275862;2278.338774608832;21.54886057471756;52.19547663479036;521.9547663479036;0.3826572143041969;-0.1697751724142192;-6.539561149406024;415296.6561560309;5151258.285101912;2;60723;51.14933737943678;5.234711320420892;365.1412192559474;340.2562802204984;29.79413559604261;671.230245349967;321.4931650091111;33.88017433638582;6.5;39;-1;;50;;;0;288.15;350;249.4578172194611;324.4578172194611;1;;;;0;598.9306719097004;6.03761263752607;6.03761263752607;2.641455528917656;2.641455528917656;32200.60073347238;6037.612637526072;170.5688384905674;170.5688384905674;12;12;0.2;80.41262203547382;5.968668255643564;6.937768385724128;12;0.6666666666666666;0.3169017600000001;80.7417200574322;5.970947142861046;6.940047272941612;12;0.6666666666666666;0.3169017600000001;136;0.10393954796366022;316901.76;1;0;1;0.05170056486906226;0;0.10357769709654486;316901.7599999997;1;0;0.0517005648690621;0;0.10393954796366022;316901.76;1;0;1;0.05170056486906226;0;0.10357769709654486;316901.7599999997;1;0;0.0517005648690621;0
3040;1786618588;0;2886.463601532563;7.897605632183908;46.51411252873564;2286.947864389058;1.726809272043381;52.40628666584158;524.0628666584158;-0.1461967184067243;2.463194482764241;10.23207586208136;415433.3550150944;5151761.795253128;2;60723;51.34424239439744;6.188360411231752;365.1869687341532;347.5172947484295;29.80261841214002;671.1587658522572;339.7641703838325;29.13061260508748;6.5;39;-1;;50;;;0;288.15;350;249.4378240000101;324.4378240000101;1;;;;0;771.7945689157478;6.036051921898854;6.036051921898854;2.640772715830749;2.640772715830749;32192.27691679389;6036.051921898854;170.5679134784823;170.5679134784823;12;12;0.2;80.41579057627298;5.96869102426007;6.937791154340634;12;0.6666666666666666;0.3169017600000001;80.74515622046008;5.970970043933096;6.94007017401366;12;0.6666666666666666;0.3169017600000001;136;0.10393930953372042;316901.76;1;0;1;0.05170056486906226;0;0.10357983681510804;316901.7599999997;1;0;0.0517005648690621;0;0.10393930953372042;316901.76;1;0;1;0.05170056486906226;0;0.10357983681510804;316901.7599999997;1;0;0.0517005648690621;0
3050;1786618598;0;2895.974074074075;7.899364037037038;46.51866755555556;2270.465195453155;9.378795740741414;51.00260349655106;510.0260349655106;0.08038916796328182;3.082577666667621;2.548389592590615;415575.299963926;5152266.049323598;2;60723;51.53062371248724;7.150291203226166;365.2308424898474;354.6686291546671;29.37015730730393;678.6198935912396;343.2012150684564;31.64332738432465;6.5;39;-1;;50;;;0;288.15;350;250.4591991797758;325.4591991797758;1;;;;0;929.5663065500966;6.116832572498528;6.116832572498528;2.676114250468106;2.676114250468106;32623.10705332548;6116.832572498528;170.6639398776729;170.6639398776729;12;12;0.2;80.2036419918454;5.967129557614846;6.93622968769541;12;0.6666666666666666;0.3169017600000001;80.5193569204913;5.969426227512872;6.938526357593436;12;0.6666666666666666;0.3169017600000001;136;0.10396419717695454;316901.76;1;0;1;0.05170056486906226;0;0.10358209775841302;316901.7599999997;1;0;0.0517005648690621;0;0.10396419717695454;316901.76;1;0;1;0.05170056486906226;0;0.10358209775841302;316901.7599999997;1;0;0.0517005648690621;0
3060;1786618608;0;2905.51724137931;7.900686896551724;46.52316310344828;2282.364379863724;186.0154855172414;49.80747954098382;498.0747954098382;0.08921567820285532;1.570166206896552;2.566488620689655;415683.7251802011;5152764.162828192;2;60723;51.70835608239646;8.120252708642298;365.2728126124094;1.509387642265278;28.54097698904416;693.3753140893308;176.7788974863438;27.1492838850816;0;39;-1;;50;;;0;288.15;350;252.4283524934093;327.4283524934093;1;;;;0;1043.241689884967;6.27894655101541;6.27894655101541;2.747039116069242;2.747039116069242;33487.71493874886;6278.94655101541;170.8507756551613;170.8507756551613;12;12;0.2;73.28376737023896;5.840616260847824;6.809716390928388;12;0.6666666666666666;0.3169017600000001;73.57328498484242;5.850720404693632;6.819820534774196;12;0.6666666666666666;0.3169017600000001;136;0.10401341596183168;316901.76;1;0;1;0.05170056486906226;0;0.10358462008708796;316901.7599999997;1;0;0.0517005648690621;0;0.10401341596183168;316901.76;1;0;1;0.05170056486906226;0;0.10358462008708796;316901.7599999997;1;0;0.0517005648690621;0
3070;1786618618;0;2914.959259259258;7.900833666666666;46.52764125925926;2284.737207323378;342.3704361851877;49.5877746171556;495.877746171556;0.1478402424840008;2.588467814816625;0.600458296293239;415701.9103738143;5153261.601097804;2;60723;51.87731569762224;9.097962325415832;365.3128520075625;7.89032876418325;27.39170641404292;714.9850025385506;25.67237484094835;29.98626721651015;6.5;39;-1;;50;;;0;288.15;350;255.1757236886514;330.1757236886514;1;;;;0;1019.7016439919426;6.520728866155112;6.520728866155112;2.852818878942862;2.852818878942862;34777.22061949393;6520.728866155112;171.1173467863243;171.1173467863243;12;12;0.2;79.16963416106262;5.958335516612916;6.92743564669348;12;0.6666666666666666;0.3169017600000001;79.42286322043516;5.960684777229656;6.92978490731022;12;0.6666666666666666;0.3169017600000001;136;0.10408549812358246;316901.76;1;0;1;0.05170056486906226;0;0.10358753216869548;316901.7599999997;1;0;0.0517005648690621;0;0.10408549812358246;316901.76;1;0;1;0.05170056486906226;0;0.10358753216869548;316901.7599999997;1;0;0.0517005648690621;0
3080;1786618628;0;2924.485185185182;7.901212185185184;46.53209318518518;2281.879033286399;14.14506637036482;50.6012550521671;506.012550521671;-0.2854688300814132;2.978523555556346;8.420865333348542;415737.8254608084;5153755.877800282;2;63757;41.06789477306674;8.999643775635114;360.9802679840123;171.333609836639;26.54660382834667;723.569431588165;161.7393260539084;26.69390305090146;0;186;-1;;50;;;0;288.15;350;257.2040133662764;332.2040133662764;1;;;;74.83378273287532;1083.29673274437;6.71252670416075;6.71252670416075;2.936730433070328;2.936730433070328;35800.14242219067;6712.52670416075;171.2210123642751;171.2210123642751;12;12;0.2;72.2902591909787;5.800575277479614;6.769675407560178;12;0.6666666666666666;0.3169017600000001;72.51689088576902;5.810497202572864;6.779597332653428;12;0.6666666666666666;0.3169017600000001;136;0.10411413269666974;316901.76;1;0;1;0.05170056486906226;0;0.10359057610238318;316901.7599999997;1;0;0.0517005648690621;0;0.10411413269666974;316901.76;1;0;1;0.05170056486906226;0;0.10359057610238318;316901.7599999997;1;0;0.0517005648690621;0
3090;1786618638;0;2934.011494252869;7.90283091954023;46.53650551724138;2284.129085784;5.482207241393566;51.20664738913128;512.066473891313;0.3375034297308855;1.951618965516752;-10.505549425302172;415868.7746342126;5154244.432815638;2;63757;41.23022084735777;9.798762899250786;361.0184960816432;164.8488879323799;26.75527776464169;719.468875519486;155.2584970779651;20.86638957322095;0;186;-1;;50;;;0;288.15;350;256.7028441028195;331.7028441028195;1;;;;0;1221.473447956081;6.663990773444762;6.663990773444762;2.915495963382084;2.915495963382084;35541.28412503873;6663.990773444762;171.1716483617278;171.1716483617278;12;12;0.2;72.40939359393022;5.80585267169457;6.774952801775134;12;0.6666666666666666;0.3169017600000001;72.6425820845877;5.81579006625793;6.784890196338494;12;0.6666666666666666;0.3169017600000001;136;0.10410045471392116;316901.76;1;0;1;0.05170056486906226;0;0.10359350643923112;316901.7599999996;1;0;0.0517005648690621;0;0.10410045471392116;316901.76;1;0;1;0.05170056486906226;0;0.10359350643923112;316901.7599999996;1;0;0.0517005648690621;0
3100;1786618648;0;2943.521072796932;7.903537739463602;46.54108490421456;2283.73092199384;9.512770268196852;51.81962287432086;518.1962287432086;-0.2455035905362169;1.728772911876915;5.722703103455426;415930.042292731;5154752.524268106;2;63757;41.38638370492868;10.601960857827674;361.0551757572075;158.3439052401331;26.60996574217392;722.4565526051642;151.9989669618095;27.92208668806734;0;186;-1;;50;;;0;288.15;350;257.0518238057672;332.0518238057672;1;;;;0;1302.490494140274;6.697705234867562;6.697705234867562;2.930246040254558;2.930246040254558;35721.09458596033;6697.705234867562;171.2076428314438;171.2076428314438;12;12;0.2;72.32493458591902;5.802125620931334;6.771225751011898;12;0.6666666666666666;0.3169017600000001;72.5535563298377;5.812056372861678;6.781156502942242;12;0.6666666666666666;0.3169017600000001;136;0.10411042053195944;316901.76;1;0;1;0.05170056486906226;0;0.1035964602340467;316901.7599999996;1;0;0.0517005648690621;0;0.10411042053195944;316901.76;1;0;1;0.05170056486906226;0;0.1035964602340467;316901.7599999996;1;0;0.0517005648690621;0
3110;1786618658;0;2953.030651340995;7.90540643678161;46.54556440613028;2283.64196249361;15.202645900385748;52.33001834558132;523.3001834558132;0.3125301638361027;1.659119693486619;-4.823784482763274;416080.2249992192;5155248.281582628;2;63757;41.53632173918984;11.409125930904672;361.0902834250728;151.9975932447217;26.12733267106272;732.3735065177432;135.5264865150974;21.58329765034785;0;186;-1;;50;;;0;288.15;350;258.2112000262512;333.2112000262512;1;;;;0;1247.119146129747;6.81249153848884;6.81249153848884;2.980465048088868;2.980465048088868;36333.28820527382;6812.49153848884;171.3260606505885;171.3260606505885;12;12;0.2;72.0415114553187;5.789100517101506;6.75820064718207;12;0.6666666666666666;0.3169017600000001;72.25499599224674;5.798986481179758;6.768086611260322;12;0.6666666666666666;0.3169017600000001;136;0.10414349992954914;316901.76;1;0;1;0.05170056486906226;0;0.10359956841413478;316901.7599999996;1;0;0.0517005648690621;0;0.10414349992954914;316901.76;1;0;1;0.05170056486906226;0;0.10359956841413478;316901.7599999996;1;0;0.0517005648690621;0
3120;1786618668;0;2962.574712643676;7.907675172413794;46.5500043678161;2282.069097366345;19.83750770114825;52.55259884330976;525.5259884330976;-0.02144403747687479;1.899203563218651;4.117441264364859;416260.9910056287;5155739.224559024;2;63757;41.67997264610509;12.220127446688292;361.1237958765969;145.9461513984486;25.34761639008864;748.9537754464886;128.0487151759766;27.48812796447638;0;186;-1;;50;;;0;288.1500000000001;350;260.0831751825923;335.0831751825923;1;;;;860.588501428066;883.0133465138684;7.007560093192492;7.007560093192492;3.065807540771715;3.065807540771715;37373.65383035996;7007.560093192492;171.5205084303897;171.5205084303897;12;12;0.2;71.56665262813102;5.765379893373042;6.734480023453606;12;0.6666666666666666;0.3169017600000001;71.75580685083998;5.775124908962896;6.74422503904346;12;0.6666666666666666;0.3169017600000001;136;0.10419880575358272;316901.76;1;0;1;0.05170056486906226;0;0.10360295393582658;316901.7599999996;1;0;0.0517005648690621;0;0.10419880575358272;316901.76;1;0;1;0.05170056486906226;0;0.10360295393582658;316901.7599999996;1;0;0.0517005648690621;0
3130;1786618678;0;2972.049808429116;7.910920421455938;46.55417042145594;2280.781772534343;32.5009909195369;52.48276530900152;524.8276530900152;-0.1346356189454759;2.18831490421515;2.899884329491704;416516.1633241084;5156198.703594264;2;60910;45.03425840335815;0.3855869914986898;363.7019541609161;256.6141627049905;26.95445284571931;720.6957400003758;224.4480724879084;23.36305648431248;0;56;-1;;50;;;0;288.15;350;256.2246503958637;331.2246503958637;1;;;;0;835.4921778579684;6.618395725658212;6.618395725658212;2.895548129975468;2.895548129975468;35298.1105368438;6618.395725658212;171.1864472422793;171.1864472422793;12;12;0.2;72.46013759457194;5.808058827502344;6.777158957582908;12;0.6666666666666666;0.3169017600000001;72.6995915343458;5.818142773660064;6.787242903740628;12;0.6666666666666666;0.3169017600000001;136;0.10410454709332614;316901.76;1;0;1;0.05170056486906226;0;0.10360577187491366;316901.7599999996;1;0;0.0517005648690621;0;0.10410454709332614;316901.76;1;0;1;0.05170056486906226;0;0.10360577187491366;316901.7599999996;1;0;0.0517005648690621;0
3140;1786618688;0;2981.524904214554;7.915246704980842;46.55783471264368;2282.284773180689;39.13383490422558;52.314693732587;523.14693732587;0.4098988855596688;1.569455057472093;-8.46018869729359;416853.3916937085;5156601.299346546;2;60910;45.38089525297842;1.130440204046237;363.7787528195477;258.4844218585831;30.22210107163141;661.8144952533318;214.1952845025558;34.01309750094567;6.5;56;-1;;50;;;0;288.15;350;248.451331573826;323.451331573826;1;;;;0;642.1186886080114;5.960028573584132;5.960028573584132;2.607512500943058;2.607512500943058;31786.81905911537;5960.028573584132;170.4461336422741;170.4461336422741;12;12;0.2;80.64685397568366;5.970307726661858;6.939407856742422;12;0.6666666666666666;0.3169017600000001;80.98944498549184;5.972552883239706;6.94165301332027;12;0.6666666666666666;0.3169017600000001;136;0.10390814040204426;316901.76;1;0;1;0.05170056486906226;0;0.10360746108456242;316901.7599999996;1;0;0.0517005648690621;0;0.10390814040204426;316901.76;1;0;1;0.05170056486906226;0;0.10360746108456242;316901.7599999996;1;0;0.0517005648690621;0
3150;1786618698;0;2991.06666666666;7.91999933333333;46.56121933333334;2282.739254476796;53.89194866666598;52.52009368838624;525.2009368838624;-0.3340986815199435;2.16884800000229;2.127339333345245;417222.8275191941;5156972.390088262;2;60910;45.72203351374822;1.884869446652648;363.8545935137018;260.8732600531748;34.01177773011742;605.6432139775398;207.8381136922003;31.10475244875446;6.5;56;-1;;50;;;0;288.15;350;239.7813224967609;314.7813224967608;1;;;;0;465.668890634991;5.363240586261248;5.363240586261248;2.346417756489296;2.346417756489296;28603.94979339333;5363.240586261248;169.6757452521483;169.6757452521483;12;12;0.2;82.27512509758604;5.979569458868392;6.948669588948956;12;0.6666666666666666;0.3169017600000001;82.73571598456272;5.981620934262106;6.95072106434267;12;0.6666666666666666;0.3169017600000001;136;0.10372077317589546;316901.76;1;0;1;0.05170056486906226;0;0.10360809059618094;316901.7599999996;1;0;0.0517005648690621;0;0.10372077317589546;316901.76;1;0;1;0.05170056486906226;0;0.10360809059618094;316901.7599999996;1;0;0.0517005648690621;0
3160;1786618708;0;3000.578544061298;7.925505555555554;46.5640435632184;2283.411897550069;53.32924578544056;52.577372194811;525.77372194811;0.05830865756904206;1.411536091954113;-0.02435452107293661;417649.1258058214;5157280.447373746;2;60910;46.05754289629576;2.648952040141391;363.9294245841156;264.0260929732541;38.41452352436979;553.026636257997;210.0689737386305;37.20875347706116;6.5;56;-1;;50;;;0;288.15;350;230.4105330570535;305.4105330570535;1;;;;0;726.1607488064006;4.82822453727649;4.82822453727649;2.112348235058464;2.112348235058464;25750.53086547461;4828.224537276488;168.8863291306398;168.8863291306398;12;12;0.2;83.83362678951016;5.985719697170724;6.954819827251288;12;0.6666666666666666;0.3169017600000001;84.42546712291194;5.987536378131666;6.95663650821223;12;0.6666666666666666;0.3169017600000001;136;0.10354526316450102;316901.76;1;0;1;0.05170056486906226;0;0.10360774348329874;316901.7599999996;1;0;0.0517005648690621;0;0.10354526316450102;316901.76;1;0;1;0.05170056486906226;0;0.10360774348329874;316901.7599999996;1;0;0.0517005648690621;0
3170;1786618718;0;3010.088122605361;7.93100111111111;46.56688643678162;2283.361927400185;53.40817900383142;52.95365670939798;529.5365670939798;0.008116862883224828;1.300622758620709;-0.08948076628352172;418074.5912144148;5157590.61697631;2;60910;46.38729125774598;3.422757088675979;364.0031951996534;268.3357436953798;43.50436185993349;505.03284171826;214.1641587451012;42.48371737198365;6.5;56;-1;;50;;;0;288.15;350;220.6837894222372;295.6837894222373;1;;;;0;838.8700819374418;4.357869424882586;4.357869424882586;1.906567873386131;1.906567873386131;23241.97026604046;4357.869424882586;168.0978005572192;168.0978005572192;12;12;0.2;85.29829083699702;5.98980293306323;6.958903063143794;12;0.6666666666666666;0.3169017600000001;86.03069612646118;5.9913838388111;6.960483968891664;12;0.6666666666666666;0.3169017600000001;136;0.1033851730979933;316901.76;1;0;1;0.05170056486906226;0;0.10360652056909376;316901.7599999996;1;0;0.0517005648690621;0;0.1033851730979933;316901.76;1;0;1;0.05170056486906226;0;0.10360652056909376;316901.7599999996;1;0;0.0517005648690621;0
3180;1786618728;0;3019.597701149421;7.936536666666664;46.56974931034484;2283.262538192829;53.41638091954024;53.27538244992844;532.7538244992844;0.0543622217994138;1.25273264367818;-0.09476482758620438;418503.1080482903;5157902.997204792;2;60910;46.7111408269388;4.206335309514487;364.0758545129129;274.5056891643023;49.26577029439948;463.1101955686486;220.0230242975244;48.3751231175614;6.5;56;-1;;50;;;0;288.15;350;211.1648595038655;286.1648595038655;1;;;;0;619.114986457741;3.959117500206447;3.959117500206447;1.73211390634032;1.73211390634032;21115.29333443438;3959.117500206447;167.3450949883869;167.3450949883869;12;12;0.2;86.6242022975512;5.992483456142742;6.961583586223306;12;0.6666666666666666;0.3169017600000001;87.49871971937246;5.993853399757306;6.96295352983787;12;0.6666666666666666;0.3169017600000001;136;0.10324533420268122;316901.76;1;0;1;0.05170056486906226;0;0.10360454687310244;316901.7599999996;1;0;0.0517005648690621;0;0.10324533420268122;316901.76;1;0;1;0.05170056486906226;0;0.10360454687310244;316901.7599999996;1;0;0.0517005648690621;0
3190;1786618738;0;3029.107279693488;7.942103295019158;46.57263218390804;2283.424743398621;53.40957785440614;54.5762250711513;545.762250711513;-0.1687272280239733;1.25546750957852;-0.11541605363983334;418933.9914280906;5158217.597779892;2;60910;47.02895628110612;4.999737039989978;364.1473534685838;283.7983802838193;55.44891016964528;429.0446039313117;229.0776760685778;54.72694772972936;6.5;56;-1;;50;;;0;288.15;350;202.6576134045898;277.6576134045898;1;;;;0;494.2420735746106;3.642452913937718;3.642452913937718;1.593573149847752;1.593573149847752;19426.41554100116;3642.452913937718;166.6814570277554;166.6814570277554;12;12;0.2;87.74304560094402;5.994189424003734;6.963289554084298;12;0.6666666666666666;0.3169017600000001;88.7486301806678;5.995389789473888;6.964489919554452;12;0.6666666666666666;0.3169017600000001;136;0.10313170362016224;316901.76;1;0;1;0.05170056486906226;0;0.10360197707281472;316901.7599999996;1;0;0.0517005648690621;0;0.10313170362016224;316901.76;1;0;1;0.05170056486906226;0;0.10360197707281472;316901.7599999996;1;0;0.0517005648690621;0
3200;1786618748;0;3038.651340996167;7.947813831417626;46.57557842911878;2285.610228393196;53.44881229885058;57.05866242549392;570.5866242549392;0.05924162664852538;0.3634813026821035;-0.10550444444443322;419375.9506296378;5158539.12330524;2;60910;47.34060078530956;5.803002389282676;364.2176439187488;298.3023517551153;61.27859691855136;404.8291160313843;244.113988354457;61.21704045696462;6.5;56;-1;;50;;;0;288.15;350;196.1520391310415;271.1520391310416;1;;;;0;384.1735966249671;3.420882407025412;3.420882407025412;1.496636053073618;1.496636053073618;18244.7061708022;3420.882407025412;166.1768429465968;166.1768429465968;12;12;0.2;88.56616728578908;5.9951920808025;6.964292210883064;12;0.6666666666666666;0.3169017600000001;89.6747189814248;5.996274743915686;6.96537487399625;12;0.6666666666666666;0.3169017600000001;136;0.10305092944705102;316901.76;1;0;1;0.05170056486906226;0;0.10359899843699978;316901.7599999996;1;0;0.0517005648690621;0;0.10305092944705102;316901.76;1;0;1;0.05170056486906226;0;0.10359899843699978;316901.7599999996;1;0;0.0517005648690621;0
3210;1786618758;0;3048.160919540229;7.953781379310344;46.57866149425288;2285.556224092691;53.47014011494252;58.59473298796834;585.9473298796834;-0.12194235155356648;-0.1729647126436269;-0.1458942528735612;419837.7567872997;5158875.622509202;2;60910;47.64593248232734;6.616150667885632;364.2866778217013;319.9419927939357;65.11826652382878;392.287157612752;266.9494643645177;65.27367064326302;6.5;56;-1;;50;;;0;288.15;350;192.6166808276133;267.6166808276133;1;;;;0;316.0000122159782;3.306957776533557;3.306957776533557;1.446794027233431;1.446794027233431;17637.10814151231;3306.957776533557;165.9034899582837;165.9034899582837;12;12;0.2;89.00328693043426;5.995652213532552;6.964752343613116;12;0.6666666666666666;0.3169017600000001;90.16883557424948;5.996675207858884;6.965775337939448;12;0.6666666666666666;0.3169017600000001;136;0.10300909397693178;316901.76;1;0;1;0.05170056486906226;0;0.10359582690764458;316901.7599999996;1;0;0.0517005648690621;0;0.10300909397693178;316901.76;1;0;1;0.05170056486906226;0;0.10359582690764458;316901.7599999996;1;0;0.0517005648690621;0
3220;1786618768;0;3057.648148148144;7.959917777777776;46.58182037037038;2284.931695360445;53.4806012962963;59.912809844771;599.12809844771;0.11612148183326662;-0.459660925925838;-0.1638966666666595;420312.5590826958;5159220.409899794;2;61254;46.04466239610352;6.224163847826944;364.343530804902;246.5599974494766;66.51497915421;388.3465202566616;192.829501631898;66.99962499957166;6.5;71;-1;;50;;;0;288.15;350;191.471310405046;266.471310405046;1;;;;0;293.9991319731662;3.270951597174415;3.270951597174415;1.431041323763807;1.431041323763807;17445.07518493022;3270.951597174416;165.815796503879;165.815796503879;12;12;0.2;89.14273926766766;5.995789537147752;6.964889667228316;12;0.6666666666666666;0.3169017600000001;90.32691513489872;5.99679400763324;6.965894137713804;12;0.6666666666666666;0.3169017600000001;136;0.1029959494255899;316901.76;1;0;1;0.05170056486906226;0;0.10359261900667104;316901.7599999995;1;0;0.0517005648690621;0;0.1029959494255899;316901.76;1;0;1;0.05170056486906226;0;0.10359261900667104;316901.7599999995;1;0;0.0517005648690621;0
3230;1786618778;0;3067.180076628353;7.966180651340998;46.58506122605364;2284.300471705931;53.4838140229885;60.43821584957092;604.3821584957092;-0.09807094830725924;-0.6092402298850608;-0.1744706513409964;420797.1159653479;5159574.216428764;2;61254;45.70897578522656;6.98777677690461;364.2751897512562;218.1684616398408;69.92815664378926;379.6847780864295;163.8579666721671;70.46759251743276;6.5;71;-1;;50;;;0;288.15;350;188.9769934124754;263.9769934124754;1;;;;0;328.6947741664794;3.193993513609233;3.193993513609233;1.397372162204039;1.397372162204039;17034.63207258257;3193.993513609232;165.6198718672709;165.6198718672709;12;12;0.2;89.44929114940072;5.99607636142767;6.965176491508234;12;0.6666666666666666;0.3169017600000001;90.67431081168246;5.997040384884976;6.966140514965542;12;0.6666666666666666;0.3169017600000001;136;0.10296705696369138;316901.76;1;0;1;0.05170056486906226;0;0.10358929154899562;316901.7599999995;1;0;0.0517005648690621;0;0.10296705696369138;316901.76;1;0;1;0.05170056486906226;0;0.10358929154899562;316901.7599999995;1;0;0.0517005648690621;0
3240;1786618788;0;3076.666666666664;7.972506666666666;46.58832333333334;2283.827655856001;53.48601333333334;60.81462572175546;608.1462572175546;-0.11041072726146956;-0.6864166666666518;-0.1797733333333324;421286.4837609289;5159930.359773034;2;61254;45.3676687891017;7.741736900533166;364.2057864053804;187.5905690533097;67.89961682983196;384.5113636895891;132.6688551215924;68.24111704087904;6.5;71;-1;;50;;;0;288.15;350;190.407880389677;265.407880389677;1;;;;0;446.4953828424214;3.237901179482666;3.237901179482666;1.416581766023666;1.416581766023666;17268.80629057422;3237.901179482666;165.729591728563;165.729591728563;12;12;0.2;89.27645401841554;5.995917137577768;6.965017267658332;12;0.6666666666666666;0.3169017600000001;90.4779963256566;5.99690358014064;6.966003710221204;12;0.6666666666666666;0.3169017600000001;136;0.10298315672028752;316901.76;1;0;1;0.05170056486906226;0;0.10358608448640986;316901.7599999995;1;0;0.0517005648690621;0;0.10298315672028752;316901.76;1;0;1;0.05170056486906226;0;0.10358608448640986;316901.7599999995;1;0;0.0517005648690621;0
3250;1786618798;0;3086.164750957853;7.978870383141762;46.59160766283524;2283.516058010208;53.48789636015326;61.24422282046378;612.4422282046378;-0.04135760480933602;-0.7267877777777724;-0.1829962452107276;421778.7137243349;5160288.974122124;2;61254;45.02087167004972;8.48612199972033;364.1353716382983;167.0929199190979;61.9516178237198;402.3399692978644;112.25174077469408;62.06650121031268;6.5;71;-1;;50;;;0;288.15;350;195.4905658141843;270.4905658141843;1;;;;0;493.2883670298566;3.399237589125587;3.399237589125587;1.487166445242444;1.487166445242444;18129.26714200313;3399.237589125587;166.1232717116495;166.1232717116495;12;12;0.2;88.65085294646736;5.995284874737648;6.964385004818212;12;0.6666666666666666;0.3169017600000001;89.77001216638678;5.996355559572724;6.965455689653288;12;0.6666666666666666;0.3169017600000001;136;0.1030426265472712;316901.76;1;0;1;0.05170056486906226;0;0.10358322418146702;316901.7599999995;1;0;0.0517005648690621;0;0.1030426265472712;316901.76;1;0;1;0.05170056486906226;0;0.10358322418146702;316901.7599999995;1;0;0.0517005648690621;0
3260;1786618808;0;3095.674329501913;7.985278544061302;46.59491601532568;2283.325092740598;53.48942766283526;61.09527588821036;610.9527588821036;-0.0833682643173147;-0.7479019540229838;-0.1845776628352487;422274.3237211014;5160650.253703398;2;61254;44.66871274332825;9.221017407073278;364.0639971260298;155.3283475660487;54.90459746955996;431.5604467545404;100.82649319683752;54.8711460353281;6.5;71;-1;;50;;;0;288.15;350;203.3383024809531;278.3383024809532;1;;;;0;579.1894381178286;3.666603767487361;3.666603767487361;1.60413914827572;1.60413914827572;19555.22009326592;3666.603767487361;166.7322408230438;166.7322408230438;12;12;0.2;87.65754495367798;5.994073975036036;6.9631741051166;12;0.6666666666666666;0.3169017600000001;88.65249565466252;5.99528665691766;6.964386786998224;12;0.6666666666666666;0.3169017600000001;136;0.10314009556851214;316901.76;1;0;1;0.05170056486906226;0;0.10358090413637302;316901.7599999995;1;0;0.0517005648690621;0;0.10314009556851214;316901.76;1;0;1;0.05170056486906226;0;0.10358090413637302;316901.7599999995;1;0;0.0517005648690621;0
3270;1786618818;0;3105.114942528731;7.991678160919538;46.59821022988506;2283.215062965241;53.49104068965518;61.30742069381462;613.0742069381462;0.00997226310443785;-0.7589854022988464;-0.1855191954022985;422769.1998355007;5161010.010816228;2;61254;44.31132264752855;9.946506694343042;363.9917162007314;148.2722710547346;48.18109049253306;470.0487081871782;93.91035993119394;48.05354741690592;6.5;71;-1;;50;;;0;288.15;350;212.8370231511374;287.8370231511374;1;;;;0;677.350225056483;4.025462492633969;4.025462492633969;1.761139840527361;1.761139840527361;21469.13329404783;4025.462492633968;167.4742654122253;167.4742654122253;12;12;0.2;86.39966094709826;5.992084972997826;6.961185103078392;12;0.6666666666666666;0.3169017600000001;87.24887484566822;5.993489696029642;6.962589826110206;12;0.6666666666666666;0.3169017600000001;136;0.10326847858951744;316901.76;1;0;1;0.05170056486906226;0;0.10357927691998314;316901.7599999995;1;0;0.0517005648690621;0;0.10326847858951744;316901.76;1;0;1;0.05170056486906226;0;0.10357927691998314;316901.7599999995;1;0;0.0517005648690621;0
3280;1786618828;0;3114.603703703702;7.99809448148148;46.6015212962963;2283.140797737156;53.4922073333335;60.85335079218856;608.5335079218856;0.1632653582571343;-0.7354473333333776;-3.770805518510131;423265.3198504563;5161371.664340798;2;61254;43.94882577373034;10.662688818332742;363.9185820983339;143.7057105149353;42.2412635796392;515.731609828618;89.41605064568108;38.4670239039164;6.5;71;-1;;50;;;0;288.15;350;222.9824517878373;297.9824517878374;1;;;;0;794.2944500693684;4.462599411679081;4.462599411679081;1.952387242609598;1.952387242609598;23800.53019562177;4462.599411679081;168.2798831562109;168.2798831562109;12;12;0.2;84.96565888198532;5.988992266267132;6.958092396347698;12;0.6666666666666666;0.3169017600000001;85.66443243358822;5.990626488776148;6.959726618856712;12;0.6666666666666666;0.3169017600000001;136;0.10342086034703796;316901.76;1;0;1;0.05170056486906226;0;0.10357845610872436;316901.7599999995;1;0;0.0517005648690621;0;0.10342086034703796;316901.76;1;0;1;0.05170056486906226;0;0.10357845610872436;316901.7599999995;1;0;0.0517005648690621;0
3290;1786618838;0;3124.065134099616;8.003332145593872;46.6056445210728;2280.004660491954;26.27015498084677;60.72551506058942;607.2551506058942;0.7141178790080688;0.1033281992338198;-19.25685747126474;423672.255386864;5161824.74367376;2;61254;43.58134436473558;11.369668511474504;363.8446487750289;140.5477464099535;37.13548340875702;566.969222450082;109.7891339033216;19.17054948715699;0;71;-1;;50;;;0;288.15;350;233.0454671764009;308.0454671764009;1;;;;0;874.0933058191714;4.969340678613312;4.969340678613312;2.174086546893324;2.174086546893324;26503.15028593767;4969.340678613312;169.1025978257068;169.1025978257068;12;12;0.2;76.91450364127142;5.930197792427446;6.89929792250801;12;0.6666666666666666;0.3169017600000001;77.46903585851996;5.938506049267946;6.90760617934851;12;0.6666666666666666;0.3169017600000001;136;0.10359177062597988;316901.76;1;0;1;0.05170056486906226;0;0.10357852474025662;316901.7599999995;1;0;0.0517005648690621;0;0.10359177062597988;316901.76;1;0;1;0.05170056486906226;0;0.10357852474025662;316901.7599999995;1;0;0.0517005648690621;0
3300;1786618848;0;3133.555555555553;8.004796666666668;46.61101222222222;2280.869282634667;356.7110988888964;60.76307575889332;607.6307575889332;0.6235148964120438;-0.2145588888888916;-18.16255222222224;423791.9412478041;5162419.774135386;2;63318;43.10846818305658;5.651803418175192;360.765198594635;206.3715433789921;36.65988509216845;567.70097016747;194.6710008412933;43.72336345357998;6.5;166;-1;;50;;;0;288.15;350;234.0440230981366;309.0440230981366;1;;;;0;1067.959548274813;5.024589944785388;5.024589944785388;2.198258100843607;2.198258100843607;26797.8130388554;5024.589944785388;169.1138008710299;169.1138008710299;12;12;0.2;83.32387977582604;5.983944519477598;6.953044649558162;12;0.6666666666666666;0.3169017600000001;83.86435673165684;5.985820221333368;6.954920351413932;12;0.6666666666666666;0.3169017600000001;136;0.10359421147363252;316901.76;1;0;1;0.05170056486906226;0;0.10357860518504314;316901.7599999995;1;0;0.0517005648690621;0;0.10359421147363252;316901.76;1;0;1;0.05170056486906226;0;0.10357860518504314;316901.7599999995;1;0;0.0517005648690621;0
3310;1786618858;0;3143.048148148145;8.00226688888889;46.61619311111112;2281.011810862578;327.4770822963071;60.52809171478572;605.2809171478572;0.5760898629508434;-0.2259221851851865;-18.14250318518519;423605.5098782008;5162997.912265846;2;63318;43.07819692763276;6.504050838631572;360.7595084227469;197.2939494301674;38.1354022202731;551.2170008949288;216.1408278916511;50.73774145496404;6.5;166;-1;;50;;;0;288.15;350;230.9791889680089;305.9791889680089;1;;;;0;1125.367564187685;4.858126567868196;4.858126567868196;2.125430373442336;2.125430373442336;25910.00836196371;4858.126567868196;168.8578602192668;168.8578602192668;12;12;0.2;83.8191115319076;5.98567196759074;6.954772097671304;12;0.6666666666666666;0.3169017600000001;84.40287308391842;5.987471461236392;6.956571591316958;12;0.6666666666666666;0.3169017600000001;136;0.10353922687067582;316901.76;1;0;1;0.05170056486906226;0;0.10357840427527596;316901.7599999995;1;0;0.0517005648690621;0;0.10353922687067582;316901.76;1;0;1;0.05170056486906226;0;0.10357840427527596;316901.7599999995;1;0;0.0517005648690621;0
3320;1786618868;0;3152.540740740739;7.996404444444446;46.619856;2281.083315633068;298.2944027407463;60.4579134295752;604.5791342957518;0.7040990893206896;-0.2237969629629635;-18.13140251851852;423161.8184544752;5163410.623263082;2;63318;43.04096243394668;7.355322384305406;360.7521126304764;187.4902199447761;38.85207079060601;543.6351063884402;240.1362415664832;55.35524658986022;6.5;166;-1;;50;;;0;288.15;350;229.5263451165141;304.5263451165141;1;;;;0;1094.055373858521;4.782310652995292;4.782310652995292;2.092260910685441;2.092260910685441;25505.6568159749;4782.310652995294;168.7375580318773;168.7375580318773;12;12;0.2;84.0483990969269;5.986407648327348;6.955507778407912;12;0.6666666666666666;0.3169017600000001;84.65283083859624;5.988171228287438;6.957271358368002;12;0.6666666666666666;0.3169017600000001;136;0.10351393639286638;316901.76;1;0;1;0.05170056486906226;0;0.1035780770271419;316901.7599999995;1;0;0.0517005648690621;0;0.10351393639286638;316901.76;1;0;1;0.05170056486906226;0;0.1035780770271419;316901.7599999995;1;0;0.0517005648690621;0
3330;1786618878;0;3162.034482758621;7.98869103448276;46.62107896551724;2281.11775900469;269.0415586206897;60.33904997186272;603.3904997186272;0.622386215178318;-0.2222203448275862;-18.12505310344828;422573.0042893279;5163554.064703872;2;63318;42.99678229898638;8.205412493919786;360.743016811437;177.4861730899205;38.68674370091456;545.342073926628;267.148421688408;56.804415960696;6.5;166;-1;;50;;;0;288.15;350;229.8593939430343;304.8593939430342;1;;;;0;947.0056387431528;4.799523315262728;4.799523315262728;2.099791450427443;2.099791450427443;25597.45768140121;4799.523315262728;168.7647882513229;168.7647882513229;12;12;0.2;83.99642567547184;5.986244265934594;6.955344396015158;12;0.6666666666666666;0.3169017600000001;84.5961102997509;5.988015941061478;6.957116071142044;12;0.6666666666666666;0.3169017600000001;136;0.10351963022369046;316901.76;1;0;1;0.05170056486906226;0;0.10357778184126588;316901.7599999995;1;0;0.0517005648690621;0;0.10351963022369046;316901.76;1;0;1;0.05170056486906226;0;0.10357778184126588;316901.7599999995;1;0;0.0517005648690621;0
3340;1786618888;0;3171.525925925924;7.981100814814816;46.61957274074074;2281.705399744355;241.4717597777816;60.92813807834644;609.2813807834644;0.463412859886086;-0.09335429629628376;-10.919204000004654;421989.7280112496;5163394.179929074;2;63318;42.94567662026563;9.054131487879476;360.7322275016941;167.8711646190199;37.66854008996924;556.2505627899032;289.0670443049617;48.06116590419298;6.5;166;-1;;50;;;0;288.15;350;231.9382971676998;306.9382971676999;1;;;;0;782.0705815734204;4.909240387348332;4.909240387348332;2.147792669464896;2.147792669464896;26182.61539919111;4909.240387348332;168.936817410622;168.936817410622;12;12;0.2;83.66667822504972;5.98516101062958;6.954261140710144;12;0.6666666666666666;0.3169017600000001;84.23684787446084;5.986983969564156;6.95608409964472;12;0.6666666666666666;0.3169017600000001;136;0.10355601702586704;316901.76;1;0;1;0.05170056486906226;0;0.10357767247033422;316901.7599999995;1;0;0.0517005648690621;0;0.10355601702586704;316901.76;1;0;1;0.05170056486906226;0;0.10357767247033422;316901.7599999995;1;0;0.0517005648690621;0
3350;1786618898;0;3181.051851851849;7.974444740740744;46.61655237037038;2283.314418443734;234.868186296297;60.9279505065792;609.279505065792;0.2348958304272199;-0.6828622222222348;-1.394408000000411;421475.7536031187;5163065.171408096;2;63318;42.88766937310366;9.901278562227042;360.7197524688427;159.1055355945276;35.95761568047942;575.9089094102302;284.7410682052964;37.13893952727476;6.5;166;-1;;50;;;0;288.15;350;235.5366756783931;310.5366756783931;1;;;;0;608.7851165843108;5.1091082031662;5.1091082031662;2.235234838885213;2.235234838885213;27248.57708355307;5109.108203166202;169.2384840866853;169.2384840866853;12;12;0.2;83.07770156374822;5.983009961159382;6.952110091239946;12;0.6666666666666666;0.3169017600000001;83.5972530119116;5.984922306767558;6.954022436848122;12;0.6666666666666666;0.3169017600000001;136;0.10362159021190204;316901.76;1;0;1;0.05170056486906226;0;0.10357789205904206;316901.7599999995;1;0;0.0517005648690621;0;0.10362159021190204;316901.76;1;0;1;0.05170056486906226;0;0.10357789205904206;316901.7599999995;1;0;0.0517005648690621;0
3360;1786618908;0;3190.5632183908;7.967910114942532;46.61340977011494;2283.95862480745;236.6534548275846;61.157390823809;611.57390823809;-0.06924367709460258;-0.7667008045972532;1.724312643676364;420970.8443026159;5162722.502601968;2;63318;42.82278699025991;10.746666045400728;360.7056004209617;151.4225503420033;33.78138337746726;603.5676974401236;275.245752601907;31.99636324846805;6.5;166;-1;;50;;;0;288.15;350;240.2940175986471;315.2940175986471;1;;;;0;462.7633735887798;5.39543520948648;5.39543520948648;2.360502904150335;2.360502904150335;28775.65445059456;5395.435209486478;169.6459279140486;169.6459279140486;12;12;0.2;82.25866266479954;5.979492050492104;6.948592180572668;12;0.6666666666666666;0.3169017600000001;82.71218580325092;5.981521297909086;6.95062142798965;12;0.6666666666666666;0.3169017600000001;136;0.10371384999793674;316901.76;1;0;1;0.05170056486906226;0;0.10357856846669826;316901.7599999994;1;0;0.0517005648690621;0;0.10371384999793674;316901.76;1;0;1;0.05170056486906226;0;0.10357856846669826;316901.7599999994;1;0;0.0517005648690621;0
3370;1786618918;0;3200.07279693486;7.961116130268204;46.61049961685824;2283.819920907861;241.9611155555534;61.175180262373;611.75180262373;-0.013205662178224144;-0.477825134098894;3.707734712658415;420446.3572384178;5162405.966136314;2;62066;50.45409315199388;6.5436274553568;364.2074136230322;346.7675907176645;36.32642965574396;576.92237153039;105.2282884504966;40.03126906580214;6.5;97;-1;;50;;;0;288.15;350;234.7500932458178;309.7500932458178;1;;;;0;384.7351215364484;5.064275121179594;5.064275121179594;2.215620365516072;2.215620365516072;27009.46731295783;5064.275121179594;169.2537557444574;169.2537557444574;12;12;0.2;83.12687746133184;5.98320088765554;6.952301017736104;12;0.6666666666666666;0.3169017600000001;83.6574434469722;5.985129477652032;6.954229607732596;12;0.6666666666666666;0.3169017600000001;136;0.10362497075765332;316901.76;1;0;1;0.05170056486906226;0;0.10357879818100992;316901.7599999994;1;0;0.0517005648690621;0;0.10362497075765332;316901.76;1;0;1;0.05170056486906226;0;0.10357879818100992;316901.7599999994;1;0;0.0517005648690621;0
3380;1786618928;0;3209.616858237544;7.953961187739466;46.60802812260536;2283.687576561012;246.5565947892693;61.10530798770302;611.0530798770302;-0.2277772137665688;-0.763468582375374;5.095588275859574;419894.8192787684;5162138.584320132;2;62066;50.22426501894918;7.459686734092376;364.1577465560941;354.986031153246;38.90361277108358;548.1477100079186;109.5265293143661;43.96865148141337;6.5;97;-1;;50;;;0;288.15;350;229.4227739728974;304.4227739728974;1;;;;0;244.6858381434854;4.776977807713028;4.776977807713028;2.08992779087445;2.08992779087445;25477.21497446949;4776.977807713028;168.8093602248351;168.8093602248351;12;12;0.2;83.98426286906232;5.98620574897434;6.955305879054904;12;0.6666666666666666;0.3169017600000001;84.59017192222388;5.987999565941236;6.9570996960218;12;0.6666666666666666;0.3169017600000001;136;0.10352898881829956;316901.76;1;0;1;0.05170056486906226;0;0.10357855281469116;316901.7599999994;1;0;0.0517005648690621;0;0.10352898881829956;316901.76;1;0;1;0.05170056486906226;0;0.10357855281469116;316901.7599999994;1;0;0.0517005648690621;0
3390;1786618938;0;3219.122222222221;7.946462222222224;46.60611555555556;2283.743656938401;251.3849973333346;60.98840386151138;609.8840386151138;0.1325901387771727;-0.7913524444443568;-5.647026111104752;419317.7155134161;5161933.711025252;2;62066;49.98661919405488;8.366442670977492;364.1063665928114;4.581956935694176;40.95863396531454;527.6986869657444;110.76453826577818;36.01287000177317;6.5;97;-1;;50;;;0;288.15;350;225.3948547659329;300.3948547659329;1;;;;0;115.27095223245214;4.576561449339172;4.576561449339172;2.002245634085888;2.002245634085888;24408.32772980892;4576.561449339172;168.4791284139379;168.4791284139379;12;12;0.2;84.60259319512194;5.9880337922181;6.957133922298664;12;0.6666666666666666;0.3169017600000001;85.26634874165158;5.989727746725482;6.958827876806046;12;0.6666666666666666;0.3169017600000001;136;0.10346077821961208;316901.76;1;0;1;0.05170056486906226;0;0.1035779754882447;316901.7599999994;1;0;0.0517005648690621;0;0.10346077821961208;316901.76;1;0;1;0.05170056486906226;0;0.1035779754882447;316901.7599999994;1;0;0.0517005648690621;0
3400;1786618948;0;3228.581481481478;7.93942877777778;46.60352066666668;2280.227517237421;233.3859160370422;61.22567476354894;612.2567476354894;0.2248499982686814;-0.2754072962974648;-6.678985111122288;418775.2031860901;5161652.594894762;2;62066;49.74129515053684;9.263765219339382;364.0533090125064;15.271553593337308;42.1552951228358;516.675080594925;137.2174623563197;38.01526608284308;6.5;97;-1;;50;;;0;288.15;350;223.141683291897;298.141683291897;1;;;;0;316.0895785416524;4.469990445603074;4.469990445603074;1.955620819951345;1.955620819951345;23839.9490432164;4469.990445603074;168.2957584606043;168.2957584606043;12;12;0.2;84.93915896632612;5.988924979427438;6.958025109508002;12;0.6666666666666666;0.3169017600000001;85.6356124184352;5.990564146552828;6.959664276633392;12;0.6666666666666666;0.3169017600000001;136;0.10342400742676306;316901.76;1;0;1;0.05170056486906226;0;0.10357722442453016;316901.7599999994;1;0;0.0517005648690621;0;0.10342400742676306;316901.76;1;0;1;0.05170056486906226;0;0.10357722442453016;316901.7599999994;1;0;0.0517005648690621;0
3410;1786618958;0;3238.076628352485;7.933098659003836;46.60014394636016;2282.66302159577;233.3323236398464;61.36808645804494;613.6808645804496;-0.05611243809721314;-0.6952359770116154;0.3271755172427759;418285.3312936113;5161283.922652168;2;62066;49.48843645706484;10.151531571562726;363.9986109349248;26.42708522458217;42.26199747531604;515.6581281456996;153.132394184425;43.03004563137572;6.5;97;-1;;50;;;0;288.15;350;222.944101291511;297.9441012915111;1;;;;0;802.0766963911106;4.460821998863922;4.460821998863922;1.951609624502966;1.951609624502966;23791.05066060758;4460.821998863921;168.278645498387;168.278645498387;12;12;0.2;84.969451570731;5.98900186295559;6.958101993036154;12;0.6666666666666666;0.3169017600000001;85.66878409755894;5.990635866288772;6.959735996369336;12;0.6666666666666666;0.3169017600000001;136;0.1034206152385272;316901.76;1;0;1;0.05170056486906226;0;0.10357646418576314;316901.7599999994;1;0;0.0517005648690621;0;0.1034206152385272;316901.76;1;0;1;0.05170056486906226;0;0.10357646418576314;316901.7599999994;1;0;0.0517005648690621;0
3420;1786618968;0;3247.586206896548;7.926681379310348;46.5968248275862;2282.978362572414;233.4200403448276;61.11715417180154;611.1715417180154;-0.11485579663911662;-0.7372362068965554;-0.1384724137931279;417788.8104008456;5160921.781125214;2;62066;49.22818455984508;11.029647289546814;363.9423100194527;37.25976791161436;41.26224987187429;524.6429099068994;163.6530884595292;41.93160768513951;6.5;97;-1;;50;;;0;288.15;350;224.8167080434821;299.8167080434821;1;;;;0;940.405047278321;4.548855546727582;4.548855546727582;1.990124301693317;1.990124301693317;24260.56291588044;4548.855546727582;168.4286843053483;168.4286843053483;12;12;0.2;84.69286453871572;5.988279619740542;6.957379749821106;12;0.6666666666666666;0.3169017600000001;85.36498666878038;5.989958156443136;6.9590582865237;12;0.6666666666666666;0.3169017600000001;136;0.10345058524451446;316901.76;1;0;1;0.05170056486906226;0;0.10357585607493584;316901.7599999994;1;0;0.0517005648690621;0;0.10345058524451446;316901.76;1;0;1;0.05170056486906226;0;0.10357585607493584;316901.7599999994;1;0;0.0517005648690621;0
3430;1786618978;0;3257.095785440611;7.92028390804598;46.59352551724138;2283.0498444903;233.463536743295;61.47005058020726;614.7005058020726;0.1450781330423499;-0.7552805747126418;-0.1752731417624494;417293.7773609158;5160561.860112118;2;62066;48.96068132831306;11.898034723389414;363.8844450560464;47.0955263913602;39.35378067015806;543.1336418697958;173.2687545896326;40.08381170735897;6.5;97;-1;;50;;;0;288.15;350;228.5234428133986;303.5234428133986;1;;;;0;1055.776155668579;4.731063048775888;4.731063048775888;2.069840083839451;2.069840083839451;25232.33626013807;4731.063048775888;168.7295422221064;168.7295422221064;12;12;0.2;84.13008333776316;5.986660522200786;6.95576065228135;12;0.6666666666666666;0.3169017600000001;84.7488413842761;5.98842951627205;6.957529646352614;12;0.6666666666666666;0.3169017600000001;136;0.10351226368728202;316901.76;1;0;1;0.05170056486906226;0;0.1035755503423029;316901.7599999994;1;0;0.0517005648690621;0;0.10351226368728202;316901.76;1;0;1;0.05170056486906226;0;0.1035755503423029;316901.7599999994;1;0;0.0517005648690621;0
3440;1786618988;0;3266.570881226054;7.913857509578544;46.59020019157088;2283.05582015853;233.4679441762453;61.27244549498334;612.7244549498334;-0.05879043883072724;-0.7648724521072798;-0.1805955172413794;416796.4292970522;5160199.118987824;2;63670;42.878689513531;7.880821758093384;360.7831939984208;180.3751355313517;38.0011549316454;552.694612767491;307.5227021363245;37.68199783495116;6.5;173;-1;;50;;;0;288.15;350;231.2539643838897;306.2539643838897;1;;;;0;1385.342553032607;4.872682021052782;4.872682021052782;2.131798384210592;2.131798384210592;25987.63744561484;4872.682021052782;168.8811127716614;168.8811127716614;12;12;0.2;83.77493551556014;5.985525724300248;6.954625854380812;12;0.6666666666666666;0.3169017600000001;84.35479876659728;5.987332209079824;6.956432339160388;12;0.6666666666666666;0.3169017600000001;136;0.10354415565334906;316901.76;1;0;1;0.05170056486906226;0;0.10357540012848016;316901.7599999993;1;0;0.0517005648690621;0;0.10354415565334906;316901.76;1;0;1;0.05170056486906226;0;0.10357540012848016;316901.7599999993;1;0;0.0517005648690621;0
3450;1786618998;0;3276.080459770116;7.907445287356322;46.58689183908046;2283.041735887725;233.467693908046;61.46399520968448;614.6399520968448;-0.07203264389063736;-0.7703597701149432;-0.1822332183908047;416300.1335968266;5159838.28917905;2;63670;42.93792622700346;8.727670737900508;360.7973124681648;170.612639295112;38.13375672297187;551.2872694111618;297.8161180699289;37.9394576512222;6.5;173;-1;;50;;;0;288.15;350;230.9825519548932;305.9825519548932;1;;;;0;1488.146643981725;4.858304289401692;4.858304289401692;2.12550812661324;2.12550812661324;25910.95621014235;4858.304289401692;168.8589674160265;168.8589674160265;12;12;0.2;83.81774886044344;5.985667478637188;6.954767608717752;12;0.6666666666666666;0.3169017600000001;84.4014626798413;5.987467397704178;6.956567527784742;12;0.6666666666666666;0.3169017600000001;136;0.1035394612612162;316901.76;1;0;1;0.05170056486906226;0;0.103575228991017;316901.7599999993;1;0;0.0517005648690621;0;0.1035394612612162;316901.76;1;0;1;0.05170056486906226;0;0.103575228991017;316901.7599999993;1;0;0.0517005648690621;0
3460;1786619008;0;3285.570370370368;7.901016444444446;46.58357037037038;2283.024651405512;233.4662973333334;61.14269424040826;611.4269424040826;-0.07033292844710068;-0.773329703703703;-0.1826271851851853;415802.4846509454;5159476.059994086;2;63670;42.99026581749825;9.576125733125778;360.8097177357013;161.0435225305732;37.40857763846706;559.2519213694924;288.2513263838764;37.34398883853639;6.5;173;-1;;50;;;0;288.15;350;232.4766461428504;307.4766461428505;1;;;;0;986.2552169646074;4.93831417469486;4.93831417469486;2.160512451429001;2.160512451429001;26337.67559837259;4938.31417469486;168.9835578395587;168.9835578395587;12;12;0.2;83.57814422680236;5.984855935139208;6.953956065219772;12;0.6666666666666666;0.3169017600000001;84.14070331753084;5.986693052056664;6.955793182137228;12;0.6666666666666666;0.3169017600000001;136;0.10356602848045668;316901.76;1;0;1;0.05170056486906226;0;0.10357518538670154;316901.7599999993;1;0;0.0517005648690621;0;0.10356602848045668;316901.76;1;0;1;0.05170056486906226;0;0.10357518538670154;316901.7599999993;1;0;0.0517005648690621;0
3470;1786619018;0;3295.031746031744;7.894618730158732;46.5802688888889;2283.007433879239;233.4737163492063;61.18278778365988;611.8278778365988;0.08592838380950568;-0.7687906349206658;-0.5802517460279386;415307.1921397893;5159116.058665364;2;63670;43.0356837572694;10.425986421741262;360.8204016391783;152.1560348549314;35.94695849705441;576.200812382248;279.213545718888;36.40121780177394;6.5;173;-1;;50;;;0;288.15;350;235.5594919883086;310.5594919883087;1;;;;0;721.9724981386162;5.110418652719794;5.110418652719794;2.23580816056491;2.23580816056491;27255.5661478389;5110.418652719794;169.2428854679188;169.2428854679188;12;12;0.2;83.0714164112814;5.98298540334455;6.952085533425114;12;0.6666666666666666;0.3169017600000001;83.59064877850328;5.98489940081024;6.953999530890804;12;0.6666666666666666;0.3169017600000001;136;0.1036225638954095;316901.76;1;0;1;0.05170056486906226;0;0.1035754088702332;316901.7599999993;1;0;0.0517005648690621;0;0.1036225638954095;316901.76;1;0;1;0.05170056486906226;0;0.1035754088702332;316901.7599999993;1;0;0.0517005648690621;0
3480;1786619028;0;3304.574712643676;7.889094367816094;46.57628689655174;2279.610287572966;209.3159247126521;60.69744493029448;606.9744493029448;0.7150371480431706;0.07290885057457386;-19.58654333333421;414877.693983906;5158679.538289884;2;63670;43.07415926683126;11.277060114387772;360.8293572444655;144.2519236328116;33.96734278074248;601.2880800706526;302.885441143144;51.29252885871482;6.5;173;-1;;50;;;0;288.15;350;239.8800428381025;314.8800428381025;1;;;;0;454.0158636367242;5.369413105717116;5.369413105717116;2.349118233751238;2.349118233751238;28636.86989715795;5369.413105717114;169.6130600324566;169.6130600324566;12;12;0.2;82.32893732056;5.979820462544494;6.948920592625058;12;0.6666666666666666;0.3169017600000001;82.78816640571088;5.981841105506566;6.95094123558713;12;0.6666666666666666;0.3169017600000001;136;0.10370624601288428;316901.76;1;0;1;0.05170056486906226;0;0.10357602312911888;316901.7599999994;1;0;0.0517005648690621;0;0.10370624601288428;316901.76;1;0;1;0.05170056486906226;0;0.10357602312911888;316901.7599999994;1;0;0.0517005648690621;0
3490;1786619038;0;3314.084291187736;7.88723337164751;46.57098026819924;2280.700269761747;179.5365100000104;60.72843626228324;607.2843626228324;0.6953435178086824;-0.2270218773946499;-18.17387099616861;414726.7794472623;5158091.891971996;2;63670;43.10567460303753;12.129151885456054;360.8365786678942;137.4368511547449;31.70578532027197;633.3562420369498;328.3557466091819;42.62993193435563;6.5;173;-1;;50;;;0;288.15;350;245.0007830356729;320.0007830356729;1;;;;0;384.6149997880839;5.708223502126586;5.708223502126586;2.497347782180382;2.497347782180382;30443.85867800846;5708.223502126586;170.0643692446666;170.0643692446666;12;12;0.2;81.39058816351132;5.974967555198536;6.9440676852791;12;0.6666666666666666;0.3169017600000001;81.77975819670076;5.977107492816348;6.946207622896912;12;0.6666666666666666;0.3169017600000001;136;0.10381321388719384;316901.76;1;0;1;0.05170056486906226;0;0.10357713149714726;316901.7599999994;1;0;0.0517005648690621;0;0.10381321388719384;316901.76;1;0;1;0.05170056486906226;0;0.10357713149714726;316901.7599999994;1;0;0.0517005648690621;0
3500;1786619048;0;3323.543650793645;7.889388333333332;46.56572361111112;2280.833527090953;150.3403946825575;60.57986565135138;605.7986565135138;0.6346370220311442;-0.2336351190476298;-18.14565198412699;414883.6937033665;5157505.461672234;2;63670;43.13021484327996;12.982054626277488;360.842061023538;131.6646587224895;29.34189371577651;671.3861664198022;351.560015859541;33.5203491489369;6.5;173;-1;;50;;;0;288.15;350;250.5260956408088;325.5260956408088;1;;;;0;492.1685508266574;6.122199551927582;6.122199551927582;2.678462303968318;2.678462303968318;32651.73094361377;6122.199551927582;170.5708559144556;170.5708559144556;12;12;0.2;80.2890109221334;5.967767011848176;6.93686714192874;12;0.6666666666666666;0.3169017600000001;80.60383327258382;5.970013155005464;6.939113285086028;12;0.6666666666666666;0.3169017600000001;136;0.10394006806036604;316901.76;1;0;1;0.05170056486906226;0;0.1035788195741855;316901.7599999995;1;0;0.0517005648690621;0;0.10394006806036604;316901.76;1;0;1;0.05170056486906226;0;0.1035788195741855;316901.7599999995;1;0;0.0517005648690621;0
3510;1786619058;0;3333.034482758621;7.89497551724138;46.5618603448276;2280.892234331586;121.14708448275868;60.42992361059132;604.2992361059132;0.8350919430407658;-0.2296555172413794;-18.1329648275862;415305.8751504265;5157070.175225936;2;63670;43.14776867848075;13.835569983889442;360.8458006001502;126.81602097641752;26.9985519643616;714.439664661141;13.374617400670888;23.87041815134311;0;173;-1;;50;;;0;288.15;350;256.118801940103;331.118801940103;1;;;;0;637.1283049678368;6.608395579125646;6.608395579125646;2.89117306586747;2.89117306586747;35244.77642200344;6608.395579125646;171.1107193019145;171.1107193019145;12;12;0.2;72.55024074557734;5.81191589792815;6.781016028008714;12;0.6666666666666666;0.3169017600000001;72.79108276884426;5.821857131840438;6.790957261921002;12;0.6666666666666666;0.3169017600000001;136;0.1040836790722259;316901.76;1;0;1;0.05170056486906226;0;0.10358115688667642;316901.7599999995;1;0;0.0517005648690621;0;0.1040836790722259;316901.76;1;0;1;0.05170056486906226;0;0.10358115688667642;316901.7599999995;1;0;0.0517005648690621;0
3520;1786619068;0;3342.54406130268;7.902582452107278;46.56038455938698;2280.931449572599;91.91446440613638;60.42541574982762;604.2541574982762;0.5141580181136088;-0.227795593869732;-18.12558076628353;415886.620684093;5156898.053172426;2;63670;43.15832793141405;14.68949846246647;360.8477947444799;122.74852169832416;24.74821473996584;761.7181612513756;35.72255421386456;14.611552762924924;0;173;-1;;50;;;0;288.15;350;261.5189898254289;336.5189898254289;1;;;;4415.193181239637;464.1840196093518;7.166208047425022;7.166208047425022;3.135216020748447;3.135216020748447;38219.77625293345;7166.208047425022;171.6672943503378;171.6672943503378;12;12;0.2;71.19181027397364;5.7448398722377;6.713940002318264;12;0.6666666666666666;0.3169017600000001;71.362394951826;5.754395282578568;6.723495412659132;12;0.6666666666666666;0.3169017600000001;136;0.10424138316160042;316901.76;1;0;1;0.05170056486906226;0;0.10358419940407238;316901.7599999995;1;0;0.0517005648690621;0;0.10424138316160042;316901.76;1;0;1;0.05170056486906226;0;0.10358419940407238;316901.7599999995;1;0;0.0517005648690621;0
3530;1786619078;0;3352.018518518523;7.910273703703708;46.561635;2281.213541252446;63.34910129628868;60.75886907291132;607.5886907291132;0.4301195309690682;-0.11605944444436814;-13.162558148139242;416478.0446342472;5157028.827242744;2;63760;40.8941294516935;6.293438032081158;360.3163098305022;192.251080748488;25.23486315979185;749.7802955664302;125.52797327622792;14.771877109746358;0;189;-1;;50;;;0;288.15;350;260.3535606737005;335.3535606737005;1;;;;0;1234.165476283061;7.036806123136606;7.036806123136606;3.078602678872265;3.078602678872265;37529.63265672857;7036.806123136606;171.5300885999636;171.5300885999636;12;12;0.2;71.51503129051244;5.76264979002733;6.731749920107896;12;0.6666666666666666;0.3169017600000001;71.7006825150454;5.772326415021606;6.74142654510217;12;0.6666666666666666;0.3169017600000001;136;0.10420156272794246;316901.76;1;0;1;0.05170056486906226;0;0.103587031345925;316901.7599999995;1;0;0.0517005648690621;0;0.10420156272794246;316901.76;1;0;1;0.05170056486906226;0;0.103587031345925;316901.7599999995;1;0;0.0517005648690621;0
3540;1786619088;0;3361.494252873559;7.916951034482756;46.56459804597702;2283.181010078621;55.06361804597816;61.03389110791454;610.3389110791454;0.001132964492120081;-0.7001124137931734;-1.553171034483665;416994.3443308635;5157351.024494836;2;63760;41.0628168433553;7.088377701994562;360.3584461425453;186.5121801768281;26.44236831972735;724.5013415624954;130.6799153588575;25.73113790924943;0;189;-1;;50;;;0;288.15;350;257.4543969582024;332.4543969582024;1;;;;1085.089849626692;636.7803506872506;6.737070451826472;6.737070451826472;2.947468322674081;2.947468322674081;35931.04240974118;6737.07045182647;171.2321920226968;171.2321920226968;12;12;0.2;72.24379789528758;5.798479364451144;6.767579494531708;12;0.6666666666666666;0.3169017600000001;72.46715752684096;5.80836209038204;6.777462220462604;12;0.6666666666666666;0.3169017600000001;136;0.10411724121374366;316901.76;1;0;1;0.05170056486906226;0;0.10358945239554974;316901.7599999995;1;0;0.0517005648690621;0;0.10411724121374366;316901.76;1;0;1;0.05170056486906226;0;0.10358945239554974;316901.7599999995;1;0;0.0517005648690621;0
3550;1786619098;0;3371.003831417626;7.923402567049808;46.56783134099616;2283.178935850391;53.79733137931032;61.24306971666394;612.4306971666394;0.1655539183557304;-0.7382950957854416;-0.515962183908002;417493.6942393142;5157703.530558486;2;63760;41.22540656104518;7.88752021275413;360.3991619918925;180.290771438707;27.41060257982978;705.509364674714;125.85736848414548;27.42859860641469;0;189;-1;;50;;;0;288.15;350;255.1304275849574;330.1304275849574;1;;;;1833.427676955443;557.4485501899308;6.516581580867204;6.516581580867204;2.851004441629402;2.851004441629402;34755.10176462509;6516.581580867204;171.0014637987484;171.0014637987484;12;12;0.2;72.79147887123986;5.821873050111358;6.790973180191922;12;0.6666666666666666;0.3169017600000001;73.0453037708262;5.831792099665922;6.800892229746486;12;0.6666666666666666;0.3169017600000001;136;0.1040538907978777;316901.76;1;0;1;0.05170056486906226;0;0.1035915634791967;316901.7599999996;1;0;0.0517005648690621;0;0.1040538907978777;316901.76;1;0;1;0.05170056486906226;0;0.1035915634791967;316901.7599999996;1;0;0.0517005648690621;0
3560;1786619108;0;3380.478927203064;7.929820881226054;46.57112762452108;2283.125580925702;53.54117463601534;61.37096284385462;613.7096284385462;0.003744259643736113;-0.7585726053639834;-0.2492349425287457;417990.5349194273;5158063.111078214;2;63760;41.38183267963798;8.690747120593194;360.4384318656267;173.6900587557185;28.06424859001313;693.3049837224812;119.72527217129696;28.22681331703847;0;189;-1;;50;;;0;288.15;350;253.5658856244596;328.5658856244595;1;;;;0;592.478782532438;6.376719224550358;6.376719224550358;2.789814660740781;2.789814660740781;34009.1691976019;6376.719224550358;170.8498945842956;170.8498945842956;12;12;0.2;73.14410022289816;5.83550467551111;6.804604805591676;12;0.6666666666666666;0.3169017600000001;73.41855597176368;5.845401297649818;6.814501427730384;12;0.6666666666666666;0.3169017600000001;136;0.10401318136497984;316901.76;1;0;1;0.05170056486906226;0;0.10359347125243554;316901.7599999996;1;0;0.0517005648690621;0;0.10401318136497984;316901.76;1;0;1;0.05170056486906226;0;0.10359347125243554;316901.7599999996;1;0;0.0517005648690621;0
3570;1786619118;0;3389.954022988503;7.936239195402298;46.57444344827586;2283.081212007173;53.49054574712644;61.24865994165524;612.4865994165524;-0.2999572681582431;-0.7693941379310324;-0.1989448275862131;418487.345742071;5158424.90306399;2;63760;41.53203349909959;9.497946815161218;360.476231823267;166.8629758081089;28.34497149214808;688.246370547445;113.2464765195294;28.46877176720803;6.5;189;-1;;50;;;0;288.15;350;252.8956273230219;327.8956273230219;1;;;;0;449.8459718913973;6.318727347336426;6.318727347336426;2.764443214459686;2.764443214459686;33699.87918579427;6318.727347336426;170.7862867394103;170.7862867394103;12;12;0.2;79.79107139127854;5.96386739403736;6.932967524117924;12;0.6666666666666666;0.3169017600000001;80.0743955833711;5.96614048966627;6.935240619746836;12;0.6666666666666666;0.3169017600000001;136;0.10399630764771296;316901.76;1;0;1;0.05170056486906226;0;0.10359528583079264;316901.7599999996;1;0;0.0517005648690621;0;0.10399630764771296;316901.76;1;0;1;0.05170056486906226;0;0.10359528583079264;316901.7599999996;1;0;0.0517005648690621;0
3580;1786619128;0;3399.463601532563;7.942650613026816;46.57774762452108;2283.052912097932;53.4818548275862;61.3050992703582;613.050992703582;-0.05167630994550966;-0.7754071647509558;-0.1891138314176262;418983.5510170252;5158785.448300562;2;60908;45.9736209870161;0.7310486229561386;364.0709729231112;265.7268699703688;29.31659525753561;677.6149314008694;212.4410609829941;30.07276400907006;6.5;54;-1;;50;;;0;288.15;350;250.5859884171697;325.5859884171697;1;;;;0;298.3735324132381;6.127012741240532;6.127012741240532;2.680568074292733;2.680568074292733;32677.40128661617;6127.012741240532;170.6510674869736;170.6510674869736;12;12;0.2;80.20188038997802;5.967116272236312;6.936216402316878;12;0.6666666666666666;0.3169017600000001;80.51590376578214;5.969401993551014;6.938502123631578;12;0.6666666666666666;0.3169017600000001;136;0.10396084498391714;316901.76;1;0;1;0.05170056486906226;0;0.10359692510950618;316901.7599999996;1;0;0.0517005648690621;0;0.10396084498391714;316901.76;1;0;1;0.05170056486906226;0;0.10359692510950618;316901.7599999996;1;0;0.0517005648690621;0
3590;1786619138;0;3408.973180076622;7.949062030651338;46.58106061302682;2283.037603605517;53.48132785440614;61.3972874351397;613.972874351397;-0.2426829491868399;-0.7785646360153244;-0.187272413793104;419479.7101014087;5159147.012863402;2;60908;46.3047757394578;1.50238588080294;364.1422139076986;268.7926480684393;32.77958274584063;623.1810714147402;215.7497382830935;33.52137762646671;6.5;54;-1;;50;;;0;288.15;350;242.5466476670226;317.5466476670227;1;;;;0;118.04543192588972;5.541101065923536;5.541101065923536;2.424231716341547;2.424231716341547;29552.53901825886;5541.101065923536;169.9236932137585;169.9236932137585;12;12;0.2;81.77150269646138;5.977064049898414;6.946164179978978;12;0.6666666666666666;0.3169017600000001;82.19410781734414;5.979185672041904;6.948285802122468;12;0.6666666666666666;0.3169017600000001;136;0.103779273171373;316901.76;1;0;1;0.05170056486906226;0;0.10359773916335382;316901.7599999997;1;0;0.0517005648690621;0;0.103779273171373;316901.76;1;0;1;0.05170056486906226;0;0.10359773916335382;316901.7599999997;1;0;0.0517005648690621;0
3600;1786619148;0;3418.517241379307;7.95549172413793;46.58437103448276;2283.032438716966;53.4825575862069;61.39468679901836;613.9468679901836;0.08372654980666246;-0.7804027586206892;-0.1870296551724139;419977.2058848801;5159508.31396613;2;60908;46.63006896246646;2.283487983114676;364.2123246182882;272.7309485309013;36.71339683854633;572.441108648129;219.4274865820682;37.43579061187516;6.5;54;-1;;50;;;0;288.15;350;233.9311704732676;308.9311704732676;1;;;;0;179.9007278649551;5.018295022773498;5.018295022773498;2.195504072463405;2.195504072463405;26764.24012145865;5018.295022773496;169.1860244257919;169.1860244257919;12;12;0.2;83.26070517145616;5.983709702324066;6.95280983240463;12;0.6666666666666666;0.3169017600000001;83.80276831628948;5.985618036615946;6.95471816669651;12;0.6666666666666666;0.3169017600000001;136;0.10361002287366666;316901.76;1;0;1;0.05170056486906226;0;0.10359779375762188;316901.7599999997;1;0;0.0517005648690621;0;0.10361002287366666;316901.76;1;0;1;0.05170056486906226;0;0.10359779375762188;316901.7599999997;1;0;0.0517005648690621;0
3610;1786619158;0;3427.992592592591;7.961914888888888;46.58768740740742;2283.033258573689;53.48414851851852;61.42241635529802;614.2241635529802;0.08086076698010386;-0.7816097777777778;-0.1870697037037036;420474.15071166;5159870.32331246;2;60908;46.9493617698059;3.074398354143032;364.2812552854248;277.925192022163;41.12116776671322;526.4690505030082;224.7255619774022;41.80946390094151;6.5;54;-1;;50;;;0;288.15;350;225.0848108026836;300.0848108026836;1;;;;0;250.3906119874692;4.561671960888372;4.561671960888372;1.995731482888663;1.995731482888663;24328.91712473798;4561.671960888372;168.4588650515248;168.4588650515248;12;12;0.2;84.6442601971831;5.988147893449152;6.957248023529716;12;0.6666666666666666;0.3169017600000001;85.31250050488194;5.989836203347118;6.958936333427682;12;0.6666666666666666;0.3169017600000001;136;0.10345667659387092;316901.76;1;0;1;0.05170056486906226;0;0.10359716934539288;316901.7599999997;1;0;0.0517005648690621;0;0.10345667659387092;316901.76;1;0;1;0.05170056486906226;0;0.10359716934539288;316901.7599999997;1;0;0.0517005648690621;0
3620;1786619168;0;3437.467432950188;7.968343180076626;46.59100360153256;2283.038371339494;53.48541685823754;61.39243875038952;613.9243875038952;0.05109380226964108;-0.7823040229885058;-0.1866440229885056;420971.4281033052;5160232.348134424;2;60908;47.26251776552214;3.875159614660162;364.3489579114639;284.9589799124152;45.90045956207246;486.6242987693122;231.9408663674761;46.53195616513194;6.5;54;-1;;50;;;0;288.15;350;216.5334151716556;291.5334151716557;1;;;;0;405.15863386403;4.177505671811476;4.177505671811476;1.827658731417521;1.827658731417521;22280.0302496612;4177.505671811476;167.7752839609117;167.7752839609117;12;12;0.2;85.88008032834416;5.991080095543166;6.960180225623732;12;0.6666666666666666;0.3169017600000001;86.67387736981746;5.992568868263134;6.961668998343698;12;0.6666666666666666;0.3169017600000001;136;0.10332376880826646;316901.76;1;0;1;0.05170056486906226;0;0.10359596493774036;316901.7599999997;1;0;0.0517005648690621;0;0.10332376880826646;316901.76;1;0;1;0.05170056486906226;0;0.10359596493774036;316901.7599999997;1;0;0.0517005648690621;0
3630;1786619178;0;3446.977011494249;7.974764597701148;46.59432195402298;2283.045592693794;53.48741540229886;61.3575340406746;613.575340406746;0.002105406884138778;-0.782828620689655;-0.1872386206896549;421468.1224970443;5160594.659967388;2;60908;47.56939914529312;4.685803637747964;364.4153854283586;294.6637389541126;50.73204246639924;454.5250343673572;241.9127188831594;51.26968340296294;6.5;54;-1;;50;;;0;288.15;350;208.9911745534024;283.9911745534024;1;;;;0;458.2635368914066;3.874996214213959;3.874996214213959;1.695310843718607;1.695310843718607;20666.64647580778;3874.996214213959;167.1825643093172;167.1825643093172;12;12;0.2;86.90765732523516;5.992957993420016;6.96205812350058;12;0.6666666666666666;0.3169017600000001;87.81528932961658;5.99428521884926;6.963385348929824;12;0.6666666666666666;0.3169017600000001;136;0.10321669718739882;316901.76;1;0;1;0.05170056486906226;0;0.103594301482695;316901.7599999997;1;0;0.0517005648690621;0;0.10321669718739882;316901.76;1;0;1;0.05170056486906226;0;0.103594301482695;316901.7599999997;1;0;0.0517005648690621;0
3640;1786619188;0;3456.486590038311;7.98118601532567;46.59763544061304;2283.035619252414;53.48940896551724;61.35334432884044;613.5334432884044;-0.0459678096421211;-0.7867000766283504;-0.1843501915708756;421964.7500127146;5160956.47156313;2;60908;47.86986325597952;5.506340882730836;364.4804909438654;307.9514123496296;54.93710421154372;431.9062931423134;255.5288569006229;55.3185739963269;6.5;54;-1;;50;;;0;288.15;350;203.2972900412602;278.2972900412603;1;;;;0;577.6621647848556;3.66514316740063;3.66514316740063;1.603500135737775;1.603500135737775;19547.43022613669;3665.14316740063;166.7391987835019;166.7391987835019;12;12;0.2;87.65268660584456;5.994067346553578;6.963167476634142;12;0.6666666666666666;0.3169017600000001;88.64827727583288;5.995282079027358;6.964382209107922;12;0.6666666666666666;0.3169017600000001;136;0.1031412491878863;316901.76;1;0;1;0.05170056486906226;0;0.10359232308839452;316901.7599999998;1;0;0.0517005648690621;0;0.1031412491878863;316901.76;1;0;1;0.05170056486906226;0;0.10359232308839452;316901.7599999998;1;0;0.0517005648690621;0
3650;1786619198;0;3465.996168582375;7.987607432950192;46.60094865900384;2282.959737166989;53.48825961685824;61.17438430096336;611.7438430096336;-0.166271628745756;-0.7494360153256718;-0.1849415708812264;422461.3176337627;5161318.29360202;2;60908;48.16377017113294;6.336779255391162;364.5442293705137;324.9520598141295;57.47010601979638;420.3035036168995;272.8178540512244;57.62583390915066;6.5;54;-1;;50;;;0;288.15;350;200.2413604976934;275.2413604976935;1;;;;0;679.5063297078164;3.558250354742331;3.558250354742331;1.55673453019977;1.55673453019977;18977.33522529243;3558.250354742331;166.5026683481382;166.5026683481382;12;12;0.2;88.04287545940454;5.994576800600202;6.963676930680766;12;0.6666666666666666;0.3169017600000001;89.08641894425558;5.995734606278004;6.964834736358568;12;0.6666666666666666;0.3169017600000001;136;0.1031025464479881;316901.76;1;0;1;0.05170056486906226;0;0.10359019362474058;316901.7599999998;1;0;0.0517005648690621;0;0.1031025464479881;316901.76;1;0;1;0.05170056486906226;0;0.10359019362474058;316901.7599999998;1;0;0.0517005648690621;0
3660;1786619208;0;3475.522222222219;7.99401511111111;46.604248;2282.978874893334;53.48948266666668;61.02018219894202;610.2018219894202;-0.011030380529902878;-0.7319320000000036;-0.1839130000000003;422956.7535245455;5161678.627499714;2;61253;45.49945807950894;5.716120716654592;364.0410242415847;235.9588275742084;57.31317143002672;420.4056524946477;182.2363316723365;58.05205276979846;6.5;70;-1;;50;;;0;288.15;350;200.4227526186424;275.4227526186424;1;;;;0;832.7202384908766;3.56449074526806;3.56449074526806;1.559464701054776;1.559464701054776;19010.61730809632;3564.49074526806;166.5047790754372;166.5047790754372;12;12;0.2;88.03179417072488;5.994562953976542;6.963663084057108;12;0.6666666666666666;0.3169017600000001;89.07247647039382;5.995720897522664;6.964821027603228;12;0.6666666666666666;0.3169017600000001;136;0.10310288717996792;316901.76;1;0;1;0.05170056486906226;0;0.1035880840730316;316901.7599999999;1;0;0.0517005648690621;0;0.10310288717996792;316901.76;1;0;1;0.05170056486906226;0;0.1035880840730316;316901.7599999999;1;0;0.0517005648690621;0
3670;1786619218;0;3485.015325670495;8.000400268199232;46.60754521072798;2283.015905781058;53.49097229885058;60.99961740810708;609.9961740810708;-0.163108074498615;-0.7228191187739492;-0.1833789272030654;423450.4026281038;5162038.786618428;2;61253;45.15471595041242;6.464203378905266;363.9654438556772;216.9949111500173;59.08185002138804;412.906971688848;163.0184254319369;59.72178503206092;6.5;70;-1;;50;;;0;288.15;350;198.4380364524907;273.4380364524907;1;;;;0;940.6159386280852;3.496902156899435;3.496902156899435;1.529894693643503;1.529894693643503;18650.14483679698;3496.902156899435;166.348452457653;166.348452457653;12;12;0.2;88.28527938428898;5.99487103311635;6.963971163196916;12;0.6666666666666666;0.3169017600000001;89.35737056042468;5.99599246929084;6.965092599371404;12;0.6666666666666666;0.3169017600000001;136;0.10307787427318626;316901.76;1;0;1;0.05170056486906226;0;0.10358588489285986;316901.7599999999;1;0;0.0517005648690621;0;0.10307787427318626;316901.76;1;0;1;0.05170056486906226;0;0.10358588489285986;316901.7599999999;1;0;0.0517005648690621;0
3680;1786619228;0;3494.559386973179;8.006460881226054;46.61111731800766;2279.985907117243;38.8792955172476;60.45537943502286;604.5537943502286;0.7418081918175112;-0.4617393103453872;-20.23194268199242;423919.5254647426;5162429.844783668;3;61253;44.80456285671565;7.202760763146038;363.8889089301092;197.5973801676109;57.86132178370886;417.8589081631481;135.2926416234385;46.82233963533094;6.5;70;-1;;50;;;0;288.15;350;199.7936836506462;274.7936836506463;1;;;;0;1039.419146349346;3.54290397130782;3.54290397130782;1.550020487447171;1.550020487447171;18895.48784697504;3542.90397130782;166.452001445802;166.452001445802;12;12;0.2;88.11560278792792;5.994666806499022;6.963766936579586;12;0.6666666666666666;0.3169017600000001;89.16621577241714;5.995812225152214;6.964912355232778;12;0.6666666666666666;0.3169017600000001;;;;;;;;;;;;;;;;;;;;;;;;;;;
3690;1786619238;0;3504.103448275863;8.009459310344828;46.61614896551724;2280.861545911448;7.992600689655314;60.56377382127804;605.6377382127804;0.5876934389941384;-0.2190179310344837;-18.14841827586208;424156.1549574234;5162986.061704022;3.000000000000001;61253;44.44912591588519;7.931882608910352;363.8114723348545;181.4687748775665;54.16556486693906;434.9296464684139;150.864986267382;48.58262228590914;6.5;70;-1;;50;;;0;288.15;350;204.2831573709032;279.2831573709032;1;;;;0;1203.195872830579;3.700450463218331;3.700450463218331;1.61894707765802;1.61894707765802;19735.7358038311;3700.45046321833;166.7997883797855;166.7997883797855;12;12;0.2;87.54134277182304;5.99391338735938;6.963013517439944;12;0.6666666666666666;0.3169017600000001;88.52157575883252;5.995142488551226;6.96424261863179;12;0.6666666666666666;0.3169017600000001;;;;;;;;;;;;;;;;;;;;;;;;;;;
3700;1786619248;0;3513.592592592591;8.008456296296298;46.62155185185186;2277.527287004451;338.9432129629685;65.3129001649998;653.129001649998;0.482678746216909;-1.219981481479917;-18.23797333333298;424086.9084767867;5163587.38528088;3;61253;44.08853456497129;8.651656597523868;363.7331886485463;169.6218313758635;49.23455884185902;462.8464292442396;168.1449246165852;50.2057390878258;6.5;70;-1;;50;;;0;288.15;350;211.2122094508658;286.2122094508658;1;;;;0;1291.616430389199;3.960976257303711;3.960976257303711;1.732927112570373;1.732927112570373;21125.20670561979;3960.976257303711;167.3401464947218;167.3401464947218;12;12;0.2;86.62647882788898;5.992487391805968;6.961587521886532;12;0.6666666666666666;0.3169017600000001;87.50027770866924;5.993855602836184;6.962955732916748;12;0.6666666666666666;0.3169017600000001;;;;;;;;;;;;;;;;;;;;;;;;;;;
3710;1786619258;0;3523.05363984674;8.00363674329502;46.62640413793104;2276.284777776719;316.4142475862081;66.43017448655678;664.3017448655678;0.04104299864555988;6.891473524907184;-3.62685471264716;423724.7389348809;5164131.215117662;3;61253;43.72291191698789;9.362185372582812;363.6541122594063;161.2065233545886;44.07341744251645;499.8422331115314;199.6763901620869;39.0552341622421;6.5;70;-1;;50;;;0;288.15;350;219.6732022174533;294.6732022174533;1;;;;0;1240.311202039219;4.312950291102694;4.312950291102694;1.886915752357429;1.886915752357429;23002.4015525477;4312.950291102694;168.0080671055113;168.0080671055113;12;12;0.2;85.45259554351348;5.990158470848572;6.959258600929136;12;0.6666666666666666;0.3169017600000001;86.19986956093166;5.99171270268031;6.960812832760874;12;0.6666666666666666;0.3169017600000001;;;;;;;;;;;;;;;;;;;;;;;;;;;
3720;1786619268;0;3532.563218390804;7.997507011494254;46.63064344827586;2282.995927811034;314.2309520689658;69.64485061255452;696.448506125545;0.013466161538732962;2.380034367815745;-1.154636091954266;423261.4801656875;5164608.230055212;3;61253;43.35237890696524;10.06357701582927;363.5742982556531;155.1733109524806;39.21383574406315;544.0815008032966;199.4483899488913;37.37819722152774;6.5;70;-1;;50;;;0;288.15;350;228.8020074125854;303.8020074125854;1;;;;0;1259.901500816447;4.74521052919022;4.74521052919022;2.076029606520721;2.076029606520721;25307.78948901451;4745.21052919022;168.7446873389312;168.7446873389312;12;12;0.2;84.09460121784272;5.986551260709386;6.95565139078995;12;0.6666666666666666;0.3169017600000001;84.70937526939154;5.988324033214322;6.957424163294888;12;0.6666666666666666;0.3169017600000001;;;;;;;;;;;;;;;;;;;;;;;;;;;
3730;1786619278;0;3542.072796934867;7.990917586206896;46.6349742145594;2285.127934010667;313.6218395019157;72.05266309778716;720.5266309778716;-0.04169107909660603;1.447558773946361;-0.3319424521072593;422763.2396070354;5165095.894527656;3;61253;42.97705881154187;10.755936216668398;363.4938033728368;150.7349170795378;34.85227297228451;593.9893543598696;196.6568778152924;33.56376906111428;6.5;70;-1;;50;;;0;288.15;350;237.9287699150633;312.9287699150633;1;;;;336.7520222979388;1364.2014344472;5.249688358395864;5.249688358395864;2.296738656798191;2.296738656798191;27998.33791144461;5249.688358395864;169.5069813729583;169.5069813729583;12;12;0.2;82.60712030433258;5.981069790415804;6.950169920496368;12;0.6666666666666666;0.3169017600000001;83.09334581816382;5.983070934048814;6.952171064129378;12;0.6666666666666666;0.3169017600000001;;;;;;;;;;;;;;;;;;;;;;;;;;;
3740;1786619288;0;3551.547892720306;7.984054559386976;46.63942203065134;2285.010294231817;312.3029568199247;73.60583966058516;736.0583966058516;0.2537778841201112;1.094204214559503;-8.6285096168551;422244.3077983849;5165596.877844062;3;61253;42.59706826840717;11.43938069544405;363.4126840360832;147.3727263001379;31.02033856167485;648.2602423790514;189.5979037833927;31.77953888851994;6.5;70;-1;;50;;;0;288.15;350;246.5869285325274;321.5869285325274;1;;;;0;1177.042801660016;5.821373310358702;5.821373310358702;2.546850823281932;2.546850823281932;31047.32432191308;5821.373310358702;170.2663958880251;170.2663958880251;12;12;0.2;81.02590867081922;5.972781648921798;6.941881779002362;12;0.6666666666666666;0.3169017600000001;81.39360523661646;5.974984889398016;6.94408501947858;12;0.6666666666666666;0.3169017600000001;;;;;;;;;;;;;;;;;;;;;;;;;;;
3750;1786619298;0;3561.091954022986;7.976321839080462;46.64337586206898;2284.926387579863;304.0744944827587;74.71914291501682;747.1914291501682;-0.006219954352611102;0.9542220689657198;-0.6371670114951314;421658.1929166606;5166043.880631648;3;63309;43.13183935954923;3.052276847022582;359.9874771395416;226.6652194402698;29.47648979614424;667.5695877727108;282.1449579261939;30.30329847811232;6.5;157;-1;;50;;;0;288.15;350;250.2076776021645;325.2076776021645;1;;;;0;1106.587982060005;6.096738347152868;6.096738347152868;2.66732302687938;2.66732302687938;32515.93785148196;6096.738347152868;170.5213390120471;170.5213390120471;12;12;0.2;80.37512830640554;5.968397575900466;6.93749770598103;12;0.6666666666666666;0.3169017600000001;80.69420084991016;5.970628588105768;6.939728718186332;12;0.6666666666666666;0.3169017600000001;;;;;;;;;;;;;;;;;;;;;;;;;;;
3760;1786619308;0;3570.601532567049;7.96818869731801;46.64711459770116;2284.354238227403;303.7119204980844;75.49227265922884;754.9227265922884;-0.05809728818114302;0.867785363984705;-0.5503467816092666;421041.2101599014;5166467.44187035;3;63309;43.1075252812651;3.905444627530804;359.9859040931051;220.6635384381155;31.81079844294666;630.3422787057946;276.5132616889926;32.45949293254825;6.5;157;-1;;50;;;0;288.15;350;244.7590780340492;319.7590780340492;1;;;;0;907.3272789913618;5.691347264486478;5.691347264486478;2.489964428212834;2.489964428212834;30353.85207726122;5691.347264486478;170.0229368902297;170.0229368902297;12;12;0.2;81.45628010955592;5.975342285093772;6.944442415174336;12;0.6666666666666666;0.3169017600000001;81.8487317225954;5.977467259736992;6.946567389817556;12;0.6666666666666666;0.3169017600000001;;;;;;;;;;;;;;;;;;;;;;;;;;;
3770;1786619318;0;3580.111111111106;7.959934444444448;46.65085444444444;2284.003304645334;303.51592;76.1222708473077;761.222708473077;-0.2076990576960431;0.8030488888889258;-0.2390322222222385;420415.0478468578;5166891.313212108;3;63309;43.07623207834145;4.757803178316118;359.9827050783852;213.6367419952388;33.99606542842016;599.534469514936;269.7863160255933;34.23590501099224;6.5;157;-1;;50;;;0;288.15;350;239.8162214351763;314.8162214351762;1;;;;0;559.1744345359302;5.365421212253306;5.365421212253306;2.347371780360821;2.347371780360821;28615.5797986843;5365.421212253306;169.587691290692;169.587691290692;12;12;0.2;82.36004440917882;5.979964153831538;6.949064283912102;12;0.6666666666666666;0.3169017600000001;82.82015383251132;5.981974085108932;6.951074215189496;12;0.6666666666666666;0.3169017600000001;;;;;;;;;;;;;;;;;;;;;;;;;;;
3780;1786619328;0;3589.62068965517;7.951603793103452;46.65461827586206;2283.763887877242;303.4806524137931;76.46239135853004;764.6239135853002;-0.03112510496967482;0.7594706896551842;-0.2170151724137988;419783.1631608939;5167317.993919748;3;63309;43.03797418379829;5.609155419279316;359.9778843295026;205.5677082765639;35.8387259947472;576.1874032887124;261.5532689624073;35.94568789365512;6.5;157;-1;;50;;;0;288.15;350;235.7914867467594;310.7914867467594;1;;;;0;467.4216924036082;5.123775591671702;5.123775591671702;2.241651821356369;2.241651821356369;27326.80315558241;5123.775591671702;169.2426833313384;169.2426833313384;12;12;0.2;83.05241794811846;5.98291095553691;6.952011085617474;12;0.6666666666666666;0.3169017600000001;83.56840725138594;5.984822003059138;6.953922133139702;12;0.6666666666666666;0.3169017600000001;;;;;;;;;;;;;;;;;;;;;;;;;;;
3790;1786619338;0;3599.095785440611;7.943234750957856;46.65839831417626;2283.600605372782;303.4716030651341;76.78759238974672;767.8759238974672;0.05019436368417066;0.7300657471264418;-0.2104719157088122;419148.454203373;5167746.582370884;3;63309;42.99276969887846;6.4592958839899;359.9714472100013;196.5955778816181;37.11774544966188;561.238567281248;252.500378787481;37.10274420838734;6.5;157;-1;;50;;;0;288.15;350;233.0825287144192;308.0825287144192;1;;;;0;531.1800149436204;4.971373310145538;4.971373310145538;2.174975823188673;2.174975823188673;26513.99098744287;4971.373310145538;169.0143582888189;169.0143582888189;12;12;0.2;83.49982127033178;5.984580830118142;6.953680960198706;12;0.6666666666666666;0.3169017600000001;84.0538310110307;5.986424611732128;6.955524741812692;12;0.6666666666666666;0.3169017600000001;;;;;;;;;;;;;;;;;;;;;;;;;;;
3800;1786619348;0;3608.585185185182;7.934829185185188;46.66219407407408;2283.489945471111;303.4681671111112;77.02526476809092;770.252647680909;0.03545488646557826;0.7101751851851904;-0.2111977777777773;418511.0645888617;5168177.023867086;3;63309;42.94063920696967;7.308035044676278;359.9634000577717;187.0586729804506;37.64279235909617;555.3695305315316;242.9951811080152;37.51205307424182;6.5;157;-1;;50;;;0;288.15;350;231.9914810515393;306.9914810515393;1;;;;0;366.8418153175958;4.912100184947504;4.912100184947504;2.149043830914533;2.149043830914533;26197.86765305336;4912.100184947504;168.9230491266334;168.9230491266334;12;12;0.2;83.6763355499895;5.985193915030414;6.954294045110978;12;0.6666666666666666;0.3169017600000001;84.24575275284548;5.987010590772296;6.95611072085286;12;0.6666666666666666;0.3169017600000001;;;;;;;;;;;;;;;;;;;;;;;;;;;
3810;1786619358;0;3618.08045977011;7.926397586206902;46.66600218390804;2283.415097809931;303.4660706896552;77.28100407743666;772.8100407743666;0.1755040588935053;0.6965734482758682;-0.2126504597701143;417871.7925448143;5168608.933471;3;63309;42.88160718279462;8.15517230358819;359.953750388464;177.4537462431277;37.32583178953348;558.868071739249;233.2921728029611;37.08305266277016;6.5;157;-1;;50;;;0;288.15;350;232.6486417799578;307.6486417799578;1;;;;37.41689136643766;358.0403358004947;4.947662164225242;4.947662164225242;2.164602196848543;2.164602196848543;26387.53154253462;4947.662164225242;168.9775941224667;168.9775941224667;12;12;0.2;83.5706702089444;5.98482989593244;6.953930026013004;12;0.6666666666666666;0.3169017600000001;84.13080063157808;5.986662721827806;6.95576285190837;12;0.6666666666666666;0.3169017600000001;;;;;;;;;;;;;;;;;;;;;;;;;;;
3820;1786619368;0;3627.590038314174;7.917930766283528;46.66981601532568;2283.372322142897;303.4634894636015;77.25759620008256;772.5759620008256;0.011044010563416972;0.6896580459770088;-0.2183190804597713;417229.9263707601;5169041.585194234;3;62062;49.99064887342344;6.579914998210562;364.7486651773288;345.4610718517013;40.59793833797973;532.054115452415;42.52726216501906;40.96157870587407;6.5;93;-1;;50;;;0;288.15;350;226.0873953305999;301.0873953305999;1;;;;0;1020.2212480629746;4.610087297803578;4.610087297803578;2.016913192789065;2.016913192789065;24587.13225495242;4610.08729780358;168.5505242792303;168.5505242792303;12;12;0.2;84.48300392266192;5.987700179358312;6.956800309438876;12;0.6666666666666666;0.3169017600000001;85.13675861950432;5.989416990473052;6.958517120553616;12;0.6666666666666666;0.3169017600000001;;;;;;;;;;;;;;;;;;;;;;;;;;;
3830;1786619378;0;3637.134099616857;7.909470651340996;46.67363363984674;2283.408606130484;303.4642618390805;77.43230437294316;774.3230437294314;0.118045934990743;0.665447816091951;-0.2151666666666655;416588.6703397327;5169474.72097199;3;62062;49.7455075207669;7.477267003913788;364.6970102558189;354.7889678709282;43.87184410783216;502.9101910377922;51.84016202519648;44.11744420037146;6.5;93;-1;;50;;;0;288.15;350;220.0293997427533;295.0293997427533;1;;;;0;1372.340295000531;4.328706651612271;4.328706651612271;1.893809160080368;1.893809160080368;23086.43547526544;4328.70665161227;168.0612168690398;168.0612168690398;12;12;0.2;85.37679601175246;5.989985393734006;6.95908552381457;12;0.6666666666666666;0.3169017600000001;86.11882349852942;5.991556748494146;6.96065687857471;12;0.6666666666666666;0.3169017600000001;383;0.10337809269745676;316901.76;1;0;1;0.05170056486906226;0;0.10337809269745676;316901.76;1;0;0.05170056486906226;0;0.10337809269745676;316901.76;1;0;1;0.05170056486906226;0;0.10337809269745676;316901.76;1;0;0.05170056486906226;0
3840;1786619388;0;3646.62222222222;7.900986222222224;46.67745511111112;2283.387509483733;303.4629466666667;77.62917270766978;776.2917270766978;0.01987486656893002;0.6517948888888932;-0.2181997777777776;415945.6524652071;5169908.379908144;3;62062;49.49283130991332;8.365067685386532;364.6437006469023;6.129530579583606;46.44148728292246;483.0092387384124;63.36415109963314;46.54291902670004;6.5;93;-1;;50;;;0;288.15;350;215.6342363725737;290.6342363725737;1;;;;0;1513.502446238701;4.139809549020854;4.139809549020854;1.811166677696623;1.811166677696623;22078.98426144455;4139.809549020854;167.710516898435;167.710516898435;12;12;0.2;85.99903556733238;5.991320859459096;6.96042098953966;12;0.6666666666666666;0.3169017600000001;86.80624828726816;5.992791763677592;6.961891893758156;12;0.6666666666666666;0.3169017600000001;;;;;;;;;;;;;;;;;;;;;;;;;;;
3850;1786619398;0;3656.118773946357;7.892481915708816;46.68128869731802;2283.359506132046;303.4612857471265;77.71087602479692;777.1087602479692;-0.07285920928986722;0.6413247892720338;-0.2194242528735629;415301.2252647294;5170343.476396994;3;62062;49.2327616133457;9.243222337736794;364.5887738106167;19.07314087778786;47.78050390674492;473.521330983062;76.4294361754502;47.72207539892144;6.5;93;-1;;50;;;0;288.15;350;213.468500513527;288.4685005135271;1;;;;0;1735.069557362093;4.050900995000623;4.050900995000623;1.772269185312772;1.772269185312772;21604.80530666999;4050.900995000623;167.5381990966154;167.5381990966154;12;12;0.2;86.29915941555606;5.991899845645908;6.960999975726472;12;0.6666666666666666;0.3169017600000001;87.13885588864846;5.99332279338446;6.962422923465026;12;0.6666666666666666;0.3169017600000001;;;;;;;;;;;;;;;;;;;;;;;;;;;
3860;1786619408;0;3665.559386973174;7.883970957854412;46.685129348659;2283.335174835587;303.4595837164751;77.87521119768984;778.7521119768984;0.06120368050714608;0.6346911494252908;-0.2204191570881222;414656.3932282385;5170779.435665204;3;62062;48.9654402312556;10.111653044626544;364.5322683387585;32.51557944206371;47.54408068193362;475.0734610324652;89.68986291717064;47.33095736181088;6.5;93;-1;;50;;;0;288.15;350;213.8447356578317;288.8447356578316;1;;;;0;1742.191240767211;4.066159748272013;4.066159748272013;1.778944889869006;1.778944889869006;21686.1853241174;4066.159748272013;167.5666235460388;167.5666235460388;12;12;0.2;86.24880050830512;5.991805462163842;6.960905592244406;12;0.6666666666666666;0.3169017600000001;87.08283638468974;5.993236173898904;6.962336303979468;12;0.6666666666666666;0.3169017600000001;;;;;;;;;;;;;;;;;;;;;;;;;;;
3870;1786619418;0;3675.066666666667;7.87544;46.68897666666668;2283.317413137602;303.457688;77.76447653284326;777.6447653284326;0.1827697586915038;0.630444;-0.2208753333333334;414010.1350814446;5171216.227941156;3;62062;48.69101248444758;10.970287758328452;364.4742246451288;45.08549238584434;45.79532616415348;487.5614963970588;102.03116907257656;45.4508082796934;6.5;93;-1;;50;;;0;288.15;350;216.7097623150402;291.7097623150402;1;;;;0;1743.3898514598;4.184954132466591;4.184954132466591;1.830917432954133;1.830917432954133;22319.75537315515;4184.954132466591;167.7919961686146;167.7919961686146;12;12;0.2;85.85266095844958;5.991023659532;6.960123789612564;12;0.6666666666666666;0.3169017600000001;86.64383176796472;5.992517323965938;6.961617454046502;12;0.6666666666666666;0.3169017600000001;;;;;;;;;;;;;;;;;;;;;;;;;;;
3880;1786619428;0;3684.578544061301;7.86691931034483;46.69281720306514;2283.304714980414;303.4558432183909;77.67660358048944;776.7660358048944;0.1114899755321013;0.6275122222222228;-0.2213531417624521;413364.7445510089;5171652.326329458;3;62062;48.4096205073471;11.819080620238928;364.4146835795709;55.862382383015;42.96053807959392;510.1820884058506;112.75351117319696;42.5156822058161;6.5;93;-1;;50;;;0;288.15;350;221.6640892288622;296.6640892288622;1;;;;0;1645.304120110235;4.402089912601088;4.402089912601088;1.925914336762976;1.925914336762976;23477.81286720581;4402.089912601089;168.1859122873842;168.1859122873842;12;12;0.2;85.14661215573666;5.989440945494538;6.958541075575102;12;0.6666666666666666;0.3169017600000001;85.86464281162324;5.991048364968958;6.960148495049522;12;0.6666666666666666;0.3169017600000001;;;;;;;;;;;;;;;;;;;;;;;;;;;
3890;1786619438;0;3694.088122605362;7.858400689655174;46.6966461302682;2283.296769942161;303.4540267816093;77.76780316232768;777.6780316232766;-0.06820712590073452;0.6253376628352494;-0.2215344061302681;412719.5862141053;5172087.202943272;3;62062;48.121406110161;12.658000632656532;364.3536870606195;64.62304410389542;39.56777642660419;541.6655964029208;121.58090092704318;39.05281014516005;6.5;93;-1;;50;;;0;288.15;350;228.0992507748681;303.0992507748681;1;;;;0;1210.380976024702;4.709646031865752;4.709646031865752;2.060470138941266;2.060470138941266;25118.11216995068;4709.646031865752;168.7060331925215;168.7060331925215;12;12;0.2;84.18437932915638;5.986826004590686;6.95592613467125;12;0.6666666666666666;0.3169017600000001;84.80921114421032;5.988589031166926;6.95768916124749;12;0.6666666666666666;0.3169017600000001;;;;;;;;;;;;;;;;;;;;;;;;;;;
3900;1786619448;0;3703.544444444443;7.849884555555558;46.70049322222222;2283.291153500001;303.4521010000001;77.97734465721222;779.7734465721222;0.03442550250751963;0.6237483333333336;-0.2215435555555554;412074.740247766;5172524.16598806;3;63669;42.90585530700142;6.41163445758104;361.0836280767853;195.608817737227;36.31007390799641;572.2738566746624;251.6370855292984;36.32663455242352;6.5;172;-1;;50;;;0;288.15;350;234.7848506357888;309.7848506357888;1;;;;0;1237.697747952845;5.066242212367676;5.066242212367676;2.216480967910858;2.216480967910858;27019.95846596094;5066.242212367676;169.1834862704648;169.1834862704648;12;12;0.2;83.1943192417416;5.983459254367388;6.952559384447952;12;0.6666666666666666;0.3169017600000001;83.72439792822846;5.985356592841554;6.954456722922118;12;0.6666666666666666;0.3169017600000001;;;;;;;;;;;;;;;;;;;;;;;;;;;
3910;1786619458;0;3713.07279693486;7.841334482758626;46.7043398467433;2283.287299607632;303.4501796168583;77.84185369676604;778.4185369676604;-0.05832287572778592;0.6229134482758626;-0.2219598084291196;411427.3919867869;5172961.185721874;3;63669;42.9618842617304;7.259145722146808;361.1120498227029;186.5219230369067;37.59468544574577;557.6377422928634;242.6272662845744;37.50826437412865;6.5;172;-1;;50;;;0;288.15;350;232.0909299845794;307.0909299845794;1;;;;0;1592.864285057884;4.917455015860478;4.917455015860478;2.151386569438959;2.151386569438959;26226.42675125588;4917.455015860478;168.9584513468879;168.9584513468879;12;12;0.2;83.6332357602976;5.985046500469196;6.95414663054976;12;0.6666666666666666;0.3169017600000001;84.20124630754998;5.986876992995512;6.955977123076076;12;0.6666666666666666;0.3169017600000001;;;;;;;;;;;;;;;;;;;;;;;;;;;
3920;1786619468;0;3722.582375478923;7.832801685823758;46.70818295019158;2283.284669055173;303.4485875862069;77.75578993530982;777.5578993530984;0.06671190001692908;0.6219141762452108;-0.2221573563218385;410781.4520332483;5173397.865895314;3;63669;43.01100596497158;8.108169068916582;361.1386963128598;176.8705459907028;38.10296025584862;552.1295586184686;232.8635558528622;37.90730466556893;6.5;172;-1;;50;;;0;288.15;350;231.0455151480671;306.0455151480671;1;;;;0;1131.123754627832;4.861633595062386;4.861633595062386;2.126964697839794;2.126964697839794;25928.71250699939;4861.633595062386;168.8722281028915;168.8722281028915;12;12;0.2;83.79970229669124;5.98560789650522;6.954708026585784;12;0.6666666666666666;0.3169017600000001;84.38252254375396;5.987412701375236;6.9565128314558;12;0.6666666666666666;0.3169017600000001;;;;;;;;;;;;;;;;;;;;;;;;;;;
3930;1786619478;0;3732.057471264366;7.824278850574714;46.71202298850576;2283.282529464276;303.446705632184;77.97766605303772;779.7766605303774;0.011763176043489496;0.621528275862069;-0.2224559770114944;410136.3613390862;5173834.264811564;3;63669;43.0531974520246;8.95850299619187;361.1635578368823;167.1705041417078;37.7487862609196;556.020969652834;223.2595548175313;37.45092220917885;6.5;172;-1;;50;;;0;288.15;350;231.7727355151947;306.7727355151947;1;;;;0;786.4391701947076;4.900355116243056;4.900355116243056;2.143905363356336;2.143905363356336;26135.22728662963;4900.355116243056;168.93323155839;168.93323155839;12;12;0.2;83.68303665449548;5.98521670419214;6.954316834272706;12;0.6666666666666666;0.3169017600000001;84.25554950811878;5.987039815451612;6.956139945532176;12;0.6666666666666666;0.3169017600000001;;;;;;;;;;;;;;;;;;;;;;;;;;;
3940;1786619488;0;3741.567049808429;7.815729655172414;46.71587249042146;2283.281421078345;303.4445768965517;77.94104880325588;779.4104880325586;0.009826025634121688;0.6210029885057472;-0.2219673180076629;409489.365012096;5174271.816470026;3;63669;43.08843948799273;9.809953810363902;361.1866260934176;157.9525185231466;36.59318428196134;569.1202699096866;214.1061194852044;36.20527318123497;6.5;172;-1;;50;;;0;288.15;350;234.1848672576116;309.1848672576116;1;;;;0;928.8367289639546;5.032464679482358;5.032464679482358;2.201703297273531;2.201703297273531;26839.8116239059;5032.464679482358;169.1354892190212;169.1354892190212;12;12;0.2;83.29087149670778;5.98382225376059;6.952922383841154;12;0.6666666666666666;0.3169017600000001;83.82936964361262;5.985705715148238;6.954805845228802;12;0.6666666666666666;0.3169017600000001;;;;;;;;;;;;;;;;;;;;;;;;;;;
3950;1786619498;0;3751.074074074075;7.807183333333334;46.71971962962964;2283.281059032;303.4423622222223;77.67895416305652;776.7895416305652;0.10903772131249994;0.6205855555555556;-0.2213777777777778;408842.6776047476;5174709.1732333;3;63669;43.11671589135409;10.66232575299358;361.2078938397099;149.6059133687767;34.81659434056442;590.8127598791824;205.7315411843225;34.35497807781423;6.5;172;-1;;50;;;0;288.15;350;238.0068308348403;313.0068308348403;1;;;;0;605.394284411581;5.254387954292874;5.254387954292874;2.298794730003132;2.298794730003132;28023.40242289533;5254.387954292874;169.4604054682298;169.4604054682298;12;12;0.2;82.64694053995908;5.981242194638778;6.950342324719342;12;0.6666666666666666;0.3169017600000001;83.1320828296744;5.983220971856886;6.95232110193745;12;0.6666666666666666;0.3169017600000001;;;;;;;;;;;;;;;;;;;;;;;;;;;
3960;1786619508;0;3760.53333333333;7.79866466666667;46.72355333333334;2283.2802356656;303.4405740000001;78.00867532302938;780.0867532302938;-0.014061848995046686;0.6200280000000002;-0.2214479999999997;408198.1742979538;5175145.07599954;3;63669;43.1380133540686;11.515411056248994;361.2273546704473;142.3116473400708;32.64640797718111;620.192906564581;198.6268555574211;32.1305062316255;6.5;172;-1;;50;;;0;288.15;350;242.8488622491077;317.8488622491077;1;;;;0;368.4648888808474;5.561189132272014;5.561189132272014;2.433020245369006;2.433020245369006;29659.67537211741;5561.189132272014;169.8819440368608;169.8819440368608;12;12;0.2;81.7843752779831;5.977131753488274;6.946231883568838;12;0.6666666666666666;0.3169017600000001;82.20284910951302;5.979227424160146;6.94832755424071;12;0.6666666666666666;0.3169017600000001;;;;;;;;;;;;;;;;;;;;;;;;;;;
3970;1786619518;0;3770.025925925924;7.79010666666667;46.72740062962964;2283.278226615912;303.4389561111111;77.74046829956236;777.4046829956236;-0.1847401518116418;0.6196781851851854;-0.2219728518518517;407550.7813297912;5175582.605832282;3.000000000000001;63669;43.1523221529824;12.36901089153095;361.245003533727;136.0753292555252;30.29005999250292;656.22998468092;192.6184258609276;29.73446180521608;6.5;172;-1;;50;;;0;288.15;350;248.2919308574521;323.2919308574521;1;;;;598.6702618630024;646.606484210562;5.947922025307738;5.947922025307738;2.602215886072135;2.602215886072135;31722.25080164126;5947.922025307736;170.3725295514913;170.3725295514913;12;12;0.2;80.73786122961374;5.970921403380764;6.940021533461328;12;0.6666666666666666;0.3169017600000001;81.08259302254116;5.973133506521316;6.94223363660188;12;0.6666666666666666;0.3169017600000001;;;;;;;;;;;;;;;;;;;;;;;;;;;
3980;1786619528;0;3779.501915708809;7.78158329501916;46.73124076628352;2283.276073741886;303.4373347126437;77.86202891562474;778.6202891562474;-0.03763249366862888;0.6193350191570882;-0.2224700383141762;406906.1156130482;5176019.370552466;3;63669;43.15963570375273;13.222925468077734;361.260836443511;130.8014679329704;27.9031258804408;697.8854915343758;187.2462685633237;27.31720313554585;0;172;-1;;50;;;0;288.15;350;253.9510772319531;328.9510772319531;1;;;;0;823.7863568179388;6.41055736288058;6.41055736288058;2.804618846260254;2.804618846260254;34189.63926869643;6410.55736288058;170.9070915387264;170.9070915387264;12;12;0.2;73.03826094461772;5.831524328012352;6.800624458092916;12;0.6666666666666666;0.3169017600000001;73.30762825871436;5.841473795884924;6.810573925965488;12;0.6666666666666666;0.3169017600000001;;;;;;;;;;;;;;;;;;;;;;;;;;;
3990;1786619538;0;3788.977777777773;7.773040222222226;46.7350808888889;2283.274070509867;303.435644;77.98963282125498;779.8963282125498;-0.0623691983221643;0.6191302222222222;-0.2227808888888891;406260.0375115925;5176456.227698308;3;63669;43.15995061369622;14.076944098667238;361.2748503226776;126.35463725822742;25.58484032042255;744.2143598950052;182.862577154281;24.97787083482803;0;172;-1;;50;;;0;288.15;350;259.5139731138265;334.5139731138265;1;;;;0;345.6824473280635;6.946902858021144;6.946902858021144;3.03927000038425;3.03927000038425;37050.14857611276;6946.902858021142;171.4653690556592;171.4653690556592;12;12;0.2;71.70898677842036;5.772750157049088;6.741850287129652;12;0.6666666666666666;0.3169017600000001;71.90552458625138;5.782557534408128;6.751657664488692;12;0.6666666666666666;0.3169017600000001;;;;;;;;;;;;;;;;;;;;;;;;;;;
4000;1786619548;0;3798.470370370367;7.764487851851854;46.73893285185186;2283.27169223449;303.433893;77.77308087696144;777.7308087696144;-0.01875145569365654;0.618981777777778;-0.2229594074074073;405613.3632852661;5176894.482893664;3;63753;41.20000739150721;5.927564295006928;358.7856720604114;194.1116759808977;25.56295606062789;739.7660744529088;250.3830170390069;25.56696148759086;0;182;-1;;50;;;0;288.15;350;259.5664992399678;334.5664992399678;1;;;;0;742.6671777275406;6.952449596366986;6.952449596366986;3.041696698410556;3.041696698410556;37079.73118062393;6952.449596366986;171.4132963581267;171.4132963581267;12;12;0.2;71.75308603958064;5.774987571380406;6.74408770146097;12;0.6666666666666666;0.3169017600000001;71.94894196211598;5.784667781495826;6.75376791157639;12;0.6666666666666666;0.3169017600000001;;;;;;;;;;;;;;;;;;;;;;;;;;;
4010;1786619558;0;3807.927203065127;7.755955517241386;46.74277088122606;2283.272752951725;303.4320509195403;77.94423757549048;779.4423757549048;-0.12086222251328732;0.6202727203065128;-0.2230092720306513;404968.2884991399;5177331.236570788;3;63753;41.35739967739995;6.730551506120398;358.8154525638083;188.1777889443353;26.8272540909741;713.9062799358618;244.5364563401684;26.7638093649863;0;182;-1;;50;;;0;288.15;350;256.5300165074308;331.5300165074308;1;;;;0;866.4090734481966;6.647432406767902;6.647432406767902;2.908251677960957;2.908251677960957;35452.97283609548;6647.432406767902;171.1042321884932;171.1042321884932;12;12;0.2;72.5006124192629;5.809800923278126;6.77890105335869;12;0.6666666666666666;0.3169017600000001;72.73606431021776;5.81963249849908;6.788732628579644;12;0.6666666666666666;0.3169017600000001;;;;;;;;;;;;;;;;;;;;;;;;;;;
4020;1786619568;0;3817.436781609193;7.747401264367818;46.74661471264368;2283.283001764138;303.4301908045977;79.16723802083622;791.6723802083624;-0.03277582621773383;0.6198312643678162;-0.22315;404321.6430894442;5177768.732609076;3;63753;41.50857047027798;7.537531209237646;358.8439131060968;181.7264532589273;27.83666843614481;694.6064570111712;237.9910096991569;27.69924526878042;0;182;-1;;50;;;0;288.15;350;254.110051323994;329.110051323994;1;;;;0;939.2549188398834;6.424634092107816;6.424634092107816;2.81077741529717;2.81077741529717;34264.71515790835;6424.634092107816;170.8661844661052;170.8661844661052;12;12;0.2;73.05893271897472;5.83230909395778;6.801409224038344;12;0.6666666666666666;0.3169017600000001;73.32620169997472;5.842138168622816;6.81123829870338;12;0.6666666666666666;0.3169017600000001;;;;;;;;;;;;;;;;;;;;;;;;;;;
4030;1786619578;0;3826.946360153253;7.738720421455944;46.75052747126436;2245.6663420311;303.475316743295;83.48098311295416;834.8098311295416;0.00296979533304601;-2.657817164752596;-0.2483386590038568;403665.5451584427;5178214.11392642;3;60907;46.79912041798202;0.9518815605475976;364.0924431276362;273.0705164956861;31.51620440470773;641.8127065451102;330.4924870180357;29.33727741028513;6.5;53;-1;;50;;;0;288.15;350;245.4380262511291;320.4380262511291;1;;;;0;1128.725636138364;5.738994131573666;5.738994131573666;2.510809932563479;2.510809932563479;30607.96870172622;5738.994131573666;170.1795743621203;170.1795743621203;12;12;0.2;81.23115026622748;5.974034281317526;6.94313441139809;12;0.6666666666666666;0.3169017600000001;81.61439022951882;5.976221425650596;6.94532155573116;12;0.6666666666666666;0.3169017600000001;;;;;;;;;;;;;;;;;;;;;;;;;;;
4040;1786619588;0;3836.455938697316;7.729563180076632;46.75465061302684;2199.230979467416;303.5243843295019;85.51223513102344;855.1223513102344;-0.05683813427087338;-3.176288505747142;-0.330826513409946;402973.5381519769;5178683.534125562;3;60907;47.11525496431906;1.747988319180954;364.1663843586703;277.2119674248581;35.19490739484574;590.7715377553094;334.8586226355477;32.4758951290182;6.5;53;-1;;50;;;0;288.15;350;237.1817920333032;312.1817920333032;1;;;;0;1192.046567145115;5.205083013591668;5.205083013591668;2.277223818446355;2.277223818446355;27760.44273915556;5205.083013591668;169.4597994161361;169.4597994161361;12;12;0.2;82.7184224443108;5.981547758761046;6.95064788884161;12;0.6666666666666666;0.3169017600000001;83.2150271949142;5.983537786991896;6.95263791707246;12;0.6666666666666666;0.3169017600000001;;;;;;;;;;;;;;;;;;;;;;;;;;;
4050;1786619598;0;3845.965517241379;7.720183448275864;46.7588751724138;2185.435168451585;303.449275862069;84.37408134212894;843.7408134212894;-0.05268100133839384;1.904094137931262;-0.3191458620689682;402264.8309936523;5179164.581728594;3;60907;47.42517891528744;2.553963004693344;364.2391014204586;282.5814203065793;39.26881686150406;544.5456650319386;338.8657524889991;41.16098255092076;6.5;53;-1;;50;;;0;288.15;350;228.6924566453434;303.6924566453435;1;;;;0;1055.868549699573;4.739638860006552;4.739638860006552;2.073592001252866;2.073592001252866;25278.07392003495;4739.638860006552;168.752094244867;168.752094244867;12;12;0.2;84.09520358635848;5.98655312304196;6.955653253122524;12;0.6666666666666666;0.3169017600000001;84.7115439828547;5.988329854499932;6.957429984580496;12;0.6666666666666666;0.3169017600000001;;;;;;;;;;;;;;;;;;;;;;;;;;;
4060;1786619608;0;3855.440613026818;7.710997011494254;46.76311471264368;2136.717357391824;307.7752069348619;86.8876597172696;868.876597172696;-0.509382148152839;-2.631002988505705;17.94306701148815;401571.0240879266;5179647.137812994;3;60907;47.7287538229083;3.369831503587083;364.3105470310857;289.6784832690852;43.61944476889588;504.4953965221366;330.337362304736;33.92410440453679;6.5;53;-1;;50;;;0;288.15;350;220.4781599451653;295.4781599451653;1;;;;0;1142.029971257499;4.348675212957792;4.348675212957792;1.902545405669034;1.902545405669034;23192.93446910822;4348.675212957792;168.0885522966471;168.0885522966471;12;12;0.2;85.32075577721096;5.989855482290848;6.958955612371412;12;0.6666666666666666;0.3169017600000001;86.05618236230848;5.991434204327862;6.960534334408426;12;0.6666666666666666;0.3169017600000001;;;;;;;;;;;;;;;;;;;;;;;;;;;
4070;1786619618;0;3864.885185185182;7.703333814814818;46.76890307407408;2090.907659409083;323.5676235925921;88.54779405546368;885.4779405546368;-0.0001844065849045349;-3.228315518517824;0.001754296304293052;400996.4711347713;5180299.961886128;3;60907;48.02583651668794;4.195597851691999;364.3806740341506;299.1094422145316;47.93853718620154;472.197486155969;336.9102955857298;44.98312010171359;6.5;53;-1;;50;;;0;288.15;350;213.2184792178559;288.2184792178559;1;;;;0;963.4369549453358;4.040803480881;4.040803480881;1.767851522885437;1.767851522885437;21550.951898032;4040.803480881;167.5138815566271;167.5138815566271;12;12;0.2;86.33799213209136;5.991971884239272;6.961072014319836;12;0.6666666666666666;0.3169017600000001;87.18145435262346;5.99338791807905;6.962488048159616;12;0.6666666666666666;0.3169017600000001;;;;;;;;;;;;;;;;;;;;;;;;;;;
4080;1786619628;0;3874.390804597699;7.696276896551726;46.77523183908046;2041.278492194218;322.5370566666664;89.3780961060016;893.780961060016;-0.003691293641344339;-3.49539252873553;1.0024348275855444;400469.3260875087;5181012.125552828;3;60907;48.31628660690654;5.031263219300136;364.4494371487217;311.4809816676963;51.64429875921848;449.2561438123506;348.6190273029878;48.02080145973396;6.5;53;-1;;50;;;0;288.15;350;207.6885318065477;282.6885318065477;1;;;;0;1091.119825702387;3.825684134910259;3.825684134910259;1.673736809023238;1.673736809023238;20403.64871952138;3825.684134910259;167.0812886433446;167.0812886433446;12;12;0.2;87.07981910520684;5.993231476730272;6.962331606810836;12;0.6666666666666666;0.3169017600000001;88.0074176461334;5.994532369818544;6.963632499899108;12;0.6666666666666666;0.3169017600000001;;;;;;;;;;;;;;;;;;;;;;;;;;;
4090;1786619638;0;3883.865900383136;7.689227892720312;46.78165881226054;1991.411857387432;323.5763713409962;90.08946467038756;900.8946467038756;0.12421479309585982;-3.578171494252796;-0.577746743294108;399943.0945670385;5181735.240873976;3;60907;48.59996288920602;5.87681553438529;364.5167921066659;326.7308205107173;53.90246273270902;437.1250196698759;3.49159955453182;50.29721755927304;6.5;53;-1;;50;;;0;288.15;350;204.6253151633991;279.6253151633992;1;;;;0;1140.645274664716;3.712801403487168;3.712801403487168;1.624350614025636;1.624350614025636;19801.6074852649;3712.801403487168;166.843521440032;166.843521440032;12;12;0.2;87.47985523494006;5.993826661657944;6.962926791738508;12;0.6666666666666666;0.3169017600000001;88.4547708124957;5.995067233430912;6.964167363511476;12;0.6666666666666666;0.3169017600000001;;;;;;;;;;;;;;;;;;;;;;;;;;;
4100;1786619648;0;3893.340996168581;7.682151072796936;46.78815187739464;1941.119538900602;323.4260916858238;90.20021728604956;902.0021728604956;-0.0445711736455752;-3.618862030651338;-0.2440042145594041;399414.9927852007;5182465.784806842;3;60907;48.87672024433202;6.732218395181126;364.5826948882086;343.3261951078266;53.99906114198754;436.7063916507786;18.68776352419075;50.5029437905368;6.5;53;-1;;50;;;0;288.15;350;204.4993373264182;279.4993373264182;1;;;;0;1325.640079506184;3.708248080597919;3.708248080597919;1.62235853526159;1.62235853526159;19777.32309652224;3708.248080597919;166.8351991091926;166.8351991091926;12;12;0.2;87.49472296743282;5.993847744529184;6.962947874609748;12;0.6666666666666666;0.3169017600000001;88.47159558552048;5.99508629544727;6.964186425527834;12;0.6666666666666666;0.3169017600000001;;;;;;;;;;;;;;;;;;;;;;;;;;;
4110;1786619658;0;3902.82222222222;7.675073333333336;46.79465733333334;1890.770795099745;323.5125157777778;90.619470179512;906.19470179512;0.000961450671734948;-3.647535555555549;-0.4370226666666369;398886.975273148;5183197.755924358;3;60907;49.14641670539462;7.597430790378196;364.6471033713279;358.7588935878955;51.90088065004338;448.0361640789071;33.19716641061869;48.63840678867618;6.5;53;-1;;50;;;0;288.15;350;207.3289585538637;282.3289585538637;1;;;;0;1115.965812186909;3.812212904038244;3.812212904038244;1.667843145516732;1.667843145516732;20331.80215487064;3812.212904038244;167.0576695489609;167.0576695489609;12;12;0.2;87.12280309396904;5.993298085873954;6.96239821595452;12;0.6666666666666666;0.3169017600000001;88.05592927618906;5.99459306679349;6.963693196874054;12;0.6666666666666666;0.3169017600000001;;;;;;;;;;;;;;;;;;;;;;;;;;;
4120;1786619668;0;3912.314814814811;7.667963888888892;46.80119407407408;1840.206184056912;323.4908675925926;90.51900599356994;905.1900599356994;0.00612033978612598;-3.669101666666658;-0.3845651851851919;398356.7291655296;5183933.293662466;3;60907;49.4089101395055;8.47239639606691;364.7099765143157;11.373609421280994;48.28717444002602;470.2634142102006;45.29854830707858;45.4852378269234;6.5;53;-1;;50;;;0;288.15;350;212.6710558918144;287.6710558918144;1;;;;0;982.3874913399932;4.018812043477293;4.018812043477293;1.758230269021316;1.758230269021316;21433.6642318789;4018.812043477293;167.4782319948282;167.4782319948282;12;12;0.2;86.40525438515806;5.992095151224028;6.961195281304592;12;0.6666666666666666;0.3169017600000001;87.2569731544509;5.993501815442108;6.962601945522672;12;0.6666666666666666;0.3169017600000001;;;;;;;;;;;;;;;;;;;;;;;;;;;
4130;1786619678;0;3921.80076628352;7.66085942528736;46.80772252873562;1789.640503813823;323.4978073946361;90.4807000132256;904.807000132256;0.003885491260931642;-3.686663256704972;-0.4111309961685751;397826.9802006337;5184667.953760056;3;61252;43.85264121014064;7.377451478054362;363.6470674163047;183.970589624441;45.03697695959698;492.20311725813;222.7157439557288;48.0679396175544;6.5;69;-1;;50;;;0;288.15;350;217.9974170993461;292.9974170993461;1;;;;0;1044.365310940901;4.239905263918052;4.239905263918052;1.854958552964148;1.854958552964148;22612.82807422961;4239.905263918052;167.8742953404811;167.8742953404811;12;12;0.2;85.69136953512162;5.9906843859014;6.959784515981964;12;0.6666666666666666;0.3169017600000001;86.46341205987666;5.992200207431916;6.96130033751248;12;0.6666666666666666;0.3169017600000001;;;;;;;;;;;;;;;;;;;;;;;;;;;
4140;1786619688;0;3931.275862068965;7.653755862068966;46.8142475862069;1739.040556736279;323.493835862069;90.5758319335238;905.758319335238;0.002812238471886318;-3.70128172413793;-0.4046382758620689;397297.4261826462;5185402.284759796;3;61252;43.48383565634266;8.082072925140592;363.5667667424514;174.6483308374128;41.36290335651963;523.1555862226908;212.6449237067272;44.71948473189824;6.5;69;-1;;50;;;0;288.15;350;224.6260133498153;299.6260133498153;1;;;;0;827.2666136692784;4.539772532413184;4.539772532413184;1.986150482930768;1.986150482930768;24212.12017287031;4539.772532413184;168.4040254838257;168.4040254838257;12;12;0.2;84.73058019331524;5.988380827496602;6.957480957577166;12;0.6666666666666666;0.3169017600000001;85.4054654783245;5.9900512108961;6.959151340976664;12;0.6666666666666666;0.3169017600000001;;;;;;;;;;;;;;;;;;;;;;;;;;;
4150;1786619698;0;3940.785440613025;7.646648773946362;46.82078195402298;1688.31598854686;323.4936286206896;90.57681863302948;905.768186330295;0.08608670492569068;-3.714133946360151;-0.4095663601532563;396767.7536675373;5186137.704484232;3;61252;43.11019748312604;8.777628126494298;363.4857681143649;167.3903433063353;37.53017982171272;561.9511493534024;204.7423177453518;41.08443759992039;6.5;69;-1;;50;;;0;288.15;350;232.2244434596481;307.2244434596481;1;;;;0;738.6095817419456;4.924659010037728;4.924659010037728;2.154538316891507;2.154538316891507;26264.84805353455;4924.659010037728;169.0253794190439;169.0253794190439;12;12;0.2;83.55595194651178;5.98477848729927;6.953878617379834;12;0.6666666666666666;0.3169017600000001;84.12207472832962;5.986635938679444;6.955736068760008;12;0.6666666666666666;0.3169017600000001;;;;;;;;;;;;;;;;;;;;;;;;;;;
4160;1786619708;0;3950.329501915708;7.639536168582376;46.82731406130268;1637.499666495177;323.492260229885;90.17288127141674;901.7288127141674;0.02534710688832693;-3.725908812260536;-0.409492835249042;396237.7889427533;5186872.929909494;3;61252;42.73184858908592;9.464224800030016;363.404128798361;161.7494497995692;33.84430333270607;607.0829554819998;198.7892894382534;37.5075015714274;6.5;69;-1;;50;;;0;288.15;350;240.1537981181616;315.1537981181616;1;;;;0;703.3385550923656;5.386596006586172;5.386596006586172;2.356635752881451;2.356635752881451;28728.51203512625;5386.596006586172;169.696368937866;169.696368937866;12;12;0.2;82.22092799515128;5.979313511672506;6.948413641753072;12;0.6666666666666666;0.3169017600000001;82.67638298414176;5.981368659261924;6.950468789342488;12;0.6666666666666666;0.3169017600000001;;;;;;;;;;;;;;;;;;;;;;;;;;;
4170;1786619718;0;3959.804597701146;7.632454597701152;46.83381712643678;1586.853889129121;323.4914395402299;90.20785386192156;902.0785386192156;-0.01915528662657584;-3.736805057471261;-0.4110785057471261;395710.2675768099;5187604.936553264;3;61252;42.34890417798049;10.14198330992257;363.3219057154647;157.3206215160285;30.44714210755501;657.2390477298864;194.1546520652268;34.17237161297633;6.5;69;-1;;50;;;0;288.15;350;247.9239513115324;322.9239513115324;1;;;;0;898.5646464917324;5.92015772116038;5.92015772116038;2.590069003007666;2.590069003007666;31574.17451285536;5920.15772116038;170.3858752974345;170.3858752974345;12;12;0.2;80.7644266708823;5.971098143152282;6.940198273232848;12;0.6666666666666666;0.3169017600000001;81.1141045354842;5.973327143526914;6.942427273607478;12;0.6666666666666666;0.3169017600000001;;;;;;;;;;;;;;;;;;;;;;;;;;;
4180;1786619728;0;3969.3037037037;7.62536918518519;46.8403225925926;1536.103468469356;323.4906117777778;89.9972052951653;899.972052951653;0.001536610373838521;-3.747277999999995;-0.411913407407407;395182.5898585851;5188337.26438366;3;61252;41.96147716287298;10.811027644758818;363.2391563771298;153.7912306978351;27.38145307150305;711.3549120443912;190.4365704500707;31.14164668864652;6.5;69;-1;;50;;;0;288.15;350;255.2003033652094;330.2003033652094;1;;;;0;900.561959671692;6.52298175240811;6.52298175240811;2.853804516678548;2.853804516678548;34789.23601284325;6522.98175240811;171.0731348377374;171.0731348377374;12;12;0.2;79.21060758566092;5.95872489765565;6.927825027736216;12;0.6666666666666666;0.3169017600000001;79.46351334989664;5.96104941478404;6.930149544864604;12;0.6666666666666666;0.3169017600000001;418;0.10407338944507074;316901.76;1;0;1;0.05170056486906226;0;0.10407338944507074;316901.76;1;0;0.05170056486906226;0;0.10407338944507074;316901.76;1;0;1;0.05170056486906226;0;0.10407338944507074;316901.76;1;0;0.05170056486906226;0
4190;1786619738;0;3978.796296296294;7.618300740740742;46.84681351851852;1485.373663796456;323.4899122222222;90.08358252562616;900.8358252562616;-0.04932279204840632;-3.75729222222222;-0.4128937037037036;394656.3092341754;5189068.00295612;3;61252;41.56968291018353;11.47147706047177;363.1559398627515;150.933683484753;24.64012203406298;768.5862586938586;187.520328114267;28.41911943698121;6.5;69;-1;;50;;;0;288.15;350;261.7774285455806;336.7774285455806;1;;;;0;876.9734166093338;7.19567004976178;7.19567004976178;3.148105646770779;3.148105646770779;38376.90693206283;7195.67004976178;171.7452604545677;171.7452604545677;12;12;0.2;77.5714925413846;5.939929936957692;6.909030067038256;12;0.6666666666666666;0.3169017600000001;77.7387432191585;5.94218427290719;6.911284402987754;12;0.6666666666666666;0.3169017600000001;;;;;;;;;;;;;;;;;;;;;;;;;;;
4200;1786619748;0;3988.333333333331;7.611223333333336;46.85331;1434.523985912013;323.48921;89.5244410063788;895.244410063788;-0.06027958772006612;-3.767226666666664;-0.4139066666666664;394129.4877229267;5189799.420019066;3;60301;41.55649110914708;4.052535209804349;363.4239326895704;207.0469311498568;25.00540603118032;760.9054757251798;245.1752142137874;27.00720884957493;0;11;-1;;50;;;0;288.15;350;260.9034172078208;335.9034172078208;1;;;;0;613.3402470574634;7.097168734571554;7.097168734571554;3.105011321375055;3.105011321375055;37851.56658438163;7097.168734571556;171.6580223315803;171.6580223315803;12;12;0.2;71.30032630495794;5.75095940540921;6.720059535489774;12;0.6666666666666666;0.3169017600000001;71.47886252823542;5.760718539480108;6.729818669560672;12;0.6666666666666666;0.3169017600000001;;;;;;;;;;;;;;;;;;;;;;;;;;;
4210;1786619758;0;3997.84291187739;7.604186245210732;46.85976475095786;1383.373391627244;323.5124567816092;86.82113286063358;868.211328606336;-0.0518523253871257;-3.88940226053628;-0.3955886206894828;393605.7885616783;5190526.194390684;3;60301;41.94838024362606;4.712659474322804;363.4971404713133;203.901871313357;27.68659275837591;705.9887129820418;242.1996947610813;29.90091997619213;6.5;11;-1;;50;;;0;288.15;350;254.4692427273732;329.4692427273732;1;;;;0;626.0085833512212;6.45668312903901;6.45668312903901;2.824798868954567;2.824798868954567;34435.64335487472;6456.68312903901;171.0073632990334;171.0073632990334;12;12;0.2;79.37168339545792;5.960220850649682;6.929320980730246;12;0.6666666666666666;0.3169017600000001;79.63421506202028;5.962544235433212;6.931644365513776;12;0.6666666666666666;0.3169017600000001;;;;;;;;;;;;;;;;;;;;;;;;;;;
4220;1786619768;0;4007.352490421458;7.597369731800766;46.86602911877396;1330.069440872085;323.4231641379311;83.62071342155682;836.2071342155682;0.05893868512203076;-3.829278544061294;-0.427659233716448;393098.6524117074;5191231.56130245;3;60301;42.33590441285974;5.3813695535908;363.5698374885169;200.0459687840198;30.64957716390629;654.3988109749212;238.414368951105;33.06902978419015;6.5;11;-1;;50;;;0;288.15;350;247.4507067567543;322.4507067567543;1;;;;0;667.644048704631;5.884822119791472;5.884822119791472;2.574609677408769;2.574609677408769;31385.71797222119;5884.822119791472;170.3482581740872;170.3482581740872;12;12;0.2;80.8528387211975;5.97167867296574;6.940778803046304;12;0.6666666666666666;0.3169017600000001;81.20888583296454;5.973901224513916;6.943001354594482;12;0.6666666666666666;0.3169017600000001;;;;;;;;;;;;;;;;;;;;;;;;;;;
4230;1786619778;0;4016.862068965517;7.590785172413794;46.87205310344828;1276.872607137104;323.4229241379311;80.81093431274146;808.1093431274146;0.01831436405745509;-3.709481379310346;-0.3299041379310343;392608.8349342632;5191909.944578778;3;60301;42.71895455351639;6.058795606117438;363.641967216432;195.2579425379437;33.87986150771255;606.9864759262348;233.7450801539882;36.38705154366152;6.5;11;-1;;50;;;0;288.15;350;240.0746230223912;315.0746230223912;1;;;;0;667.480778176611;5.381616340507642;5.381616340507642;2.354457148972094;2.354457148972094;28701.95381604076;5381.616340507642;169.6949884389361;169.6949884389361;12;12;0.2;82.2294667640691;5.979354047492818;6.948454177573382;12;0.6666666666666666;0.3169017600000001;82.68601295447878;5.981409838106996;6.95050996818756;12;0.6666666666666666;0.3169017600000001;;;;;;;;;;;;;;;;;;;;;;;;;;;
4240;1786619788;0;4026.359259259258;7.58442288888889;46.87787555555556;1231.284763096537;323.3800300740741;76.08268504116166;760.8268504116166;-0.02613662324622655;-1.152973148148664;-0.3144679629629831;392135.6640200253;5192565.670261532;3;62061;50.08459996766246;4.488147651162646;364.6923938925411;328.4565989871929;37.50105332347772;564.1289184349648;5.25660470508269;36.32439991235127;6.5;92;-1;;50;;;0;288.15;350;232.2847909901581;307.2847909901581;1;;;;0;643.5632690745318;4.92792083061773;4.92792083061773;2.155965363395257;2.155965363395257;26282.24442996123;4927.92083061773;169.0589754057296;169.0589754057296;12;12;0.2;83.51766709274236;5.984643948184964;6.953744078265528;12;0.6666666666666666;0.3169017600000001;84.08293688169656;5.986515147459882;6.955615277540448;12;0.6666666666666666;0.3169017600000001;;;;;;;;;;;;;;;;;;;;;;;;;;;
4250;1786619798;0;4035.818518518516;7.578430703703706;46.88335655555556;1217.755018417869;323.3276362592593;70.8316820457969;708.316820457969;0.132189117334079;0.2903591111105936;-0.2284321111111489;391690.1091842457;5193182.981938848;3;62061;49.84245567443972;5.389234115640486;364.6401348068985;334.5732401849756;41.84533547705938;520.2858798735576;11.366383568013114;42.08560078598383;6.5;92;-1;;50;;;0;288.15;350;223.718731814675;298.718731814675;1;;;;0;604.4666543816196;4.496927775980872;4.496927775980872;1.967405901991631;1.967405901991631;23983.61480523132;4496.927775980872;168.3562489361282;168.3562489361282;12;12;0.2;84.83994607838424;5.988669396407574;6.957769526488138;12;0.6666666666666666;0.3169017600000001;85.52800195340584;5.99032768557198;6.959427815652544;12;0.6666666666666666;0.3169017600000001;;;;;;;;;;;;;;;;;;;;;;;;;;;
4260;1786619808;0;4045.28735632184;7.572846206896552;46.88845655172414;1213.714357900966;323.2903756321839;65.4917566571512;654.917566571512;0.10288076813687872;1.257091724137961;-0.1449659770114904;391274.9368577923;5193757.426002954;3;62061;49.59271842756448;6.280819972152414;364.5862164542014;342.7819760879499;46.3730442032676;483.4349421082336;19.98963561461171;47.50782337252658;6.5;92;-1;;50;;;0;288.15;350;215.747218411995;290.747218411995;1;;;;0;638.7984751048634;4.144520319944476;4.144520319944476;1.813227639975708;1.813227639975708;22104.10837303721;4144.520319944476;167.7181688928311;167.7181688928311;12;12;0.2;85.98461183973368;5.99129201542631;6.960392145506874;12;0.6666666666666666;0.3169017600000001;86.7901365981258;5.992764994815372;6.961865124895936;12;0.6666666666666666;0.3169017600000001;;;;;;;;;;;;;;;;;;;;;;;;;;;
4270;1786619818;0;4054.737037037036;7.567260925925926;46.8929421851852;1214.18647198062;313.4119955185173;61.14394253447756;611.4394253447756;-0.3795949030629206;4.302204962962826;8.837713592582054;390858.5397915001;5194263.63250791;3;62061;49.33553228874846;7.162792873936008;364.5306766344338;353.823568368219;50.62753518627282;455.2747929805662;34.15159098543161;59.42683607250436;6.5;92;-1;;50;;;0;288.15;350;209.142828104453;284.142828104453;1;;;;0;657.3611704112786;3.880789781383951;3.880789781383951;1.697845529355479;1.697845529355479;20697.54550071441;3880.789781383951;167.1968802540954;167.1968802540954;12;12;0.2;86.8850131276501;5.992921210359566;6.96202134044013;12;0.6666666666666666;0.3169017600000001;87.79032658388482;5.994252298151866;6.96335242823243;12;0.6666666666666666;0.3169017600000001;;;;;;;;;;;;;;;;;;;;;;;;;;;
4280;1786619828;0;4064.27203065134;7.562265747126438;46.89725329501916;1213.239437027495;328.7489099233669;58.07587286605642;580.7587286605642;-0.5518111004508334;2.902965210728256;16.5892927203013;390486.806789054;5194749.652213588;3;62061;49.07103897627408;8.035068430490746;364.4735536646777;8.13122652879819;53.82944911335042;437.4440585620649;17.08510978013346;64.52844923272472;6.5;92;-1;;50;;;0;288.15;350;204.7208080867495;279.7208080867495;1;;;;0;657.4447377162364;3.716257462755587;3.716257462755587;1.625862639955569;1.625862639955569;19820.03980136313;3716.257462755587;166.8498585877765;166.8498585877765;12;12;0.2;87.4685500019973;5.993810582206298;6.962910712286862;12;0.6666666666666666;0.3169017600000001;88.44198270344632;5.995052695426236;6.9641528255068;12;0.6666666666666666;0.3169017600000001;;;;;;;;;;;;;;;;;;;;;;;;;;;
4290;1786619838;0;4073.747126436779;7.559743103448278;46.9021835632184;1214.480548550619;344.815632183901;55.626921734391;556.26921734391;-0.652500439096468;4.217698620691853;21.64868885054502;390304.7155823513;5195301.03838479;3;62061;48.79938047391162;8.89757867215995;364.414886980424;24.89354251829558;55.08072282620674;431.1230841538099;5.174556697141652;68.04871006677156;6.5;92;-1;;50;;;0;288.15;350;203.1166422898899;278.1166422898899;1;;;;0;658.6608777594484;3.658718044883535;3.658718044883535;1.600689144636546;1.600689144636546;19513.16290604552;3658.718044883535;166.7234336916425;166.7234336916425;12;12;0.2;87.67768781132234;5.99410137806677;6.963201508147336;12;0.6666666666666666;0.3169017600000001;88.67609847986876;5.995312189500868;6.964412319581432;12;0.6666666666666666;0.3169017600000001;;;;;;;;;;;;;;;;;;;;;;;;;;;
4300;1786619848;0;4083.222222222218;7.559624444444444;46.90718555555556;1207.119314653327;9.485147777779738;52.99130312852102;529.9130312852102;-0.2555669427157322;5.856942222221824;5.253682222244556;390305.8838278068;5195857.036833334;3;62061;48.5207021833229;9.750261182979722;364.3547178508698;41.68760079689113;53.9342924105597;436.7700934306812;29.86167344261939;61.660755495593;6.5;92;-1;;50;;;0;288.15;350;204.5837593930032;279.5837593930032;1;;;;0;659.1149737585066;3.711298659717054;3.711298659717054;1.623693163626211;1.623693163626211;19793.59285182429;3711.298659717054;166.8364660159506;166.8364660159506;12;12;0.2;87.48907085319104;5.993839738159474;6.962939868240038;12;0.6666666666666666;0.3169017600000001;88.46463189387052;5.995078414717492;6.964178544798056;12;0.6666666666666666;0.3169017600000001;;;;;;;;;;;;;;;;;;;;;;;;;;;
4310;1786619858;0;4092.740740740737;7.560711481481482;46.91189296296296;1212.660772596444;9.479631481479956;50.97038837840188;509.7038837840188;-0.10873534341110128;4.997725555555282;1.866371111109022;390398.2658845519;5196378.61537479;3;62061;48.2351461212689;10.593079262560274;364.2930879404221;56.06719695535746;50.807817431016;453.9214683483122;49.94498158630968;55.52661808393032;6.5;92;-1;;50;;;0;288.15;350;208.8815278780512;283.8815278780512;1;;;;0;625.410012684414;3.870814330265118;3.870814330265118;1.693481269490989;1.693481269490989;20644.3430947473;3870.814330265118;167.1710226090929;167.1710226090929;12;12;0.2;86.92521048363592;5.992986375184454;6.962086505265018;12;0.6666666666666666;0.3169017600000001;87.83451958735496;5.994310451030362;6.963410581110926;12;0.6666666666666666;0.3169017600000001;;;;;;;;;;;;;;;;;;;;;;;;;;;
4320;1786619868;0;4102.241379310344;7.562003793103448;46.91639103448276;1213.845212114483;12.472019310344806;49.53856121956592;495.3856121956592;0.08852364565680802;5.437767931034472;0.6564900000000224;390505.8377566684;5196876.646998736;3;62061;47.94285384468776;11.42601065698082;364.2300399676515;67.20224104932544;46.59954020511376;481.3489852329118;59.34206284391742;50.11646057874054;6.5;92;-1;;50;;;0;288.15;350;215.3741815031632;290.3741815031632;1;;;;0;631.0311713364668;4.12899442623093;4.12899442623093;1.806435061476032;1.806435061476032;22021.30360656497;4128.994426230931;167.6806093545181;167.6806093545181;12;12;0.2;86.04448985025986;5.991411134380202;6.960511264460766;12;0.6666666666666666;0.3169017600000001;86.85559030740712;5.992873129229118;6.961973259309684;12;0.6666666666666666;0.3169017600000001;;;;;;;;;;;;;;;;;;;;;;;;;;;
4330;1786619878;0;4111.750957854404;7.56343264367816;46.92073793103448;1214.314398275218;12.998292911877346;48.05405261447418;480.5405261447418;4.342538559205713e-05;5.920273524904126;0.2139684674329853;390623.4816736834;5197357.691277972;3;62061;47.64396988879314;12.249036988705682;364.1656184694457;75.50333489155322;42.09482962691256;517.4108231861126;67.49639337997976;44.79500430614574;6.5;92;-1;;50;;;0;288.15;350;223.2538900762992;298.2538900762992;1;;;;0;594.8971728612588;4.475209619026182;4.475209619026182;1.957904208323955;1.957904208323955;23867.78463480631;4475.209619026182;168.3081183235598;168.3081183235598;12;12;0.2;84.91929654157502;5.988874276874582;6.957974406955146;12;0.6666666666666666;0.3169017600000001;85.61411581697156;5.990517376494844;6.959617506575408;12;0.6666666666666666;0.3169017600000001;;;;;;;;;;;;;;;;;;;;;;;;;;;
4340;1786619888;0;4121.226053639844;7.564851647509578;46.92494946360152;1214.564952902437;13.11030394636013;46.92574612631668;469.2574612631668;0.03712251252372764;6.396212911877226;0.11915475095785988;390740.083715241;5197823.709643032;3;62061;47.33863451086304;13.062163158678464;364.0998682548698;81.69591641102538;37.75584842653659;560.4415554265096;73.38853016609806;39.9580843038684;6.5;92;-1;;50;;;0;288.15;350;231.7581790474842;306.7581790474842;1;;;;0;651.2252401258298;4.899575156120106;4.899575156120106;2.143564130802546;2.143564130802546;26131.06749930723;4899.575156120106;169.0020147373279;169.0020147373279;12;12;0.2;83.61537466823438;5.984984981455588;6.954085111536152;12;0.6666666666666666;0.3169017600000001;84.18809360091428;5.986837249687564;6.955937379768128;12;0.6666666666666666;0.3169017600000001;434;0.10356999667253514;316901.76;1;0;1;0.05170056486906226;0;0.10356999667253514;316901.76;1;0;0.05170056486906226;0;0.10356999667253514;316901.76;1;0;1;0.05170056486906226;0;0.10356999667253514;316901.76;1;0;0.05170056486906226;0
4350;1786619898;0;4130.677777777773;7.566241666666666;46.92906144444444;1214.6985838568;13.12685466666666;45.64697795405518;456.4697795405518;0.04341383547567006;6.878660444444178;0.10497555555555;390854.2606985999;5198278.708213642;3;62061;47.02698691665918;13.865406404356236;364.0328351176613;86.39619772788768;33.78746159586941;608.9607870693894;77.8199683469307;35.61209998183299;6.5;92;-1;;50;;;0;288.15;350;240.2804654016001;315.2804654016001;1;;;;0;617.2566317215724;5.394579771673438;5.394579771673438;2.36012865010713;2.36012865010713;28771.09211559167;5394.57977167344;169.7231947013168;169.7231947013168;12;12;0.2;82.18262556938754;5.979130700718488;6.948230830799052;12;0.6666666666666666;0.3169017600000001;82.63633538346738;5.981196432604698;6.950296562685264;12;0.6666666666666666;0.3169017600000001;;;;;;;;;;;;;;;;;;;;;;;;;;;
4360;1786619908;0;4139.452107279691;7.567603295019158;46.93305988505748;1213.870215372322;13.125828467432942;44.68873388286575;446.8873388286575;0.03460268037214676;7.66349647509519;0.11541180076629924;390966.0304956507;5198721.13157822;3;63668;42.95440405669742;5.30403252817145;359.6395657970116;202.8040425500681;33.60269177041896;604.2436469089728;188.9892206061805;26.02126387216718;0;171;-1;;50;;;0;288.15;350;240.6930672922558;315.6930672922557;1;;;;0;577.5778709855102;5.420733094857216;5.420733094857216;2.371570729000032;2.371570729000032;28910.57650590515;5420.733094857216;169.6556500004121;169.6556500004121;12;12;0.2;75.71257486821558;5.908175723135408;6.877275853215972;12;0.6666666666666666;0.3169017600000001;76.1606048640276;5.91709098133294;6.886191111413504;12;0.6666666666666666;0.3169017600000001;;;;;;;;;;;;;;;;;;;;;;;;;;;
4370;1786619918;0;4148.961685823747;7.568934636015324;46.9369746743295;1214.029651219034;13.100028275862176;43.25290068506836;432.5290068506836;0.2452673544664014;8.430366896551184;0.11372643678163388;391075.3104809388;5199154.303568256;3;63668;43.00447191691942;6.153203880950486;359.6504469177153;194.8367625751815;35.2424738413229;582.9675628561186;181.4223100768913;26.81194532926787;0;171;-1;;50;;;0;288.15;350;237.0784770816534;312.0784770816535;1;;;;0;564.120616164742;5.198965140352806;5.198965140352806;2.274547248904353;2.274547248904353;27727.81408188163;5198.965140352806;169.3442959562149;169.3442959562149;12;12;0.2;76.34272034701286;5.920464788076828;6.889564918157392;12;0.6666666666666666;0.3169017600000001;76.84076261065462;5.929012183118418;6.898112313198982;12;0.6666666666666666;0.3169017600000001;;;;;;;;;;;;;;;;;;;;;;;;;;;
4380;1786619928;0;4158.436781609193;7.570216781609196;46.94076471264368;1214.004936493517;13.088286551724184;41.92193788552165;419.2193788552165;-0.006533910831186652;9.18645482758598;0.12359011494253622;391180.5792071853;5199573.683186876;3;63668;43.04760763721942;7.003724080119868;359.6596533616139;186.0952850113165;36.324026051488;569.90298586598;173.7373212095101;27.21262757426408;0;171;-1;;50;;;0;288.15;350;234.7552003836007;309.7552003836007;1;;;;0;546.418872490886;5.06456407890005;5.06456407890005;2.215746784518772;2.215746784518772;27011.00842080027;5064.56407890005;169.1474267900058;169.1474267900058;12;12;0.2;76.73279103906024;5.927240094111362;6.896340224191926;12;0.6666666666666666;0.3169017600000001;77.26328541912174;5.93554464400692;6.904644774087484;12;0.6666666666666666;0.3169017600000001;;;;;;;;;;;;;;;;;;;;;;;;;;;
4390;1786619938;0;4167.914814814817;7.571468074074074;46.94443677777778;1213.840142856444;13.071189074074082;40.60861399715108;406.0861399715108;0.10827914210923306;10.035258222222454;0.1471189259259199;391283.2477790287;5199979.997944064;3;63668;43.08379088157069;7.855389241274644;359.6671785299959;176.9134064451156;36.692510582777;565.623258486195;165.4703315067106;27.05339184481103;0;171;-1;;50;;;0;288.15;350;233.9752031304536;308.9752031304536;1;;;;0;460.4474964242158;5.02074960522719;5.02074960522719;2.196577952286896;2.196577952286896;26777.33122787835;5020.749605227192;169.0819533306259;169.0819533306259;12;12;0.2;76.86124780434492;5.929343533700522;6.898443663781086;12;0.6666666666666666;0.3169017600000001;77.40269198355856;5.93756621284366;6.906666342924226;12;0.6666666666666666;0.3169017600000001;;;;;;;;;;;;;;;;;;;;;;;;;;;
4400;1786619948;0;4177.386973180072;7.572684176245212;46.94799318007664;1213.346785263542;13.00943789271542;39.75422450225619;397.5422450225619;-0.2399369622220889;10.739512605364496;7.217262490396892;391382.9918385127;5200373.510449842;3;63668;43.1130050138553;8.708003603591862;359.6730170127776;167.7419935943059;36.28986725393566;570.3281164186858;161.1682038400519;28.99400518505591;6.5;171;-1;;50;;;0;288.15;350;234.8278076314908;309.8278076314909;1;;;;0;450.2427447521159;5.068675130433098;5.068675130433098;2.21754536956448;2.21754536956448;27032.93402897652;5068.675130433098;169.1539037879167;169.1539037879167;12;12;0.2;83.22040440457064;5.983558118528776;6.95265824860934;12;0.6666666666666666;0.3169017600000001;83.74988090884018;5.985442120550042;6.954542250630606;12;0.6666666666666666;0.3169017600000001;;;;;;;;;;;;;;;;;;;;;;;;;;;
4410;1786619958;0;4186.827586206896;7.575119655172414;46.95115827586208;1202.721456235863;40.16657517241343;39.79700050888582;397.9700050888582;-0.2949405820639275;10.344173448275486;3.901798965518185;391574.7193288546;5200721.854131736;3;63668;43.13523648780417;9.561369644550458;359.6771644497813;159.0397930518004;35.18344835839985;583.7498721103822;126.13806782308456;32.8690250336882;6.5;171;-1;;50;;;0;288.15;350;237.2066953060696;312.2066953060696;1;;;;0;458.5309281582856;5.206559534631528;5.206559534631528;2.277869796401294;2.277869796401294;27768.31751803482;5206.55953463153;169.3559441113895;169.3559441113895;12;12;0.2;82.82015525006256;5.981974090980454;6.951074221061018;12;0.6666666666666666;0.3169017600000001;83.31641357038518;5.983916944930318;6.953017075010882;12;0.6666666666666666;0.3169017600000001;;;;;;;;;;;;;;;;;;;;;;;;;;;
4420;1786619968;0;4196.302681992336;7.578621992337164;46.95382172413794;1202.703419036047;43.79441187739434;39.43388529028999;394.3388529028999;0.11045289148223158;10.422237203065506;0.9743055555557122;391846.5903952492;5201012.986580352;3;63668;43.15047473471673;10.415278133809948;359.6796175136706;151.1263718834051;33.53247612692354;605.2702572121344;113.51170148615666;30.80494418126264;6.5;171;-1;;50;;;0;288.15;350;240.8502042550147;315.8502042550147;1;;;;0;432.3728673790158;5.430753266208822;5.430753266208822;2.375954553966359;2.375954553966359;28964.01741978038;5430.753266208822;169.6703948097202;169.6703948097202;12;12;0.2;82.1834260625895;5.979134537776142;6.948234667856706;12;0.6666666666666666;0.3169017600000001;82.6292948852781;5.981165990824764;6.950266120905328;12;0.6666666666666666;0.3169017600000001;;;;;;;;;;;;;;;;;;;;;;;;;;;
4430;1786619978;0;4205.812260536395;7.582248659003832;46.95636118773946;1194.622396470347;44.77346616858228;39.37113975709304;393.7113975709304;0.1710060579580668;10.565904367815616;0.3413881226054853;392127.6457761204;5201290.182429274;3;63668;43.15871272307292;11.269529111959554;359.6803740118485;144.150092208378;31.52628828700211;634.1007169913478;105.33481956260994;29.60540517325606;6.5;171;-1;;50;;;0;288.15;350;245.4147405449601;320.4147405449601;1;;;;0;377.9373041573374;5.737347494563024;5.737347494563024;2.510089528871324;2.510089528871324;30599.18663766947;5737.347494563024;170.0745730279033;170.0745730279033;12;12;0.2;81.33851864114726;5.974666502479986;6.94376663256055;12;0.6666666666666666;0.3169017600000001;81.72207421058796;5.976802217059448;6.945902347140012;12;0.6666666666666666;0.3169017600000001;;;;;;;;;;;;;;;;;;;;;;;;;;;
4440;1786619988;0;4215.356321839076;7.58590540229885;46.95887264367816;1190.505341020417;44.98200459770118;39.05660257596131;390.5660257596131;8.674795935556808e-05;10.72250229885074;0.1937616091954316;392410.9074042614;5201564.23764703;3;63668;43.15994657923639;12.1239219786643;359.6794328069555;138.1252452445333;29.34241544663058;669.302540834713;99.03407182767706;28.39321550751456;6.5;171;-1;;50;;;0;288.15;350;250.5248606133521;325.5248606133521;1;;;;0;333.090661760677;6.122100381523898;6.122100381523898;2.678418916916706;2.678418916916706;32651.20203479413;6122.100381523898;170.5438576167114;170.5438576167114;12;12;0.2;80.31615177733292;5.967967082229602;6.937067212310166;12;0.6666666666666666;0.3169017600000001;80.63099060469976;5.970199444018906;6.93929957409947;12;0.6666666666666666;0.3169017600000001;;;;;;;;;;;;;;;;;;;;;;;;;;;
4450;1786619998;0;4224.803703703703;7.589543444444444;46.961357;1184.191703477067;45.01587833333333;38.85935039530475;388.5935039530475;-0.2005720315200807;10.843185185185116;0.1766591481481309;392692.6662842888;5201835.320217778;3;60408;52.20005388450642;7.716368963819128;365.5272144372894;0.8536741568797128;28.2769319915659;698.6637495547704;311.0254573674312;35.63642973079387;6.5;33;-1;;50;;;0;288.15;350;253.0579734543164;328.0579734543164;1;;;;0;332.9173450908911;6.332671986991512;6.332671986991512;2.770543994308786;2.770543994308786;33774.25059728806;6332.671986991512;170.9167723487916;170.9167723487916;12;12;0.2;79.64054036239308;5.962598514272772;6.931698644353336;12;0.6666666666666666;0.3169017600000001;79.92171482833624;5.964933829840756;6.934033959921322;12;0.6666666666666666;0.3169017600000001;;;;;;;;;;;;;;;;;;;;;;;;;;;
4460;1786620008;0;4234.30651340996;7.593166475095786;46.9638266283525;1178.941470583173;45.07315003831416;38.76571965758954;387.6571965758954;-0.2022401588665575;10.974108352490444;0.1710934482758751;392973.2283619567;5202104.799696928;3;60408;52.0496433663924;8.709167833617638;365.4928324330604;7.709126572630384;28.82560038964738;688.6590352370384;318.1862923417305;37.204075672398;6.5;33;-1;;50;;;0;288.15;350;251.7509630898267;326.7509630898267;1;;;;0;308.2318440147838;6.222192380043848;6.222192380043848;2.722209166269183;2.722209166269183;33185.02602690052;6222.192380043848;170.7914931392742;170.7914931392742;12;12;0.2;79.9246340068977;5.964957297392242;6.934057427472806;12;0.6666666666666666;0.3169017600000001;80.2231456871407;5.967276290741726;6.93637642082229;12;0.6666666666666666;0.3169017600000001;;;;;;;;;;;;;;;;;;;;;;;;;;;
4470;1786620018;0;4243.816091954021;7.596790114942528;46.9662840229885;1172.499070358071;46.23401436781334;38.82773081288333;388.2773081288334;-0.1013986248859234;10.56789298850571;2.37753298850552;393253.7873011418;5202372.931800958;3;60906;47.31462378879;0.5246145635384068;364.1931480626654;276.7178571846752;30.46468442875496;658.578278938838;227.2192048360239;21.71995029032049;0;52;-1;;50;;;0;288.15;350;247.8828975376091;322.8828975376091;1;;;;0;260.7197029953811;5.917075948144518;5.917075948144518;2.588720727313227;2.588720727313227;31557.7383901041;5917.075948144518;170.4035561992766;170.4035561992766;12;12;0.2;74.25117581775052;5.871979367184888;6.841079497265454;12;0.6666666666666666;0.3169017600000001;74.60140584210518;5.881764327211058;6.850864457291622;12;0.6666666666666666;0.3169017600000001;;;;;;;;;;;;;;;;;;;;;;;;;;;
4480;1786620028;0;4253.29118773946;7.60055356321839;46.96864988505748;1166.560047940232;47.96298735632184;38.71208317306881;387.1208317306881;-0.03863713898875372;11.0423099616861;0.3891705363990713;393544.7745509692;5202630.715483734;3;60906;47.62050754820468;1.33692013836179;364.2622112667714;280.9924331497279;33.81312811075223;608.9827055644224;228.1981280079286;26.49000637602831;0;52;-1;;50;;;0;288.15;350;240.223254183774;315.223254183774;1;;;;0;286.8820242739451;5.39097116912808;5.39097116912808;2.358549886493535;2.358549886493535;28751.84623534976;5390.97116912808;169.7235073293328;169.7235073293328;12;12;0.2;75.68750030753046;5.907649643560096;6.87674977364066;12;0.6666666666666666;0.3169017600000001;76.141998269737;5.916738400638982;6.885838530719546;12;0.6666666666666666;0.3169017600000001;;;;;;;;;;;;;;;;;;;;;;;;;;;
4490;1786620038;0;4262.774074074074;7.60433962962963;46.97098351851852;1158.722222680178;48.01541266666666;38.77811243529034;387.7811243529034;-0.02657114736504768;10.94320085185185;0.1772164074074108;393837.3934318562;5202884.901072804;3;60906;47.91995250494928;2.159128888646704;364.3299715282419;286.405829400143;37.45920170138312;564.0896933472794;232.3128454424161;31.07247442686827;6.5;52;-1;;50;;;0;288.15;350;232.371570900474;307.371570900474;1;;;;0;340.4790396569956;4.932617519122404;4.932617519122404;2.158020164616052;2.158020164616052;26307.29343531949;4932.617519122406;169.0583714362873;169.0583714362873;12;12;0.2;83.5115195724591;5.98462223447772;6.953722364558284;12;0.6666666666666666;0.3169017600000001;84.07556304899624;5.986492267845418;6.955592397925982;12;0.6666666666666666;0.3169017600000001;;;;;;;;;;;;;;;;;;;;;;;;;;;
4500;1786620048;0;4272.241379310344;7.608136551724138;46.9733179310345;1153.255204840552;48.05628551724138;39.0717524181605;390.7175241816051;-0.1603017152472942;10.667111724137884;0.1718072413793142;394130.8146935936;5203139.172644362;3;60906;48.21281490472168;2.991236794037633;364.3963827297212;293.3441021973751;41.28407131877261;525.1109232238534;237.9539397281523;36.05365051322229;6.5;52;-1;;50;;;0;288.15;350;224.7753248269887;299.7753248269887;1;;;;0;338.6925998038587;4.546882093722406;4.546882093722406;1.989260916003552;1.989260916003552;24250.03783318616;4546.882093722406;168.4364291921231;168.4364291921231;12;12;0.2;84.6879564906358;5.988266384706094;6.957366514786658;12;0.6666666666666666;0.3169017600000001;85.36067811174136;5.989948200694132;6.959048330774696;12;0.6666666666666666;0.3169017600000001;;;;;;;;;;;;;;;;;;;;;;;;;;;
4510;1786620058;0;4281.750957854403;7.61196540229885;46.9756677394636;1147.075447330391;48.06998850574708;39.09912147441511;390.9912147441511;-0.004177195244208482;11.77505812260194;0.012664176245170692;394426.6697546473;5203395.126205084;3;60906;48.49895384247678;3.833236590769242;364.4614006004986;302.2548810968464;45.02075974541961;493.4543523248968;243.9246030733914;40.77006476247151;6.5;52;-1;;50;;;0;288.15;350;218.0252535957905;293.0252535957905;1;;;;0;347.5427695334661;4.241104303565275;4.241104303565275;1.855483132809808;1.855483132809808;22619.22295234814;4241.104303565276;167.8963478199164;167.8963478199164;12;12;0.2;85.66759343619342;5.990633301433636;6.9597334315142;12;0.6666666666666666;0.3169017600000001;86.43922337497132;5.992156683423358;6.961256813503922;12;0.6666666666666666;0.3169017600000001;;;;;;;;;;;;;;;;;;;;;;;;;;;
4520;1786620068;0;4291.226053639843;7.615790421455938;46.97802425287356;1187.642008164393;48.15275950191568;40.63719418380906;406.3719418380906;-0.2371378992686711;16.72795019157635;0.1662663218390446;394722.2212689835;5203651.84438562;3;60906;48.77822772468162;4.685107321279818;364.5249818974271;313.4826073272813;48.202923459362;470.601218070258;248.39869211952;44.20301000341497;6.5;52;-1;;50;;;0;288.15;350;212.8028225738679;287.802822573868;1;;;;0;335.2866751410632;4.02409084837591;4.02409084837591;1.760539746164461;1.760539746164461;21461.81785800485;4024.09084837591;167.4844690815954;167.4844690815954;12;12;0.2;86.39142901634912;5.99206996975916;6.961170099839724;12;0.6666666666666666;0.3169017600000001;87.24115897099526;5.993478127932736;6.9625782580133;12;0.6666666666666666;0.3169017600000001;;;;;;;;;;;;;;;;;;;;;;;;;;;
4530;1786620078;0;4300.701149425288;7.61977551724138;46.98046632183908;1215.785722505656;48.23201804597702;49.70803470030828;497.0803470030828;0.003872154068815803;8.881910804597538;0.12061724137930684;395030.0890111506;5203917.869731892;3;60906;49.05049123336674;5.546803176866056;364.5870836860986;326.8733604020807;50.20921679332416;457.8738661229416;267.8625575839266;50.5950467126106;6.5;52;-1;;50;;;0;288.15;350;209.7548770605031;284.7548770605032;1;;;;0;389.2863561000154;3.904285230129117;3.904285230129117;1.708124788181489;1.708124788181489;20822.85456068862;3904.285230129117;167.2463252666113;167.2463252666113;12;12;0.2;86.80179340756304;5.992784372005068;6.961884502085632;12;0.6666666666666666;0.3169017600000001;87.6977621403296;5.994128561882616;6.96322869196318;12;0.6666666666666666;0.3169017600000001;;;;;;;;;;;;;;;;;;;;;;;;;;;
4540;1786620088;0;4310.176245210723;7.624650459770112;46.98345344827586;1226.446254099859;48.28624762452104;61.19615209777314;611.9615209777314;0.1271261964045933;4.062042758622352;0.02301835249049302;395406.6639747549;5204243.291261334;3;60906;49.31560229669296;6.418273380267448;364.6476648987309;341.3566291383374;50.51534165594234;456.0948806028018;288.1957458367106;51.92269698707836;6.5;52;-1;;50;;;0;288.15;350;209.3061922776124;284.3061922776124;1;;;;0;400.3244190410542;3.887043180475282;3.887043180475282;1.700581391457936;1.700581391457936;20730.89696253484;3887.043180475282;167.2125120941913;167.2125120941913;12;12;0.2;86.86039202636036;5.992880998153004;6.961981128233568;12;0.6666666666666666;0.3169017600000001;87.76320928123478;5.994216321244572;6.963316451325136;12;0.6666666666666666;0.3169017600000001;;;;;;;;;;;;;;;;;;;;;;;;;;;
4550;1786620098;0;4319.720306513407;7.630659808429116;46.9871253256705;1228.656194121012;48.47655348659006;70.2094280239106;702.0942802391062;0.1398548636761129;1.366642835249581;-0.1686998850573835;395870.7919245804;5204643.319991194;3;60906;49.57341883156802;7.299451419162932;364.7066855614076;355.2383159844157;49.03908187677012;465.3395459013562;305.4456652522769;49.97951561227228;6.5;52;-1;;50;;;0;288.15;350;211.5097915496717;286.5097915496717;1;;;;0;428.161818088038;3.972684313406392;3.972684313406392;1.738049387115296;1.738049387115296;21187.64967150075;3972.684313406392;167.3868073769076;167.3868073769076;12;12;0.2;86.56298761505566;5.992376852336356;6.96147698241692;12;0.6666666666666666;0.3169017600000001;87.43227337167344;5.993758702740782;6.962858832821346;12;0.6666666666666666;0.3169017600000001;;;;;;;;;;;;;;;;;;;;;;;;;;;
4560;1786620108;0;4329.229885057469;7.637554712643678;46.99133804597702;1225.292423960277;48.50217896551722;74.6391958862302;746.391958862302;0.06883421324441232;0.317572988505856;-0.1466071264367053;396403.2381797075;5205102.31336263;3;60906;49.82379601892072;8.19024359878361;364.7641061307441;7.195015243070386;46.19918388737508;484.9392201175324;318.5193002852655;46.5343022414406;6.5;52;-1;;50;;;0;288.15;350;216.0352186031592;291.0352186031592;1;;;;0;453.298079119815;4.156561780715363;4.156561780715363;1.818495779062972;1.818495779062972;22168.3294971486;4156.561780715363;167.7451543366671;167.7451543366671;12;12;0.2;85.94031679603954;5.99120283586672;6.960302965947284;12;0.6666666666666666;0.3169017600000001;86.74154177169266;5.99268365357129;6.961783783651854;12;0.6666666666666666;0.3169017600000001;;;;;;;;;;;;;;;;;;;;;;;;;;;
4570;1786620118;0;4338.704980842907;7.644882835249038;46.9958183908046;1220.543036059221;48.49248026819924;75.25278999409606;752.5278999409608;-0.08342176185164196;0.2439996934865883;-0.2420326819921924;396969.0549193258;5205590.523064028;3;60906;50.06659280014472;9.090549712216856;364.8198889398245;16.82171686700184;42.61571241991207;513.6995848818556;328.4858974674706;42.95028740325872;6.5;52;-1;;50;;;0;288.15;350;222.2930260480778;297.2930260480778;1;;;;0;517.8771827983934;4.430805396960493;4.430805396960493;1.938477361170216;1.938477361170216;23630.96211712263;4430.805396960494;168.2455924383001;168.2455924383001;12;12;0.2;85.04565349605406;5.989192916894872;6.958293046975436;12;0.6666666666666666;0.3169017600000001;85.75448672387342;5.990818651206704;6.959918781287268;12;0.6666666666666666;0.3169017600000001;;;;;;;;;;;;;;;;;;;;;;;;;;;
4580;1786620128;0;4348.214559386975;7.65227521072797;47.00033298850576;1217.646315808276;48.42944590038314;74.5620249588723;745.620249588723;0.05623515424849358;0.5110581609195622;-0.228390919540231;397539.7294986417;5206082.507734826;3;60906;50.3016689138441;10.000252015003764;364.8739974764331;24.35279269568017;38.81056475733247;550.1933465140808;335.8677101588919;39.37033364290726;6.5;52;-1;;50;;;0;288.15;350;229.6098391811536;304.6098391811536;1;;;;0;569.0972590303548;4.786616599439282;4.786616599439282;2.094144762254685;2.094144762254685;25528.62186367617;4786.61659943928;168.8417148261159;168.8417148261159;12;12;0.2;83.93805250467504;5.98605842654302;6.955158556623584;12;0.6666666666666666;0.3169017600000001;84.54129367475444;5.98786393217893;6.956964062259494;12;0.6666666666666666;0.3169017600000001;;;;;;;;;;;;;;;;;;;;;;;;;;;
4590;1786620138;0;4357.724137931035;7.659594827586208;47.0048103448276;1216.50707034869;48.40914965517242;73.83975454486196;738.3975454486198;0.06969684499904342;0.7072231034482794;-0.2169844827586194;398104.7083352613;5206570.5022988;3;60906;50.52888249478164;10.919203558105604;364.9263957792246;30.22394118751447;35.10957783212295;592.9977304154008;341.7353609964716;35.84917438566639;6.5;52;-1;;50;;;0;288.15;350;237.3673649974818;312.3673649974818;1;;;;0;650.777096448357;5.216103065090914;5.216103065090914;2.282045090977275;2.282045090977275;27819.21634715153;5216.103065090912;169.4924687666151;169.4924687666151;12;12;0.2;82.66991176980162;5.9813409364957;6.950441066576264;12;0.6666666666666666;0.3169017600000001;83.1639356725791;5.983343350732812;6.952443480813376;12;0.6666666666666666;0.3169017600000001;;;;;;;;;;;;;;;;;;;;;;;;;;;
4600;1786620148;0;4367.22592592592;7.6668417037037;47.00924618518518;1216.246224562489;48.40523837037038;73.19133632828938;731.9133632828938;0.04853084105371942;0.8073692222221786;-0.201998296296301;398663.9872871658;5207054.030111768;3;60906;50.74809606093182;11.847249688084596;364.9770497630962;34.84449656051718;31.67314772740655;640.8474383886022;346.3961572049208;32.50537657005779;6.5;52;-1;;50;;;0;288.15;350;245.075975985128;320.0759759851281;1;;;;0;650.642818416285;5.713492879969322;5.713492879969322;2.499653134986579;2.499653134986579;30471.96202650305;5713.492879969322;170.1665011964896;170.1665011964896;12;12;0.2;81.28088148103944;5.974329047743444;6.943429177824008;12;0.6666666666666666;0.3169017600000001;81.66903114025916;5.97651792018247;6.945618050263034;12;0.6666666666666666;0.3169017600000001;460;0.10383820182852374;316901.76;1;0;1;0.05170056486906226;0;0.10383820182852374;316901.76;1;0;0.05170056486906226;0;0.10383820182852374;316901.76;1;0;1;0.05170056486906226;0;0.10383820182852374;316901.76;1;0;0.05170056486906226;0
4610;1786620158;0;4376.708812260533;7.674021609195402;47.01364605363986;1216.259396256644;48.40516088122606;72.97316177089048;729.7316177089048;-0.07015494847042894;0.8658443295019012;-0.1950388888888907;399218.0179089902;5207533.698314892;3;60906;50.9591738543279;12.784216832410826;365.0259265527912;38.53506525751917;28.55730170768733;692.6941776160904;350.2264889332723;29.44369722508797;6.5;52;-1;;50;;;0;288.15;350;252.3894627265387;327.3894627265387;1;;;;74.8337827328753;594.6694199655112;6.275659215601284;6.275659215601284;2.745600906825562;2.745600906825562;33470.18248320685;6275.659215601284;170.8422388873489;170.8422388873489;12;12;0.2;79.7970296827092;5.96391672685531;6.933016856935874;12;0.6666666666666666;0.3169017600000001;80.08706315411376;5.96623872540419;6.935338855484754;12;0.6666666666666666;0.3169017600000001;;;;;;;;;;;;;;;;;;;;;;;;;;;
4620;1786620168;0;4386.218390804596;7.681183793103446;47.01803045977012;1216.34186836331;48.40659804597702;72.6133750836763;726.1337508367632;-0.06678729104702164;0.902948275862061;-0.1910435632183917;399770.5838299017;5208011.721540038;3;60906;51.16197977160484;13.729900695283448;365.0729939421463;41.53081210532704;25.7628506961974;747.6989395982542;353.2333786347367;26.68204879260003;0;52;-1;;50;;;0;288.15;350;259.0866158973663;334.0866158973663;1;;;;0;529.8550177237844;6.902148631317806;6.902148631317806;3.01969002620154;3.01969002620154;36811.45936702829;6902.148631317806;171.505943437274;171.505943437274;12;12;0.2;71.73274659769158;5.77395831140308;6.743058441483644;12;0.6666666666666666;0.3169017600000001;71.93483626740354;5.783984391898606;6.75308452197917;12;0.6666666666666666;0.3169017600000001;;;;;;;;;;;;;;;;;;;;;;;;;;;
4630;1786620178;0;4395.727969348658;7.688318697318008;47.0223875862069;1216.427020421058;48.40830559386974;72.37239663293306;723.7239663293304;0.02345933362376594;0.9272760153256676;-0.1882298467432953;400320.9374361101;5208486.798408994;3;63136;40.97241476689258;5.512289226269246;360.0538478116596;195.3173628777386;23.19068278612626;796.616839588562;147.0329726227253;22.31073280790819;0;145;-1;;50;;;0;288.15;350;265.2196869582902;340.2196869582902;1;;;;0;519.1615093027162;7.618226529665398;7.618226529665398;3.332974106728612;3.332974106728612;40630.5414915488;7618.226529665398;172.05639779623;172.05639779623;12;12;0.2;70.15293025986086;5.678381429705244;6.647481559785808;12;0.6666666666666666;0.3169017600000001;70.27601629695986;5.687052598123196;6.65615272820376;12;0.6666666666666666;0.3169017600000001;;;;;;;;;;;;;;;;;;;;;;;;;;;
4640;1786620188;0;4405.168582375477;7.69534295019157;47.0267959770115;1215.618606493059;43.39715099617352;72.18387672661938;721.8387672661938;0.5351562390916572;0.7059438697315952;-15.178326590038746;400862.8904428172;5208967.762062044;3;62059;50.55689790232576;0.8877346398201676;364.8132496784065;310.6562042891368;25.85692529888104;745.2280155929388;265.6869202040089;40.95717453242724;6.5;90;-1;;50;;;0;288.15;350;258.8607061918782;333.8607061918782;1;;;;0;504.1870625196108;6.878755803653872;6.878755803653872;3.00945566409857;3.00945566409857;36686.69761948732;6878.755803653872;171.4771916048594;171.4771916048594;12;12;0.2;78.2951256198731;5.94909574961751;6.918195879698074;12;0.6666666666666666;0.3169017600000001;78.50015298658596;5.951429984258514;6.920530114339078;12;0.6666666666666666;0.3169017600000001;;;;;;;;;;;;;;;;;;;;;;;;;;;
4650;1786620198;0;4414.678160919537;7.700798735632182;47.03211689655172;1216.035169774622;28.0397927586247;72.14259607325082;721.4259607325082;0.2959583740224981;0.9455754022984424;-10.632120574709852;401287.2669235057;5209552.155402366;3;62059;50.3307621445697;1.80788534852691;364.7608549303304;312.39920896484;28.95105874189095;685.1916322156988;285.3714902872046;39.47509137088992;6.5;90;-1;;50;;;0;288.15;350;251.4528422979955;326.4528422979955;1;;;;0;564.147278344161;6.197548654721148;6.197548654721148;2.711427536440503;2.711427536440503;33053.59282517946;6197.54865472115;170.7476491544281;170.7476491544281;12;12;0.2;80.00390334689514;5.965588605974824;6.93468873605539;12;0.6666666666666666;0.3169017600000001;80.30637924849614;5.967895186414786;6.93699531649535;12;0.6666666666666666;0.3169017600000001;;;;;;;;;;;;;;;;;;;;;;;;;;;
4660;1786620208;0;4424.1877394636;7.704053180076628;47.03821390804598;1216.751780465104;14.052762413797174;71.85033882585466;718.5033882585468;0.3207126099499979;1.0217218390809486;-10.338261532563614;401545.7514308616;5210225.587933938;3;62059;50.09674652373794;2.718804793906333;364.7066985259471;314.6034800295729;32.54518127351481;627.4532049969698;303.8395229119549;41.85885438458708;6.5;90;-1;;50;;;0;288.15;350;243.0789955074857;318.0789955074858;1;;;;0;516.3807400070084;5.576576070195248;5.576576070195248;2.439752030710421;2.439752030710421;29741.73904104132;5576.576070195248;169.983034982729;169.983034982729;12;12;0.2;81.66116560885022;5.976475468201916;6.94557559828248;12;0.6666666666666666;0.3169017600000001;82.07649614016584;5.978615699964668;6.947715830045232;12;0.6666666666666666;0.3169017600000001;;;;;;;;;;;;;;;;;;;;;;;;;;;
4670;1786620218;0;4433.662835249043;7.705323026819924;47.04461735632184;1217.000718648;4.498677432950093;71.9585045259943;719.5850452599432;0.0787624007748897;0.990542490421386;-1.240689578543641;401653.9912423038;5210935.576080314;3;62059;49.8549898126843;3.620354491316062;364.6508156245682;317.481462583348;36.73504814797058;572.8295281398422;313.0073007374013;38.31802523482459;6.5;90;-1;;50;;;0;288.15;350;233.8855452539192;308.8855452539192;1;;;;0;548.1303408035908;5.015753765586748;5.015753765586748;2.194392272444202;2.194392272444202;26750.68674979599;5015.753765586748;169.1919160794487;169.1919160794487;12;12;0.2;83.2584665750053;5.98370131897065;6.952801449051214;12;0.6666666666666666;0.3169017600000001;83.80117116512586;5.98561275531901;6.954712885399574;12;0.6666666666666666;0.3169017600000001;;;;;;;;;;;;;;;;;;;;;;;;;;;
4680;1786620228;0;4443.172413793097;7.705844827586208;47.05107896551724;1216.061652550347;359.2069172413901;72.0053915623396;720.053915623396;0.4379851094310631;0.8981862068958458;-10.921540344835106;401705.5006283015;5211652.968975154;3;62059;49.60563497727746;4.512403359077154;364.5932432727241;321.3729213584044;41.60299371509112;522.43179990461;330.4220322944315;48.47335920762122;6.5;90;-1;;50;;;0;288.15;350;224.173099215174;299.1730992151741;1;;;;0;476.1551694653826;4.51830851820242;4.51830851820242;1.976759976713559;1.976759976713559;24097.64543041291;4518.30851820242;168.3920002257402;168.3920002257402;12;12;0.2;84.7734599718287;5.988494833065974;6.957594963146538;12;0.6666666666666666;0.3169017600000001;85.45491501096194;5.990163719634552;6.959263849715116;12;0.6666666666666666;0.3169017600000001;;;;;;;;;;;;;;;;;;;;;;;;;;;
4690;1786620238;0;4452.716475095784;7.705018352490422;47.05753003831418;1216.821663327448;354.0136220306513;71.79617495315844;717.9617495315846;0.0237715451503073;0.928751800766243;-0.4249326053630491;401654.5908049032;5212370.885573476;3;62059;49.3488219908457;5.394852505600814;364.5340187938646;326.8806083825479;47.17834972391062;477.6196631851918;332.7958533045256;48.19864053779042;6.5;90;-1;;50;;;0;288.15;350;214.4319391427163;289.4319391427163;1;;;;0;491.7659456047818;4.090129702244837;4.090129702244837;1.789431744732116;1.789431744732116;21814.02507863913;4090.129702244837;167.6130521031281;167.6130521031281;12;12;0.2;86.16791514237988;5.991651560506858;6.960751690587422;12;0.6666666666666666;0.3169017600000001;86.99313104272174;5.993095123533472;6.962195253614036;12;0.6666666666666666;0.3169017600000001;;;;;;;;;;;;;;;;;;;;;;;;;;;
4700;1786620248;0;4462.191570881222;7.70325827586207;47.0638745210728;1216.427654136459;344.4000652873578;71.78911517708586;717.8911517708584;0.0291786497829366;1.24728605364022;-3.050512796940726;401532.6095536544;5213078.13310972;3;62059;49.08469556983296;6.26760596372284;364.473181620544;335.075710247438;53.30644847174078;440.1701620321823;354.6433251859523;54.93499926425754;6.5;90;-1;;50;;;0;288.15;350;205.4117194539496;280.4117194539496;1;;;;0;547.1801228232372;3.74138126002873;3.74138126002873;1.636854301262569;1.636854301262569;19954.0333868199;3741.38126002873;166.903820133717;166.903820133717;12;12;0.2;87.3784729974766;5.993680961273406;6.96278109135397;12;0.6666666666666666;0.3169017600000001;88.34119183634192;5.99493660359509;6.964036733675656;12;0.6666666666666666;0.3169017600000001;;;;;;;;;;;;;;;;;;;;;;;;;;;
4710;1786620258;0;4471.711111111106;7.700168444444446;47.069978;1215.950325693332;335.578768444449;71.80300243180676;718.0300243180676;0.3008437944663622;1.287333777777426;-5.803534666676044;401309.2553235905;5213760.279075652;3;62059;48.81339774257892;7.130595043052268;364.4107716222743;347.8320664977452;59.402381701062;412.1370178634708;21.96841639786665;58.93762254205796;6.5;90;-1;;50;;;0;288.15;350;198.0922344652024;273.0922344652024;1;;;;0;414.4074083296405;3.485279165669252;3.485279165669252;1.524809634980298;1.524809634980298;18588.15555023601;3485.279165669252;166.3322406289995;166.3322406289995;12;12;0.2;88.31819926283584;5.994909741440216;6.96400987152078;12;0.6666666666666666;0.3169017600000001;89.3957861973199;5.99602774555793;6.965127875638494;12;0.6666666666666666;0.3169017600000001;;;;;;;;;;;;;;;;;;;;;;;;;;;
4720;1786620268;0;4481.210727969349;7.695467777777778;47.07558590038316;1216.317489933793;325.0247487739466;71.87316221554564;718.7316221554564;0.3533155522391174;1.283208084291196;-5.13902114942469;400962.7489870916;5214389.401244996;3.000000000000001;62059;48.53507055970836;7.98376687172151;364.3468297704703;7.472449625047224;64.0590777904149;395.5898949745297;50.80246326859864;61.20869589255252;6.5;90;-1;;50;;;0;288.15;350;193.5346976354989;268.5346976354989;1;;;;0;461.2144638796956;3.336129848698693;3.336129848698693;1.459556808805678;1.459556808805678;17792.69252639303;3336.129848698693;165.9763119301127;165.9763119301127;12;12;0.2;88.88853010486788;5.995535857284686;6.96463598736525;12;0.6666666666666666;0.3169017600000001;90.03920645553626;5.99657451258901;6.965674642669574;12;0.6666666666666666;0.3169017600000001;;;;;;;;;;;;;;;;;;;;;;;;;;;
4730;1786620278;0;4490.75478927203;7.68927164750958;47.08048229885058;1216.656014430528;314.6576177394642;71.464532939488;714.64532939488;0.09533585985662094;1.208638735632337;-2.474154789274048;400501.4747464576;5214941.380034454;3;62059;48.24985933850364;8.827073617491144;364.2813989165479;32.89254261397309;65.19834664257462;392.0440770687492;81.51435794379452;62.975518987569;6.5;90;-1;;50;;;0;288.15;350;192.5490172595529;267.5490172595529;1;;;;0;529.871772824045;3.304818717686554;3.304818717686554;1.445858188987867;1.445858188987867;17625.69982766162;3304.818717686554;165.8981060828172;165.8981060828172;12;12;0.2;89.01174570299324;5.995660669268732;6.964760799349296;12;0.6666666666666666;0.3169017600000001;90.17839254553442;5.996682513474944;6.965782643555508;12;0.6666666666666666;0.3169017600000001;;;;;;;;;;;;;;;;;;;;;;;;;;;
4740;1786620288;0;4500.229885057469;7.682061494252876;47.08462965517242;1216.292285040827;304.9673140229897;71.66247677790352;716.6247677790352;0.03333625440091659;1.307209885057641;-4.057751839084008;399961.9177012662;5215411.45467244;3;62059;47.9579057132519;9.660492404360196;364.2145222254758;56.18005527757002;62.11455325638068;401.8687531262771;110.82008533548362;57.85818012031428;6.5;90;-1;;50;;;0;288.15;350;195.3331320207603;270.3331320207603;1;;;;0;607.614493741385;3.394108785284079;3.394108785284079;1.484922593561785;1.484922593561785;18101.91352151509;3394.108785284079;166.1130929309018;166.1130929309018;12;12;0.2;88.66840438273726;5.99530388156037;6.964404011640934;12;0.6666666666666666;0.3169017600000001;89.79009206544242;5.996372363975882;6.965472494056448;12;0.6666666666666666;0.3169017600000001;;;;;;;;;;;;;;;;;;;;;;;;;;;
4750;1786620298;0;4509.681481481476;7.673979851851856;47.08798444444444;1215.909786232177;295.8044370370419;71.5268690515427;715.268690515427;0.3121803365114932;1.293771259258826;-6.144690814824396;399354.808762335;5215794.626145432;3;62059;47.65935065746498;10.484014141507818;364.1462438980334;72.3031845163072;56.50142925681118;424.1472592707477;131.6902317133819;51.17432093147692;6.5;90;-1;;50;;;0;288.15;350;201.3776310942934;276.3776310942934;1;;;;0;644.1117166019758;3.59755543227422;3.59755543227422;1.573930501619971;1.573930501619971;19186.96230546251;3597.55543227422;166.5817414438116;166.5817414438116;12;12;0.2;87.90730131477916;5.994404944579572;6.963505074660136;12;0.6666666666666666;0.3169017600000001;88.93295285770884;5.995581263893174;6.964681393973738;12;0.6666666666666666;0.3169017600000001;;;;;;;;;;;;;;;;;;;;;;;;;;;
4760;1786620308;0;4519.145593869734;7.665253141762452;47.09044911877396;1215.798129967724;287.3085374712626;71.73132212101692;717.3132212101692;0.11595535884613628;1.137198544061513;-8.709438390801932;398697.1322196933;5216079.781377064;3;62059;47.35433800928012;11.29763305815788;364.0766099971998;82.58081786173612;50.24012798960276;457.0597051715792;147.4412866804605;45.04342809240384;6.5;90;-1;;50;;;0;288.15;350;209.7093752795731;284.709375279573;1;;;;0;626.0616784525548;3.902532198296471;3.902532198296471;1.707357836754706;1.707357836754706;20813.50505758118;3902.532198296471;167.2308668458918;167.2308668458918;12;12;0.2;86.81977181154194;5.992814156010752;6.961914286091316;12;0.6666666666666666;0.3169017600000001;87.71643457110074;5.994153734911108;6.963253864991672;12;0.6666666666666666;0.3169017600000001;;;;;;;;;;;;;;;;;;;;;;;;;;;
4770;1786620318;0;4528.689655172412;7.656047241379312;47.09197586206898;1216.024490598621;279.1308413793127;71.50032445614668;715.0032445614668;0.1843775893063951;0.928931724137766;-10.248281724138956;398001.3593771353;5216261.406893484;3;62059;47.04300707809752;12.101365874168828;364.0056667751897;89.2956355303438;44.30516179983546;498.4920490546276;161.1272714573129;40.8326100568609;6.5;90;-1;;50;;;0;288.15;350;219.2660980246615;294.2660980246615;1;;;;0;646.4094318868414;4.295042137703522;4.295042137703522;1.879080935245291;1.879080935245291;22906.89140108545;4295.042137703522;167.9845728570035;167.9845728570035;12;12;0.2;85.50183276253262;5.990269292804246;6.95936942288481;12;0.6666666666666666;0.3169017600000001;86.2551109006667;5.991817349155752;6.960917479236318;12;0.6666666666666666;0.3169017600000001;;;;;;;;;;;;;;;;;;;;;;;;;;;
4780;1786620328;0;4538.19259259259;7.646625481481484;47.09242422222222;1215.980900045867;268.3060905185218;71.58230598724266;715.8230598724266;0.3079856814398898;0.9607040740736964;-9.52895829629987;397287.171132827;5216323.561648026;3;62059;46.72549596281948;12.895240971937454;363.9334614487798;93.9045172502558;39.03724131136423;546.483993571096;177.7007704517502;38.32453892126024;6.5;90;-1;;50;;;0;288.15;350;229.1548290917529;304.1548290917529;1;;;;0;706.2970082481842;4.763224930295334;4.763224930295334;2.083910907004209;2.083910907004209;25403.86629490845;4763.224930295334;168.7829570639556;168.7829570639556;12;12;0.2;84.0304357912298;5.986351399590526;6.95545152967109;12;0.6666666666666666;0.3169017600000001;84.64016907289628;5.988136738555012;6.957236868635576;12;0.6666666666666666;0.3169017600000001;;;;;;;;;;;;;;;;;;;;;;;;;;;
4790;1786620338;0;4547.65185185185;7.63723466666667;47.09167222222222;1215.869759670401;257.5310422963003;71.67414447169014;716.7414447169014;0.2724121763694;1.0592328148143196;-8.64136666667148;396573.0193237072;5216252.370555276;3;62059;46.40194534191618;13.679288287959098;363.8600430689458;97.22058555631456;34.48259068316556;599.4257176011984;193.4249713678893;35.91597461346841;6.5;90;-1;;50;;;0;288.15;350;238.7401055373902;313.7401055373902;1;;;;0;630.303549740067;5.298894755384068;5.298894755384068;2.31826645548053;2.31826645548053;28260.77202871503;5298.894755384068;169.5861155801164;169.5861155801164;12;12;0.2;82.45725190150388;5.98040663268966;6.949506762770224;12;0.6666666666666666;0.3169017600000001;82.93223196197292;5.982432399986926;6.95153253006749;12;0.6666666666666666;0.3169017600000001;;;;;;;;;;;;;;;;;;;;;;;;;;;
4800;1786620348;0;4557.183908045972;7.628105287356326;47.08996505747128;1216.699857820138;253.8499888505792;71.47988605212574;714.7988605212574;0.02625336434900646;0.992547586206999;-4.834342068952534;395876.82751031;5216074.773478286;3;62059;46.07249066513946;14.45355777891055;363.7854607513291;99.70690139374074;30.57500421420349;656.0829262882378;202.9649523227814;31.66949306439578;6.5;90;-1;;50;;;0;288.15;350;247.624910149493;322.624910149493;1;;;;0;632.232553085647;5.897781293369136;5.897781293369136;2.580279315848997;2.580279315848997;31454.83356463539;5897.781293369138;170.3705828618506;170.3705828618506;12;12;0.2;80.81188522141616;5.97141122399936;6.940511354079924;12;0.6666666666666666;0.3169017600000001;81.16558669890248;5.973640510446304;6.942740640526868;12;0.6666666666666666;0.3169017600000001;;;;;;;;;;;;;;;;;;;;;;;;;;;
4810;1786620358;0;4566.693486590038;7.619278927203066;47.0876827586207;1216.708853308966;246.8311946743296;70.44224623306192;704.4224623306192;-0.0001609708284557171;1.0049847126438066;-0.6230529501925374;395202.4621607292;5215832.939258798;3;62059;45.7372657496027;15.218108975963274;363.7097645000486;101.63717627036322;27.21712762778208;715.5524732915838;214.2602711332003;26.74240154049702;0;90;-1;;50;;;0;288.15;350;255.594351232056;330.594351232056;1;;;;0;624.5719842916274;6.559330038029804;6.559330038029804;2.869706891638039;2.869706891638039;34983.09353615895;6559.330038029802;171.1242378865933;171.1242378865933;12;12;0.2;72.60725387622382;5.814317189636028;6.783417319716592;12;0.6666666666666666;0.3169017600000001;72.8549800333525;5.824407049998666;6.79350718007923;12;0.6666666666666666;0.3169017600000001;;;;;;;;;;;;;;;;;;;;;;;;;;;
4820;1786620368;0;4576.168582375478;7.610741647509582;47.08516448275862;1215.258306290207;246.6143764367818;68.74801751477098;687.4801751477098;0.2517217772612232;1.264333409961597;-0.5393954789273148;394549.5162053805;5215564.56797009;3;63667;42.89868656934213;2.552272830141485;360.0161315510805;222.4189582565821;26.52856940033507;722.2020712979256;335.5421699651565;27.90275728013366;0;170;-1;;50;;;0;288.15;350;257.2473322256358;332.2473322256358;1;;;;0;727.2203362740152;6.716758778441124;6.716758778441124;2.938581965567992;2.938581965567992;35822.71348501933;6716.758778441124;171.2045827360885;171.2045827360885;12;12;0.2;72.3006052123873;5.801039088399118;6.770139218479682;12;0.6666666666666666;0.3169017600000001;72.5266706312047;5.810914312126784;6.780014442207348;12;0.6666666666666666;0.3169017600000001;;;;;;;;;;;;;;;;;;;;;;;;;;;
4830;1786620378;0;4585.712643678158;7.602437126436786;47.08266471264368;1215.064688536552;246.3823096551724;66.9969373079245;669.969373079245;-0.0001512521069136163;1.55331724137923;-0.1533268965517404;393914.2141388232;5215298.00851657;3;63667;42.95556219493902;3.399885514810836;360.0331717928466;217.3382250776247;28.733599560041;680.5301489470288;330.6055640595972;30.16413301394429;6.5;170;-1;;50;;;0;288.15;350;251.9697645263064;326.9697645263064;1;;;;0;663.0524023310116;6.240408057520142;6.240408057520142;2.730178525165062;2.730178525165062;33282.17630677409;6240.408057520142;170.6883555457108;170.6883555457108;12;12;0.2;80.00158656408888;5.96557031660369;6.934670446684256;12;0.6666666666666666;0.3169017600000001;80.29719106222706;5.96782744293778;6.936927573018346;12;0.6666666666666666;0.3169017600000001;;;;;;;;;;;;;;;;;;;;;;;;;;;
4840;1786620388;0;4595.214814814816;7.594347407407406;47.08022414814816;1215.241747966756;246.3367471851852;65.79604297917164;657.9604297917164;0.02696245849742101;1.756242962962986;-0.1151405185185051;393295.2773434717;5215037.80246105;3;63667;43.00553028489554;4.24906112217726;360.0486031157425;211.3936776843418;30.90635818440585;644.2847566728554;324.4646545124072;32.40703371526782;6.5;170;-1;;50;;;0;288.15;350;246.852054161456;321.852054161456;1;;;;0;680.960427945375;5.840706761556532;5.840706761556532;2.555309208180983;2.555309208180983;31150.43606163484;5840.706761556532;170.2129652701143;170.2129652701143;12;12;0.2;81.05154745263312;5.972941362322578;6.942041492403142;12;0.6666666666666666;0.3169017600000001;81.41566504335212;5.975111267974644;6.944211398055208;12;0.6666666666666666;0.3169017600000001;;;;;;;;;;;;;;;;;;;;;;;;;;;
4850;1786620398;0;4604.707407407404;7.586405777777782;47.07782314814816;1215.345493950667;246.3173657407408;63.34034428413552;633.4034428413552;0.03995151998912806;1.944958925925863;-0.09046559259260276;392687.6061960338;5214781.85367149;3;63667;43.04856370848929;5.099527386846846;360.0624160712596;204.509861137573;32.91576405075985;614.425439262603;317.3273931618729;34.41615826312956;6.5;170;-1;;50;;;0;288.15;350;242.2382646238715;317.2382646238715;1;;;;0;718.9280361868332;5.52073974791246;5.52073974791246;2.415323639711701;2.415323639711701;29443.94532219978;5520.73974791246;169.8007919155529;169.8007919155529;12;12;0.2;81.92367338930788;5.977851766893322;6.946951896973886;12;0.6666666666666666;0.3169017600000001;82.35049817773146;5.979920166346782;6.949020296427346;12;0.6666666666666666;0.3169017600000001;;;;;;;;;;;;;;;;;;;;;;;;;;;
4860;1786620408;0;4614.172413793104;7.578760689655174;47.07551206896552;1235.47973102731;246.4888903448276;57.5587303693443;575.587303693443;-0.09290369948655656;3.480126206896798;-0.1851686206896467;392102.5752684165;5214535.54975094;3;63667;43.08464645965973;5.951161508496928;360.0746047875118;196.6942983917602;34.5880571273573;591.9229010188312;308.4502140743856;36.93958670681107;6.5;170;-1;;50;;;0;288.15;350;238.5080755631687;313.5080755631688;1;;;;0;746.7202584259986;5.28474043946022;5.28474043946022;2.312073942263846;2.312073942263846;28185.28234378783;5284.74043946022;169.4767109988267;169.4767109988267;12;12;0.2;82.58700331193414;5.980982092383514;6.950082222464078;12;0.6666666666666666;0.3169017600000001;83.06519643367856;5.982961065308232;6.952061195388796;12;0.6666666666666666;0.3169017600000001;;;;;;;;;;;;;;;;;;;;;;;;;;;
4870;1786620418;0;4623.681992337164;7.571808505747128;47.07341996168582;1213.282125388601;246.3780593869732;54.76561466895132;547.6561466895132;0.1512802276765912;-1.156062260538742;-0.173114252873582;391570.5439078586;5214312.67559197;3;63667;43.11376066296271;6.803744102110264;360.0851628837982;188.0955636545888;35.73105646620449;577.647564793208;302.3295151489304;35.26619323362155;6.5;170;-1;;50;;;0;288.15;350;236.0227724222684;311.0227724222683;1;;;;0;726.6328904530898;5.137150748178474;5.137150748178474;2.247503452328083;2.247503452328083;27398.13732361853;5137.150748178474;169.2646670791064;169.2646670791064;12;12;0.2;83.01120741287196;5.982748347660802;6.951848477741366;12;0.6666666666666666;0.3169017600000001;83.52396597333262;5.984666164767858;6.953766294848422;12;0.6666666666666666;0.3169017600000001;;;;;;;;;;;;;;;;;;;;;;;;;;;
4880;1786620428;0;4633.191570881222;7.565205478927206;47.07141168582376;1211.619192538668;246.3167655555556;49.29940216825178;492.9940216825178;-0.1661662129255951;0.9505565900369438;-0.09125659003830368;391065.1512896457;5214098.678055842;3;63667;43.13589253878278;7.657067337623806;360.0940853122957;179.0203873955978;36.18770603729286;572.1847884802886;292.2488751574359;36.63666408377937;6.5;170;-1;;50;;;0;288.15;350;235.0452623774438;310.0452623774438;1;;;;0;721.2113414168298;5.08102107759527;5.08102107759527;2.22294672144793;2.22294672144793;27098.7790805081;5081.021077595268;169.1821343011098;169.1821343011098;12;12;0.2;83.17442659233192;5.983383461585428;6.952483591665992;12;0.6666666666666666;0.3169017600000001;83.70085604052904;5.985277134261654;6.954377264342218;12;0.6666666666666666;0.3169017600000001;;;;;;;;;;;;;;;;;;;;;;;;;;;
4890;1786620438;0;4642.577777777778;7.559257555555556;47.06961022222222;1210.951525226133;246.276414;45.40340449901336;454.0340449901336;0.003420243478254037;2.707506888888795;-0.06339177777778326;390609.8833787486;5213906.78895937;3;63667;43.15103190512854;8.51093227599187;360.1013682280627;169.9044181074145;35.88751064927758;575.7832728591716;281.7013283400882;36.5430836270423;6.5;170;-1;;50;;;0;288.15;350;235.6868553532923;310.6868553532924;1;;;;0;710.885148660216;5.117744199295736;5.117744199295736;2.239013087191885;2.239013087191885;27294.63572957726;5117.744199295738;169.2365890226428;169.2365890226428;12;12;0.2;83.0671823833545;5.982968839867758;6.952068969948322;12;0.6666666666666666;0.3169017600000001;83.58463403322902;5.984878509194708;6.953978639275272;12;0.6666666666666666;0.3169017600000001;;;;;;;;;;;;;;;;;;;;;;;;;;;
4900;1786620448;0;4652.07279693486;7.553782145593874;47.06794762452108;1217.310401041834;246.3958933333333;40.83093590238316;408.3093590238317;0.3665535147461263;3.846570229893354;0.1896954789279816;390190.7473191181;5213729.702516698;3;63667;43.15917172237403;9.365138965842974;360.1070088338074;161.1902895868349;34.87925565765453;588.2551011010878;271.7347838363574;34.89668198003817;6.5;170;-1;;50;;;0;288.15;350;237.8697693951226;312.8697693951226;1;;;;0;733.4572089927382;5.246141123333684;5.246141123333684;2.295186741458487;2.295186741458487;27979.41932444632;5246.141123333684;169.4227221805093;169.4227221805093;12;12;0.2;82.69647864718346;5.981454487618906;6.95055461769947;12;0.6666666666666666;0.3169017600000001;83.18352306993526;5.983418162900038;6.952518292980602;12;0.6666666666666666;0.3169017600000001;;;;;;;;;;;;;;;;;;;;;;;;;;;
4910;1786620458;0;4661.616858237542;7.54886157088123;47.06644747126438;1212.161658341701;246.0424460536396;38.62535635678965;386.2535635678965;0.10290540764829144;4.679285670497328;-0.02688413793179195;389814.0488281898;5213569.915501492;3;63667;43.16030813719609;10.219476505487022;360.1110053427801;153.2169433399975;33.30843459112117;609.0401926076782;264.0234435037824;32.97165365475454;6.5;170;-1;;50;;;0;288.15;350;241.3528338748192;316.3528338748193;1;;;;0;719.9589890456144;5.46302951545591;5.46302951545591;2.39007541301196;2.39007541301196;29136.15741576485;5463.02951545591;169.7243272254357;169.7243272254357;12;12;0.2;82.0830965385813;5.978648095394348;6.947748225474912;12;0.6666666666666666;0.3169017600000001;82.52205969004876;5.980696200838254;6.949796330918818;12;0.6666666666666666;0.3169017600000001;;;;;;;;;;;;;;;;;;;;;;;;;;;
4920;1786620468;0;4671.091954022988;7.544214942528738;47.06501620689656;1214.02203447724;246.2471637931035;39.23778714541159;392.3778714541159;-0.08401614267095874;5.703720229885628;0.006458850574652546;389458.2731661437;5213417.420265664;3;60905;48.13065394422176;1.0296235128056632;364.3643951841477;285.989536214767;32.3483494679001;629.7935198367552;42.40280701669699;36.65237168315916;6.5;51;-1;;50;;;0;288.15;350;243.5275033669758;318.5275033669758;1;;;;0;724.0425199012694;5.60679083058517;5.60679083058517;2.452970988381012;2.452970988381012;29902.88442978757;5606.79083058517;170.015371897185;170.015371897185;12;12;0.2;81.5853949763337;5.976062577322768;6.945162707403332;12;0.6666666666666666;0.3169017600000001;81.9946060438663;5.978209673846916;6.94730980392748;12;0.6666666666666666;0.3169017600000001;;;;;;;;;;;;;;;;;;;;;;;;;;;
4930;1786620478;0;4680.601532567046;7.539483218390808;47.06357977011494;1219.302123391814;246.4583067432951;41.95447434459918;419.5447434459918;0.0934221083818118;3.457448390805655;-0.1551957854407251;389096.0063355142;5213264.491940318;3;60905;48.41863184441282;1.868884120480913;364.4312845827472;291.5944526741348;35.61230534561757;585.977897066552;46.9867211096708;37.90249729984942;6.5;51;-1;;50;;;0;288.15;350;236.2784355862826;311.2784355862827;1;;;;0;730.3398888877596;5.15200487724184;5.15200487724184;2.254002133793305;2.254002133793305;27477.35934528982;5152.00487724184;169.3890328398848;169.3890328398848;12;12;0.2;82.86548884156494;5.98216089088018;6.951261020960744;12;0.6666666666666666;0.3169017600000001;83.3746789336963;5.984130884677264;6.953231014757828;12;0.6666666666666666;0.3169017600000001;;;;;;;;;;;;;;;;;;;;;;;;;;;
4940;1786620488;0;4690.140740740736;7.534422592592596;47.06204607407408;1220.800037101334;246.385774888889;44.28521161707421;442.852116170742;0.2150984501955245;1.561711703704172;-0.10053066666667164;388708.5425511524;5213101.24521323;3;60905;48.69978301542996;2.718018069270277;364.496745493263;298.5915357799036;38.95246437750814;548.1855683744044;53.05994598986696;39.82292345061237;6.5;51;-1;;50;;;0;288.15;350;229.324722976889;304.324722976889;1;;;;0;738.3231167328258;4.77193785243301;4.77193785243301;2.087722810439441;2.087722810439441;25450.33521297605;4771.93785243301;168.8099601037219;168.8099601037219;12;12;0.2;83.99090792589056;5.986226805747828;6.955326935828392;12;0.6666666666666666;0.3169017600000001;84.59821601583154;5.98802174222867;6.957121872309234;12;0.6666666666666666;0.3169017600000001;;;;;;;;;;;;;;;;;;;;;;;;;;;
4950;1786620498;0;4699.566666666666;7.529087000000002;47.060418;1219.9450314792;246.3698123333334;45.78436652041868;457.8436652041868;-0.07801676955779832;0.7879030000000452;-0.10012133333333282;388299.9792648891;5212927.928201056;3;60905;48.97396558929254;3.57699390716292;364.5607352616417;307.2785483542636;42.1169896639991;517.7556572856206;61.65927634782942;42.40725151870786;6.5;51;-1;;50;;;0;288.15;350;223.2127470129763;298.2127470129763;1;;;;0;729.7885426173562;4.473294848269769;4.473294848269769;1.957066496118024;1.957066496118024;23857.57252410543;4473.294848269768;168.3139052015143;168.3139052015143;12;12;0.2;84.91626214658282;5.988866510627158;6.957966640707722;12;0.6666666666666666;0.3169017600000001;85.61168055709562;5.990512063529686;6.95961219361025;12;0.6666666666666666;0.3169017600000001;;;;;;;;;;;;;;;;;;;;;;;;;;;
4960;1786620508;0;4709.092592592592;7.523565370370372;47.05874333333334;1218.729477756445;246.3682131481482;46.37179481260438;463.7179481260438;0.158684106109305;0.4562209259259714;-0.1080448148148132;387877.1660850455;5212749.727841802;3;60905;49.24103420021724;4.445754752795572;364.6232115548073;317.7990490984934;44.71422698351248;496.0595902390578;71.73522295477526;44.75649758056414;6.5;51;-1;;50;;;0;288.15;350;218.5537776891979;293.5537776891979;1;;;;0;729.8049240963508;4.2639609087712;4.2639609087712;1.8654828975874;1.8654828975874;22741.12484677973;4263.9609087712;167.9420851467329;167.9420851467329;12;12;0.2;85.58899973939342;5.990462438142594;6.959562568223158;12;0.6666666666666666;0.3169017600000001;86.35280344684716;5.991999191780138;6.961099321860702;12;0.6666666666666666;0.3169017600000001;;;;;;;;;;;;;;;;;;;;;;;;;;;
4970;1786620518;0;4718.555555555554;7.51797777777778;47.05704;1217.783999784;246.3655866666667;46.66912671578078;466.6912671578078;-0.1250701491153974;0.3449044444444624;-0.11228888888888838;387449.2570105716;5212568.46654241;3;60905;49.5008468430141;5.32423836417149;364.6841339279881;329.8884567808013;46.27522231438746;484.2836254825746;84.0189308695042;46.20063220185132;6.5;51;-1;;50;;;0;288.15;350;215.9090838547003;290.9090838547003;1;;;;0;721.5740012349628;4.151282103400814;4.151282103400814;1.816185920237856;1.816185920237856;22140.17121813767;4151.282103400813;167.7334038428753;167.7334038428753;12;12;0.2;85.95965682597094;5.991241884968752;6.960342015049316;12;0.6666666666666666;0.3169017600000001;86.76276444317098;5.992719289273042;6.961819419353606;12;0.6666666666666666;0.3169017600000001;;;;;;;;;;;;;;;;;;;;;;;;;;;
4980;1786620528;0;4728.011494252876;7.512353103448276;47.05532793103448;1217.193651617655;246.363066091954;46.93174337197386;469.3174337197386;-0.0731619413631546;0.3222806896551726;-0.11349045977011502;387018.4864920618;5212386.318401434;3;60905;49.75326168589746;6.21236630457802;364.7434630459793;342.6987398726576;46.43995883604754;483.1562693869296;96.73133304062072;46.29033820523728;6.5;51;-1;;50;;;0;288.15;350;215.6367570182952;290.6367570182952;1;;;;0;716.3079005434242;4.13991456693569;4.13991456693569;1.811212623034364;1.811212623034364;22079.54435699034;4139.91456693569;167.7131605283008;167.7131605283008;12;12;0.2;85.99624097421404;5.99131527840068;6.960415408481244;12;0.6666666666666666;0.3169017600000001;86.80341602832644;5.992787065183496;6.96188719526406;12;0.6666666666666666;0.3169017600000001;498;0.1033122007074359;316901.76;1;0;1;0.05170056486906226;0;0.1033122007074359;316901.76;1;0;0.05170056486906226;0;0.1033122007074359;316901.76;1;0;1;0.05170056486906226;0;0.1033122007074359;316901.76;1;0;0.05170056486906226;0
4990;1786620538;0;4737.486590038312;7.506692911877396;47.0536124137931;1216.874572555127;246.3608780842912;46.79539959439776;467.9539959439776;0.03828396307413031;0.32927363984674;-0.1135051340996169;386584.9839568187;5212203.869461302;3;60905;49.99813442318912;7.11003243594773;364.8011600162772;355.0356508196258;45.16758291229596;492.7511549383372;108.912624015825;44.95414126275514;6.5;51;-1;;50;;;0;288.15;350;217.773693401343;292.773693401343;1;;;;0;708.4095824275356;4.230285748490775;4.230285748490775;1.850750014964714;1.850750014964714;22561.5239919508;4230.285748490775;167.8839611603742;167.8839611603742;12;12;0.2;85.69553176865518;5.990693300058326;6.95979343013889;12;0.6666666666666666;0.3169017600000001;86.47089169744382;5.992213617040672;6.961313747121236;12;0.6666666666666666;0.3169017600000001;;;;;;;;;;;;;;;;;;;;;;;;;;;
5000;1786620548;0;4746.961685823754;7.501052605363986;47.05189689655172;1216.714124772414;246.3591634482759;46.88064622275348;468.8064622275348;0.002738801658831988;0.3285934865900338;-0.1132549808429121;386152.9643534649;5212021.422744978;3;60905;50.23532465140838;8.017123785715178;364.8571878419671;5.93779294387486;42.76358431805451;512.4652688126218;119.78740196512246;42.50247598150522;6.5;51;-1;;50;;;0;288.15;350;222.0226199066868;297.0226199066868;1;;;;0;696.3692521435276;4.418425952351029;4.418425952351029;1.933061354153575;1.933061354153575;23564.93841253882;4418.425952351028;168.2246968905959;168.2246968905959;12;12;0.2;85.08434449538444;5.989288650752154;6.958388780832718;12;0.6666666666666666;0.3169017600000001;85.79712969397832;5.990908267032518;6.960008397113082;12;0.6666666666666666;0.3169017600000001;;;;;;;;;;;;;;;;;;;;;;;;;;;
5010;1786620558;0;4756.402298850572;7.495402643678162;47.0501775862069;1216.654627812414;246.357499770115;46.96070623963736;469.6070623963736;0.08740079303841214;0.3518087356321808;-0.11324195402298856;385720.175938948;5211838.599700916;3;60905;50.46469297895182;8.933509469662038;364.9115106952331;15.020676167178792;39.69203645794341;541.1914833039882;128.744493357187;39.38383470310421;6.5;51;-1;;50;;;0;288.15;350;227.8539229765155;302.8539229765155;1;;;;0;709.0513322979748;4.69732862818542;4.69732862818542;2.055081274831121;2.055081274831121;25052.41935032224;4697.32862818542;168.6984272131294;168.6984272131294;12;12;0.2;84.209691576339;5.98690244872918;6.956002578809744;12;0.6666666666666666;0.3169017600000001;84.83803998374754;5.988664428862156;6.95776455894272;12;0.6666666666666666;0.3169017600000001;;;;;;;;;;;;;;;;;;;;;;;;;;;
5020;1786620568;0;4765.911877394632;7.489742873563222;47.04845586206896;1216.827196241563;246.3342367432951;47.9508028811232;479.508028811232;0.06148509835995254;0.4431906513409624;-0.10829865900382678;385286.6099875;5211655.553857258;3;60905;50.6860987048098;9.859028984804734;364.9640933110695;22.36327219125652;36.37010049531547;577.5830600895744;136.1358509929927;35.97585742417465;6.5;51;-1;;50;;;0;288.15;350;234.6573460619447;309.6573460619447;1;;;;0;686.7653670302598;5.059032363158814;5.059032363158814;2.213326658881981;2.213326658881981;26981.50593684701;5059.032363158814;169.263697089694;169.263697089694;12;12;0.2;83.12447258075006;5.9831916006514;6.952291730731964;12;0.6666666666666666;0.3169017600000001;83.6563391510432;5.98512570245957;6.954225832540134;12;0.6666666666666666;0.3169017600000001;;;;;;;;;;;;;;;;;;;;;;;;;;;
5030;1786620578;0;4775.407407407404;7.48396740740741;47.0466925925926;1218.604651883555;246.3823540740741;49.86076786264936;498.6076786264936;-0.09889673421816872;-0.2845177777775049;-0.1325951851851847;384844.1390846068;5211468.092812222;3;60905;50.89940567616662;10.793513915224724;365.0149023173035;28.24682496431608;33.07919855918159;620.2946632308234;141.7801774442581;33.22114219414162;6.5;51;-1;;50;;;0;288.15;350;241.8690507852703;316.8690507852703;1;;;;0;676.0267084329994;5.4965411454787;5.4965411454787;2.404736751146931;2.404736751146931;29314.88610921974;5496.5411454787;169.8833690365084;169.8833690365084;12;12;0.2;81.87588175935088;5.977607322980654;6.946707453061218;12;0.6666666666666666;0.3169017600000001;82.30776397407976;5.97972207004527;6.948822200125834;12;0.6666666666666666;0.3169017600000001;;;;;;;;;;;;;;;;;;;;;;;;;;;
5040;1786620588;0;4784.896551724138;7.477955172413794;47.04486965517242;1218.749603556414;246.3858865517242;51.18366197483778;511.8366197483778;0.1337769676711396;-0.8660810344827624;-0.1415275862068967;384383.5256029305;5211274.383380278;3;60905;51.10447970388978;11.73677668389967;365.0639055646361;32.97835296377202;29.97285443879888;668.119550415791;146.1079825476382;30.61470425247222;6.5;51;-1;;50;;;0;288.15;350;249.0369581222269;324.0369581222269;1;;;;0;691.4426948023672;6.004928378211002;6.004928378211002;2.627156165467313;2.627156165467313;32026.28468379201;6004.928378211002;170.5284917468508;170.5284917468508;12;12;0.2;80.49995240195582;5.969289799496822;6.938389929577386;12;0.6666666666666666;0.3169017600000001;80.83468737940552;5.97156044378036;6.940660573860924;12;0.6666666666666666;0.3169017600000001;;;;;;;;;;;;;;;;;;;;;;;;;;;
5050;1786620598;0;4794.406130268198;7.471786015325674;47.04299471264368;1218.191031070345;246.388657816092;51.91523439702066;519.1523439702066;0.12411288365212944;-1.141511839080408;-0.1542620689655145;383910.8480900042;5211075.162937772;3;63763;41.94564306956991;6.024994867183128;360.2162730957253;191.9934346962028;28.1378491367781;691.5572983072034;306.0166373315774;27.59611633953329;0;192;-1;;50;;;0;288.15;350;253.390046435319;328.390046435319;1;;;;0;686.8366314107292;6.361397285101908;6.361397285101908;2.783111312232085;2.783111312232085;33927.45218721018;6361.39728510191;170.8279715224939;170.8279715224939;12;12;0.2;73.18804857265708;5.837130219488264;6.806230349568828;12;0.6666666666666666;0.3169017600000001;73.46482916517324;5.847011249509534;6.816111379590098;12;0.6666666666666666;0.3169017600000001;;;;;;;;;;;;;;;;;;;;;;;;;;;
5060;1786620608;0;4803.881226053636;7.4655283908046;47.04109375478928;1217.607572668598;246.3871873180077;52.22919325259022;522.2919325259022;0.06795898784982616;-1.259178812260506;-0.1602060536398453;383431.3608628307;5210873.220347736;3;63763;42.07029831895476;6.846872173722818;360.2447115789;185.3031833617579;29.29761857462621;671.0128720106698;299.5006534114376;28.82366099541641;6.5;192;-1;;50;;;0;288.15;350;250.6309236085186;325.6309236085186;1;;;;0;678.4173864574934;6.130628929027664;6.130628929027664;2.682150156449603;2.682150156449603;32696.68762148087;6130.628929027664;170.5660251688561;170.5660251688561;12;12;0.2;80.2817244381515;5.967713087451092;6.936813217531656;12;0.6666666666666666;0.3169017600000001;80.5951484712384;5.969953335999172;6.939053466079736;12;0.6666666666666666;0.3169017600000001;;;;;;;;;;;;;;;;;;;;;;;;;;;
5070;1786620618;0;4813.356321839078;7.459234827586208;47.03917873563218;1217.188489426759;246.3849773563219;52.58788569244846;525.8788569244846;-0.004437275681693921;-1.304612873563212;-0.1627905747126433;382949.0790701235;5210669.80717333;3;63763;42.18844045109367;7.672043756896922;360.2715809424899;178.1301200616279;30.08876229701442;657.7679340240188;292.4785484561766;29.74842663436505;6.5;192;-1;;50;;;0;288.15;350;248.764428157769;323.764428157769;1;;;;0;675.1971126995754;5.983950552596016;5.983950552596016;2.617978366760757;2.617978366760757;31914.40294717875;5983.950552596016;170.3928621017532;170.3928621017532;12;12;0.2;80.66573767137494;5.970436114811778;6.939536244892342;12;0.6666666666666666;0.3169017600000001;81.00412680175506;5.972645223544388;6.941745353624952;12;0.6666666666666666;0.3169017600000001;;;;;;;;;;;;;;;;;;;;;;;;;;;
5080;1786620628;0;4822.865900383142;7.452899846743296;47.03724816091954;1216.93178679669;246.3826581609196;52.40972474317856;524.0972474317856;-0.1568957728202336;-1.319328084291188;-0.1637432950191571;382463.5826206189;5210464.7661526;3;63763;42.30001768165388;8.500350350732122;360.2968629620227;170.6638301812766;30.4294452210449;652.269993019419;285.2072261936733;30.25019988639564;6.5;192;-1;;50;;;0;288.15;350;247.9653751735413;322.9653751735413;1;;;;0;695.3825800726488;5.92327046497382;5.92327046497382;2.591430828426046;2.591430828426046;31590.77581319371;5923.27046497382;170.3199561374513;170.3199561374513;12;12;0.2;80.82587126163378;5.971502842427236;6.9406029725078;12;0.6666666666666666;0.3169017600000001;81.1749920600642;5.973697362153828;6.942797492234392;12;0.6666666666666666;0.3169017600000001;;;;;;;;;;;;;;;;;;;;;;;;;;;
5090;1786620638;0;4832.340996168578;7.446581532567054;47.0353318007663;1216.791808249196;246.3806349808429;52.75841007891544;527.5841007891544;0.03084439533115294;-1.322236819923372;-0.1640202298850573;381979.3491985615;5210261.318756766;3;63763;42.40498203964717;9.331637391716774;360.3205407480473;163.1478245581811;30.28126016317517;654.7176452608144;277.5124631501141;30.28001755565302;6.5;192;-1;;50;;;0;288.15;350;248.3125644937886;323.3125644937885;1;;;;0;711.9090962861676;5.949486427479596;5.949486427479596;2.602900312022323;2.602900312022323;31730.59427989118;5949.486427479596;170.3524890573851;170.3524890573851;12;12;0.2;80.7556528955979;5.97103988999084;6.940140020071404;12;0.6666666666666666;0.3169017600000001;81.10010751524644;5.973241304735544;6.942341434816108;12;0.6666666666666666;0.3169017600000001;;;;;;;;;;;;;;;;;;;;;;;;;;;
5100;1786620648;0;4841.885057471262;7.440227011494256;47.03339413793104;1216.721402380414;246.3787906896552;52.4812707167717;524.812707167717;-0.1651930270799664;-1.321511494252874;-0.1640988505747126;381492.2836274648;5210055.597797888;3;60312;43.48262365417581;3.963827858057091;363.3580870476963;215.9058713994727;33.70724196696205;608.8894784211086;330.2158686565757;32.64544136087206;6.5;21;-1;;50;;;0;288.15;350;240.4594400331786;315.4594400331786;1;;;;0;714.2358904852886;5.405896525470396;5.405896525470396;2.365079729893299;2.365079729893299;28831.44813584211;5405.896525470396;169.7221775334966;169.7221775334966;12;12;0.2;82.16737490362466;5.979057464079292;6.948157594159856;12;0.6666666666666666;0.3169017600000001;82.6186200663859;5.981119741099254;6.95021987117982;12;0.6666666666666666;0.3169017600000001;;;;;;;;;;;;;;;;;;;;;;;;;;;
5110;1786620658;0;4851.360153256704;7.43389869731801;47.03147796934866;1216.689858172966;246.3771231800767;52.6299721980713;526.299721980713;0.03465274472694964;-1.32026877394636;-0.164106398467433;381007.2222327641;5209852.264955768;3;60312;43.85146653722335;4.66846847794054;363.4373579059302;212.4638361823269;38.07213829730066;555.9325778252842;326.7175489380835;37.06346389570217;6.5;21;-1;;50;;;0;288.15;350;231.108573932346;306.108573932346;1;;;;0;717.0131014485154;4.864971636573668;4.864971636573668;2.12842509100098;2.12842509100098;25946.51539505956;4864.971636573668;168.9318506344074;168.9318506344074;12;12;0.2;83.7352813305028;5.985393181654262;6.954493311734826;12;0.6666666666666666;0.3169017600000001;84.31720683283922;5.987222244337508;6.956322374418072;12;0.6666666666666666;0.3169017600000001;;;;;;;;;;;;;;;;;;;;;;;;;;;
5120;1786620668;0;4860.835249042146;7.427560383141762;47.02954459770116;1216.680941009563;246.3753996551725;52.61658275380002;526.1658275380004;-0.1469521222761854;-1.305250766283531;-0.1640069348659004;380521.3284562005;5209647.07469543;3;60312;44.21535711214641;5.382287734422372;363.5159044116099;207.7519471470581;43.08464299956344;507.8571591807152;322.38080471882;42.15779321796383;6.5;21;-1;;50;;;0;288.15;350;221.439127076276;296.439127076276;1;;;;0;684.2395979611304;4.391884687525809;4.391884687525809;1.921449550792541;1.921449550792541;23423.38500013765;4391.884687525809;168.1462397230488;168.1462397230488;12;12;0.2;85.20095473111778;5.989572088566544;6.958672218647108;12;0.6666666666666666;0.3169017600000001;85.9222799173156;5.991166261205494;6.960266391286058;12;0.6666666666666666;0.3169017600000001;;;;;;;;;;;;;;;;;;;;;;;;;;;
5130;1786620678;0;4870.366666666666;7.421220666666668;47.02761666666668;1216.6798823072;246.373935;52.52552387990956;525.2552387990956;-0.10093169008002914;-1.318319;-0.1639926666666667;380035.305719238;5209442.530377344;3;60312;44.57417360595292;6.105391940628968;363.5936717338073;201.0328733818945;48.68881422288708;466.1847895214298;315.9280253403691;47.86623486230024;6.5;21;-1;;50;;;0;288.15;350;212.0474684238393;287.0474684238393;1;;;;0;610.2850290299356;3.993954388735087;3.993954388735087;1.7473550450716;1.7473550450716;21301.09007325379;3993.954388735086;167.4025701316461;167.4025701316461;12;12;0.2;86.51664912703212;5.992295151655086;6.96139528173565;12;0.6666666666666666;0.3169017600000001;87.37779236034154;5.993679971580596;6.96278010166116;12;0.6666666666666666;0.3169017600000001;;;;;;;;;;;;;;;;;;;;;;;;;;;
5140;1786620688;0;4879.854406130266;7.414887547892722;47.02569911877394;1216.678277232736;246.3722432950192;52.69694405357342;526.9694405357342;0.1174012577317844;-1.319121455938697;-0.1638585440613027;379549.773246829;5209239.168862414;3;60312;44.9277878449526;6.837872881739898;363.6706048236593;191.0617290093489;54.56237222476928;432.7752676997791;306.1958686754284;53.93203220823818;6.5;21;-1;;50;;;0;288.15;350;203.7728690412881;278.7728690412881;1;;;;0;600.4135843126912;3.682123778674989;3.682123778674989;1.610929153170308;1.610929153170308;19637.99348626661;3682.123778674989;166.7566568165796;166.7566568165796;12;12;0.2;87.61081894406;5.994009916533216;6.96311004661378;12;0.6666666666666666;0.3169017600000001;88.59899434032624;5.995228265577978;6.964328395658542;12;0.6666666666666666;0.3169017600000001;;;;;;;;;;;;;;;;;;;;;;;;;;;
5150;1786620698;0;4889.351851851848;7.408544259259262;47.02375962962962;1216.679051749778;246.3707477777778;52.60840372571172;526.0840372571172;-0.11612376916039822;-1.318946481481482;-0.1639140740740739;379063.3841140963;5209033.424011388;3;62063;48.49072903829268;6.361495794239612;364.7689023037902;334.6887305441896;61.72014476690512;403.8646331740494;86.00951605454134;61.49244109208362;6.5;94;-1;;50;;;0;288.15;350;195.716033231558;270.716033231558;1;;;;0;588.6300120670754;3.406597957036975;3.406597957036975;1.490386606203677;1.490386606203677;18168.52243753053;3406.597957036975;166.1561246075795;166.1561246075795;12;12;0.2;88.60741952166478;5.995237508555918;6.964337638636482;12;0.6666666666666666;0.3169017600000001;89.72296018774352;5.996315877443682;6.965416007524246;12;0.6666666666666666;0.3169017600000001;;;;;;;;;;;;;;;;;;;;;;;;;;;
5160;1786620708;0;4898.844444444446;7.402205777777778;47.02183266666666;1216.681558774933;246.3692895555556;52.49933455438936;524.9933455438936;-0.04808264010361956;-1.319192222222222;-0.1641031111111111;378577.3540344488;5208829.102851558;3;62063;48.20448252786178;7.2031609969677;364.721258061486;353.5817443740281;68.59348501026998;383.3208285961684;103.88715007263894;68.7896840232852;6.5;94;-1;;50;;;0;288.15;350;189.9015807013449;264.9015807013449;1;;;;0;571.0172204629228;3.222292003657117;3.222292003657117;1.409752751599989;1.409752751599989;17185.55735283796;3222.292003657117;165.702656508023;165.702656508023;12;12;0.2;89.32582742920482;5.995963269910146;6.965063399990712;12;0.6666666666666666;0.3169017600000001;90.53566237475514;5.996944408586418;6.966044538666982;12;0.6666666666666666;0.3169017600000001;;;;;;;;;;;;;;;;;;;;;;;;;;;
5170;1786620718;0;4908.337037037034;7.395907555555558;47.01986911111112;1216.13688782409;242.8341484074157;51.38995240784468;513.8995240784468;0.4028107422618626;-1.463567296296004;-14.653626666660002;378094.2656740077;5208620.69191356;3;62063;47.9115189319232;8.03493290134848;364.6721622429841;25.68049891494978;71.93700831296256;375.7944263532266;117.52853261207644;61.37267562092222;6.5;94;-1;;50;;;0;288.15;350;187.7058491094621;262.7058491094621;1;;;;0;586.7097327678846;3.155515795171035;3.155515795171035;1.380538160387328;1.380538160387328;16829.41757424552;3155.515795171036;165.5304148331133;165.5304148331133;12;12;0.2;89.59405990381322;5.996204940844884;6.965305070925448;12;0.6666666666666666;0.3169017600000001;90.84004292331196;5.997151163237494;6.966251293318058;12;0.6666666666666666;0.3169017600000001;;;;;;;;;;;;;;;;;;;;;;;;;;;
5180;1786620728;0;4917.829629629628;7.391041333333334;47.01665155555556;1212.358047020089;210.9770888148199;48.99887901361576;489.9887901361578;0.5076607955000712;-0.2707229629630874;-15.585353925926328;377717.1083053787;5208270.73317505;3;62063;47.61197917263224;8.856804694039236;364.621656950626;58.61201915429864;69.07543937226306;382.0469153975575;163.2221484529506;70.89074164544026;6.5;94;-1;;50;;;0;288.15;350;189.5602602108239;264.5602602108239;1;;;;0;577.8073493222004;3.21181444851136;3.21181444851136;1.40516882122372;1.40516882122372;17129.67705872726;3211.81444851136;165.6737420946403;165.6737420946403;12;12;0.2;89.3698033281095;5.99600392017675;6.965104050257314;12;0.6666666666666666;0.3169017600000001;90.58523768100796;5.996979078194392;6.966079208274956;12;0.6666666666666666;0.3169017600000001;;;;;;;;;;;;;;;;;;;;;;;;;;;
5190;1786620738;0;4927.333333333332;7.389306666666668;47.01240666666666;1212.829363007999;182.2066866666716;48.02497766457476;480.2497766457476;0.5340656272168934;0.4198166666664786;-9.929556666671758;377575.5708312508;5207801.73619478;3;62063;47.30600701414128;9.66877278538667;364.5697859307875;78.47025029676378;62.4000239942225;401.2841620367844;247.3762909995384;71.7146042153841;6.5;94;-1;;50;;;0;288.15;350;195.0598310125403;270.0598310125403;1;;;;0;575.7383533201996;3.385225938499467;3.385225938499467;1.481036348093517;1.481036348093517;18054.53833866382;3385.225938499467;166.1004485278558;166.1004485278558;12;12;0.2;88.69381787803614;5.99533126674419;6.964431396824754;12;0.6666666666666666;0.3169017600000001;89.81989840587462;5.996397165505038;6.965497295585602;12;0.6666666666666666;0.3169017600000001;;;;;;;;;;;;;;;;;;;;;;;;;;;
5200;1786620748;0;4936.814814814812;7.389630740740742;47.00809333333334;1215.062057100444;176.3811555555549;47.32956529766062;473.2956529766062;-0.1470832295822525;0.2690814814813793;0.91931777777796;377590.345562369;5207321.916677636;3;62063;46.99374164789736;10.470855939550848;364.5165933301724;89.26318165859088;54.99321420145872;431.6824253453693;272.5863672004378;54.08817335684382;6.5;94;-1;;50;;;0;288.15;350;203.226606502641;278.2266065026411;1;;;;0;580.7096381628986;3.662627529088354;3.662627529088354;1.602399543976155;1.602399543976155;19534.01348847122;3662.627529088354;166.7346955032258;166.7346955032258;12;12;0.2;87.66080611619458;5.994078420248406;6.96317855032897;12;0.6666666666666666;0.3169017600000001;88.65749997226848;5.995292081971346;6.96439221205191;12;0.6666666666666666;0.3169017600000001;;;;;;;;;;;;;;;;;;;;;;;;;;;
5210;1786620758;0;4946.318007662838;7.390177701149426;47.003853256705;1214.555326617747;168.1197103065091;46.80112317710052;468.0112317710052;0.7286585431370574;0.2470546743298529;-15.714993869732268;377622.2357097648;5206849.889823906;3;62063;46.67532102560882;11.263084466470498;364.4621242565554;95.63289402522364;48.1165914619914;471.110053148075;294.6348817285836;62.94767615566212;6.5;94;-1;;50;;;0;288.15;350;212.9381892228046;287.9381892228046;1;;;;0;591.66238569736;4.02952349630696;4.02952349630696;1.762916529634295;1.762916529634295;21490.79198030379;4029.52349630696;167.493855580186;167.493855580186;12;12;0.2;86.37423308635766;5.992038537306662;6.961138667387226;12;0.6666666666666666;0.3169017600000001;87.22192083839722;5.99344919545416;6.962549325534726;12;0.6666666666666666;0.3169017600000001;;;;;;;;;;;;;;;;;;;;;;;;;;;
5220;1786620768;0;4955.799999999994;7.392923999999998;47.000084;1215.990268852799;145.1884840000041;46.835793235607;468.35793235607;0.03288758015293417;0.5731700000006176;-3.143782000006039;377822.4093127047;5206426.74951743;3;62063;46.35088566217926;12.045490134053452;364.4064254347368;99.76277168120046;42.1347347469326;517.3938920060352;316.2973578349882;44.75004631830168;6.5;94;-1;;50;;;0;288.15;350;223.1798178592142;298.1798178592142;1;;;;0;599.0923747886362;4.471763221230616;4.471763221230616;1.956396409288394;1.956396409288394;23849.40384656328;4471.763221230616;168.307834091454;168.307834091454;12;12;0.2;84.92453497051188;5.988887671408322;6.957987801488886;12;0.6666666666666666;0.3169017600000001;85.62043296278438;5.99053114465542;6.959631274735984;12;0.6666666666666666;0.3169017600000001;;;;;;;;;;;;;;;;;;;;;;;;;;;
5230;1786620778;0;4965.337164750956;7.396624865900384;46.99671199233718;1216.575408622437;142.135852720307;46.82821225136222;468.2821225136222;0.0431036955398424;0.3953121455938915;-0.9991862835251508;378096.0910549925;5206046.274269264;3;62063;46.02057080774974;12.81812459587336;364.3495438654109;102.64019667617368;37.03922677837158;568.8827082848296;320.8655488263819;37.97833651329303;6.5;94;-1;;50;;;0;288.15;350;233.2467537224854;308.2467537224853;1;;;;0;624.8639093070726;4.98039668520773;4.98039668520773;2.178923549778382;2.178923549778382;26562.11565444123;4980.39668520773;169.1318628065685;169.1318628065685;12;12;0.2;83.36934565093034;5.98411142052384;6.953211550604404;12;0.6666666666666666;0.3169017600000001;83.92104097891144;5.986003797703164;6.955103927783728;12;0.6666666666666666;0.3169017600000001;;;;;;;;;;;;;;;;;;;;;;;;;;;
5240;1786620788;0;4974.881226053636;7.400492490421454;46.9934291954023;1216.742317873195;141.0763485440615;47.0720213918492;470.720213918492;-0.02828288772252995;0.3508911877394233;-0.3752999616859487;378382.6902364884;5205675.46688454;3;62063;45.6845100574108;13.581048967383534;364.2915274346706;104.75218400992022;32.71757269676112;624.31113051943;323.76692057964;33.2224880109124;6.5;94;-1;;50;;;0;288.15;350;242.6872893092109;317.6872893092109;1;;;;0;650.7160873262736;5.55043283892996;5.55043283892996;2.428314367031857;2.428314367031857;29602.30847429312;5550.43283892996;169.9394296990647;169.9394296990647;12;12;0.2;81.7423517874584;5.976909990254224;6.946010120334788;12;0.6666666666666666;0.3169017600000001;82.16303384074132;5.97903657061981;6.948136700700374;12;0.6666666666666666;0.3169017600000001;;;;;;;;;;;;;;;;;;;;;;;;;;;
5250;1786620798;0;4984.390804597698;7.404430229885056;46.99015712643678;1216.77938508;140.7268489655173;47.03589547493576;470.3589547493576;0.01754372587050883;0.3082914942528835;-0.2237863218391312;378674.681602071;5205305.757678038;3;63308;42.27521612014201;8.43193402757719;360.5170348434822;170.7928146268073;30.5895441664147;650.0801718228958;30.25559156460543;30.74371626555082;6.5;156;-1;;50;;;0;288.15;350;247.5909326121511;322.5909326121511;1;;;;0;664.07025483216;5.895249301129266;5.895249301129266;2.579171569244054;2.579171569244054;31441.32960602275;5895.249301129266;170.2907465382532;170.2907465382532;12;12;0.2;80.8953612838584;5.971953730015236;6.9410538600958;12;0.6666666666666666;0.3169017600000001;81.24952016663492;5.974143554223144;6.943243684303708;12;0.6666666666666666;0.3169017600000001;;;;;;;;;;;;;;;;;;;;;;;;;;;
5260;1786620808;0;4993.837037037036;7.408381555555556;46.98689703703704;1213.285372459203;140.5957278518519;49.98383609136238;499.8383609136238;0.11100136544782858;-3.9900849629613;-0.1456217037037139;378967.7701023071;5204937.373825456;1;63308;42.16218667634353;9.259490760429968;360.4933225776795;164.0112441369818;29.24781418213886;672.3203939860132;22.56325756369623;25.51613763233352;0;156;-1;;50;;;0;288.15;350;250.7488921668835;325.7488921668835;1;;;;0;648.3168149192442;6.140143172217686;6.140143172217686;2.686312637845238;2.686312637845238;32747.43025182766;6140.143172217686;170.5829338473668;170.5829338473668;12;12;0.2;73.75113903505522;5.856612496618406;6.82571262669897;12;0.6666666666666666;0.3169017600000001;74.06299000452378;5.866396448254552;6.835496578335116;12;0.6666666666666666;0.3169017600000001;526;0.10394318430809434;316901.76;1;0;1;0.05170056486906226;0;0.10394318430809434;316901.76;1;0;0.05170056486906226;0;0.10394318430809434;316901.76;1;0;1;0.05170056486906226;0;0.10394318430809434;316901.76;1;0;0.05170056486906226;0
5270;1786620818;0;5003.362962962962;7.412596962962962;46.98344207407408;1182.945319369781;140.561354;52.54111645353828;525.4111645353828;-0.09873888658271764;-4.598043037037004;-0.2018734074074031;379280.5394400042;5204546.94333431;1;63308;42.04260449445508;10.08387821591198;360.4679965723363;157.9075352799694;27.65125617317444;701.0901020943406;16.88312516842989;23.19824920766107;0;156;-1;;50;;;0;288.15;350;254.5538542987318;329.5538542987317;1;;;;0;608.0600735068128;6.46428237414116;6.46428237414116;2.828123538686757;2.828123538686757;34476.17266208619;6464.28237414116;170.946884859595;170.946884859595;12;12;0.2;72.92123792006198;5.827013395017758;6.796113525098322;12;0.6666666666666666;0.3169017600000001;73.18265441057318;5.836931554216784;6.80603168429735;12;0.6666666666666666;0.3169017600000001;526;0.10403914972463704;316901.76;1;0;1;0.05170056486906226;0;0.1039911670163657;316901.76;1;0;0.05170056486906226;0;0.10403914972463704;316901.76;1;0;1;0.05170056486906226;0;0.1039911670163657;316901.76;1;0;0.05170056486906226;0
5280;1786620828;0;5012.855555555552;7.417020666666666;46.97980633333334;1150.034393585078;140.5176325555556;53.56212440293508;535.6212440293508;0.0425578019889171;-5.271033555555384;-0.2257156666666638;379608.7860124942;5204136.121509432;1;63308;41.91652188163755;10.904938375515668;360.4410749941844;152.5027985205084;25.9120243072983;735.6162251291078;11.564489586378458;20.70544668568343;0;156;-1;;50;;;0;288.15;350;258.7283766438685;333.7283766438685;1;;;;0;590.385222020926;6.865136805742114;6.865136805742114;3.003497352512175;3.003497352512175;36614.06296395794;6865.136805742114;171.3644341367105;171.3644341367105;12;12;0.2;71.92746039752016;5.783626205581842;6.752726335662406;12;0.6666666666666666;0.3169017600000001;72.1342094818202;5.793450125867256;6.76255025594782;12;0.6666666666666666;0.3169017600000001;526;0.10415431647454496;316901.76;1;0;1;0.05170056486906226;0;0.10404555016909212;316901.76;1;0;0.05170056486906226;0;0.10415431647454496;316901.76;1;0;1;0.05170056486906226;0;0.10404555016909212;316901.76;1;0;0.05170056486906226;0
5290;1786620838;0;5022.3601532567;7.421535670498082;46.97610314176246;1113.13401801179;140.4812822222223;51.7005530872838;517.005530872838;-0.03466886503637961;-5.471342720307098;-0.2388314559385904;379943.8718690369;5203717.683591128;1;63665;43.02368577114633;1.871544144822521;359.9633706638697;226.8799878185893;26.21089956154658;728.5764389707972;83.78739549928042;25.50604764081264;0;169;-1;;50;;;0;288.15;350;258.0104499225235;333.0104499225235;1;;;;0;583.6601808723352;6.792301095331656;6.792301095331656;2.971631729207599;2.971631729207599;36225.60584176883;6792.301095331654;171.2809105973299;171.2809105973299;12;12;0.2;72.11568527061578;5.792587987016658;6.761688117097222;12;0.6666666666666666;0.3169017600000001;72.33178709459646;5.80243060093258;6.771530731013144;12;0.6666666666666666;0.3169017600000001;526;0.10413083427554212;316901.76;1;0;1;0.05170056486906226;0;0.10406687119570462;316901.76;1;0;0.05170056486906226;0;0.10413083427554212;316901.76;1;0;1;0.05170056486906226;0;0.10406687119570462;316901.76;1;0;0.05170056486906226;0
5300;1786620848;0;5031.83524904214;7.425897509578542;46.9725309578544;1074.614803063653;140.3613585440614;49.2772769893564;492.772769893564;0.2247149776000874;-4.53879134099667;-0.1652398467433473;380267.6479931676;5203314.05756526;1;63665;43.06394105454401;2.72252955629373;359.9772521427331;222.1613692819977;28.47122831712519;685.128513164761;79.20151059230558;27.54990033834008;0;169;-1;;50;;;0;288.15;350;252.594561729215;327.594561729215;1;;;;0;604.4520859621808;6.29303659856071;6.29303659856071;2.753203511870311;2.753203511870311;33562.86185899045;6293.03659856071;170.7468489835881;170.7468489835881;12;12;0.2;73.36743959846576;5.843603490954834;6.812703621035398;12;0.6666666666666666;0.3169017600000001;73.65475320603574;5.853448321470888;6.822548451551452;12;0.6666666666666666;0.3169017600000001;526;0.10398590759494484;316901.76;1;0;1;0.05170056486906226;0;0.10405067847555268;316901.76;1;0;0.05170056486906226;0;0.10398590759494484;316901.76;1;0;1;0.05170056486906226;0;0.10405067847555268;316901.76;1;0;0.05170056486906226;0
5310;1786620858;0;5042.517241379292;7.43006068965517;46.96912965517242;1040.31511856681;140.3766386206892;49.9115768741903;499.115768741903;0;-4.028889999995971;-0.1342258620687251;380576.7377471357;5202929.74169232;1;63665;43.09723700317784;3.574576137180488;359.9894887248847;216.6001774876395;30.75232321580707;646.6213470646346;73.97459429019328;29.58597739014575;6.5;169;-1;;50;;;0;288.15;350;247.2109436514083;322.2109436514084;1;;;;0;489.6974202759992;5.867076309245176;5.867076309245176;2.566845885294765;2.566845885294765;31291.07364930761;5867.076309245176;170.2444089024246;170.2444089024246;12;12;0.2;80.98219759552036;5.972507186780376;6.94160731686094;12;0.6666666666666666;0.3169017600000001;81.34147517084456;5.97468369264592;6.943783822726484;12;0.6666666666666666;0.3169017600000001;526;0.10385746151475652;316901.76;1;0;1;0.05170056486906226;0;0.10401847564875332;316901.76;1;0;0.05170056486906226;0;0.10385746151475652;316901.76;1;0;1;0.05170056486906226;0;0.10401847564875332;316901.76;1;0;0.05170056486906226;0
5320;1786620868;0;5053.888888888888;7.43427111111111;46.96568111111112;1008.3147965066724;140.4374044444445;50.03431993178838;500.3431993178838;0.09796525536207914;-4.613622222222208;-0.1654588888888916;380889.3570677009;5202540.121375118;1;63665;43.12355832694711;4.427487353619531;360.0000747696168;210.0918172433075;32.94029870042431;613.9854910838724;66.90833893949032;31.0744530042371;6.5;169;-1;;50;;;0;288.15;350;242.1827767484629;317.1827767484629;1;;;;0;444.160787126918;5.517090624607716;5.517090624607716;2.413727148265876;2.413727148265876;29424.48333124115;5517.090624607716;169.7945703143022;169.7945703143022;12;12;0.2;81.93514060530916;5.977910022201582;6.947010152282146;12;0.6666666666666666;0.3169017600000001;82.36272508096226;5.979976488634124;6.949076618714688;12;0.6666666666666666;0.3169017600000001;526;0.10374860001704412;316901.76;1;0;1;0.05170056486906226;0;0.10397992198708058;316901.7600000001;1;0;0.05170056486906226;0;0.10374860001704412;316901.76;1;0;1;0.05170056486906226;0;0.10397992198708058;316901.7600000001;1;0;0.05170056486906226;0
5330;1786620878;0;5063.363984674328;7.438493793103448;46.9622253256705;973.2724836696166;140.4424964750958;50.01685664035332;500.1685664035332;0.1418786251808787;-4.67560812260539;-0.1728587356321859;381202.9347903662;5202149.695123406;1;63665;43.14289283869431;5.281065063897792;360.0090056827421;202.5874666190689;34.87127885272108;588.2042017757888;59.33725857757504;32.42873587918094;6.5;169;-1;;50;;;0;288.15;350;237.8872084223455;312.8872084223455;1;;;;0;429.6650179695929;5.247189160726832;5.247189160726832;2.295645257817989;2.295645257817989;27985.00885720978;5247.189160726834;169.4219705932314;169.4219705932314;12;12;0.2;82.69572368070862;5.981451270309456;6.95055140039002;12;0.6666666666666666;0.3169017600000001;83.1825260390948;5.98341436295111;6.952514493031674;12;0.6666666666666666;0.3169017600000001;526;0.10366260289263318;316901.76;1;0;1;0.05170056486906226;0;0.10394025710027464;316901.76;1;0;0.05170056486906226;0;0.10366260289263318;316901.76;1;0;1;0.05170056486906226;0;0.10394025710027464;316901.76;1;0;0.05170056486906226;0
5340;1786620888;0;5072.804597701144;7.442714022988504;46.95877034482758;938.0232285892618;140.4406620689655;49.96633609475756;499.6633609475756;-0.0172393420068989;-4.69551091954022;-0.1693393103448524;381516.369555598;5201759.379394836;1;63665;43.1552313740416;6.135099574105142;360.0162778408776;194.1580226964356;36.34509356909183;570.2114420866702;51.20526011595874;33.34875612882056;6.5;169;-1;;50;;;0;288.15;350;234.7104450498967;309.7104450498967;1;;;;0;434.4482477128893;5.062032797965438;5.062032797965438;2.214639349109879;2.214639349109879;26997.50825581567;5062.032797965438;169.1521266985251;169.1521266985251;12;12;0.2;83.23172984688446;5.983600858726538;6.952700988807102;12;0.6666666666666666;0.3169017600000001;83.76285176762204;5.98548546251867;6.954585592599234;12;0.6666666666666666;0.3169017600000001;526;0.103602585506575;316901.76;1;0;1;0.05170056486906226;0;0.103902738034308;316901.76;1;0;0.05170056486906226;0;0.103602585506575;316901.76;1;0;1;0.05170056486906226;0;0.103902738034308;316901.76;1;0;0.05170056486906226;0
5350;1786620898;0;5082.270370370368;7.446931666666666;46.95531996296296;902.823889073873;140.4466794814815;49.92298562734586;499.2298562734586;-0.1449309780307896;-4.74988996296295;-0.1678679629629517;381829.6595428984;5201369.59603841;1;63665;43.16056828544161;6.989394061381392;360.0218888279769;185.0464913786276;37.16681393757924;560.759778915809;42.49488563535723;33.61089291724245;6.5;169;-1;;50;;;0;288.15;350;232.9800398124754;307.9800398124754;1;;;;0;374.9288422131385;4.965755664599438;4.965755664599438;2.172518103262255;2.172518103262255;26484.03021119701;4965.755664599438;169.0069452597913;169.0069452597913;12;12;0.2;83.51530966483186;5.984635625114666;6.95373575519523;12;0.6666666666666666;0.3169017600000001;84.07076440047948;5.986477357727876;6.95557748780844;12;0.6666666666666666;0.3169017600000001;526;0.10357105815183794;316901.76;1;0;1;0.05170056486906226;0;0.10386957004606102;316901.76;1;0;0.05170056486906226;0;0.10357105815183794;316901.76;1;0;1;0.05170056486906226;0;0.10386957004606102;316901.76;1;0;0.05170056486906226;0
5360;1786620908;0;5091.78927203065;7.451137279693486;46.95186796934868;867.5262448809256;140.4471286590038;49.88791056358788;498.8791056358788;0.1987806602249675;-4.775095478927188;-0.1607408429118843;382142.0722919147;5200979.669048618;1;63665;43.15890105786713;7.843737472703212;360.0258372023573;175.6649287061355;37.20975941254526;560.2822915293112;33.2165010482137;33.16525705697902;6.5;169;-1;;50;;;0;288.15;350;232.8904284009568;307.8904284009568;1;;;;0;327.1535405291641;4.960852407833002;4.960852407833002;2.170372928426939;2.170372928426939;26457.87950844268;4960.852407833004;168.9995460673741;168.9995460673741;12;12;0.2;83.52975728885086;5.98468656282141;6.953786692901974;12;0.6666666666666666;0.3169017600000001;84.08647585330084;5.986526114476766;6.95562624455733;12;0.6666666666666666;0.3169017600000001;526;0.10356946542535748;316901.76;1;0;1;0.05170056486906226;0;0.10384228780781522;316901.76;1;0;0.05170056486906226;0;0.10356946542535748;316901.76;1;0;1;0.05170056486906226;0;0.10384228780781522;316901.76;1;0;0.05170056486906226;0
5370;1786620918;0;5101.26436781609;7.45534632183908;46.94842218390806;832.1974426411124;140.4512973563219;49.823221859801;498.23221859801;-0.07521937904307418;-4.77579229885056;-0.170281724137951;382454.8012489597;5200590.444083136;1;63665;43.15023053499325;8.697928967195732;360.0281226719262;166.5029478246299;36.4669142714608;568.8022825133852;24.82378243750051;32.08159088168367;6.5;169;-1;;50;;;0;288.15;350;234.4520321475412;309.4520321475412;1;;;;0;332.6864899382055;5.047458760249366;5.047458760249366;2.208263207609097;2.208263207609097;26919.78005466328;5047.458760249366;169.1306347524381;169.1306347524381;12;12;0.2;83.27417197218836;5.983760043601722;6.952860173682286;12;0.6666666666666666;0.3169017600000001;83.80891902552668;5.985638357082808;6.954738487163372;12;0.6666666666666666;0.3169017600000001;526;0.10359788505619446;316901.76;1;0;1;0.05170056486906226;0;0.10382192091184684;316901.76;1;0;0.05170056486906226;0;0.10359788505619446;316901.76;1;0;1;0.05170056486906226;0;0.10382192091184684;316901.76;1;0;0.05170056486906226;0
5380;1786620928;0;5110.77394636015;7.459550536398466;46.94498137931036;796.9332790570266;140.4572949808429;49.95528262605638;499.5528262605638;-0.02243551775976759;-4.791153409961694;-0.167996628352488;382767.2152903294;5200201.797135648;1;63665;43.13456072622587;9.551767988142266;360.028745996312;157.9865407139456;35.05415035600908;585.9263838738754;16.7391775558702;30.4261266263871;6.5;169;-1;;50;;;0;288.15;350;237.4880694284808;312.4880694284808;1;;;;0;254.6736841698423;5.223292604771444;5.223292604771444;2.285190514587507;2.285190514587507;27857.56055878104;5223.292604771446;169.3882692316037;169.3882692316037;12;12;0.2;82.76377634152224;5.981739052599568;6.950839182680132;12;0.6666666666666666;0.3169017600000001;83.25612237559318;5.983692535527416;6.95279266560798;12;0.6666666666666666;0.3169017600000001;526;0.1036550049099584;316901.76;1;0;1;0.05170056486906226;0;0.10380908121939388;316901.7599999999;1;0;0.05170056486906226;0;0.1036550049099584;316901.76;1;0;1;0.05170056486906226;0;0.10380908121939388;316901.7599999999;1;0;0.05170056486906226;0
5390;1786620938;0;5120.27407407407;7.463760592592592;46.9415285925926;761.607397370326;140.4607185185185;49.68786329171718;496.8786329171718;-0.03504181818863822;-4.802603481481474;-0.1675473333333088;383080.0893368689;5199811.827276076;1;60909;49.37386198881498;3.1321826739339;364.6205782021534;311.6085901213057;37.71535592368976;561.6510515005466;170.3894550884856;42.42939478293182;6.5;55;-1;;50;;;0;288.15;350;231.8416725398221;306.8416725398221;1;;;;0;229.4967718905391;4.904051615748048;4.904051615748048;2.145522581889771;2.145522581889771;26154.94195065626;4904.051615748048;169.0207396686224;169.0207396686224;12;12;0.2;83.59021482622468;5.984897894485346;6.95399802456591;12;0.6666666666666666;0.3169017600000001;84.1617518562973;5.986757291553526;6.95585742163409;12;0.6666666666666666;0.3169017600000001;526;0.10357403111717096;316901.76;1;0;1;0.05170056486906226;0;0.10379229192637796;316901.7599999999;1;0;0.05170056486906226;0;0.10357403111717096;316901.76;1;0;1;0.05170056486906226;0;0.10379229192637796;316901.7599999999;1;0;0.05170056486906226;0
5400;1786620948;0;5129.766666666666;7.467947333333334;46.938094;726.451098987201;140.463827;49.72518451972114;497.2518451972114;-0.015379922772827774;-4.792883666666668;-0.1710353333333333;383391.2699984765;5199423.931195192;1;60909;49.63002439477292;4.015531700664204;364.6793769815522;320.719780533372;39.69279193985133;540.863305843454;180.124659685086;44.48624057251567;6.5;55;-1;;50;;;0;288.15;350;227.8524336401449;302.8524336401449;1;;;;0;200.0981831099958;4.697254004819752;4.697254004819752;2.055048627108641;2.055048627108641;25052.02135903868;4697.254004819752;168.6931585089567;168.6931585089567;12;12;0.2;84.2150675515998;5.986918627308492;6.956018757389056;12;0.6666666666666666;0.3169017600000001;84.8434373162406;5.988678489417604;6.957778619498168;12;0.6666666666666666;0.3169017600000001;526;0.10350469066145778;316901.76;1;0;1;0.05170056486906226;0;0.1037731185087166;316901.7599999999;1;0;0.05170056486906226;0;0.10350469066145778;316901.76;1;0;1;0.05170056486906226;0;0.1037731185087166;316901.7599999999;1;0;0.05170056486906226;0
5410;1786620958;0;5139.259259259254;7.472136666666664;46.93465666666668;691.3820057129138;140.4679318518519;49.28897403756144;492.8897403756144;0.142935834923157;-4.805674444444378;-0.1732466666666799;383702.6833168693;5199035.74385338;1;60909;49.87871738337642;4.908480343801442;364.7365757787611;330.851854514929;40.91526488574794;529.0240545289986;190.904493713405;45.67126041406992;6.5;55;-1;;50;;;0;288.15;350;225.4777967613267;300.4777967613267;1;;;;0;163.3879056216532;4.580557111444052;4.580557111444052;2.003993736256773;2.003993736256773;24429.63792770161;4580.557111444052;168.500916536723;168.500916536723;12;12;0.2;84.5750613080611;5.987957797474062;6.957057927554626;12;0.6666666666666666;0.3169017600000001;85.23761789001632;5.989659646221624;6.958759776302188;12;0.6666666666666666;0.3169017600000001;526;0.1034651991699325;316901.76;1;0;1;0.05170056486906226;0;0.1037538735500426;316901.7599999999;1;0;0.05170056486906226;0;0.1034651991699325;316901.76;1;0;1;0.05170056486906226;0;0.1037538735500426;316901.7599999999;1;0;0.05170056486906226;0
5420;1786620968;0;5148.743295019154;7.476289616858236;46.9312498467433;655.9263951506324;140.447557164751;47.5814888809601;475.814888809601;0.007979276615642316;-4.374344329502336;-0.1812975478927053;384011.4342826958;5198651.01821014;1;60909;50.11979701963208;5.810913757800426;364.792136469262;341.4900805155108;41.16662401200821;526.7343531568368;202.3914701077909;45.29815176129282;6.5;55;-1;;50;;;0;288.15;350;224.9983252464151;299.9983252464151;1;;;;0;132.8061032173948;4.557531652224238;4.557531652224238;1.993920097848104;1.993920097848104;24306.83547852927;4557.531652224238;168.4632410146342;168.4632410146342;12;12;0.2;84.64583592777832;5.988152187054898;6.957252317135462;12;0.6666666666666666;0.3169017600000001;85.31532806869346;5.989842810813164;6.958942940893728;12;0.6666666666666666;0.3169017600000001;526;0.1034575615482677;316901.76;1;0;1;0.05170056486906226;0;0.10373644343229114;316901.7599999999;1;0;0.05170056486906226;0;0.1034575615482677;316901.76;1;0;1;0.05170056486906226;0;0.10373644343229114;316901.7599999999;1;0;0.05170056486906226;0
5430;1786620978;0;5158.252873563216;7.480303678160918;46.9279640229885;621.9507722469072;140.4186114942529;45.9775785730073;459.775785730073;-0.06171403008451798;-3.601452758620679;-0.12206448275863206;384309.9133221288;5198279.959710822;1;60909;50.3531233711613;6.722710045095144;364.8460228068125;351.9451309253054;40.39970367381078;534.108538377085;213.2274538308086;43.50622581843417;6.5;55;-1;;50;;;0;288.15;350;226.4706394472523;301.4706394472523;1;;;;0;104.95125680784246;4.628801285073524;4.628801285073524;2.025100562219667;2.025100562219667;24686.9401870588;4628.801285073524;168.5839985578791;168.5839985578791;12;12;0.2;84.4226282873126;5.987528240112534;6.956628370193098;12;0.6666666666666666;0.3169017600000001;85.07085850956762;5.989255378674574;6.95835550875514;12;0.6666666666666666;0.3169017600000001;526;0.10348215918247586;316901.76;1;0;1;0.05170056486906226;0;0.10372231652952362;316901.7599999999;1;0;0.05170056486906226;0;0.10348215918247586;316901.76;1;0;1;0.05170056486906226;0;0.10372231652952362;316901.7599999999;1;0;0.05170056486906226;0
5440;1786620988;0;5167.7969348659;7.48417877394636;46.92478701149426;589.7502945116374;140.4346695785441;45.14097145952604;451.4097145952604;-0.02958712464983722;-3.077992835249188;-0.10731206896551628;384598.0843709376;5197921.212926734;1;60909;50.57855766807406;7.643729144363438;364.8981997222191;1.593973991713677;38.75918392983893;550.7600897121116;222.8447312181142;41.11826714637135;6.5;55;-1;;50;;;0;288.15;350;229.7133082366923;304.7133082366923;1;;;;0;100.92508216666306;4.791961222975262;4.791961222975262;2.096483035051677;2.096483035051677;25557.12652253473;4791.961222975262;168.8506573828927;168.8506573828927;12;12;0.2;83.92142705156522;5.986005039858982;6.955105169939546;12;0.6666666666666666;0.3169017600000001;84.5231932722523;5.987813317316872;6.956913447397436;12;0.6666666666666666;0.3169017600000001;526;0.103537702779023;316901.76;1;0;1;0.05170056486906226;0;0.1037126000163394;316901.7599999999;1;0;0.05170056486906226;0;0.103537702779023;316901.76;1;0;1;0.05170056486906226;0;0.1037126000163394;316901.7599999999;1;0;0.05170056486906226;0
5450;1786620998;0;5177.296296296296;7.48797851851852;46.92166518518518;558.6447223493358;140.4557211111111;46.06991395566134;460.6991395566134;0.07257763235338894;-3.204907407406907;-0.08195925925930944;384880.672102115;5197568.72374224;1;60909;50.79596003656352;8.573801096928086;364.9486327426985;10.068721617836294;36.51069581612125;575.8882392225028;231.3996484339305;38.61434845064648;6.5;55;-1;;50;;;0;288.15;350;234.3593189372065;309.3593189372065;1;;;;0;73.90675640000644;5.042246986228628;5.042246986228628;2.205983056475025;2.205983056475025;26891.98392655268;5042.246986228628;169.2381723321899;169.2381723321899;12;12;0.2;83.17412631759134;5.98338231486001;6.952482444940574;12;0.6666666666666666;0.3169017600000001;83.71017473154234;5.985308638047076;6.95440876812764;12;0.6666666666666666;0.3169017600000001;526;0.10362152126357738;316901.76;1;0;1;0.05170056486906226;0;0.1037080460787013;316901.7599999999;1;0;0.05170056486906226;0;0.10362152126357738;316901.76;1;0;1;0.05170056486906226;0;0.1037080460787013;316901.7599999999;1;0;0.05170056486906226;0
5460;1786621008;0;5186.81609195402;7.49184459770115;46.91847252873564;513.6117182747632;139.1064110344842;39.9525566118526;399.525566118526;0.10934212141958966;-0.5711897701172238;-1.957395057469811;385168.1931426224;5197208.280738792;1;60909;51.00519526715854;9.512747896540012;364.9972892697561;17.27600902920762;33.93515656611568;608.4498382288624;237.6611897740521;35.8964399695188;6.5;55;-1;;50;;;0;288.15;350;239.9515984326565;314.9515984326565;1;;;;0;26.49985868629881;5.373895037459698;5.373895037459698;2.351079078888618;2.351079078888618;28660.77353311839;5373.895037459698;169.7159037422798;169.7159037422798;12;12;0.2;82.21965083385676;5.979307441824;6.948407571904564;12;0.6666666666666666;0.3169017600000001;82.6778931092648;5.98137512274052;6.950475252821084;12;0.6666666666666666;0.3169017600000001;526;0.103730135066685;316901.76;1;0;1;0.05170056486906226;0;0.10370909793527196;316901.7599999999;1;0;0.05170056486906226;0;0.103730135066685;316901.76;1;0;1;0.05170056486906226;0;0.10370909793527196;316901.7599999999;1;0;0.05170056486906226;0
5470;1786621018;0;5196.281481481478;7.495288814814814;46.91575681481482;509.1024744467558;144.3139791111105;30.05630301684351;300.5630301684351;-0.12268375311050788;-0.794138962961772;-0.05850962962946408;385424.6441056663;5196901.467437546;1.562962962955003;63752;42.3540101294691;7.358857680067204;360.600682997434;181.2714177572418;31.88198362158797;630.2728221278514;36.81536169492438;31.21214675032857;6.5;181;-1;;50;;;0;288.15;350;244.5954366648536;319.5954366648536;1;;;;0;21.61500460710295;5.67997484069826;5.67997484069826;2.484988992805489;2.484988992805489;30293.19915039072;5679.97484069826;170.0219797508604;170.0219797508604;12;12;0.2;81.47358510812074;5.975440064570138;6.944540194650702;12;0.6666666666666666;0.3169017600000001;81.8682598553861;5.977568090550182;6.946668220630746;12;0.6666666666666666;0.3169017600000001;526;0.1038029287054729;316901.76;1;0;1;0.05170056486906226;0;0.1037133629702811;316901.7599999999;1;0;0.05170056486906226;0;0.1038029287054729;316901.76;1;0;1;0.05170056486906226;0;0.1037133629702811;316901.7599999999;1;0;0.05170056486906226;0
5480;1786621028;0;5205.766283524904;7.497793908045978;46.91366440613028;509.079262758161;142.0793386206889;23.24162010577826;232.4162010577826;-0.3225605259817963;-0.4217097318008952;-0.2377401915709038;385610.9368325765;5196665.297945708;3;63752;42.45557457335972;8.191541593315592;360.6271358490913;173.4204973122886;32.37963726737994;623.0043511477934;31.65093019556286;31.89590302371102;6.5;181;-1;;50;;;0;288.15;350;243.4561204318632;318.4561204318632;1;;;;0;18.86700673285702;5.601961689951956;5.601961689951956;2.450858239353981;2.450858239353981;29877.1290130771;5601.961689951956;169.921229739675;169.921229739675;12;12;0.2;81.68647902350392;5.976611817678888;6.945711947759452;12;0.6666666666666666;0.3169017600000001;82.09666346660832;5.978714529611896;6.94781465969246;12;0.6666666666666666;0.3169017600000001;;;;;;;;;;;;;;;;;;;;;;;;;;;
5490;1786621038;0;5215.310344827582;7.49974896551724;46.91205655172414;509.8339377368272;139.4424096551541;16.28021128557272;162.8021128557272;-0.4179537657902561;0.1425189655178512;-0.5415393103446596;385756.3896841888;5196483.78028927;3;63752;42.55045851773684;9.026956630536998;360.6519621985026;165.4461215990064;32.31879023884499;623.9348815294302;26.76828302587695;32.20379087409436;6.5;181;-1;;50;;;0;288.15;350;243.5949734190747;318.5949734190747;1;;;;0;21.83811261619121;5.611362366918184;5.611362366918184;2.454971035526706;2.454971035526706;29927.26595689699;5611.362366918184;169.9341934599403;169.9341934599403;12;12;0.2;81.66000183009968;5.976469180538572;6.945569310619136;12;0.6666666666666666;0.3169017600000001;82.0682930785238;5.978575370159136;6.9476755002397;12;0.6666666666666666;0.3169017600000001;549;0.10378178761126156;316901.76;1;0;1;0.05170056486906226;0;0.10378178761126156;316901.76;1;0;0.05170056486906226;0;0.10378178761126156;316901.76;1;0;1;0.05170056486906226;0;0.10378178761126156;316901.76;1;0;0.05170056486906226;0
5500;1786621048;0;5224.792592592592;7.501133037037038;46.91093866666668;510.064120569067;135.1183028148115;4.899077567267574;48.99077567267574;-0.05544868625396954;0.01878303703776847;-0.03769466666655807;385859.4109135723;5196357.54352799;3;63752;42.63862023984987;9.864936037067836;360.675147242011;157.6538797012134;31.70656832581033;633.0403643215064;22.61699102771354;31.709420193601;6.5;181;-1;;50;;;0;288.15;350;244.9989795070163;319.9989795070163;1;;;;0;20.22928562032507;5.70809722708789;5.70809722708789;2.497292536850952;2.497292536850952;30443.18521113542;5708.09722708789;170.0600361960488;170.0600361960488;12;12;0.2;81.39510273249724;5.974993488619892;6.944093618700456;12;0.6666666666666666;0.3169017600000001;81.78429724265024;5.977131343661042;6.946231473741606;12;0.6666666666666666;0.3169017600000001;;;;;;;;;;;;;;;;;;;;;;;;;;;
5510;1786621058;0;5234.295019157084;7.501728850574714;46.91077;510.0821964025748;72.89822272031914;2.056887884002893;20.56887884002893;-1.337197742832759;-1.313660306510134;-0.1726567432976167;385904.4241698444;5196337.934098748;3;63752;42.72001965313883;10.70529845476683;360.6966769363053;150.3115414481684;30.61368505407786;650.0328882606418;78.01406077855402;30.18000110875044;6.5;181;-1;;50;;;0;288.15;350;247.5345320589818;322.5345320589818;1;;;;0;18.88663566184698;5.891051033931078;5.891051033931078;2.577334827344846;2.577334827344846;31418.93884763241;5891.051033931078;170.2901147473479;170.2901147473479;12;12;0.2;80.90202808386114;5.971996612062776;6.94109674214334;12;0.6666666666666666;0.3169017600000001;81.25694633672678;5.974187598367084;6.943287728447648;12;0.6666666666666666;0.3169017600000001;;;;;;;;;;;;;;;;;;;;;;;;;;;
5520;1786621068;0;5243.804597701146;7.501960229885058;46.91086609195404;510.0798375542068;58.85658908045682;3.715670140937857;37.15670140937857;-0.9709114393919412;-1.611954827586886;0.0156997701151473;385922.2477168668;5196348.275511886;3;63752;42.79462051587514;11.547868411218762;360.7165385654798;143.5999568907311;29.16100259442995;674.2579050417162;84.81948294824252;29.04362672931295;6.5;181;-1;;50;;;0;288.15;350;250.9546400865851;325.9546400865851;1;;;;0;17.31179433577688;6.156808917668266;6.156808917668266;2.693603901479866;2.693603901479866;32836.31422756408;6156.808917668266;170.6079290798431;170.6079290798431;12;12;0.2;80.20218679349372;5.967118583407548;6.936218713488112;12;0.6666666666666666;0.3169017600000001;80.5112955593456;5.96936962371071;6.938469753791274;12;0.6666666666666666;0.3169017600000001;;;;;;;;;;;;;;;;;;;;;;;;;;;
5530;1786621078;0;5253.279693486586;7.502408390804598;46.911;510.05284076423;93.43245241378102;3.228534333656315;32.28534333656315;5.339734294306834e-06;-1.472599616859119;-0.1830420306518955;385956.6593702485;5196362.503978956;3;62060;49.58219943587444;1.11237527306447;364.8229603895052;304.4013781202097;29.3726988072254;677.9458127303712;211.3165535648468;30.72774648388901;6.5;91;-1;;50;;;0;288.15;350;250.4531845979116;325.4531845979116;1;;;;0;17.40539823942504;6.116350500524424;6.116350500524424;2.675903343979435;2.675903343979435;32620.53600279692;6116.350500524422;170.655307796795;170.655307796795;12;12;0.2;80.21296705118602;5.967199794897098;6.936299924977662;12;0.6666666666666666;0.3169017600000001;80.528762239473;5.969492136337982;6.938592266418546;12;0.6666666666666666;0.3169017600000001;;;;;;;;;;;;;;;;;;;;;;;;;;;
5540;1786621088;0;5262.729629629628;7.502831888888888;46.9110245925926;510.083966097067;42.90421107408706;1.420092873688079;14.200928736880786;3.074783019522457;-1.453448037036753;0.3610128518519272;385988.9609224448;5196364.621119822;3;62060;49.32471578391908;1.993863064922409;364.7713839875314;305.2316277788608;33.19157299970491;618.35586802512;260.2331422486329;33.09514809791326;6.5;91;-1;;50;;;0;288.15;350;241.6157523605252;316.6157523605252;1;;;;0;18.56747461427745;5.480051135038632;5.480051135038632;2.397522371579402;2.397522371579402;29226.93938687271;5480.051135038632;169.85617787239;169.85617787239;12;12;0.2;81.9267773134769;5.977867550437792;6.946967680518356;12;0.6666666666666666;0.3169017600000001;82.36213257486634;5.979973762937926;6.94907389301849;12;0.6666666666666666;0.3169017600000001;;;;;;;;;;;;;;;;;;;;;;;;;;;
5550;1786621098;0;5272.195402298848;7.502818045977012;46.911151954023;510.0927013754486;313.2382545977021;0.10835021630240142;1.083502163024014;0;0.569950229888728;0.1212681609197212;385988.1769243503;5196378.793917632;3;62060;49.05993253912438;2.865650365914242;364.7181753746391;306.326349044211;37.73185794241179;561.6213995923658;352.9392477815717;38.28282713069012;6.5;91;-1;;50;;;0;288.15;350;231.8076372244145;306.8076372244145;1;;;;0;20.99059988667023;4.902226029358192;4.902226029358192;2.144723887844209;2.144723887844209;26145.20548991036;4902.226029358192;169.0202810920735;169.0202810920735;12;12;0.2;83.59329768320904;5.984908592374204;6.954008722454768;12;0.6666666666666666;0.3169017600000001;84.16531646562626;5.986768139931362;6.955868270011926;12;0.6666666666666666;0.3169017600000001;;;;;;;;;;;;;;;;;;;;;;;;;;;
5560;1786621108;0;5281.704980842906;7.50281;46.91116;510.0891288041382;312.8375319923372;0;0;0;0.4767024137931494;0.01730789272034643;385987.5812906779;5196379.699698928;3;62060;48.7879916841148;3.727669967482564;364.6633735288142;307.8423044845671;43.16879146036019;508.7525161297262;354.9489143190814;43.64214769941707;6.5;91;-1;;50;;;0;288.15;350;221.2870135733833;296.2870135733833;1;;;;0;23.68789283186732;4.385003665712933;4.385003665712933;1.918439103749408;1.918439103749408;23386.68621713564;4385.003665712932;168.1615395452824;168.1615395452824;12;12;0.2;85.19554637774016;5.989559110004174;6.958659240084738;12;0.6666666666666666;0.3169017600000001;85.9191006559874;5.991159798661582;6.960259928742146;12;0.6666666666666666;0.3169017600000001;;;;;;;;;;;;;;;;;;;;;;;;;;;
5570;1786621118;0;5291.180076628354;7.50281;46.91116;510.089088024;312.8374683908046;0;0;0;0.465556130268206;0.01782931034482577;385987.5812906779;5196379.699698928;3;62060;48.50903861046566;4.579860188246754;364.6070192202569;310.084833474632;49.69403629488738;461.0808812887502;357.1993176163058;50.15818219925934;6.5;91;-1;;50;;;0;288.15;350;210.5197142158556;285.5197142158557;1;;;;0;26.62324693223627;3.933905129648394;3.933905129648394;1.721083494221172;1.721083494221172;20980.82735812477;3933.905129648394;167.3069504344181;167.3069504344181;12;12;0.2;86.6985896341972;5.992610997031834;6.961711127112398;12;0.6666666666666666;0.3169017600000001;87.5829090751887;5.99397132418541;6.963071454265974;12;0.6666666666666666;0.3169017600000001;;;;;;;;;;;;;;;;;;;;;;;;;;;
5580;1786621128;0;5300.65517241379;7.50281;46.91116;510.0891732628968;312.8379727586207;7.900874738066844e-11;7.900874738066844e-10;0;0.4579286206897062;0.01965551724136765;385987.5812906779;5196379.699698928;3;62060;48.2232141462571;5.422188392098546;364.5491534303856;313.7455448373474;57.45394070705724;420.3839626681408;0.8877668627354342;57.91212106494086;6.5;91;-1;;50;;;0;288.15;350;200.2599971757028;275.2599971757029;1;;;;0;29.63008777977007;3.558890914189005;3.558890914189005;1.557014774957689;1.557014774957689;18980.75154234136;3558.890914189004;166.5043309361263;166.5043309361263;12;12;0.2;88.04029206721188;5.99457357567618;6.963673705756744;12;0.6666666666666666;0.3169017600000001;89.08354149987534;5.995731780667876;6.96483191074844;12;0.6666666666666666;0.3169017600000001;;;;;;;;;;;;;;;;;;;;;;;;;;;
5590;1786621138;0;5310.199233716466;7.50281;46.91116;510.089139314483;312.8378301149425;1.580174947613369e-10;1.5801749476133686e-09;0;0.463890996168571;0.01783678160918157;385987.5812906779;5196379.699698928;3;62060;47.93066330337846;6.254622879017022;364.4898191422626;320.7384969358317;66.38501646490062;388.8643010882255;8.008203663574724;66.846912667624;6.5;91;-1;;50;;;0;288.15;350;191.5747875373109;266.5747875373109;1;;;;0;32.37266544435068;3.274186957143837;3.274186957143837;1.432456793750429;1.432456793750429;17462.33043810046;3274.186957143837;165.8273696516055;165.8273696516055;12;12;0.2;89.12651528998516;5.99577378633289;6.964873916413454;12;0.6666666666666666;0.3169017600000001;90.30900501606316;5.996780763867144;6.965880893947708;12;0.6666666666666666;0.3169017600000001;;;;;;;;;;;;;;;;;;;;;;;;;;;
5600;1786621148;0;5319.708812260534;7.50281;46.91116000000002;510.089146660046;312.8376372030652;7.900874738066844e-11;7.900874738066844e-10;0;0.4603460919540646;0.0186139463601466;385987.5812906779;5196379.699698928;3;62060;47.63152708349634;7.077156011099316;364.4290597029376;338.250661426237;75.67747489277522;368.8864473119316;26.14263978921879;76.10011437481044;6.5;91;-1;;50;;;0;288.15;350;185.7155130025166;260.7155130025166;1;;;;0;34.09306686330422;3.096235482121044;3.096235482121044;1.354603023427957;1.354603023427957;16513.25590464557;3096.235482121044;165.369262138358;165.369262138358;12;12;0.2;89.84042804857794;5.996414149350678;6.965514279431242;12;0.6666666666666666;0.3169017600000001;91.11943976033796;5.997328613328756;6.96642874340932;12;0.6666666666666666;0.3169017600000001;;;;;;;;;;;;;;;;;;;;;;;;;;;
5610;1786621158;0;5329.183908045972;7.50281;46.91116;510.0891477227588;312.8376444827586;0;0;0;0.459413333333276;0.01786620689655855;385987.5812906779;5196379.699698928;3;62060;47.32594560996136;7.889793161565398;364.3669194722243;32.34515020982609;80.82271636389064;362.3675155957472;82.31221809078348;80.91296743627784;6.5;91;-1;;50;;;0;288.15;350;183.7529353299743;258.7529353299743;1;;;;0;34.77708703121687;3.038899196891838;3.038899196891838;1.329518398640179;1.329518398640179;16207.462383423136;3038.899196891838;165.2143933120129;165.2143933120129;12;12;0.2;90.07771778493994;5.996604742208454;6.965704872289018;12;0.6666666666666666;0.3169017600000001;91.38954537653192;5.997489650176164;6.966589780256728;12;0.6666666666666666;0.3169017600000001;;;;;;;;;;;;;;;;;;;;;;;;;;;
5620;1786621168;0;5338.65900383142;7.50281;46.91116;510.0891864475404;312.8377924521073;0;0;0;0.4627011111111072;0.01961685823754956;385987.5812906779;5196379.699698928;3;62060;47.0140617513948;8.692542376141322;364.3034445741032;82.363908048523;74.88768767955912;370.020926854293;130.8684735068195;74.60401374551074;6.5;91;-1;;50;;;0;288.15;350;186.0956048840844;261.0956048840844;1;;;;0;33.96207556456193;3.107466673988122;3.107466673988122;1.359516669869803;1.359516669869803;16573.15559460332;3107.466673988122;165.3959338760859;165.3959338760859;12;12;0.2;89.79761147254112;5.99637863684204;6.965478766922604;12;0.6666666666666666;0.3169017600000001;91.07029630354612;5.997298222499318;6.966398352579882;12;0.6666666666666666;0.3169017600000001;;;;;;;;;;;;;;;;;;;;;;;;;;;
