t_rel;t_epoch;ID;subID;lon;lat;alt;heading;speed;distance;yaw;pitch;roll;easting;northing;flightphase;satid;orbit_lat;orbit_lng;orbit_dist;uav_az;uav_elev;uav_dist;gain_az;gain_elev;gain_value;sat_sel;beam_sel;alpha;EIRP0;d_alpha;db_at_alpha;EIRP;Tsky_uav;Tsys_uav;Tsky_sat;Tsys_sat;terrain_shadowing;DEM_x;DEM_y;DEM_z;DEM_dist;DEM_min_dz;atm_loss_up;atm_loss_down;rain_att_up;rain_att_down;path_in_atm;path_in_rain;path_loss_up;path_loss_down;f_down;f_up;bandwidth;CN0_downlink;CN_total_downlink;Es/N0_down;modcod_downlink;coderate_downlink;datarate_downlink;CN0_uplink;CN_total_uplink;Es/N0_up;modcod_uplink;coderate_uplink;datarate_uplink;act_flightphase_start;uplink_latency_active;uplink_datarate_active;uplink_availability_active;uplink_continuity_active;uplink_integrity_active;uplink_transaction_time_active;uplink_transaction_possibility_active;uplink_latency_avg;uplink_datarate_avg;uplink_availability_avg;uplink_continuity_avg;uplink_transaction_time_avg;uplink_transaction_possibility_avg;downlink_latency_active;downlink_datarate_active;downlink_availability_active;downlink_continuity_active;downlink_integrity_active;downlink_transaction_time_active;downlink_transaction_possibility_active;downlink_latency_avg;downlink_datarate_avg;downlink_availability_avg;downlink_continuity_avg;downlink_transaction_time_avg;downlink_transaction_possibility_avg
0;1780344000;0;2050;14.3136568;46.6236436;448.3480401097453;0.7331901753158266;9.112345715168524;2.278086428792131;4.421101670835743;-3.62623771652482;0.9079784196069716;447455.1631290055;5163571.12319715;-1;39215;-1.68752895738163;24.85886165345257;35793.37183463342;166.0049617139386;33.59048828908689;38294.15914569337;160.6379834434055;37.31314543391873;2.136;0;2;2;55;0.5931628388116816;-3;53.69074015444956;288.15;250;206.250186791964;281.250186791964;1;;;;0;6.698000479021176;5.42247136092805;5.42247136092805;0;0;28919.84725828293;0;188.4601128626944;188.1383764648254;1.59;1.65;0.2;62.9330796085035;5.209717567382382;6.178817697462946;11;0.6;0.2847985600000001;42.09981510179822;-10.980186986179628;-10.011086856099064;-1;;;0;;;;;;;;;;0;;;;0.2352639462295483;284798.5600000001;1;0;1;0.05752838076147576;0;0.2352639462295483;284798.5600000001;1;0;0.05752838076147576;0
0.25;1780344000.25;0;2051.244999995232;14.313657197999998;46.62366408549992;447.5541987501785;1.0345536822836874;8.01580271944762;2.003950679861905;4.190061425119966;-3.626759650337026;0.9686326620583176;447455.2134197309;5163573.39925175;-1;39215;-1.68752895738163;24.85886165345257;35793.37183463342;166.0049665130777;33.59046665392713;38294.16098249052;160.6078276423;37.33334862202612;2.136;0;2;2;55;0.5931637620562392;-3;53.6907366357744;288.15;250;206.2502449301304;281.2502449301304;1;;;;0;5.897749918867646;5.422474443852518;5.422474443852518;0;0;28919.86370054676;0;188.4601132793171;188.1383768814481;1.59;1.65;0.2;62.93307528750418;5.209716107633562;6.178816237714126;11;0.6;0.2847985600000001;42.09980988305435;-10.980192121833824;-10.01109199175326;-1;;;0;;;;;;;;;;0;;;;0.2352639523564441;284798.5600000001;1;0;1;0.05752838076147576;0;0.2352639492929962;284798.5600000001;1;0;0.05752838076147576;0
0.5;1780344000.5;0;2052.247500298619;14.313657673250208;46.62368210450544;447.5780389358559;1.437316631446669;5.061132727850518;1.265283181962629;3.61618515009863;-3.609349812943282;0.9329332402433888;447455.2672380462;5163575.401181472;-1;39215;-1.68752895738163;24.85886165345257;35793.37183463342;166.0049708974923;33.5904476454943;38294.16259580141;160.7654807895873;37.30599188790552;2.136;0;2;2;55;0.5931646494393248;-3;53.69073325377222;288.15;250;206.2502960097687;281.2502960097687;1;;;;0;5.879566952105962;5.42247715248235;5.42247715248235;0;0;28919.87814657253;0;188.4601136452487;188.1383772473795;1.59;1.65;0.2;62.93307142339702;5.209714802234286;6.17881493231485;11;0.6;0.2847985600000001;42.09980523019749;-10.98019670061081;-10.011096570530246;-1;;;0;;;;;;;;;;0;;;;0.2352639577378699;284798.5600000001;1;0;1;0.05752838076147576;0;0.2352639521079541;284798.5600000001;1;0;0.05752838076147574;0
0.75;1780344000.75;0;2052.872500149608;14.313658110750104;46.62369347950274;447.5895627593897;1.24592085296853;8.247717501539628;2.061929375384907;3.666997615985889;-3.579940495208515;0.8746784633707992;447455.3117378376;5163576.664863522;-1;39215;-1.68752895738163;24.85886165345257;35793.37183463342;166.0049738444261;33.59043567084322;38294.16361212747;160.8776660484102;37.25987420273126;1.92;0;2;2;55;0.5931652244340502;-3;53.69073106234598;288.15;250;206.2503281881785;281.2503281881785;1;;;;0;5.88468180241165;5.422478858826562;5.422478858826562;0;0;28919.88724707499;0;188.4601138757719;188.1383774779029;1.59;1.65;0.2;62.7170689749294;5.1355353468648;6.104635476945364;11;0.6;0.2847985600000001;41.88380228484496;-11.192843410521036;-10.223743280440472;-1;;;0;;;;;;;;;;0;;;;0.2352639611279687;284798.5600000001;1;0;1;0.05752838076147576;0;0.2352639543629577;284798.5600000001;1;0;0.05752838076147576;0
1;1780344001;0;2053.995000001192;14.313658697500002;46.62371201850002;447.6038589856132;1.941438718070192;9.934930555071222;2.483732638767806;2.972946397090928;-3.44650463723453;0.7560595675616406;447455.3745953646;5163578.724499686;-1;39215;-1.68771143894311;24.85885802268305;35793.37224228211;166.0050232579608;33.59022046971544;38294.18223295728;160.8224977653051;37.09469841010168;1.92;0;2;2;55;0.5931658667302452;-3;53.69072861441846;288.15;250;206.2509064809989;281.2509064809989;1;;;;0;5.895219301788076;5.42250952442777;5.42250952442777;0;0;28920.05079694811;0;188.4601180993511;188.1383817014821;1.59;1.65;0.2;62.71703351426706;5.135522969601488;6.104623099682052;11;0.6;0.2847985600000001;41.88375789444644;-11.192887127939012;-10.223786997858448;-1;;;0;;;;;;;;;;0;;;;0.2352640232403712;284798.5600000001;1;0;1;0.05752838076147576;0;0.2352639681384404;284798.5600000001;1;0;0.05752838076147576;0
1.25;1780344001.25;0;2055.244999995232;14.313659795999996;46.62373434249992;447.624751385105;1.963624823984425;9.597774704983452;2.399443676245863;3.859747340398773;-3.437365064974248;0.8685089844233936;447455.4802932822;5163581.204378882;-1;39215;-1.68771143894311;24.85885802268305;35793.37224228211;166.0050293539939;33.59019701239819;38294.18422384987;159.9554126327601;37.11760782072198;2.02;0;2;2;55;0.5931670214025708;-3;53.69072421371322;288.15;250;206.2509695162117;281.2509695162117;1;;;;0;5.891269840619714;5.42251286706008;5.42251286706008;0;0;28920.06862432043;0;188.4601185509256;188.1383821530565;1.59;1.65;0.2;62.81702869269104;5.17016463535594;6.139264765436504;11;0.6;0.2847985600000001;41.98375209951024;-11.094426193293474;-10.12532606321291;-1;;;0;;;;;;;;;;0;;;;0.2352640298812741;284798.5600000001;1;0;1;0.05752838076147576;0;0.2352639784289127;284798.5600000001;1;0;0.05752838076147576;0
1.5;1780344001.5;0;2056.495000597238;14.313660895000598;46.623755908011;447.6420613203277;2.377125541802767;9.608866602480194;2.402216650620049;4.487326187399259;-3.282548830417817;1.109442002698926;447455.5852955867;5163583.599975542;-1;39215;-1.68771143894311;24.85885802268305;35793.37224228211;166.0050352921867;33.59017435894248;38294.18614651714;159.0771988903284;37.05234580630386;2.02;0;2;2;55;0.593168140759685;-3;53.69071994759794;288.15;250;206.2510303913074;281.2510303913074;1;;;;0;5.886240375507158;5.422516095148106;5.422516095148106;0;0;28920.08584078991;0;188.4601189870251;188.138382589156;1.59;1.65;0.2;62.81702403255398;5.170163033061108;6.139263163141672;11;0.6;0.2847985600000001;41.98374649936881;-11.094431706587652;-10.125331576507088;-1;;;0;;;;;;;;;;0;;;;0.2352640362946018;284798.5600000001;1;0;1;0.05752838076147576;0;0.2352639866954397;284798.5600000001;1;0;0.05752838076147576;0
1.75;1780344001.75;0;2057.745000299215;14.31366221950033;46.62377749250494;447.6578822686596;2.715856550011939;10.114380980289046;2.528595245072262;4.876647478947366;-3.014803926421108;1.345554766070599;447455.707579802;5163585.997531244;-1;39215;-1.68771143894311;24.85885802268305;35793.37224228211;166.0050415281798;33.59015172628698;38294.18806741046;158.5509113030983;36.88813271638451;2.125;0;2;2;55;0.593169285649271;-3;53.69071558416884;288.15;250;206.2510912105513;281.2510912105513;1;;;;0;5.885947509930646;5.422519320276818;5.422519320276818;0;0;28920.10304147636;0;188.4601194227222;188.1383830248531;1.59;1.65;0.2;62.92201935305906;5.205977967945402;6.175078098025966;11;0.6;0.2847985600000001;42.08874088073213;-10.991085111160408;-10.021984981079844;-1;;;0;;;;;;;;;;0;;;;0.2352640427020122;284798.5600000001;1;0;1;0.05752838076147576;0;0.2352639936962612;284798.5600000001;1;0;0.05752838076147576;0
2;1780344002;0;2058.995000001192;14.313663793500004;46.62380020700002;448.5175680409307;2.974018758441112;10.11463040204077;2.528657600510193;4.541591521885114;-2.975983624491933;1.342881218550593;447455.850058308;5163588.520484774;-1;39215;-1.687893911549613;24.85885439261299;35793.37264989073;166.0050930972636;33.58993228808685;38294.20704729933;158.6388756616189;36.85059408367659;2.125;0;2;2;55;0.593170301578539;-3;53.69071171223284;288.15;250;206.2516808946044;281.2516808946044;1;;;;0;6.702995061087222;5.422550590223648;5.422550590223648;0;0;28920.26981452612;0;188.4601237277405;188.1383873298714;1.59;1.65;0.2;62.9219828741662;5.205965623581586;6.17506575366215;11;0.6;0.2847985600000001;42.08869529622965;-10.991129971716408;-10.022029841635844;-1;;;0;;;;;;;;;;0;;;;0.2352641060121068;284798.5600000001;1;0;1;0.05752838076147576;0;0.2352640061757996;284798.5600000001;1;0;0.05752838076147576;0
2.25;1780344002.25;0;2060.244999995232;14.313665542999992;46.62382291599992;447.9652792986664;3.414764997040124;9.710892874233502;2.427723218558376;3.608093084955471;-2.963708014873016;1.114812741614023;447456.0059672107;5163591.04271071;-1;39215;-1.687893911549613;24.85885439261299;35793.37264989073;166.0051001219602;33.58990854162473;38294.20906309004;158.9954721555134;36.75610089653048;2.125;0;2;2;55;0.5931714967366138;-3;53.69070715721126;288.15;250;206.2517447073926;281.2517447073926;1;;;;0;6.125528757996506;5.42255397412125;5.42255397412125;0;0;28920.28786198;0;188.460124184962;188.1383877870929;1.59;1.65;0.2;62.92197796964754;5.205963963899818;6.175064093980382;11;0.6;0.2847985600000001;42.08868940634665;-10.991135768060264;-10.0220356379797;-1;;;0;;;;;;;;;;0;;;;0.2352641127360608;284798.5600000001;1;0;1;0.05752838076147576;0;0.2352640168318257;284798.5600000001;1;0;0.05752838076147576;0
2.5;1780344002.5;0;2061.495000597238;14.313667491001076;46.623844708011;447.739751824383;3.782548698552003;9.754026137640468;2.438506534410117;2.671432529165282;-2.839974473334714;0.7566261768342418;447456.1761854675;5163593.462909826;-1;39215;-1.687893911549613;24.85885439261299;35793.37264989073;166.0051072137061;33.58988580249771;38294.21099315853;159.367735914341;36.51470152388997;2.02;0;2;2;55;0.593172699167294;-3;53.6907025744677;288.15;250;206.2518058132595;281.2518058132595;1;;;;0;5.869239029797258;5.4225572144773;5.4225572144773;0;0;28920.30514387894;0;188.46012462274;188.1383882248709;1.59;1.65;0.2;62.81697322164106;5.170145562672696;6.13924569275326;11;0.6;0.2847985600000001;41.98368371477489;-11.094493517522694;-10.12539338744213;-1;;;0;;;;;;;;;;0;;;;0.2352641191740763;284798.5600000001;1;0;1;0.05752838076147576;0;0.2352640261356667;284798.5600000001;1;0;0.05752838076147576;0
2.75;1780344002.75;0;2062.745000299215;14.31366959200048;46.62386659050506;447.7731403076942;4.078391799995599;10.218857418719622;2.554714354679906;2.198886710769174;0.3661833126091502;0.507252051727733;447456.3582042834;5163595.89306131;-1;39215;-1.687893911549613;24.85885439261299;35793.37264989073;166.0051145237172;33.58986299492334;38294.2129288597;160.124828748292;33.42002675412188;1.225;0;2;2;55;0.5931739446753248;-3;53.69069782754162;288.15;250;206.2518671031057;281.2518671031057;1;;;;0;5.89823244508159;5.422560464591938;5.422560464591938;0;0;28920.32247782367;0;188.4601250617955;188.1383886639264;1.59;1.65;0.2;62.02196842426762;4.880084355140908;5.849184485221472;11;0.6;0.2847985600000001;41.18867797099552;-11.878218439021108;-10.909118308940544;-1;;;0;;;;;;;;;;0;;;;0.2352641256308804;284798.5600000001;1;0;1;0.05752838076147576;0;0.2352640344269345;284798.5600000001;1;0;0.05752838076147574;0
3;1780344003;0;2063.995000001192;14.313671990000004;46.62388950650002;447.7993306855224;4.258698657550662;9.423532522454396;2.355883130613599;2.194677476509121;7.657266659345204;0.4228778894904001;447456.5639604058;5163598.437855994;-1;39215;-1.688076375200205;24.85885076324709;35793.37305745928;166.0051672052146;33.58964350334101;38294.23191382922;161.2426129831752;26.51550665161605;-0.6534;0;2;2;55;0.5931749894206718;-3;53.69069384576598;288.15;250;206.2524569359473;281.2524569359473;1;;;;0;5.885996026302906;5.42259174272512;5.42259174272512;0;0;28920.48929453397;0;188.4601293679634;188.1383929700943;1.59;1.65;0.2;60.14353191039218;4.05580513251465;5.024905262595214;7;0.8;0.25395136;39.31023234923811;-13.736875069846326;-12.767774939765762;-1;;;0;;;;;;;;;;0;;;;0.2422520998201652;253951.36;1;0;1;0.0645162916237188;0;0.2358015779187215;282425.6984615386;1;0;0.05806591236626368;0
3.25;1780344003.25;0;2065.244999995231;14.31367428999999;46.62391063449992;447.8318341129732;4.289544302855873;9.870266561483066;2.467566640370767;2.536217966053467;11.859586341797998;0.4235727530091125;447456.7604838599;5163600.784036516;-1;39215;-1.688076375200205;24.85885076324709;35793.37305745928;166.0051746168224;33.58962153141072;38294.2337786022;161.4848186437581;22.5563447936583;-1.75;0;2;2;55;0.593176221839393;-3;53.69068914871768;288.15;250;206.2525159806496;281.2525159806496;1;;;;0;5.887859288204652;5.422594873807768;5.422594873807768;0;0;28920.50599364143;0;188.4601297909308;188.1383933930617;1.59;1.65;0.2;59.04692725978106;3.481355793682267;4.450455923762832;6;0.75;0.23799568;38.2136267868915;-14.825294193049964;-13.856194062969398;-1;;;0;;;;;;;;;;0;;;;0.2465774001126688;237995.68;1;0;1;0.06884158569600926;0;0.2365712795040034;279252.1257142858;1;0;0.05883560331838836;0
3.5;1780344003.5;0;2066.495000597238;14.313676691001076;46.62393276451022;448.0753706495015;4.218696055118815;8.702458876887116;2.175614719221779;2.834961297394188;8.54961833679074;0.3974111205297423;447456.9657090159;5163603.241491716;-1;39215;-1.688076375200205;24.85885076324709;35793.37305745928;166.0051823693981;33.58959851571933;38294.23573182283;160.8108401615843;25.69487478362226;-0.7548;0;2;2;55;0.5931775296901978;-3;53.6906841641742;288.15;250;206.2525778302724;281.2525778302724;1;;;;0;6.102342548681464;5.422598153635026;5.422598153635026;0;0;28920.52348605347;0;188.4601302339599;188.1383938360908;1.59;1.65;0.2;60.04212237324448;4.005582104851557;4.974682234932122;7;0.8;0.25395136;39.20882094530754;-13.83744045327992;-12.868340323199356;-1;;;0;;;;;;;;;;0;;;;0.2422521125556211;253951.36;1;0;1;0.0645162916237188;0;0.2369500017074446;277565.4080000001;1;0;0.05921431587207706;0
3.75;1780344003.75;0;2067.745000299215;14.313678792000478;46.62395227700438;453.5554093862854;4.451672624150832;8.630220168158334;2.157555042039583;2.611346280924014;9.857664575365354;0.3267306393932069;447457.1454342731;5163605.408292188;-1;39215;-1.688076375200205;24.85885076324709;35793.37305745928;166.0051891841345;33.5895782128337;38294.2374513533;160.9630753574253;24.43633709361569;-1.034;0;2;2;55;0.5931791301871816;-3;53.69067806427644;288.15;250;206.2526323898618;281.2526323898618;1;;;;0;10.938002145525502;5.422601046880732;5.422601046880732;0;0;28920.53891669723;0;188.4601306239833;188.1383942261142;1.59;1.65;0.2;59.7629176659051;3.8642477161074;4.833347846187964;7;0.8;0.25395136;38.92961539548958;-14.11441548354861;-13.145315353468046;-1;;;0;;;;;;;;;;0;;;;0.2422521182913573;253951.36;1;0;1;0.0645162916237188;0;0.2372813839939391;276089.5300000001;1;0;0.05954568935655466;0
4;1780344004;0;2068.995000001192;14.313680991000002;46.62397162150002;458.2226295786714;4.106127715596774;7.529241929388318;1.882310482347079;2.824447972613534;13.626887556165324;0.277378309398368;447457.3324994755;5163607.556359588;-1;39215;-1.688258829893895;24.85884713458095;35793.37346498776;166.0052408566861;33.58936247365538;38294.25611481797;161.5482409235897;20.84154640086978;-2.381;0;2;2;55;0.5931803838905714;-3;53.69067328609106;288.15;250;206.2532121441258;281.2532121441258;1;;;;0;14.397880834678916;5.422631790844334;5.422631790844334;0;0;28920.70288450312;0;188.4601348572248;188.1383984593557;1.59;1.65;0.2;58.4158815731928;3.119728580737063;4.088828710817627;6;0.75;0.23799568;37.58257035054757;-15.452490863764934;-14.48339073368437;-1;;;0;;;;;;;;;;0;;;;0.2465774746182648;237995.68;1;0;1;0.06884158569600926;0;0.2378282128541936;273848.7152941177;1;0;0.06009250678828728;0
4.25;1780344004.25;0;2070.244999995231;14.313682767499992;46.62398850549994;456.8296791716214;4.187323526273318;7.262858818338422;1.815714704584605;2.555404160691962;12.826973713215038;0.2178475406801419;447457.484838675;5163609.431301796;-1;39215;-1.688258829893895;24.85884713458095;35793.37346498776;166.0052466993255;33.58934490586088;38294.25760675264;161.5988394677645;21.56727331510173;-2.059;0;2;2;55;0.5931812409829608;-3;53.69067001948918;288.15;250;206.2532593540998;281.2532593540998;1;;;;1.618759798979089;5.950963327417696;5.422634294365858;5.422634294365858;0;0;28920.71623661791;0;188.4601351956249;188.1383987977558;1.59;1.65;0.2;58.73787796865504;3.30705454971254;4.276154679793104;6;0.75;0.23799568;37.90456601702153;-15.132394985549408;-14.163294855468844;-1;;;0;;;;;;;;;;0;;;;0.2465774795948232;237995.68;1;0;1;0.06884158569600926;0;0.238314283228673;271856.88;1;0;0.06057856672760516;0
4.5;1780344004.5;0;2071.495000597238;14.313684494000718;46.62400479150698;452.5179373788104;3.963491640646108;6.653242669129076;1.663310667282269;2.71019841845058;11.855978618363228;0.1764002364265552;447457.6327714359;5163611.239829212;-1;39215;-1.688258829893895;24.85884713458095;35793.37346498776;166.0052523518639;33.58932796632132;38294.25904728925;161.5238930313537;22.47040491882981;-1.75;0;2;2;55;0.5931818159241234;-3;53.69066782823772;288.15;250;206.2533048757875;281.2533048757874;1;;;;0;10.265056719166466;5.422636708359764;5.422636708359764;0;0;28920.72911125207;0;188.4601355223669;188.1383991244978;1.59;1.65;0.2;59.04687471635242;3.481326619920908;4.450426750001473;6;0.75;0.23799568;38.21356206180025;-14.825358492993314;-13.85625836291275;-1;;;0;;;;;;;;;;0;;;;0.2465774843999362;237995.68;1;0;1;0.06884158569600926;0;0.2387491885534763;270074.7115789473;1;0;0.06101346246278432;0
4.75;1780344004.75;0;2072.745000299215;14.313685994000358;46.62401971450362;449.2826305782865;3.894264161997787;6.29927936931574;1.574819842328935;2.826130301060897;11.337591953196242;0.1839702005273894;447457.7620451535;5163612.897051808;-1;39215;-1.688258829893895;24.85884713458095;35793.37346498776;166.0052574244676;33.58931242871713;38294.26036813527;161.4175132035485;22.96742682893954;-1.75;0;2;2;55;0.5931823948007908;-3;53.69066562198598;288.15;250;206.2533466300703;281.2533466300703;1;;;;0;5.717554728743494;5.422638922571118;5.422638922571118;0;0;28920.7409203793;0;188.4601358219607;188.1383994240916;1.59;1.65;0.2;59.04687168747836;3.481324938190142;4.450425068270706;6;0.75;0.23799568;38.21355838818164;-14.825362142481878;-13.856262012401314;-1;;;0;;;;;;;;;;0;;;;0.2465774888058042;237995.68;1;0;1;0.06884158569600926;0;0.2391406035660927;268470.76;1;0;0.06140486862444558;0
5;1780344005;0;2073.995000001192;14.3136873945;46.62403384450002;448.7642272409357;3.723477714233047;5.285623258079398;1.321405814519849;3.102340816373426;12.14760866191719;0.2850469649426276;447457.8829341577;5163614.46622366;-1;39215;-1.688441275629717;24.85884350661683;35793.37387247617;166.0053069636798;33.5891020864903;38294.27857700632;161.4666370506928;22.2387168867709;-2.059;0;2;2;55;0.593182877264965;-3;53.6906637831869;288.15;250;206.2539118858075;281.2539118858075;1;;;;0;5.281025103053822;5.422668897946748;5.422668897946748;0;0;28920.90078904932;0;188.460139952089;188.1384035542199;1.59;1.65;0.2;58.7378371526904;3.307031173260825;4.276131303341389;6;0.75;0.23799568;37.90451512506374;-15.13244556604372;-14.163345435963154;-1;;;0;;;;;;;;;;0;;;;0.2465775495440602;237995.68;1;0;1;0.06884158569600926;0;0.2394947438507579;267019.5657142857;1;0;0.06175899800880574;0
5.25;1780344005.25;0;2075.244999995231;14.313688520499996;46.62404570299996;448.3145821898418;3.815096697406391;4.906925001831776;1.226731250457944;3.070346992443296;7.253751979269928;0.3117805902147209;447457.9806105503;5163615.783172992;-1;39215;-1.688441275629717;24.85884350661683;35793.37387247617;166.0053109086119;33.58908972498493;38294.27962645967;160.7241506308132;26.88109402346812;-0.4888;0;2;2;55;0.5931835109670258;-3;53.69066136797898;288.15;250;206.2539451051773;281.2539451051773;1;;;;0;5.265278686810178;5.422670659568364;5.422670659568364;0;0;28920.91018436461;0;188.4601401901255;188.1384037922564;1.59;1.65;0.2;60.30803458918018;4.136016424693636;5.1051165547742;7;0.8;0.25395136;39.47471204860108;-13.573809873928546;-12.604709743847982;-1;;;0;;;;;;;;;;0;;;;0.2422522589723693;253951.36;1;0;1;0.0645162916237188;0;0.2396200854471947;266425.5563636364;1;0;0.06188432953675634;0
5.5;1780344005.5;0;2076.495000597238;14.313689596000478;46.62405671050472;448.0771450561732;3.997893616756272;4.701893587843522;1.175473396960881;2.840160160119532;-4.799061456055896;0.2207233413694798;447458.0735974727;5163617.005594596;-1;39215;-1.688441275629717;24.85884350661683;35793.37387247617;166.0053146099331;33.58907825584572;38294.28060003424;158.0591984019498;38.1386047903025;2.288;0;2;2;55;0.5931841178748798;-3;53.6906590548898;288.15;250;206.2539759264816;281.2539759264816;1;;;;0;5.908151341806332;5.422672294021322;5.422672294021322;0;0;28920.91890144705;0;188.4601404109512;188.1384040130821;1.59;1.65;0.2;63.08483219388968;5.26039278849149;6.229492918572054;9;0.8888888888888888;0.28263216;42.25150917738756;-10.830950072859186;-9.861849942778622;-1;;;0;;;;;;;;;;0;;;;0.2357053113817095;282632.1600000001;1;0;1;0.05796934078556382;0;0.2394498778791302;267130.1913043479;1;0;0.06171411263453058;0
5.75;1780344005.75;0;2077.745000299215;14.313690670500268;46.62406725600264;448.0687862538817;3.880324261764139;4.637633903716174;1.159408475929043;2.835897061002095;-10.450294274974802;0.2042730481501972;447458.1660607558;5163618.17667932;-1;39215;-1.688441275629717;24.85884350661683;35793.37387247617;166.0053182134175;33.58906727582448;38294.28153194316;156.3117345251935;43.34848852314016;3.204;0;2;2;55;0.5931847228472688;-3;53.69065674917606;288.15;250;206.2540054333773;281.2540054333773;1;;;;0;5.897625533050416;5.422673858771802;5.422673858771802;0;0;28920.92724678295;0;188.4601406223263;188.1384042244572;1.59;1.65;0.2;64.00082987947372;5.541896686961846;6.51099681704241;10;0.9;0.2861779200000001;43.167506407345;-9.931724071526748;-8.962623941446184;-1;;;0;;;;;;;;;;0;;;;0.2349870712037256;286177.9200000001;1;0;1;0.05725109749906632;0;0.2392639276009883;267923.8466666666;1;0;0.0615281536705529;0
6;1780344006;0;2078.995000001192;14.313691696000002;46.62407765900002;448.0827386730293;4.450248127063405;5.482554501012814;1.370638625253204;1.765831017193378;-10.499509977523962;0.2179752015903245;447458.2546348466;5163619.331962246;-1;39215;-1.688623712406706;24.85883987935665;35793.3742799245;166.0053664820048;33.58886082396138;38294.29941030005;156.8767705521119;43.43335150794638;3.204;0;2;2;55;0.593185037192056;-3;53.69065555112244;288.15;250;206.2545602387118;281.2545602387118;1;;;;0;5.89829794681225;5.422703280199886;5.422703280199886;0;0;28921.08416106606;0;188.4601446774852;188.1384082796161;1.59;1.65;0.2;64.00079612318984;5.541887059927678;6.510987190008242;10;0.9;0.2861779200000001;43.16746408411973;-9.931765536916008;-8.962665406835444;-1;;;0;;;;;;;;;;0;;;;0.234987130839505;286177.9200000001;1;0;1;0.05725109749906632;0;0.239092855730529;268654.0096;1;0;0.06135707142369344;0
6.25;1780344006.25;0;2080.244999995231;14.313693093999994;46.62408994799996;448.1069420085676;4.598535668430154;5.668588077398984;1.417147019349746;0.7396473368889516;-10.789548869700622;0.1520684058854813;447458.3735510802;5163620.696566842;-1;39215;-1.688623712406706;24.85883987935665;35793.3742799245;166.0053708712762;33.58884805502032;38294.30049401453;157.7195051981262;43.73547601470495;3.24;0;2;2;55;0.5931857611110566;-3;53.69065279206874;288.15;250;206.254594553253;281.254594553253;1;;;;21.04387738672815;4.320360895955162;5.422705099912806;5.422705099912806;0;0;28921.09386620163;0;188.4601449232927;188.1384085254236;1.59;1.65;0.2;64.0367934135422;5.55212286410593;6.521222994186494;10;0.9;0.2861779200000001;43.20346084460994;-9.896501350115082;-8.927401220034518;-1;;;0;;;;;;;;;;0;;;;0.2349871344543874;286177.9200000001;1;0;1;0.05725109749906632;0;0.2389349433737543;269328.0061538461;1;0;0.06119914934966932;0
6.5;1780344006.5;0;2081.495000597238;14.313694594000716;46.62410265100586;448.123908473835;4.897311944622462;6.133907351874408;1.533476837968602;-0.2493364896106566;-10.526913400770982;-0.005408138587633744;447458.5006766749;5163622.107107212;-1;39215;-1.688623712406706;24.85883987935665;35793.3742799245;166.0053754799575;33.58883486587572;38294.30161339515;158.4647729443749;43.47986669925109;3.29;0;2;2;55;0.5931865147657142;-3;53.6906499196826;288.15;250;206.2546299970401;281.2546299970401;1;;;;22.66263718570724;5.232868250592048;5.422706979510866;5.422706979510866;0;0;28921.10389072461;0;188.4601451771899;188.1384087793208;1.59;1.65;0.2;64.08679060946066;5.56623902968849;6.535339159769054;10;0.9;0.2861779200000001;43.25345749322918;-9.847532106361134;-8.87843197628057;-1;;;0;;;;;;;;;;0;;;;0.2349871381882392;286177.9200000001;1;0;1;0.05725109749906632;0;0.2387887283668834;269952.077037037;1;0;0.06105292520705438;0
6.75;1780344006.75;0;2082.745000299215;14.31369631750045;46.62411639100354;448.1487706149609;4.993910426034692;6.23010646904519;1.557526617261297;-0.7030655801798882;-9.866892397100174;-0.09605448479229322;447458.6459158865;5163623.632727684;-1;39215;-1.688623712406706;24.85883987935665;35793.3742799245;166.0053805965294;33.58882061837934;38294.30282259082;159.0172592903286;42.85509463942349;3.134;0;2;2;55;0.5931873416052306;-3;53.69064676836672;288.15;250;206.2546682850006;281.2546682850006;1;;;;25.90015678366542;5.289110571679942;5.422709009937472;5.422709009937472;0;0;28921.11471966651;0;188.4601454514589;188.1384090535898;1.59;1.65;0.2;63.93078756905948;5.521805803682478;6.490905933763042;10;0.9;0.2861779200000001;43.09745386161115;-10.000367899370354;-9.03126776928979;-1;;;0;;;;;;;;;;0;;;;0.2349871422216818;286177.9200000001;1;0;1;0.05725109749906632;0;0.2386529574331262;270531.5714285714;1;0;0.06091714564605482;0
7;1780344007;0;2083.995000001192;14.313698093000002;46.62413034500002;448.1742998134077;4.60334187482799;7.05884961902804;1.76471240475701;-1.0334385144805372;-8.75340181951451;-0.2169988363354979;447458.7953430233;5163625.182092742;-1;39215;-1.688806147563396;24.85883625264999;35793.37468734914;166.0054305828497;33.58861054133623;38294.32100863983;160.0819870188325;41.8119081030603;2.964;0;2;2;55;0.5931879035422572;-3;53.69064462666688;288.15;250;206.2552328368042;281.2552328368043;1;;;;0;5.89625578459527;5.422738948466696;5.422738948466696;0;0;28921.27439182238;0;188.4601495764061;188.138413178537;1.59;1.65;0.2;63.7607530055819;5.472065423170908;6.441165553251472;10;0.9;0.2861779200000001;42.92741058071431;-10.167082940051164;-9.1979828099706;-1;;;0;;;;;;;;;;0;;;;0.2349872028838117;286177.9200000001;1;0;1;0.05725109749906632;0;0.2385265521038394;271071.1006896551;1;0;0.06079073019271038;0
7.25;1780344007.25;0;2085.244999995231;14.313699942999992;46.62414616449994;448.2473172256865;4.69343216834509;7.104525646045626;1.776131411511406;-2.398181678293304;-7.410294321714304;-0.4248339131591236;447458.9522784769;5163626.938700292;-1;39215;-1.688806147563396;24.85883625264999;35793.37468734914;166.0054362986957;33.58859411310294;38294.32240289763;161.7103841324123;40.54015533020745;2.764;0;2;2;55;0.593188844549598;-3;53.6906410402214;288.15;250;206.2552769854723;281.2552769854724;1;;;;0;5.98035069108886;5.422741289706408;5.422741289706408;0;0;28921.28687843418;0;188.4601498926506;188.1384134947815;1.59;1.65;0.2;63.56074951080576;5.41177899339893;6.380879123479494;9;0.8888888888888888;0.28263216;42.72740640422564;-10.363332577256604;-9.39423244717604;-1;;;0;;;;;;;;;;0;;;;0.2357054508210526;282632.1600000001;1;0;1;0.05796934078556382;0;0.2384325153944132;271456.4693333333;1;0;0.06069668387913884;0
7.5;1780344007.5;0;2086.495000597238;14.313701891001074;46.62416208150818;448.2444748967206;4.794158780548176;7.80894862100728;1.95223715525182;102.73279636672108;-5.827910424691508;-0.8416803418740596;447459.1168108346;5163628.706077508;-1;39215;-1.688806147563396;24.85883625264999;35793.37468734914;166.0054421626096;33.58857759941585;38294.32380445444;55.69875626232528;29.71306030003741;-0.1071;0;2;2;55;0.5931897943644716;-3;53.69063742020516;288.15;250;206.2553213638089;281.2553213638089;1;;;;0;5.954375649248278;5.4227436431269;5.4227436431269;0;0;28921.29943001013;0;188.4601502105507;188.1384138126816;1.59;1.65;0.2;60.68964599435516;4.316103227533564;5.285203357614128;8;0.8333333333333334;0.26474608;39.85630220251622;-13.195713219514474;-12.22661308943391;-1;;;0;;;;;;;;;;0;;;;0.2396218279947946;264746.08;1;0;1;0.06188571328421558;0;0.2384708803170062;271240.0051612903;1;0;0.06073503966639936;0
7.75;1780344007.75;0;2087.745000299215;14.31370399200048;46.62417957900426;448.2369013524756;4.255704438216805;7.428426195938696;1.857106548984674;317.6195411919092;-0.9008342247495986;-1.38514798477814;447459.294585284;5163630.648974346;-1;39215;-1.688806147563396;24.85883625264999;35793.37468734914;166.0054485560989;33.58855943866375;38294.32534580685;203.5034566647057;34.97201877755135;1.371;0;2;2;55;0.5931908336706644;-3;53.6906334591087;288.15;250;206.2553701684401;281.2553701684401;1;;;;0;5.91555167758304;5.422746231278982;5.422746231278982;0;0;28921.3132334879;0;188.4601505601591;188.13841416229;1.59;1.65;0.2;62.16774213183516;4.935807506414416;5.90490763649498;11;0.6;0.2847985600000001;41.3343975863898;-11.734417079819806;-10.765316949739242;-1;;;0;;;;;;;;;;0;;;;0.235264500613453;284798.5600000001;1;0;1;0.05752838076147576;0;0.2383706809512701;271663.71;1;0;0.0606348315756205;0
8;1780344008;0;2088.995000001192;14.313705793000002;46.62419623450002;448.2635384792771;3.821876338283449;7.802521713127214;1.950630428281803;353.054279281874;8.878788485660716;-1.995042195870985;447459.4485780092;5163632.49850927;-1;39215;-1.688988566419439;24.85883262679384;35793.37509471733;166.0054991349479;33.58834652095891;38294.34377297633;169.1279475644357;24.49424176878638;-0.5036;0;2;2;55;0.593191523450099;-3;53.69063083015798;288.15;250;206.2559423588218;281.2559423588218;1;;;;0;5.913924515934298;5.422776575148174;5.422776575148174;0;0;28921.47506745693;0;188.4601547397946;188.1384183419255;1.59;1.65;0.2;60.29310699457384;4.128801964656511;5.097902094737076;7;0.8;0.25395136;39.45975361378175;-13.588637461678148;-12.619537331597584;-1;;;0;;;;;;;;;;0;;;;0.2422524729421172;253951.36;1;0;1;0.0645162916237188;0;0.2384883110115988;271126.9721212121;1;0;0.06075245157707804;0
8.25;1780344008.25;0;2090.244999995232;14.313707493999992;46.62421373799994;448.2826470520349;3.752789055807799;7.063083031870518;1.76577075796763;352.6726064153628;12.01979738051771;-2.210966873036454;447459.5957354522;5163634.442339894;-1;39215;-1.688988566419439;24.85883262679384;35793.37509471733;166.0055050084299;33.58832828124362;38294.3453210363;169.8041482884359;21.36983022476263;-1.878;0;2;2;55;0.5931925213651044;-3;53.69062702681006;288.15;250;206.2559913760112;281.2559913760112;1;;;;0;5.903796819568584;5.422779174592118;5.422779174592118;0;0;28921.48893115797;0;188.4601550909242;188.1384186930551;1.59;1.65;0.2;58.91870315606748;3.409695013121872;4.378795143202435;6;0.75;0.23799568;38.08534901838854;-14.952741603516782;-13.983641473436216;-1;;;0;;;;;;;;;;0;;;;0.2465777721781799;237995.68;1;0;1;0.06884158569600926;0;0.2387262363400277;270152.5223529411;1;0;0.06099036728645838;0
8.5;1780344008.5;0;2091.495000597238;14.313708994000716;46.62422958450782;448.3043314300797;3.409882959273787;6.598938172400166;1.649734543100041;353.5654747435865;12.382440344902612;-1.999853426202866;447459.7259018633;5163636.202181866;-1;39215;-1.688988566419439;24.85883262679384;35793.37509471733;166.0055102738028;33.58831176095773;38294.34672316237;169.4319842317807;21.0529156651398;-1.878;0;2;2;55;0.5931934207976138;-3;53.6906235988053;288.15;250;206.256035772451;281.256035772451;1;;;;6.475039195916356;4.664167679154788;5.422781528993178;5.422781528993178;0;0;28921.50148796361;0;188.4601554089532;188.1384190110841;1.59;1.65;0.2;58.91869968333186;3.409693059677816;4.37879318975838;6;0.75;0.23799568;38.08534486011624;-14.952745735265114;-13.98364560518455;-1;;;0;;;;;;;;;;0;;;;0.246577776855169;237995.68;1;0;1;0.06884158569600926;0;0.2389505660690317;269233.7554285714;1;0;0.06121468781244554;0
8.75;1780344008.75;0;2092.745000299215;14.313710270500268;46.6242443950033;448.3228284262632;3.434290137519125;6.215495650908472;1.553873912727118;354.491459094878;12.666716482490158;-1.646376993979625;447459.837955391;5163637.84705257;-1;39215;-1.688988566419439;24.85883262679384;35793.37509471733;166.0055150314888;33.58829629797942;38294.34803555877;168.7468301760027;20.85083987986852;-1.996;0;2;2;55;0.5931942474984758;-3;53.6906204480003;288.15;250;206.2560773275146;281.2560773275146;1;;;;8.093798994895444;5.57819541541204;5.422783732713508;5.422783732713508;0;0;28921.51324113871;0;188.4601557066297;188.1384193087607;1.59;1.65;0.2;58.80069644634412;3.34292113395772;4.312021264038284;6;0.75;0.23799568;37.96734098146652;-15.070006984742514;-14.10090685466195;-1;;;0;;;;;;;;;;0;;;;0.2465777812328522;237995.68;1;0;1;0.06884158569600926;0;0.2391624331569156;268366.0311111111;1;0;0.06142654608698898;0
9;1780344009;0;2093.995000001192;14.313711495000002;46.62425834400002;448.3375066967233;3.055661972842666;5.540029938566746;1.385007484641687;355.4681942238253;13.339371306523694;-1.403628273294529;447459.945194448;5163639.396229402;-1;39215;-1.689170976313746;24.85882900163812;35793.3755020454;166.0055642903528;33.58808615335035;38294.3662274169;168.3719974406622;20.25121602158574;-2.347;0;2;2;55;0.5931947477712156;-3;53.69061854130978;288.15;250;206.2566420702255;281.2566420702255;1;;;;0;5.934908089879116;5.422813681881984;5.422813681881984;0;0;28921.67297003725;0;188.4601598328897;188.1384234350206;1.59;1.65;0.2;58.44966192577716;3.139653051502887;4.108753181583451;6;0.75;0.23799568;37.61629774057608;-15.418955965204522;-14.449855835123956;-1;;;0;;;;;;;;;;0;;;;0.2465778419143592;237995.68;1;0;1;0.06884158569600926;0;0.2393628496098195;267545.2108108108;1;0;0.06162695256290846;0
9.25;1780344009.25;0;2095.244999995231;14.313712446999996;46.62427078249996;448.3613887214799;2.888550586401833;4.732092866954264;1.183023216738566;355.3487235784748;14.775345138736902;-1.464031024122172;447460.0301104205;5163640.777743586;-1;39215;-1.689170976313746;24.85882900163812;35793.3755020454;166.005568129591;33.58807314507738;38294.36733147742;168.741231220049;18.82524281313116;-2.701;0;2;2;55;0.5931954295918156;-3;53.69061594268426;288.15;250;206.2566770287827;281.2566770287827;1;;;;0;5.933155042854196;5.42281553579445;5.42281553579445;0;0;28921.6828575704;0;188.4601600833116;188.1384236854425;1.59;1.65;0.2;58.09565921476386;2.927711607419252;3.896811737499816;5;0.6666666666666666;0.21156048;37.26229448976014;-15.771011035836778;-14.801910905756214;-1;;;0;;;;;;;;;;0;;;;0.2551798353741745;211560.48;1;0;1;0.07744357547307514;0;0.2397790860773025;266071.9284210526;1;0;0.06204317948159704;0
9.5;1780344009.5;0;2096.495000597238;14.313713246500418;46.62428140750508;448.3789743882662;3.087050976705189;4.135284221926751;1.0338210554816876;353.4352486898632;15.909383197243674;-1.939387022874055;447460.1015969888;5163641.957846406;-1;39215;-1.689170976313746;24.85882900163812;35793.3755020454;166.0055713912258;33.58806203088818;38294.36827478266;170.192912833733;17.5893452122434;-3.018;0;2;2;55;0.593196010260363;-3;53.69061372957884;288.15;250;206.2567068971723;281.2567068971723;1;;;;0;5.93761788946864;5.422817119767196;5.422817119767196;0;0;28921.69130542505;0;188.4601602972711;188.138423899402;1.59;1.65;0.2;57.77865690015642;2.732085783270524;3.701185913351088;5;0.6666666666666666;0.21156048;36.94529171394851;-16.08639837846576;-15.117298248385198;-1;;;0;;;;;;;;;;0;;;;0.2551798385207021;211560.48;1;0;1;0.07744357547307514;0;0.2401739771655948;264674.1989743589;1;0;0.06243806143009648;0
9.75;1780344009.75;0;2097.745000299215;14.31371397250015;46.624290691502;448.3923713904888;2.523828586933893;3.68427217607351;0.9210680440183774;351.1635052942547;16.65300748190314;-2.785076346995031;447460.16615917;5163642.988987266;-1;39215;-1.689170976313746;24.85882900163812;35793.3755020454;166.0055742769115;33.58805232442308;38294.36909860894;172.4716389070781;16.71866844292654;-3.297;0;2;2;55;0.593196520485819;-3;53.69061178495274;288.15;250;206.2567329824378;281.2567329824378;1;;;;0;5.9361831202757;5.422818503114748;5.422818503114748;0;0;28921.69868327866;0;188.4601604841306;188.1384240862615;1.59;1.65;0.2;57.4996548759537;2.555424247954681;3.524524378035245;5;0.6666666666666666;0.21156048;36.66628928695767;-16.36407292464725;-15.394972794566682;-1;;;0;;;;;;;;;;0;;;;0.2551798412686908;211560.48;1;0;1;0.07744357547307514;0;0.2405491237681722;263346.356;1;0;0.06281319928117096;0
10;1780344010;0;2098.995000001192;14.313714498;46.62429896700002;448.3868077340704;3.340284027189949;2.533877204505059;0.6334693011262648;346.3084579687321;17.11118505785373;-4.03818733771912;447460.2143960489;5163643.908198782;-1;39215;-1.689353377245335;24.85882537718447;35793.3759093334;166.0056214363526;33.58784807475255;38294.38679017955;175.6507511970935;16.24153269566231;-3.21;0;2;2;55;0.5931966798845266;-3;53.69061117743508;288.15;250;206.2572818871821;281.2572818871821;1;;;;0;5.909221834462984;5.422847612601904;5.422847612601904;0;0;28921.85393387683;0;188.4601644969136;188.1384280990445;1.59;1.65;0.2;57.58662161185132;2.610936864330607;3.580036994411171;5;0.6666666666666666;0.21156048;36.75324754710906;-16.27751946260679;-15.30841933252623;-1;;;0;;;;;;;;;;0;;;;0.2551799002814182;211560.48;1;0;1;0.07744357547307514;0;0.2409059719758123;262083.2858536585;1;0;0.06317003772487594;0
10.25;1780344010.25;0;2100.244999995231;14.313714949;46.62430465549998;448.4085389828742;2.210969870506526;1.927632556062529;0.4819081390156322;342.8028858697799;16.84405996380245;-5.402736404608378;447460.2544265849;5163644.539996344;-1;39215;-1.689353377245335;24.85882537718447;35793.3759093334;166.0056232124916;33.58784212850049;38294.38729485391;179.2356379022489;16.75058891118156;-2.071;0;2;2;55;0.5931969943415604;-3;53.69060997894206;288.15;250;206.2572978673142;281.2572978673142;1;;;;0;5.93095294331829;5.422848460062342;5.422848460062342;0;0;28921.85845366582;0;188.4601646113833;188.1384282135142;1.59;1.65;0.2;58.72562037011884;3.300030059703528;4.269130189784092;6;0.75;0.23799568;37.89224605862447;-15.144639650417098;-14.175539520336534;-1;;;0;;;;;;;;;;0;;;;0.2465779121877648;237995.68;1;0;1;0.06884158569600926;0;0.2410410181713351;261509.7714285714;1;0;0.0633050745813315;0
10.5;1780344010.5;0;2101.495000597238;14.313715199000118;46.62430898600168;448.4137492415818;2.808430586362805;1.094137309257538;0.2735343273143845;336.9962215401941;14.266540118380724;-5.870531428486328;447460.2777554195;5163645.02102901;-1;39215;-1.689353377245335;24.85882537718447;35793.3759093334;166.0056244430019;33.58783758485994;38294.38768049665;183.3855021521814;19.84813288074583;-1.49;0;2;2;55;0.5931972225089132;-3;53.69060910932552;288.15;250;206.257310078029;281.2573100780291;1;;;;0;5.903326181026102;5.422849107622666;5.422849107622666;0;0;28921.86190732088;0;188.4601646988543;188.1384283009852;1.59;1.65;0.2;59.30661943206516;3.62362331270232;4.592723442782884;6;0.75;0.23799568;38.47324493202297;-14.56743301386174;-13.598332883781176;-1;;;0;;;;;;;;;;0;;;;0.2465779134741305;237995.68;1;0;1;0.06884158569600926;0;0.2411697831783768;260962.9320930232;1;0;0.06343383065376586;0
10.75;1780344010.75;0;2102.745000299215;14.313715374500032;46.62431144300042;448.4251199658404;0.7161489482936274;0.4243911468536621;0.10609778671341552;333.5593363658971;9.579990592590506;-5.09676549812224;447460.2935681908;5163645.293930302;-1;39215;-1.689353377245335;24.85882537718447;35793.3759093334;166.0056251850131;33.58783501302831;38294.3878987745;188.3954852508187;25.03566858324913;-0.7977;0;2;2;55;0.593197356378358;-3;53.69060859910748;288.15;250;206.2573169896466;281.2573169896466;1;;;;0;5.914696844755156;5.422849474160572;5.422849474160572;0;0;28921.86386218972;0;188.4601647483639;188.1384283504947;1.59;1.65;0.2;59.99891889690128;3.984005785361471;4.953105915442036;7;0.8;0.25395136;39.16554429013547;-13.88036199644138;-12.911261866360816;-1;;;0;;;;;;;;;;0;;;;0.2422526201299366;253951.36;1;0;1;0.0645162916237188;0;0.2411943931090941;260803.5781818182;1;0;0.06345843203944662;0
11;1780344011;0;2103.995000001192;14.3137154;46.624312397;448.4287007375767;179.1000002145945;0.09762914656100704;0.02440728664025176;148.6233447594865;5.170604909907072;-3.450629512349851;447460.2964433591;5163645.399920406;-1;39215;-1.689535769213239;24.85882175343501;35793.37631658133;166.0056701601155;33.58763844074439;38294.4049387294;195.479984469399;29.63905224012094;1.605;0;2;2;55;0.593197123070218;-3;53.69060948831726;288.15;250;206.2578452655589;281.2578452655589;1;;;;0;5.918272990042908;5.422877489856872;5.422877489856872;0;0;28922.01327923666;0;188.4601686133462;188.1384322154772;1.59;1.65;0.2;62.40158722381918;5.022797083463222;5.991897213543786;11;0.6;0.2847985600000001;41.5682044598577;-11.503823849601738;-10.534723719521172;-1;;;0;;;;;;;;;;0;;;;0.2352647661068649;284798.5600000001;1;0;1;0.05752838076147576;0;0.2410626236201556;261336.8;1;0;0.06332665312215836;0
11.25;1780344011.25;0;2105.244999995231;14.3137154;46.6243121775;448.4286239629352;180;0.3440373171745786;0.08600932929364466;33669.05564341521;0.4775574147649782;-1.222452656715461;447460.2962309963;5163645.375529872;-1;39215;-1.689535769213239;24.85882175343501;35793.37631658133;166.0056701142566;33.58763867334644;38294.40491898648;156.3462525615909;32.66463326398474;1.73;0;2;2;55;0.5931971129132672;-3;53.69060952702854;288.15;250;206.2578446404533;281.2578446404533;1;;;;0;5.918196220875814;5.422877456705966;5.422877456705966;0;0;28922.01310243181;0;188.4601686088682;188.1384322109991;1.59;1.65;0.2;62.5265872704857;5.068096137104332;6.037196267184896;11;0.6;0.2847985600000001;41.6932045161766;-11.380613176439344;-10.41151304635878;-1;;;0;;;;;;;;;;0;;;;0.2352647660410097;284798.5600000001;1;0;1;0.05752838076147576;0;0.2409365832380003;261846.8382608695;1;0;0.0632006037230131;0
11.5;1780344011.5;0;2106.495000597238;14.3137154;46.62431140399952;448.4220264609184;185.4953373422598;0.4141520599817405;0.1035380149954351;69237.3147898462;-7.590771142137778;2.192649983930124;447460.2954826471;5163645.28957958;-1;39215;-1.689535769213239;24.85882175343501;35793.37631658133;166.0056699526537;33.58763949302544;38294.40484941751;228.3100582870432;37.32322206096869;2.962;0;2;2;55;0.5931970765814764;-3;53.69060966550026;288.15;250;206.2578424376097;281.2578424376097;1;;;;0;5.911598738150702;5.42287733988369;5.42287733988369;0;0;28922.01247937968;0;188.4601685930886;188.1384321952195;1.59;1.65;0.2;63.75858743541542;5.47142301706586;6.440523147146424;10;0.9;0.2861779200000001;42.92520471512077;-10.169246464501356;-9.200146334420792;-1;;;0;;;;;;;;;;0;;;;0.2349874825465431;286177.9200000001;1;0;1;0.05725109749906632;0;0.2408100066275438;262364.5208510638;1;0;0.06307401848420572;0
11.75;1780344011.75;0;2107.745000299215;14.31371525099994;46.6243104784998;448.4153274726688;226.0666915079974;0.3116870940122846;0.07792177350307114;83.05825653856016;-11.477430082917838;4.121296222791539;447460.2831803128;5163645.186838658;-1;39215;-1.689535769213239;24.85882175343501;35793.37631658133;166.0056695651449;33.58764044674413;38294.40476847817;225.2215661453309;39.57318391298268;3.046;0;2;2;55;0.5931970168409526;-3;53.69060989318992;288.15;250;206.2578398745417;281.2578398745417;1;;;;0;5.904899772347506;5.422877203957818;5.422877203957818;0;0;28922.0117544417;0;188.4601685747301;188.138432176861;1.59;1.65;0.2;63.8425876428567;5.49617658248323;6.465276712563794;10;0.9;0.2861779200000001;43.00920496213874;-10.086873568833636;-9.11777343875307;-1;;;0;;;;;;;;;;0;;;;0.2349874822765585;286177.9200000001;1;0;1;0.05725109749906632;0;0.2406887040368982;262860.6333333333;1;0;0.06295270763034864;0
12;1780344012;0;2108.995000001192;14.313714503499998;46.6243100015;448.4154536857548;305.7158617993029;0.6528939395246094;0.1632234848811524;-0.7362542032487866;-11.626221005865582;4.465331669973055;447460.2254928227;5163645.134333358;-1;39215;-1.689718152216506;24.85881813038619;35793.37672378914;166.005713230928;33.58744526022441;38294.42169085522;229.8333923151463;38.60205357751839;2.854;0;2;2;55;0.5931966321441788;-3;53.69061135938828;288.15;250;206.2583644294849;281.2583644294849;1;;;;0;5.905021391589344;5.42290502249949;5.42290502249949;0;0;28922.16011999728;0;188.4601724130419;188.1384360151728;1.59;1.65;0.2;63.6505563283046;5.43908916572007;6.408189295800634;9;0.8888888888888888;0.28263216;42.81716554786198;-10.27523745126092;-9.306137321180354;-1;;;0;;;;;;;;;;0;;;;0.2357057820100299;282632.1600000001;1;0;1;0.05796934078556382;0;0.2405870117506356;263264.133877551;1;0;0.06285100626616936;0
12.25;1780344012.25;0;2110.244999995231;14.31371283450001;46.6243109185;448.5920395961514;315.4340985664017;1.129242812278073;0.2823107030695182;-13.16276132892428;-11.102116930886112;4.180111568448784;447460.0986071614;5163645.237341612;-1;39215;-1.689718152216506;24.85881813038619;35793.37672378914;166.0057112477792;33.58744398546952;38294.42179901351;232.1219999658326;37.95406160008941;2.863;0;2;2;55;0.593196506239899;-3;53.69061183924832;288.15;250;206.2583678553415;281.2583678553416;1;;;;0;6.081607271983672;5.422905204182352;5.422905204182352;0;0;28922.16108897254;0;188.4601724375742;188.1384360397051;1.59;1.65;0.2;63.65955623411838;5.441804398579968;6.410904528660532;9;0.8888888888888888;0.28263216;42.82616540077672;-10.266406313192722;-9.297306183112158;-1;;;0;;;;;;;;;;0;;;;0.2357057823708072;282632.1600000001;1;0;1;0.05796934078556382;0;0.2404893871630391;263651.4944;1;0;0.06275337295655724;0
12.5;1780344012.5;0;2111.495000597238;14.313710261498628;46.62431274150102;448.6337878111683;317.4508842994243;1.639345552006469;0.4098363880016173;-17.03636934920954;-10.244230753140488;3.419919205689737;447459.9033908475;5163645.441626012;-1;39215;-1.689718152216506;24.85881813038619;35793.37672378914;166.0057082759879;33.58744158679371;38294.42200269841;233.0871906715742;37.69146706720789;2.893;0;2;2;55;0.5931963113916132;-3;53.69061258187514;288.15;250;206.2583743016945;281.2583743016945;1;;;;0;6.09445528406178;5.42290554605069;5.42290554605069;0;0;28922.16291227035;0;188.4601724837738;188.1384360859047;1.59;1.65;0.2;63.68955601942542;5.45082685676167;6.419926986842234;9;0.8888888888888888;0.28263216;42.85616508654488;-10.23697149764329;-9.267871367562726;-1;;;0;;;;;;;;;;0;;;;0.2357057830502268;282632.1600000001;1;0;1;0.05796934078556382;0;0.2403955910039643;264023.6643137255;1;0;0.06265956840418482;0
12.75;1780344012.75;0;2112.745000299215;14.313706641499014;46.62431546250074;448.6766825967699;318.9598805902097;2.01574348687137;0.5039358717178424;-19.49321810455639;-9.195635747543912;2.413622016061859;447459.6288888132;5163645.746392678;-1;39215;-1.689718152216506;24.85881813038619;35793.37672378914;166.0057041275555;33.5874380465641;38294.4223033234;232.897520785846;37.70825520060807;2.863;0;2;2;55;0.5931960431299652;-3;53.6906136043027;288.15;250;206.2583838159322;281.2583838159321;1;;;;0;6.137349986341634;5.422906050617686;5.422906050617686;0;0;28922.16560329433;0;188.4601725519611;188.138436154092;1.59;1.65;0.2;63.6595556853688;5.441804233144338;6.410904363224902;9;0.8888888888888888;0.28263216;42.82616460557773;-10.266407093469428;-9.297306963388864;-1;;;0;;;;;;;;;;0;;;;0.2357057840530039;282632.1600000001;1;0;1;0.05796934078556382;0;0.2403054024087535;264381.52;1;0;0.06256937171921134;0
13;1780344013;0;2113.995000001192;14.313702317499996;46.624318886;448.7170423915686;316.8899923790555;2.590261040103424;0.647565260025856;-17.66351432475103;-8.07962197889476;1.34596760429916;447459.3011707287;5163646.129689386;-1;39215;-1.689900526254139;24.85881450804127;35793.37713095689;166.005743944914;33.58723808740454;38294.4396309411;231.9207877552874;37.8402686075977;2.863;0;2;2;55;0.5931954492796804;-3;53.69061586764782;288.15;250;206.2589212005777;281.2589212005777;1;;;;0;6.177705074957714;5.42293454974407;5.42293454974407;0;0;28922.31759863504;0;188.4601764821873;188.1384400843182;1.59;1.65;0.2;63.6595237844204;5.44179461570271;6.410894745783274;9;0.8888888888888888;0.28263216;42.82612440681575;-10.266446537886442;-9.297346407805878;-1;;;0;;;;;;;;;;0;;;;0.2357058418517151;282632.1600000001;1;0;1;0.05796934078556382;0;0.2402186182473;264725.8716981132;1;0;0.06248257868272742;0
13.25;1780344013.25;0;2115.244999995231;14.313696550500024;46.62432315549998;449.3475845610361;316.9754493457651;2.843857749532606;0.7109644373831516;-17.25166613538668;-6.741929494828914;0.2547123718009245;447458.8638000903;5163646.60795441;-1;39215;-1.689900526254139;24.85881450804127;35793.37713095689;166.0057373224396;33.58723251599656;38294.4401036807;230.0391784847199;37.90009930554168;2.886;0;2;2;55;0.593195066882895;-3;53.69061732507836;288.15;250;206.2589361736289;281.2589361736289;1;;;;0;6.521381878923024;5.422935343812756;5.422935343812756;0;0;28922.32183366803;0;188.4601765894134;188.1384401915443;1.59;1.65;0.2;63.68252322337956;5.448715647780144;6.417815777860708;9;0.8888888888888888;0.28263216;42.8491236145747;-10.2438800402499;-9.274779910169336;-1;;;0;;;;;;;;;;0;;;;0.2357058434286046;282632.1600000001;1;0;1;0.05796934078556382;0;0.24013504834325;265057.4696296297;1;0;0.06239900020315032;0
13.5;1780344013.5;0;2116.495000597238;14.313690125996894;46.62432778300202;449.6314721145988;315.0727495679468;3.159424540214396;0.789856135053599;-14.551539568678792;-5.166135379488766;-0.6009891106451768;447458.3764397477;5163647.12643844;-1;39215;-1.689900526254139;24.85881450804127;35793.37713095689;166.005729918027;33.58722644636181;38294.44061896736;227.852649327975;37.57114767113661;2.995;0;2;2;55;0.5931945992103758;-3;53.69061910752008;288.15;250;206.2589524856579;281.2589524856579;1;;;;0;6.805269289632236;5.422936208891872;5.422936208891872;0;0;28922.32644742331;0;188.46017670629;188.1384403084209;1.59;1.65;0.2;63.79152265755522;5.481168775158332;6.450268905238898;10;0.9;0.2861779200000001;42.95812279687482;-10.136962435093258;-9.167862305012694;-1;;;0;;;;;;;;;;0;;;;0.2349876018609185;286177.9200000001;1;0;1;0.05725109749906632;0;0.2400414584072076;265441.4778181818;1;0;0.06230540197216696;0
13.75;1780344013.75;0;2117.745000299215;14.313682880998146;46.62433285250134;449.8472919247788;314.5877697353044;3.190961874435019;0.7977404686087546;-13.41802561941165;-2.934738212409678;-1.312644149044106;447457.8266928644;5163647.694583562;-1;39215;-1.689900526254139;24.85881450804127;35793.37713095689;166.0057215368439;33.5872197595733;38294.44118671921;225.6166963563619;36.58590192545417;2.957;0;2;2;55;0.5931940560152494;-3;53.6906211778005;288.15;250;206.2589704562797;281.2589704562797;1;;;;0;6.072968825246222;5.422937161931666;5.422937161931666;0;0;28922.33153030222;0;188.4601768350666;188.1384404371976;1.59;1.65;0.2;63.75352205906918;5.4699195172193;6.439019647299864;10;0.9;0.2861779200000001;42.92012192090283;-10.174231775774512;-9.205131645693948;-1;;;0;;;;;;;;;;0;;;;0.2349876037547347;286177.9200000001;1;0;1;0.05725109749906632;0;0.2399512110026992;265811.7714285715;1;0;0.0622151465351473;0
14;1780344014;0;2118.995000001192;14.313675429499992;46.6243378805;449.3175299095438;312.2292675195107;3.495153853612752;0.8737884634031882;-10.991967455079614;1.649085538603181;-1.759090702656459;447457.2610970513;5163648.25825489;-1;39215;-1.690082898662174;24.85881088625063;35793.37753810091;166.0057576129999;33.58701753519415;38294.4587071516;223.191505292485;33.62190683872822;2.252;0;2;2;55;0.5931931440568568;-3;53.6906246535469;288.15;250;206.2595139323762;281.2595139323762;1;;;;0;5.305683739956066;5.422965984313596;5.422965984313596;0;0;28922.48524967251;0;188.4601808090248;188.1384444111557;1.59;1.65;0.2;63.0484900741809;5.248364242952104;6.217464373032668;9;0.8888888888888888;0.28263216;42.21508154415983;-10.866779920102622;-9.897679790022058;-1;;;0;;;;;;;;;;0;;;;0.235705905483104;282632.1600000001;1;0;1;0.05796934078556382;0;0.2398767319584958;266106.8659649123;1;0;0.06214065871497918;0
14.25;1780344014.25;0;2120.244999995231;14.31366698100003;46.62434317999998;448.9226305760663;312.7035667181305;3.2664198420848;0.8166049605212;-11.951625813171188;6.19278034517781;-2.182370596237456;447456.6194371001;5163648.852759734;-1;39215;-1.690082898662174;24.85881088625063;35793.37753810091;166.0057477117173;33.58701038709821;38294.45931451704;221.7037553032794;30.58995750383864;0.9651;0;2;2;55;0.5931924271273284;-3;53.6906273859781;288.15;250;206.2595331428791;281.2595331428792;1;;;;0;4.910784238242344;5.422967003115264;5.422967003115264;0;0;28922.49068328141;0;188.4601809467865;188.1384445489174;1.59;1.65;0.2;61.7615895555337;4.777660748106816;5.74676087818738;11;0.6;0.2847985600000001;40.92818072888213;-12.135440877556916;-11.166340747476352;-1;;;0;;;;;;;;;;0;;;;0.235264947484969;284798.5600000001;1;0;1;0.05752838076147576;0;0.2397972184330902;266429.1365517242;1;0;0.06206113668129808;0
14.5;1780344014.5;0;2121.495000597238;14.313659082496118;46.62434813050234;448.6225537727363;310.9098848507066;3.161740204822016;0.7904350512055042;-10.664570774501838;6.903907717648614;-2.405964351392114;447456.0195453518;5163649.40811788;-1;39215;-1.690082898662174;24.85881088625063;35793.37753810091;166.0057384541723;33.58700370849537;38294.45988194509;221.8417721048362;30.2624862000354;0.8034;0;2;2;55;0.5931917625857948;-3;53.69062991874172;288.15;250;206.2595510916235;281.2595510916235;1;;;;0;5.838063234757272;5.422967955001584;5.422967955001584;0;0;28922.49576000844;0;188.4601810754896;188.1384446776205;1.59;1.65;0.2;61.59988906624542;4.712170006720664;5.681270136801228;11;0.6;0.2847985600000001;40.76647996244626;-12.295204308205304;-11.326104178124738;-1;;;0;;;;;;;;;;0;;;;0.2352649493777052;284798.5600000001;1;0;1;0.05752838076147576;0;0.2397204003135074;266740.4827118644;1;0;0.06198431030977566;0
14.75;1780344014.75;0;2122.745000299215;14.313651255498176;46.62435278200108;448.5872785185404;310.6041440837542;2.667429375043341;0.6668573437608354;-10.708017056041336;7.11100273449481;-2.430119067547222;447455.4248386443;5163649.930203552;-1;39215;-1.690082898662174;24.85881088625063;35793.37753810091;166.0057292273341;33.58699735938572;38294.46042122825;222.0929914425474;30.16414756964718;1.278;0;2;2;55;0.5931911146802928;-3;53.69063238809918;288.15;250;206.2595681548585;281.2595681548586;1;;;;0;5.907768299879934;5.422968859926354;5.422968859926354;0;0;28922.50058627389;0;188.460181197809;188.1384447999399;1.59;1.65;0.2;62.07448861549926;4.900293810300924;5.869393940381488;11;0.6;0.2847985600000001;41.24107924822568;-11.826499671134272;-10.857399541053708;-1;;;0;;;;;;;;;;0;;;;0.2352649511765602;284798.5600000001;1;0;1;0.05752838076147576;0;0.2396461428278916;267041.4506666667;1;0;0.061910044817304;0
15;1780344015;0;2123.995000001192;14.313644625499994;46.62435668500002;448.5790699607683;310.5805117586894;2.442269217397979;0.6105673043494948;-10.690640786305452;7.058735915208868;-2.251187827528364;447454.92104587;5163650.368319072;-1;39215;-1.690265254765303;24.85880726531075;35793.37794518844;166.0057661340408;33.58679649303295;38294.47782601237;222.1942059086886;30.0833188550347;1.278;0;2;2;55;0.5931902855093752;-3;53.69063554831032;288.15;250;206.2601079850229;281.2601079850229;1;;;;0;5.877063559471652;5.422997489160438;5.422997489160438;0;0;28922.65327552234;0;188.460185145534;188.1384487476649;1.59;1.65;0.2;62.07445677632488;4.900281604302918;5.869381734383484;11;0.6;0.2847985600000001;41.24103907351133;-11.826539319466834;-10.85743918938627;-1;;;0;;;;;;;;;;0;;;;0.2352650092326709;284798.5600000001;1;0;1;0.05752838076147576;0;0.2395743209656749;267332.5508196722;1;0;0.06183821425901172;0
15.25;1780344015.25;0;2125.244999995231;14.31363847100002;46.62436018999998;448.6085644398566;306.3056072821751;1.978835360334948;0.4947088400837372;-6.205357023840696;7.89517774896603;-2.004772335838566;447454.4532705322;5163650.76189257;-1;39215;-1.690265254765303;24.85880726531075;35793.37794518844;166.0057588469688;33.58679166221163;38294.47823630755;221.8110390251705;29.27320210403814;0.6668;0;2;2;55;0.5931897738838098;-3;53.69063749826284;288.15;250;206.2601209679413;281.2601209679413;1;;;;0;5.923586733456092;5.422998177696;5.422998177696;0;0;28922.656947712;0;188.4601852385965;188.1384488407274;1.59;1.65;0.2;61.46325644996362;4.655697724182776;5.62479785426334;11;0.6;0.2847985600000001;40.62983854668053;-12.430263285312848;-11.461163155232284;-1;;;0;;;;;;;;;;0;;;;0.2352650106012683;284798.5600000001;1;0;1;0.05752838076147576;0;0.2395048159597973;267614.2606451613;1;0;0.06176870081550308;0
15.5;1780344015.5;0;2126.495000597238;14.31363331999761;46.62436288800144;448.6102150182903;308.6243739627256;1.662194825136387;0.4155487062840967;-8.30655145109555;8.915510661257808;-1.696321816829104;447454.0615386181;5163651.065124578;-1;39215;-1.690265254765303;24.85880726531075;35793.37794518844;166.0057526988611;33.5867878686507;38294.47855853375;221.3941654436421;28.27950952738594;0.5406;0;2;2;55;0.5931893328216154;-3;53.69063917927738;288.15;250;206.2601311632053;281.2601311632053;1;;;;0;5.925237222605062;5.422998718391288;5.422998718391288;0;0;28922.6598314202;0;188.4601853116833;188.1384489138142;1.59;1.65;0.2;61.33705622863178;4.60260898762421;5.571709117704774;11;0.6;0.2847985600000001;40.50363816792333;-12.555045225569292;-11.585945095488728;-1;;;0;;;;;;;;;;0;;;;0.2352650116760992;284798.5600000001;1;0;1;0.05752838076147576;0;0.2394375174791037;267887.0273015874;1;0;0.06170139414797884;0
15.75;1780344015.75;0;2127.745000299215;14.313629064999102;46.62436521750046;448.9785999167362;305.2322457283443;1.216045408270227;0.3040113520675567;-4.8586004576302;9.622592091707016;-1.501359584944938;447453.7380450541;5163651.32681182;-1;39215;-1.690265254765303;24.85880726531075;35793.37794518844;166.0057476412623;33.5867846276873;38294.4788335738;221.192126305128;27.61270438703702;0.5406;0;2;2;55;0.5931890044750886;-3;53.6906404306998;288.15;250;206.2601398733544;281.2601398733543;1;;;;0;6.293622044772008;5.422999180325096;5.422999180325096;0;0;28922.66229506718;0;188.4601853740674;188.1384489761983;1.59;1.65;0.2;61.33705599647126;4.602608889138404;5.571709019218968;11;0.6;0.2847985600000001;40.50363780126918;-12.555045588161328;-11.585945458080764;-1;;;0;;;;;;;;;;0;;;;0.2352650125935341;284798.5600000001;1;0;1;0.05752838076147576;0;0.2393723220902667;268151.27;1;0;0.06163619081381472;0
16;1780344016;0;2128.995000001192;14.313625812499998;46.624366794;449.2217980550893;291.2891587891918;0.5655676494668244;0.1413919123667061;9.010385670092676;8.85831058358726;-1.209485497452042;447453.490570702;5163651.504158514;-1;39215;-1.69044760189991;24.85880364507161;35793.37835223589;166.0057884597527;33.58658684875695;38294.49597599337;221.6251285608821;28.00169906049553;0.5406;0;2;2;55;0.5931884603015864;-3;53.69064250469972;288.15;250;206.2606714095602;281.2606714095602;1;;;;0;6.459331397361326;5.423027369894594;5.423027369894594;0;0;28922.81263943783;0;188.4601892622815;188.1384528644124;1.59;1.65;0.2;61.33702440288408;4.602595486659462;5.571695616740026;11;0.6;0.2847985600000001;40.50359800022599;-12.555084948255956;-11.585984818175392;-1;;;0;;;;;;;;;;0;;;;0.2352650697744908;284798.5600000001;1;0;1;0.05752838076147576;0;0.2393091335931009;268407.3821538462;1;0;0.06157299373608644;0
16.25;1780344016.25;0;2130.244999995231;14.313624128500004;46.6243673225;449.3134724026661;295.9904687618227;0.2408821665887935;0.06022054164719838;4.219524699623907;5.679302983116606;-0.72888531668249;447453.3621610258;5163651.564007332;-1;39215;-1.69044760189991;24.85880364507161;35793.37835223589;166.0057863759153;33.58658598307953;38294.49604948711;223.041028587274;30.03706296361311;1.744;0;2;2;55;0.5931883075389452;-3;53.6906430869214;288.15;250;206.2606737360988;281.2606737360988;1;;;;0;6.551005724563596;5.423027493280988;5.423027493280988;0;0;28922.8132974986;0;188.4601892789512;188.1384528810821;1.59;1.65;0.2;62.54042439875346;5.073059583375864;6.042159713456428;11;0.6;0.2847985600000001;41.7069979601713;-11.367020314105866;-10.397920184025302;-1;;;0;;;;;;;;;;0;;;;0.2352650700196396;284798.5600000001;1;0;1;0.05752838076147576;0;0.2392478599025939;268655.7333333334;1;0;0.06151171172131962;0
16.5;1780344016.5;0;2131.495000597238;14.313623500999882;46.62436765049994;449.3465135453826;197.8604799271649;0.1556976914257445;0.03892442285643613;102.28892530847052;3.214545877872199;-0.3072762895318565;447453.3144392219;5163651.600872552;-1;39215;-1.69044760189991;24.85880364507161;35793.37835223589;166.005785626808;33.58658552161714;38294.49608866238;224.2729322347188;31.53307342700377;2.299;0;2;2;55;0.5931882565801664;-3;53.69064328113974;288.15;250;206.2606749762953;281.2606749762953;1;;;;0;6.584046856419094;5.42302755905397;5.42302755905397;0;0;28922.81364828784;0;188.4601892878369;188.1384528899678;1.59;1.65;0.2;63.09542436943708;5.263885931527038;6.232986061607602;9;0.8888888888888888;0.28263216;42.26199791170504;-10.8206343775302;-9.851534247449636;-1;;;0;;;;;;;;;;0;;;;0.2357060301744022;282632.1600000001;1;0;1;0.05796934078556382;0;0.2391949967723224;268864.3367164179;1;0;0.06145884051332326;0
16.75;1780344016.75;0;2132.745000299215;14.31362354900006;46.62436730199988;449.3457616020471;120.21331612101526;0.1900118126529151;0.04750295316322878;179.9620008924002;1.266944219708653;0.01779751578334541;447453.3177767313;5163651.56211571;-1;39215;-1.69044760189991;24.85880364507161;35793.37835223589;166.0057856165451;33.58658589962778;38294.49605657517;225.2480834308513;32.68646071680694;2.644;0;2;2;55;0.5931882456734622;-3;53.69064332270828;288.15;250;206.2606739603783;281.2606739603783;1;;;;0;6.583294921980496;5.423027505175502;5.423027505175502;0;0;28922.81336093601;0;188.4601892805589;188.1384528826898;1.59;1.65;0.2;63.4404244402981;5.374569188402826;6.34366931848339;9;0.8888888888888888;0.28263216;42.60699799825281;-10.481561136158258;-9.512461006077694;-1;;;0;;;;;;;;;;0;;;;0.2357060300673708;282632.1600000001;1;0;1;0.05796934078556382;0;0.239143688438426;269066.8047058824;1;0;0.06140752434085622;0
17;1780344017;0;2133.995000001192;14.313624097500002;46.6243671005;449.3164752834188;131.0173703497649;0.271668363503895;0.06791709087597376;169.2383018301661;-0.2023737574140313;0.2367985865506542;447453.3595729643;5163651.539359668;-1;39215;-1.690629940065032;24.85880002553519;35793.37875924325;166.0058310131673;33.5863907043491;38294.51297971183;225.9564179989174;33.55742660050664;2.724;0;2;2;55;0.5931880136637114;-3;53.69064420696296;288.15;250;206.2611985561964;281.2611985561964;1;;;;0;6.554004009245774;5.423055326847722;5.423055326847722;0;0;28922.96174318785;0;188.4601931190339;188.1384567211648;1.59;1.65;0.2;63.520392986589;5.399378301845194;6.368478431925758;9;0.8888888888888888;0.28263216;42.68695844426961;-10.403041647737958;-9.433941517657394;-1;;;0;;;;;;;;;;0;;;;0.2357060865168785;282632.1600000001;1;0;1;0.05796934078556382;0;0.2390938681207224;269263.4040579711;1;0;0.06135769559367808;0
17.25;1780344017.25;0;2135.244999995231;14.313624771499998;46.624366702;449.2807540374316;130.836642733725;0.3362183067547621;0.08405457668869052;169.4918548254321;-1.285428651377862;0.3264559834455799;447453.4107864173;5163651.494629582;-1;39215;-1.690629940065032;24.85880002553519;35793.37875924325;166.0058318081338;33.58639124895852;38294.5129334786;226.4557061606182;34.24319957457669;2.87;0;2;2;55;0.5931880662433718;-3;53.69064400656704;288.15;250;206.2611970925303;281.2611970925303;1;;;;0;6.51828277607649;5.423055249222692;5.423055249222692;0;0;28922.96132918769;0;188.4601931085474;188.1384567106783;1.59;1.65;0.2;63.66639302791618;5.443864404625894;6.412964534706458;9;0.8888888888888888;0.28263216;42.83295850819713;-10.259740779478292;-9.290640649397728;-1;;;0;;;;;;;;;;0;;;;0.235706086362661;282632.1600000001;1;0;1;0.05796934078556382;0;0.2390454712384644;269454.3862857143;1;0;0.06130929052499074;0
17.5;1780344017.5;0;2136.495000597238;14.313625597000356;46.62436620199976;449.2372533450672;122.19626692927718;0.2209699156761217;0.05524247891903042;178.1407957633159;-1.888931640185741;0.3343779672633858;447453.4734999887;5163651.438519934;-1;39215;-1.690629940065032;24.85880002553519;35793.37875924325;166.0058327792997;33.58639192862188;38294.51287578031;226.755073865927;34.65226487546035;2.924;0;2;2;55;0.5931881301088358;-3;53.69064376315772;288.15;250;206.2611952658999;281.2611952658999;1;;;;0;6.474782099708534;5.423055152347968;5.423055152347968;0;0;28922.9608125225;0;188.4601930954604;188.1384566975912;1.59;1.65;0.2;63.72039308105158;5.460055768470676;6.42915589855124;10;0.9;0.2861779200000001;42.8869585895375;-10.206761807084452;-9.237661677003886;-1;;;0;;;;;;;;;;0;;;;0.2349878428837027;286177.9200000001;1;0;1;0.05725109749906632;0;0.2389883215433269;269689.9290140845;1;0;0.06125213287673828;0
17.75;1780344017.75;0;2137.745000299215;14.31362619800012;46.62436592549998;449.2057534050685;110.00243836135692;0.1625370756637827;0.04063426891594568;190.2931819672576;-2.305166514079891;0.2999900589737773;447453.5192428528;5163651.40739501;-1;39215;-1.690629940065032;24.85880002553519;35793.37875924325;166.0058335046348;33.58639233069997;38294.51284164566;226.994245678594;34.96063341540593;2.924;0;2;2;55;0.5931881806682474;-3;53.69064357046152;288.15;250;206.2611941852943;281.2611941852943;1;;;;0;6.443282169173132;5.423055095038416;5.423055095038416;0;0;28922.96050687156;0;188.460193087718;188.1384566898489;1.59;1.65;0.2;63.72039310111664;5.460055774460808;6.429155904541372;10;0.9;0.2861779200000001;42.88695862628811;-10.206761771033026;-9.237661640952462;-1;;;0;;;;;;;;;;0;;;;0.2349878427698418;286177.9200000001;1;0;1;0.05725109749906632;0;0.2389327593381396;269918.9288888889;1;0;0.06119656294093728;0
18;1780344018;0;2138.995000001192;14.313626698;46.6243658005;449.1798026296537;125.97573003722254;0.0837927001666824;0.0209481750416706;174.2637469130021;-2.486721801447294;0.2666416290225376;447453.557400116;5163651.393171866;-1;39215;-1.690812269259682;24.85879640670318;35793.37916621048;166.005878850907;33.58619705514154;38294.52977160338;227.1295085609015;35.10661906066406;2.987;0;2;2;55;0.5931879471660258;-3;53.6906444604044;288.15;250;206.2617190000515;281.2617190000516;1;;;;0;6.41732679775214;5.423082928498832;5.423082928498832;0;0;28923.10895199377;0;188.4601969277384;188.1384605298693;1.59;1.65;0.2;63.7833616354018;5.478758721172868;6.447858851253432;10;0.9;0.2861779200000001;42.94991905693357;-10.145007717300282;-9.175907587219718;-1;;;0;;;;;;;;;;0;;;;0.2349878992421021;286177.9200000001;1;0;1;0.05725109749906632;0;0.2388787201587419;270141.6547945206;1;0;0.06114251546913084;0
18.25;1780344018.25;0;2140.244999995231;14.313626949;46.6243657245;449.1673098949887;40.72772205361359;0.07224000209231382;0.01806000052307845;259.4701192770497;-2.447545385490648;0.1686479389755414;447453.5765422476;5163651.384559522;-1;39215;-1.690812269259682;24.85879640670318;35793.37916621048;166.0058791620805;33.58619718123045;38294.52976089788;227.1046205588614;35.15034337022785;2.987;0;2;2;55;0.5931879701628332;-3;53.69064437275708;288.15;250;206.2617186611791;281.2617186611791;1;;;;0;6.404834066054832;5.42308291052673;5.42308291052673;0;0;28923.10885614256;0;188.4601969253102;188.1384605274411;1.59;1.65;0.2;63.78336163534;5.478758721154602;6.447858851235166;10;0.9;0.2861779200000001;42.94991906210427;-10.145007712229362;-9.175907582148798;-1;;;0;;;;;;;;;;0;;;;0.2349878992063924;286177.9200000001;1;0;1;0.05725109749906632;0;0.2388261414972236;270358.3610810812;1;0;0.06108992873980564;0
18.5;1780344018.5;0;2141.495000597238;14.3136271;46.62436584950006;449.1587801748839;133.6501612542452;0.05075495737478198;0.012688739343695494;166.5520683144991;-2.092100525742518;0.01349475224951402;447453.5882232223;5163651.398348694;-1;39215;-1.690812269259682;24.85879640670318;35793.37916621048;166.0058793849461;33.58619707617495;38294.52976981389;226.842699478206;35.02136508198569;2.924;0;2;2;55;0.5931879918091272;-3;53.69064429025694;288.15;250;206.2617189435229;281.2617189435229;1;;;;0;6.396304343477426;5.423082925500832;5.423082925500832;0;0;28923.10893600443;0;188.4601969273325;188.1384605294634;1.59;1.65;0.2;63.72036159908308;5.460046369955464;6.429146500036028;10;0.9;0.2861779200000001;42.8869190214877;-10.206800622356936;-9.237700492276372;-1;;;0;;;;;;;;;;0;;;;0.234987899236133;286177.9200000001;1;0;1;0.05725109749906632;0;0.2387749649337424;270569.2885333335;1;0;0.06103874432326244;0
18.75;1780344018.75;0;2142.745000299215;14.31362695099994;46.6243659;449.1660484163548;322.9308409400565;0.1927918785717404;0.0481979696429351;-22.70649743722677;-1.5460667746058;-0.1274312096915835;447453.5768651715;5163651.404059506;-1;39215;-1.690812269259682;24.85879640670318;35793.37916621048;166.0058792013504;33.58619699561972;38294.52977665334;226.4764635756123;34.74959053213464;2.924;0;2;2;55;0.5931879783912514;-3;53.69064434139626;288.15;250;206.2617191600206;281.2617191600206;1;;;;0;6.40357258305238;5.423082936982786;5.423082936982786;0;0;28923.10899724152;0;188.4601969288838;188.1384605310147;1.59;1.65;0.2;63.72036159798884;5.460046369628794;6.429146499709358;10;0.9;0.2861779200000001;42.8869190170505;-10.206800626709718;-9.237700496629154;-1;;;0;;;;;;;;;;0;;;;0.234987899258947;286177.9200000001;1;0;1;0.05725109749906632;0;0.238725135122232;270774.6652631581;1;0;0.06098890686504934;0
19;1780344019;0;2143.995000001192;14.313626701;46.624366298;449.1764589997234;306.2309574794222;0.2025799290978031;0.05064498227445078;-5.98026321364446;-0.8568650866322264;-0.2275990161375017;447453.558111171;5163651.44845137;-1;39215;-1.690994589482903;24.85879278857201;35793.37957313763;166.0059236765135;33.58600103932591;38294.54676440937;226.0614291740915;34.34568576073633;2.924;0;2;2;55;0.5931876897839618;-3;53.69064544135988;288.15;250;206.2622458075242;281.2622458075242;1;;;;0;6.413978554382482;5.423110867821958;5.423110867821958;0;0;28923.25796171711;0;188.4602007820122;188.1384643841432;1.59;1.65;0.2;63.72033007081874;5.460036957571362;6.429137087651926;10;0.9;0.2861779200000001;42.8868793579565;-10.206839531301046;-9.237739401220482;-1;;;0;;;;;;;;;;0;;;;0.2349879559240016;286177.9200000001;1;0;1;0.05725109749906632;0;0.2386766003274498;270974.7075324677;1;0;0.06094036388627036;0
19.25;1780344019.25;0;2145.244999995231;14.313626202;46.624366598;449.2014632027162;320.7509868867271;0.2348156194522941;0.05870390486307352;-20.49643948318977;-0.3394802314524656;-0.2728309262150983;447453.5201997876;5163651.482119608;-1;39215;-1.690994589482903;24.85879278857201;35793.37957313763;166.0059230889954;33.58600063085902;38294.5467990862;225.7860057834758;34.01829780800173;2.724;0;2;2;55;0.5931876509650028;-3;53.69064558930986;288.15;250;206.2622469053136;281.2622469053136;1;;;;0;6.4389827477616;5.42311092604359;5.42311092604359;0;0;28923.25827223248;0;188.4602007898776;188.1384643920085;1.59;1.65;0.2;63.52033003927216;5.399358897100766;6.36845902718133;9;0.8888888888888888;0.28263216;42.68687930945905;-10.40311934355275;-9.434019213472184;-1;;;0;;;;;;;;;;0;;;;0.2357061993261686;282632.1600000001;1;0;1;0.05796934078556382;0;0.2386385182633308;271124.1620512822;1;0;0.0609022738465177;0
19.5;1780344019.5;0;2146.495000597238;14.313625701999762;46.62436699900012;449.2267898880956;312.6389117832937;0.2495820528548945;0.06239551321372362;-12.399030190561566;0.0820437568074853;-0.3292008513164074;447453.4823095561;5163651.527011506;-1;39215;-1.690994589482903;24.85879278857201;35793.37957313763;166.0059225212739;33.58600011518174;38294.54684286296;225.5738982359854;33.76415559641166;2.724;0;2;2;55;0.5931876167333626;-3;53.69064571977624;288.15;250;206.2622482912399;281.2622482912399;1;;;;0;6.464309421003918;5.423110999546664;5.423110999546664;0;0;28923.25866424888;0;188.4602007998069;188.1384644019379;1.59;1.65;0.2;63.52032998629838;5.399358880770478;6.368459010851042;9;0.8888888888888888;0.28263216;42.68687923508532;-10.403119416574074;-9.43401928649351;-1;;;0;;;;;;;;;;0;;;;0.2357061994721921;282632.1600000001;1;0;1;0.05796934078556382;0;0.2386014003039493;271269.8329113926;1;0;0.06086514811156892;0
19.75;1780344019.75;0;2147.745000299215;14.31362512749985;46.62436739800012;449.2569332672909;309.4471871922586;0.2090233520336777;0.05225583800841942;-9.236141088642928;0.4094530256559728;-0.3730980685479028;447453.4387139601;5163651.57173082;-1;39215;-1.690994589482903;24.85879278857201;35793.37957313763;166.0059218560624;33.58599958810207;38294.54688760771;225.4287351754104;33.56620237841268;2.724;0;2;2;55;0.593187574635195;-3;53.69064588022418;288.15;250;206.2622497078112;281.2622497078112;1;;;;0;6.494452787793876;5.423111074675004;5.423111074675004;0;0;28923.25906493336;0;188.4602008099558;188.1384644120868;1.59;1.65;0.2;63.52032993847928;5.39935886602923;6.368458996109794;9;0.8888888888888888;0.28263216;42.68687916539307;-10.403119484999044;-9.43401935491848;-1;;;0;;;;;;;;;;0;;;;0.2357061996214446;282632.1600000001;1;0;1;0.05796934078556382;0;0.238565210295418;271411.8620000002;1;0;0.06082895051999386;0
20;1780344020;0;2148.995000001192;14.313624602;46.624367699;449.285006487474;290.082706792314;0.1885505585739591;0.04713763964348978;10.11179787745733;0.650420681310303;-0.4306301643766901;447453.3987748088;5163651.60552783;-1;39215;-1.691176900733723;24.85878917114351;35793.37998002463;166.0059659488665;33.58580369419062;38294.56387007734;225.3067351101033;33.4378500743385;2.724;0;2;2;55;0.5931872527920364;-3;53.69064710685866;288.15;250;206.2627761909138;281.2627761909138;1;;;;0;6.522521397396248;5.42313899697602;5.42313899697602;0;0;28923.40798387211;0;188.4602046618835;188.1384682640144;1.59;1.65;0.2;63.5202984506206;5.399349159206352;6.368449289286916;9;0.8888888888888888;0.28263216;42.6868395481643;-10.40315838183362;-9.434058251753056;-1;;;0;;;;;;;;;;0;;;;0.2357062562688658;282632.1600000001;1;0;1;0.05796934078556382;0;0.2385299145666951;271550.3841975311;1;0;0.06079364669611202;0
20.25;1780344020.25;0;2150.244999995231;14.313624077500002;46.6243679225;449.3131888153403;316.8178656599734;0.2587932395139697;0.06469830987849242;-16.67938532083621;0.8156409970716478;-0.4765890668794716;447453.3588372134;5163651.630712494;-1;39215;-1.691176900733723;24.85878917114351;35793.37998002463;166.0059653121421;33.58580336215997;38294.56389826534;225.2652126509662;33.35509046375644;2.724;0;2;2;55;0.593187207904337;-3;53.69064727793824;288.15;250;206.2627770832798;281.2627770832798;1;;;;0;6.625075055338414;5.42313904430326;5.42313904430326;0;0;28923.40823628405;0;188.460204668277;188.138468270408;1.59;1.65;0.2;63.52029843684002;5.399349154958176;6.36844928503874;9;0.8888888888888888;0.28263216;42.68683952060479;-10.403158408891996;-9.434058278811432;-1;;;0;;;;;;;;;;0;;;;0.2357062563628908;282632.1600000001;1;0;1;0.05796934078556382;0;0.2384954797105512;271685.5278048782;1;0;0.06075920394110534;0
20.5;1780344020.5;0;2151.495000597238;14.31362350199976;46.62436834950006;449.342644542794;280.1012195681404;0.154375302101165;0.03859382552529124;19.70736898628888;0.9230463165427682;-0.4801453950511824;447453.3151921306;5163651.678543802;-1;39215;-1.691176900733723;24.85878917114351;35793.37998002463;166.0059646514779;33.58580280522885;38294.56394554454;225.5430111785211;33.28771334749593;2.644;0;2;2;55;0.5931871669311592;-3;53.69064743409848;288.15;250;206.2627785800885;281.2627785800886;1;;;;0;6.65453076968413;5.423139123687538;5.423139123687538;0;0;28923.40865966686;0;188.4602046790008;188.1384682811317;1.59;1.65;0.2;63.44029838318914;5.374529831931936;6.3436299620125;9;0.8888888888888888;0.28263216;42.60683944384184;-10.481716859083164;-9.5126167290026;-1;;;0;;;;;;;;;;0;;;;0.2357062565205973;282632.1600000001;1;0;1;0.05796934078556382;0;0.2384618746118771;271817.4149397592;1;0;0.06072559113200244;0
20.75;1780344020.75;0;2152.745000299215;14.31362300199988;46.62436839999998;449.369302933389;322.9308417418658;0.1994762685639505;0.04986906714098764;-24.29246533541868;0.9121212432764508;-0.4583933153158446;447453.2769627819;5163651.684488612;-1;39215;-1.691176900733723;24.85878917114351;35793.37998002463;166.0059640105357;33.58580266097082;38294.56395779414;226.7240237391317;33.29975313929779;2.816;0;2;2;55;0.5931871166069874;-3;53.69064762589796;288.15;250;206.2627789677966;281.2627789677967;1;;;;0;6.681189156883876;5.4231391442499;5.4231391442499;0;0;28923.4087693328;0;188.4602046817792;188.1384682839101;1.59;1.65;0.2;63.61229840462588;5.427503005243864;6.396603135324428;9;0.8888888888888888;0.28263216;42.77883945929199;-10.31284889280534;-9.343748762724776;-1;;;0;;;;;;;;;;0;;;;0.2357062565614575;282632.1600000001;1;0;1;0.05796934078556382;0;0.2384290696350863;271946.1619047621;1;0;0.06069277862787816;0
21;1780344021;0;2153.995000001192;14.313622700999998;46.624368798;449.3828663721743;306.2309578246311;0.08882578969820494;0.02220644742455123;-9.5024759543721;0.8522497913057498;-0.4171565196909771;447453.2543044107;5163651.728914478;-1;39215;-1.691359203011171;24.85878555441978;35793.38038687156;166.0060084130002;33.58560671461378;38294.58094472281;228.6746602951682;33.34091804704556;2.975;0;2;2;55;0.5931868226918402;-3;53.69064874609054;288.15;250;206.2633055951018;281.2633055951018;1;;;;0;6.694747983843514;5.423167074379316;5.423167074379316;0;0;28923.55773002302;0;188.4602085347166;188.1384721368475;1.59;1.65;0.2;63.77126688307908;5.475181113866324;6.44428124394689;10;0.9;0.2861779200000001;42.93779980616378;-10.156893417540678;-9.187793287460114;-1;;;0;;;;;;;;;;0;;;;0.2349880699372549;286177.9200000001;1;0;1;0.05725109749906632;0;0.2383885872857001;272113.5943529413;1;0;0.06065228826165686;0
21.25;1780344021.25;0;2155.244999995231;14.313622451;46.6243689;449.3951776597613;270;0.07636631315125332;0.01909157828781333;23.59591868262111;0.7173515571877094;-0.3615904754046707;447453.2352639965;5163651.740415238;-1;39215;-1.691359203011171;24.85878555441978;35793.38038687156;166.0060081085634;33.58560656115521;38294.58095775164;231.8904133989449;33.43095841975034;2.857;0;2;2;55;0.5931868009908192;-3;53.69064882879918;288.15;250;206.2633060075398;281.2633060075398;1;;;;0;6.707059267818636;5.423167096253388;5.423167096253388;0;0;28923.55784668474;0;188.4602085376717;188.1384721398027;1.59;1.65;0.2;63.65326687755894;5.439907340277988;6.409007470358552;9;0.8888888888888888;0.28263216;42.8197997942753;-10.272652551978104;-9.30355242189754;-1;;;0;;;;;;;;;;0;;;;0.2357063132672119;282632.1600000001;1;0;1;0.05796934078556382;0;0.238357398052927;272235.9032558141;1;0;0.06062109119798136;0
21.5;1780344021.5;0;2156.495000597238;14.31362220099988;46.6243689;449.4079267195386;270;0.05360909848661102;0.013402274621652754;19.36518844708793;0.5546142181007694;-0.3357963253031702;447453.2161248753;5163651.7405819;-1;39215;-1.691359203011171;24.85878555441978;35793.38038687156;166.0060077828181;33.58560651578409;38294.58096160559;236.2125044057444;33.55867924097668;3.092;0;2;2;55;0.5931867746103054;-3;53.69064892934266;288.15;250;206.26330612948;281.26330612948;1;;;;0;6.719808326528096;5.423167102720614;5.423167102720614;0;0;28923.55788117661;0;188.4602085385459;188.1384721406768;1.59;1.65;0.2;63.88826689369044;5.509496198720784;6.478596328801348;10;0.9;0.2861779200000001;43.05479980852397;-10.042175047056282;-9.073074916975718;-1;;;0;;;;;;;;;;0;;;;0.2349880699935698;286177.9200000001;1;0;1;0.05725109749906632;0;0.2383186701441987;272396.1563218393;1;0;0.06058235563822372;0
21.75;1780344021.75;0;2157.745000299215;14.31362202549997;46.6243689;449.4167610981597;68.84991921193214;0.007789351074940248;0.001947337768735062;215.4322890351732;0.3861936203168541;-0.3025609538256188;447453.2026892265;5163651.740698898;-1;39215;-1.691359203011171;24.85878555441978;35793.38038687156;166.0060075541451;33.58560648393374;38294.58096431113;241.4031414834165;33.66776263719074;3.456;0;2;2;55;0.5931867560815804;-3;53.69064899996078;288.15;250;206.2633062150816;281.2633062150816;1;;;;0;6.728642704399534;5.42316710726058;5.42316710726058;0;0;28923.55790538976;0;188.4602085391596;188.1384721412904;1.59;1.65;0.2;64.25226690502328;5.612133013910188;6.581233143990752;10;0.9;0.2861779200000001;43.41879981853495;-9.685671150351392;-8.71657102027083;-1;;;0;;;;;;;;;;0;;;;0.2349880700025946;286177.9200000001;1;0;1;0.05725109749906632;0;0.2382808224153168;272552.7672727275;1;0;0.06054450043209692;0
22;1780344022;0;2158.995000001192;14.313622;46.6243689;449.4180364582846;179.1000002145945;0.05537507568048194;0.013843768920120486;99.9531581301545;0.2333108293081899;-0.2251512222434092;447453.2007370395;5163651.740715898;-1;39215;-1.691541503648379;24.85878193825256;35793.38079369474;166.0060522311114;33.58541101106208;38294.59791106743;246.7516870523194;33.7007214324669;2.864;0;2;2;55;0.5931864729857428;-3;53.69065007891766;288.15;250;206.2638315730686;281.2638315730686;1;;;;0;6.729913463832362;5.423194970249806;5.423194970249806;0;0;28923.70650799897;0;188.4602123829834;188.1384759851143;1.59;1.65;0.2;63.66023545010324;5.44200915568835;6.411109285768914;9;0.8888888888888888;0.28263216;42.82676025164813;-10.265822625725662;-9.296722495645098;-1;;;0;;;;;;;;;;0;;;;0.2357063698173863;282632.1600000001;1;0;1;0.05796934078556382;0;0.2382518959816322;272666.0188764047;1;0;0.060515566054046;0
22.25;1780344022.25;0;2160.244999995231;14.313622000000002;46.6243687755;449.4188018328546;135.9000008584037;0.03358086667471284;0.008395216668678212;138.2241534561575;-0.604795193389295;-0.11510268008420504;447453.2006165713;5163651.72688163;-1;39215;-1.691541503648379;24.85878193825256;35793.38079369474;166.0060522051029;33.58541114299206;38294.59789986853;252.2418469823984;33.88119196097399;1.966;0;2;2;55;0.5931864672955116;-3;53.69065010060472;288.15;250;206.263831218489;281.263831218489;1;;;;0;6.730678841507484;5.423194951444196;5.423194951444196;0;0;28923.70640770238;0;188.4602123804433;188.1384759825741;1.59;1.65;0.2;62.76223547651206;5.151247006570216;6.12034713665078;11;0.6;0.2847985600000001;41.92876028353186;-11.148570486983636;-10.17947035690307;-1;;;0;;;;;;;;;;0;;;;0.2352654097559428;284798.5600000001;1;0;1;0.05752838076147576;0;0.2382187128013468;272800.8248888891;1;0;0.06048237510635078;0
22.5;1780344022.5;0;2161.495000597238;14.313622;46.6243687;449.4192543670196;95.48280115669246;0.10197990186347488;0.02549497546586872;175.3507497133982;-6.370571012939106;0.3461618414325653;447453.2005435162;5163651.718492176;-1;39215;-1.691541503648379;24.85878193825256;35793.38079369474;166.0060521893307;33.58541122299779;38294.59789307723;259.4592253844343;34.64867104077612;1.265;0;2;2;55;0.5931864638430326;-3;53.69065011376306;288.15;250;206.2638310034628;281.2638310034628;1;;;;0;6.731131377555586;5.42319494003999;5.42319494003999;0;0;28923.70634687994;0;188.4602123789029;188.1384759810338;1.59;1.65;0.2;62.06123549252854;4.895208268064946;5.86430839814551;11;0.6;0.2847985600000001;41.22776030286861;-11.839644370496136;-10.870544240415572;-1;;;0;;;;;;;;;;0;;;;0.2352654097332894;284798.5600000001;1;0;1;0.05752838076147576;0;0.238186258921478;272932.6681318683;1;0;0.06044991363003348;0
22.75;1780344022.75;0;2162.745000299215;14.31362192549997;46.6243684764999;449.4241866223728;250.3380736082304;0.313578615515065;0.07839465387876624;18.48137938301717;-11.668261982088672;0.3262928977546255;447453.194623795;5163651.693706822;-1;39215;-1.691541503648379;24.85878193825256;35793.38079369474;166.006052045569;33.5854114463158;38294.59787412178;265.1602366508016;35.06308814021838;1.666;0;2;2;55;0.5931864457437842;-3;53.69065018274432;288.15;250;206.2638304032657;281.2638304032658;1;;;;0;6.736063638164752;5.423194908207716;5.423194908207716;0;0;28923.70617710782;0;188.4602123746035;188.1384759767343;1.59;1.65;0.2;62.46223554476462;5.044879394567642;6.013979524648206;11;0.6;0.2847985600000001;41.62876036437217;-11.444128467917806;-10.47502833783724;-1;;;0;;;;;;;;;;0;;;;0.2352654096700608;284798.5600000001;1;0;1;0.05752838076147576;0;0.2381545105600496;273061.6452173915;1;0;0.06041815783798394;0
23;1780344023;0;2163.995000001192;14.313620904999998;46.6243684;449.4717358750538;270.0000007556611;0.8675209037119948;0.2168802259279987;-1.907416246988482;-12.330333028377846;0.09469178225425728;447453.1164239204;5163651.685886576;-1;39215;-1.691723787975825;24.85877832293275;35793.38120046144;166.0060954051722;33.58521589140165;38294.61482784912;266.3321116176546;35.19206305356917;1.804;0;2;2;55;0.5931860537610044;-3;53.69065167669914;288.15;250;206.2643559849651;281.2643559849651;1;;;;0;6.783608288212292;5.423222783240274;5.423222783240274;0;0;28923.85484394812;0;188.4602162200067;188.1384798221376;1.59;1.65;0.2;62.60020417310696;5.094386503136904;6.063486633217468;11;0.6;0.2847985600000001;41.7667208773085;-11.308173156273346;-10.339073026192782;-1;;;0;;;;;;;;;;0;;;;0.2352654662216081;284798.5600000001;1;0;1;0.05752838076147576;0;0.2381234455671631;273187.8486021507;1;0;0.06038708496619354;0
23.25;1780344023.25;0;2165.244999995231;14.313618065000014;46.6243684;450.0105161922003;270.0000012111789;1.387423366817374;0.3468558417043436;-1.533266921181712;-12.613676999009908;0.01856393694958868;447452.8990036131;5163651.687779872;-1;39215;-1.691723787975825;24.85877832293275;35793.38120046144;166.0060917047273;33.58521537549854;38294.61487141202;266.1600889134919;35.36723119414566;1.89;0;2;2;55;0.5931857877164972;-3;53.6906526906681;288.15;250;206.2643573715325;281.2643573715325;1;;;;0;7.322388593216374;5.42322285677924;5.42322285677924;0;0;28923.85523615594;0;188.4602162298876;188.1384798320185;1.59;1.65;0.2;62.68620432640794;5.124737377161736;6.0938375072423;11;0.6;0.2847985600000001;41.85272100919977;-11.223455132934054;-10.25435500285349;-1;;;0;;;;;;;;;;0;;;;0.2352654663669183;284798.5600000001;1;0;1;0.05752838076147576;0;0.238093041533118;273311.3668085108;1;0;0.06035667321933484;0
23.5;1780344023.5;0;2166.495000597238;14.313613522997252;46.6243684;449.99918869301;270.0000017793451;1.892966914289847;0.4732417285724618;-0.4728157499474716;-12.42162801251302;-0.03431475345049596;447452.5512840196;5163651.69080783;-1;39215;-1.691723787975825;24.85877832293275;35793.38120046144;166.0060857866181;33.58521455150422;38294.61494156498;264.9725946201102;35.63424571550244;1.565;0;2;2;55;0.5931852876979486;-3;53.69065459637602;288.15;250;206.2643595861415;281.2643595861415;1;;;;0;6.046687295335404;5.42322297423481;5.42322297423481;0;0;28923.85586258566;0;188.4602162457995;188.1384798479304;1.59;1.65;0.2;62.36120463794612;5.007984699164774;5.977084829245338;11;0.6;0.2847985600000001;41.5277212865426;-11.543738303557242;-10.574638173476678;-1;;;0;;;;;;;;;;0;;;;0.2352654666009234;284798.5600000001;1;0;1;0.05752838076147576;0;0.2380632775864633;273432.2846315791;1;0;0.06032690171977844;0
23.75;1780344023.75;0;2167.745000299215;14.313607325998444;46.62436839999998;450.0488180317549;270.0000023436592;2.502216964285749;0.6255542410714374;0.7723826892788316;-12.035493555994744;-0.0225128340563367;447452.0768638085;5163651.694939132;-1;39215;-1.691723787975825;24.85877832293275;35793.38120046144;166.0060777120931;33.58521342718464;38294.61503724401;263.4606741685306;35.84593963694441;1.43;0;2;2;55;0.5931846110428902;-3;53.69065717529294;288.15;250;206.26436260792;281.26436260792;1;;;;0;6.096316607618008;5.423223134499998;5.423223134499998;0;0;28923.85671733332;0;188.4602162675012;188.138479869632;1.59;1.65;0.2;62.22620505805166;4.957831595453922;5.926931725534486;11;0.6;0.2847985600000001;41.39272165998949;-11.676878759713234;-10.707778629632668;-1;;;0;;;;;;;;;;0;;;;0.2352654669200742;284798.5600000001;1;0;1;0.05752838076147576;0;0.2380341337253551;273550.6833333334;1;0;0.06029775045979612;0
24;1780344024;0;2168.995000001192;14.313599134499992;46.6243684;450.0688013344377;270.0000026159994;2.898405667253758;0.7246014168134394;1.637014985815305;-11.639837014387846;0.05017316230564166;447451.4497517926;5163651.700400144;-1;39215;-1.691906063326995;24.85877470831576;35793.38160718802;166.0061117410099;33.58501649989063;38294.63210780903;262.3211606919409;35.90068337771778;1.328;0;2;2;55;0.5931834323485384;-3;53.69066166761512;288.15;250;206.2648918813813;281.2648918813813;1;;;;0;5.69017833199655;5.423251205513896;5.423251205513896;0;0;28924.00642940745;0;188.4602201394035;188.1384837415344;1.59;1.65;0.2;62.12417416390938;4.919274298234512;5.888374428315076;11;0.6;0.2847985600000001;41.29068259345289;-11.77754992410565;-10.808449794025086;-1;;;0;;;;;;;;;;0;;;;0.23526552386135;284798.5600000001;1;0;1;0.05752838076147576;0;0.2380055913556231;273666.6408247423;1;0;0.06026920025672066;0
24.25;1780344024.25;0;2170.244999995231;14.313589646000044;46.6243684;449.3026556638273;270.5949746039812;3.679769215685995;0.9199423039214988;1.0264605079150772;-11.16776434825589;0.09309875522260442;447450.7233459502;5163651.706725922;-1;39215;-1.691906063326995;24.85877470831576;35793.38160718802;166.0060993777807;33.58501477944831;38294.63225477339;262.0024934553627;35.79072477438312;1.328;0;2;2;55;0.5931823243903754;-3;53.6906658903387;288.15;250;206.2648965053584;281.2648965053584;1;;;;0;4.924032620893286;5.423251450756022;5.423251450756022;0;0;28924.00773736545;0;188.4602201727376;188.1384837748685;1.59;1.65;0.2;62.12417487116588;4.919274567460472;5.888374697541036;11;0.6;0.2847985600000001;41.29068322931173;-11.77754929667251;-10.808449166591946;-1;;;0;;;;;;;;;;0;;;;0.2352655243515703;284798.5600000001;1;0;1;0.05752838076147576;0;0.2379776314882348;273780.2318367348;1;0;0.06024123271085082;0
24.5;1780344024.5;0;2171.495000597238;14.313577601493848;46.62436854850018;448.6547761614718;271.2263714328821;3.910685741175446;0.9776714352938614;-0.10229340098427824;-10.134917815794842;0.03973316228195909;447449.8014050523;5163651.731256984;-1;39215;-1.691906063326995;24.85877470831576;35793.38160718802;166.006083715175;33.5850124377841;38294.63245450481;261.7588806098741;35.60658593298627;1.266;0;2;2;55;0.5931809525561094;-3;53.69067111875914;-NAN;250;-NAN;-NAN;0;46.62427455512048;14.313612866424724;455.8184183302108;12.140698492343164;-0.6803304490861138;;5.423251450756022;;;;;188.4602202180402;188.1384838201711;1.59;1.65;0.2;;;;;;;;;;;;;0;;;;;;;;;;0;;;;;;;;;;;0.2379776314882348;273780.2318367348;0.98989898989899;0;0.06024123271085082;0
24.75;1780344024.75;0;2172.745000299215;14.313564800996948;46.6243687;448.812966405538;271.0187132514021;4.503424631708757;1.125856157927189;-0.463398946669025;-9.024210901220528;-0.07900301083986914;447448.8215910984;5163651.756625518;-1;39215;-1.691906063326995;24.85877470831576;35793.38160718802;166.006067068164;33.58500995478245;38294.63266573593;261.5327709131829;35.46905456541679;1.266;0;2;2;55;0.5931795666198088;-3;53.69067640092024;-NAN;250;-NAN;-NAN;0;46.6242747066287;14.313600065990682;455.9766081067508;12.140698492343164;-0.5221406725460724;;5.423251450756022;;;;;188.4602202659511;188.138483868082;1.59;1.65;0.2;;;;;;;;;;;;;0;;;;;;;;;;0;;;;;;;;;;;0.2379776314882348;273780.2318367348;0.98;0;0.06024123271085082;0
25;1780344025;0;2173.995000001192;14.313550060999984;46.624368899;449.1900544249645;270.0068412332696;4.625366511745986;1.156341627936497;0.12255354452275454;-7.73304698370523;-0.2631629202131134;447447.6933418846;5163651.788565462;-1;39215;-1.692088329700931;24.85877109440388;35793.38201387448;166.0060926032305;33.58481163776829;38294.64985433104;261.0376458569405;35.39408850137591;1.266;0;2;2;55;0.5931777081170252;-3;53.69068348414494;-NAN;250;-NAN;-NAN;0;46.62427490540656;14.313585326039558;456.3536587848586;12.140698492343164;-0.7483919963913764;;5.423251450756022;;;;;188.4602241646229;188.1384877667538;1.59;1.65;0.2;;;;;;;;;;;;;0;;;;;;;;;;0;;;;;;;;;;;0.2379776314882348;273780.2318367348;0.9702970297029702;0;0.06024123271085082;0
25.25;1780344025.25;0;2175.244999995231;14.313534919000066;46.6243689245;448.9995025242569;270.4564176913987;5.148420796544866;1.287105199136217;-0.6473666737028412;-6.730918099847398;-0.3067630231784838;447446.5341488612;5163651.801494596;-1;39215;-1.692088329700931;24.85877109440388;35793.38201387448;166.006072879047;33.58480886392946;38294.65009058434;260.6602049210967;35.23818821953896;1.243;0;2;2;55;0.5931760293057996;-3;53.69068988251046;-NAN;250;-NAN;-NAN;0;46.62426318153176;14.313574592246824;457.058556841562;13.759458291322252;-0.6042544377348804;;5.423251450756022;;;;;188.4602242182093;188.1384878203402;1.59;1.65;0.2;;;;;;;;;;;;;0;;;;;;;;;;0;;;;;;;;;;;0.2379776314882348;273780.2318367348;0.9607843137254902;0;0.06024123271085082;0
25.5;1780344025.5;0;2176.495000597238;14.313518064992236;46.624369;450.1285456745039;270.0000050799689;5.396192806380484;1.349048201595121;-0.5890212552668076;-5.79998230992333;-0.3915638005669931;447445.2439389842;5163651.82112135;-1;39215;-1.692088329700931;24.85877109440388;35793.38201387448;166.0060509346222;33.58480572486555;38294.65035704588;260.4110939280574;35.12629815687643;1.243;0;2;2;55;0.5931742773736786;-3;53.69069655954858;288.15;250;206.2654583764436;281.2654583764436;1;;;;16.18759798979089;1.973190079911206;5.423281250846468;5.423281250846468;0;0;28924.16667118117;0;188.4602242786474;188.1384878807782;1.59;1.65;0.2;62.03914812513924;4.886711550945274;5.855811681025838;11;0.6;0.2847985600000001;41.20564780757502;-11.861468739712124;-10.892368609631558;-1;;;0;;;;;;;;;;0;;;;0.2352655847342518;284798.5600000001;1;0;1;0.05752838076147576;0;0.2379502370765784;273891.5280808081;0.9611650485436894;0;0.06021383016590762;0
25.75;1780344025.75;0;2177.745000299215;14.313500399495542;46.624369;453.739761930588;271.2026494584999;5.873149715395282;1.46828742884882;-2.049651231038006;-2.749554252920265;-0.4266448148729488;447443.8915313406;5163651.832899998;-1;39215;-1.692088329700931;24.85877109440388;35793.38201387448;166.0060279170853;33.58480251548884;38294.6506278764;258.5998906390012;34.58640013152945;1.326;0;2;2;55;0.593172644749085;-3;53.69070278186828;288.15;250;206.2654670022386;281.2654670022386;1;;;;9.712558793874532;5.241190609743286;5.423281708336402;5.423281708336402;0;0;28924.16911112748;0;188.4602243400764;188.1384879422073;1.59;1.65;0.2;62.12214905886462;4.91850330552105;5.887603435601614;11;0.6;0.2847985600000001;41.28864860811183;-11.77955696356008;-10.810456833479516;-1;;;0;;;;;;;;;;0;;;;0.2352655856376452;284798.5600000001;1;0;1;0.05752838076147576;0;0.2379233905621891;274000.5984;0.9615384615384616;0;0.06018697567186332;0
26;1780344026;0;2178.995000001192;14.313481177499982;46.6243692985;456.3013581130846;270.008076570233;5.468283564356586;1.367070891089147;-1.219433832402114;5.957584120668878;-0.441544506193339;447442.4202525669;5163651.878885684;-1;39215;-1.692270587096648;24.85876748119305;35793.38242052083;166.0060476302223;33.58460328682696;38294.66789262655;253.4149222636896;32.49963599927697;1.698;0;2;2;55;0.5931704849759508;-3;53.69071101326352;288.15;250;206.2660024679064;281.2660024679065;1;;;;0;6.393520062826498;5.423310108149732;5.423310108149732;0;0;28924.32057679857;0;188.4602282560197;188.1384918581506;1.59;1.65;0.2;62.49411866478198;5.056409635928508;6.025509766009074;11;0.6;0.2847985600000001;41.66060994605494;-11.41273624970037;-10.443636119619806;-1;;;0;;;;;;;;;;0;;;;0.2352656432266527;284798.5600000001;1;0;1;0.05752838076147576;0;0.2378970762321343;274107.5089108912;0.961904761904762;0;0.0601606529499783;0
26.25;1780344026.25;0;2180.244999995231;14.313463276000072;46.6243693;455.7709395228038;269.5211383999129;5.441347676792388;1.360336919198097;-1.431677508254621;10.558900047239858;-0.556728551156715;447441.0497788164;5163651.89098903;-1;39215;-1.692270587096648;24.85876748119305;35793.38242052083;166.0060243055623;33.58460003820804;38294.6681695286;251.3781531539286;31.31450557471362;1.557;0;2;2;55;0.5931684728339424;-3;53.69071868198944;288.15;250;206.2660111992275;281.2660111992275;1;;;;0;5.170138749600198;5.423310571239576;5.423310571239576;0;0;28924.32304661107;0;188.4602283188259;188.1384919209568;1.59;1.65;0.2;62.35311992919782;5.005008733801488;5.974108863882052;11;0.6;0.2847985600000001;41.51961107565308;-11.551735206978748;-10.582635076898184;-1;;;0;;;;;;;;;;0;;;;0.2352656441502986;284798.5600000001;1;0;1;0.05752838076147576;0;0.2378712778783908;274212.3231372549;0.9622641509433962;0;0.06013484635989494;0
26.5;1780344026.5;0;2181.495000597238;14.313445463992356;46.62436915149982;452.4961442069754;269.0129536623033;4.956170087226542;1.239042521806636;-1.446377949421779;10.594362314259402;-0.6132845605100878;447439.6860110873;5163651.88636518;-1;39215;-1.692270587096648;24.85876748119305;35793.38242052083;166.0060010661744;33.58459696819298;38294.6684330748;251.8456316688298;31.44971094693418;1.753;0;2;2;55;0.593166229225987;-3;53.69072723286946;288.15;250;206.2660194505155;281.2660194505155;1;;;;0;2.651416359561324;5.423311008869574;5.423311008869574;0;0;28924.32538063773;0;188.4602283786026;188.1384919807336;1.59;1.65;0.2;62.54912142804346;5.076174062201344;6.04527419228191;11;0.6;0.2847985600000001;41.7156124470931;-11.35853141627032;-10.389431286189756;-1;;;0;;;;;;;;;;0;;;;0.2352656450293941;284798.5600000001;1;0;1;0.05752838076147576;0;0.2378459804720899;274315.1021359224;0.9626168224299066;0;0.06010954086864816;0
26.75;1780344026.75;0;2182.745000299215;14.313429240496082;46.624369;449.3841603430799;270.0000041969829;4.363720567094106;1.090930141773526;-3.001459173766033;10.503173053049476;-0.6206151559589996;447438.4438512419;5163651.88034904;-1;39215;-1.692270587096648;24.85876748119305;35793.38242052083;166.0059798959314;33.58459418933733;38294.66867172825;252.4388263811268;31.58546755561472;1.644;0;2;2;55;0.5931641739441928;-3;53.69073506598372;288.15;250;206.266026919254;281.2660269192541;1;;;;17.80635778876997;1.386371922462502;5.423311404994932;5.423311404994932;0;0;28924.3274933063;0;188.4602284327334;188.1384920348643;1.59;1.65;0.2;62.4401228064699;5.036850763172956;6.00595089325352;11;0.6;0.2847985600000001;41.60661371019691;-11.465959036850914;-10.49685890677035;-1;;;0;;;;;;;;;;0;;;;0.2352656458254563;284798.5600000001;1;0;1;0.05752838076147576;0;0.2378211695620261;274415.9046153846;0.962962962962963;0;0.0600847220214638;0
27;1780344027;0;2183.995000001192;14.313414954999988;46.624369;449.0279439400344;269.2522113724418;4.156090747929771;1.0390226869824426;-3.213599026673377;10.456888407878698;-0.6996082952335786;447437.3502044326;5163651.889875232;-1;39215;-1.692452835513186;24.85876386868531;35793.38282712704;166.0060059759634;33.58439618584747;38294.68583419547;253.3699170778941;31.84446875069097;1.538;0;2;2;55;0.5931622935990968;-3;53.69074223236578;-NAN;250;-NAN;-NAN;0;46.62425150716786;14.313459037046758;457.9823516072084;15.37821809030134;-0.6893708049009888;;5.423311404994932;;;;;188.4602323254753;188.1384959276062;1.59;1.65;0.2;;;;;;;;;;;;;0;;;;;;;;;;0;;;;;;;;;;;0.2378211695620261;274415.9046153846;0.9541284403669726;0;0.0600847220214638;0
27.25;1780344027.25;0;2185.244999995232;14.313401350000048;46.6243689;449.0402255519704;269.7476900972463;3.531094022624794;0.8827735056561986;-5.209262016143192;11.318370384446824;-0.973177611746257;447436.3085571981;5163651.887835982;-1;39215;-1.692452835513186;24.85876386868531;35793.38282712704;166.00598822833;33.58439382357558;38294.68603531275;254.2546748016787;32.145163584382;1.431;0;2;2;55;0.5931607951835882;-3;53.6907479431278;-NAN;250;-NAN;-NAN;0;46.62425140717946;14.31344543213015;457.9946326631476;15.37821809030134;-1.506313381774362;;5.423311404994932;;;;;188.4602323710922;188.138495973223;1.59;1.65;0.2;;;;;;;;;;;;;0;;;;;;;;;;0;;;;;;;;;;;0.2378211695620261;274415.9046153846;0.9454545454545454;0;0.0600847220214638;0
27.5;1780344027.5;0;2186.495000597238;14.313389790495162;46.62436885049994;449.0400857894271;269.4799289948136;3.024645385502351;0.7561613463755878;-6.878891640065314;12.620945444455618;-1.471673385485983;447435.4235546721;5163651.890044298;-1;39215;-1.692452835513186;24.85876386868531;35793.38282712704;166.0059731564409;33.5843917788974;38294.6862093884;255.2541817322577;32.68195751425565;1.466;0;2;2;55;0.593159522790017;-3;53.69075279246946;-NAN;250;-NAN;-NAN;0;46.62425135768912;14.313433872696088;457.9944924193582;15.37821809030134;-2.10627662361054;;5.423311404994932;;;;;188.4602324105755;188.1384960127064;1.59;1.65;0.2;;;;;;;;;;;;;0;;;;;;;;;;0;;;;;;;;;;;0.2378211695620261;274415.9046153846;0.936936936936937;0;0.0600847220214638;0
27.75;1780344027.75;0;2187.745000299215;14.313379888997666;46.6243688;449.0342837417371;268.9286230302165;2.370821606732548;0.592705401683137;-8.298578432608694;13.63191694464193;-2.030870180512944;447434.6654823314;5163651.891035932;-1;39215;-1.692452835513186;24.85876386868531;35793.38282712704;166.0059602446575;33.58439003608086;38294.68635777069;256.4430773123638;33.42546946211003;1.461;0;2;2;55;0.5931584320399608;-3;53.69075694952804;-NAN;250;-NAN;-NAN;0;46.62425130719762;14.31342397125926;457.9886899614696;15.37821809030134;-2.964587626421064;;5.423311404994932;;;;;188.4602324442311;188.138496046362;1.59;1.65;0.2;;;;;;;;;;;;;0;;;;;;;;;;0;;;;;;;;;;;0.2378211695620261;274415.9046153846;0.9285714285714286;0;0.0600847220214638;0
28;1780344028;0;2188.995000001192;14.313372128999994;46.6243687005;449.0301303082732;265.2150053750298;1.849082413324402;0.4622706033311004;-6.191731560005772;14.511437367665246;-2.523925048286713;447434.0713081748;5163651.885154686;-1;39215;-1.692635074949591;24.85876025688293;35793.38323369314;166.005994803428;33.58419333108123;38294.70340950405;257.3698309252074;34.10095553052585;1.356;0;2;2;55;0.5931572941570012;-3;53.69076128621532;-NAN;250;-NAN;-NAN;0;46.62425120741452;14.313416211275874;457.9844902304354;15.37821809030135;-2.122992679720824;;5.423311404994932;;;;;188.4602363118549;188.1384999139859;1.59;1.65;0.2;;;;;;;;;;;;;0;;;;;;;;;;0;;;;;;;;;;;0.2378211695620261;274415.9046153846;0.920353982300885;0;0.0600847220214638;0
28.25;1780344028.25;0;2190.244999995232;14.313366091500016;46.6243684;449.0198187515597;270.0000011084657;1.108838768609352;0.2772096921523381;-11.421072815250988;13.954058394483976;-2.484670573278628;447433.6088077544;5163651.855789928;-1;39215;-1.692635074949591;24.85876025688293;35793.38323369314;166.0059868740685;33.58419255420297;38294.703475725;258.1479592424789;34.29141293315932;1.275;0;2;2;55;0.593156616014968;-3;53.69076387074102;-NAN;250;-NAN;-NAN;0;46.62425090692008;14.313410173812696;457.9741784908714;15.37821809030134;-2.133304419284912;;5.423311404994932;;;;;188.460236326875;188.1384999290059;1.59;1.65;0.2;;;;;;;;;;;;;0;;;;;;;;;;0;;;;;;;;;;;0.2378211695620261;274415.9046153846;0.912280701754386;0;0.0600847220214638;0
28.5;1780344028.5;0;2191.495000597238;14.313362461498628;46.6243684;449.0175274438177;264.8938509037865;0.537876234922912;0.134469058730728;-6.630367735215364;11.056621023835754;-1.933517508512176;447433.330907746;5163651.858210782;-1;39215;-1.692635074949591;24.85876025688293;35793.38323369314;166.0059821443429;33.58419189564915;38294.70353178907;260.3562844089745;34.35933037930426;1.243;0;2;2;55;0.5931562169756712;-3;53.6907653915535;-NAN;250;-NAN;-NAN;0;46.62425090692312;14.31340654383355;457.9718870281288;15.37821809030134;-2.135595882027474;;5.423311404994932;;;;;188.4602363395912;188.1384999417222;1.59;1.65;0.2;;;;;;;;;;;;;0;;;;;;;;;;0;;;;;;;;;;;0.2378211695620261;274415.9046153846;0.9043478260869566;0;0.0600847220214638;0
28.75;1780344028.75;0;2192.745000299215;14.31336070399976;46.62436832549998;449.0163570634056;133.2695117479613;0.03387610084826449;0.008469025212066122;124.64530629858764;6.714992859986576;-1.098689301940766;447433.1962877621;5163651.851104526;-1;39215;-1.692635074949591;24.85876025688293;35793.38323369314;166.0059798388396;33.5841916557506;38294.70355223186;263.5972647741392;34.19331801914861;1.368;0;2;2;55;0.5931560203279128;-3;53.69076614101426;-NAN;250;-NAN;-NAN;0;46.62425083242468;14.3134047863454;457.9707165912524;15.37821809030134;-0.9405382915601308;;5.423311404994932;;;;;188.460236344228;188.1384999463589;1.59;1.65;0.2;;;;;;;;;;;;;0;;;;;;;;;;0;;;;;;;;;;;0.2378211695620261;274415.9046153846;0.896551724137931;0;0.0600847220214638;0
29;1780344029;0;2193.995000001192;14.3133605995;46.6243683;449.016284590946;89.99999962283282;0.2888172596572579;0.07220431491431446;167.7446006874651;2.690039950820617;-0.2422548712906834;447433.1882629496;5163651.848340694;-1;39215;-1.692817312736435;24.85875664563759;35793.38364023544;166.0060243865716;33.58399626294707;38294.72049225891;266.4710104542867;33.7023746780471;1.685;0;2;2;55;0.5931557273589896;-3;53.69076725757246;-NAN;250;-NAN;-NAN;0;46.62425080663506;14.313404681813058;457.970598129963;15.37821809030134;-0.940656752849577;;5.423311404994932;;;;;188.4602401865132;188.1385037886441;1.59;1.65;0.2;;;;;;;;;;;;;0;;;;;;;;;;0;;;;;;;;;;;0.2378211695620261;274415.9046153846;0.8888888888888888;0;0.0600847220214638;0
29.25;1780344029.25;0;2195.244999995232;14.313361544999996;46.6243683;449.0168949655819;89.99999968146692;0.3969521109642815;0.09923802774107036;167.8594044647395;-0.10088226462474668;0.3696217945672424;447433.2606470688;5163651.847710136;-1;39215;-1.692817312736435;24.85875664563759;35793.38364023544;166.0060256185114;33.58399643447882;38294.720477656;268.2211595220372;33.21775733352669;1.629;0;2;2;55;0.593155831294492;-3;53.69076686145526;-NAN;250;-NAN;-NAN;0;46.62425080663424;14.313405627307262;457.971208544972;15.37821809030134;-0.9400463378405562;;5.423311404994932;;;;;188.4602401832011;188.138503785332;1.59;1.65;0.2;;;;;;;;;;;;;0;;;;;;;;;;0;;;;;;;;;;;0.2378211695620261;274415.9046153846;0.8813559322033898;0;0.0600847220214638;0
29.5;1780344029.5;0;2196.495000597238;14.313362844500656;46.6243683;449.0177636750042;89.9999996250212;0.3972572657229258;0.09931431643073144;168.1692691111021;-1.842611471313549;0.6804711579118944;447433.3601322227;5163651.846843494;-1;39215;-1.692817312736435;24.85875664563759;35793.38364023544;166.0060273116967;33.58399667023299;38294.72045758566;269.0683756039694;32.95349938969828;1.649;0;2;2;55;0.5931559741511684;-3;53.6907663170023;-NAN;250;-NAN;-NAN;0;46.6242508066332;14.313406926799968;457.9720773098826;15.37821809030134;-2.135405600273771;;5.423311404994932;;;;;188.4602401786488;188.1385037807797;1.59;1.65;0.2;;;;;;;;;;;;;0;;;;;;;;;;0;;;;;;;;;;;0.2378211695620261;274415.9046153846;0.8739495798319328;0;0.0600847220214638;0
29.75;1780344029.75;0;2197.745000299215;14.3133641450003;46.6243683;449.018636858275;89.99999973465628;0.3818312954249903;0.09545782385624758;168.3762135485014;-2.944377299271668;0.8198484839282586;447433.4596938551;5163651.845976192;-1;39215;-1.692817312736435;24.85875664563759;35793.38364023544;166.0060290061836;33.58399690616838;38294.72043749989;269.5913194139005;32.83568922501994;1.649;0;2;2;55;0.5931561171177986;-3;53.69076577213022;-NAN;250;-NAN;-NAN;0;46.62425080663206;14.313408227291622;457.9729505486848;15.37821809030134;-2.134532361471486;;5.423311404994932;;;;;188.460240174093;188.1385037762239;1.59;1.65;0.2;;;;;;;;;;;;;0;;;;;;;;;;0;;;;;;;;;;;0.2378211695620261;274415.9046153846;0.8666666666666668;0;0.0600847220214638;0
30;1780344030;0;2198.995000001192;14.313365395000002;46.6243683;449.0194443472342;89.99999962150612;0.2455304173144572;0.0613826043286143;168.4173676831353;-3.515497622623495;0.8542320398897126;447433.5553893907;5163651.845142564;-1;39215;-1.692999534209277;24.8587530352398;35793.38404672127;166.006075319146;33.58380174953809;38294.73735741148;269.9273980456867;32.80582822584038;1.649;0;2;2;55;0.5931559742525544;-3;53.6907663166159;-NAN;250;-NAN;-NAN;0;46.62425080634134;14.31340947725049;457.973712104298;15.37821809030134;-2.133770805858376;;5.423311404994932;;;;;188.460244011814;188.1385076139449;1.59;1.65;0.2;;;;;;;;;;;;;0;;;;;;;;;;0;;;;;;;;;;;0.2378211695620261;274415.9046153846;0.859504132231405;0;0.0600847220214638;0
30.25;1780344030.25;0;2200.244999995232;14.313366197999998;46.6243683245;449.0199244597107;74.89815872968236;0.11249980931966668;0.02812495232991667;183.3527625529338;-3.581494965344648;0.8089666973197702;447433.6168879317;5163651.847329452;-1;39215;-1.692999534209277;24.8587530352398;35793.38404672127;166.0060763705304;33.58380186925486;38294.73734721322;270.1354893767973;32.84075677821409;1.647;0;2;2;55;0.5931560636541694;-3;53.69076597588994;-NAN;250;-NAN;-NAN;0;46.62425083084058;14.313410280245564;457.9741922449516;15.37821809030134;-2.133290665204641;;5.423311404994932;;;;;188.4602440095008;188.1385076116317;1.59;1.65;0.2;;;;;;;;;;;;;0;;;;;;;;;;0;;;;;;;;;;;0.2378211695620261;274415.9046153846;0.8524590163934426;0;0.0600847220214638;0
30.5;1780344030.5;0;2201.495000597238;14.31336654950006;46.6243684;449.0201331199864;179.1001075028301;0.0300883498719799;0.007522087467994976;78.96172790190978;-3.202339643481965;0.6324508520689614;447433.6438706097;5163651.85548449;-1;39215;-1.692999534209277;24.8587530352398;35793.38404672127;166.0060768442878;33.58380185301746;38294.73734857563;270.0726277155899;33.00677790344105;1.647;0;2;2;55;0.5931561057840676;-3;53.69076581532516;-NAN;250;-NAN;-NAN;0;46.62425090634018;14.313410631743558;457.9744009014052;15.37821809030134;-2.133082008751103;;5.423311404994932;;;;;188.4602440098098;188.1385076119407;1.59;1.65;0.2;;;;;;;;;;;;;0;;;;;;;;;;0;;;;;;;;;;;0.2378211695620261;274415.9046153846;0.845528455284553;0;0.0600847220214638;0
30.75;1780344030.75;0;2202.745000299215;14.31336645099994;46.62436839999998;449.0200795523054;300.6507270033999;0.2137737247951869;0.05344343119879672;-42.66708538112481;-2.587399571116532;0.4223559762706991;447433.6363297911;5163651.85555018;-1;39215;-1.692999534209277;24.8587530352398;35793.38404672127;166.0060767159473;33.58380183514773;38294.73735009691;269.7433691831041;33.21193605586644;1.649;0;2;2;55;0.5931560949584956;-3;53.6907658565834;-NAN;250;-NAN;-NAN;0;46.6242509063403;14.313410533244034;457.9743473295184;15.37821809030134;-2.133135580637941;;5.423311404994932;;;;;188.4602440101549;188.1385076122858;1.59;1.65;0.2;;;;;;;;;;;;;0;;;;;;;;;;0;;;;;;;;;;;0.2378211695620261;274415.9046153846;0.838709677419355;0;0.0600847220214638;0
31;1780344031;0;2203.995000001192;14.3133659025;46.6243686985;449.0198147287947;270.2057094455357;0.2516636193444881;0.06291590483612204;-12.185071770023682;-1.911364510803214;0.2459090517419839;447433.5946275261;5163651.889084878;-1;39215;-1.693181746699045;24.85874942554488;35793.38445316699;166.0061207447785;33.58360604552596;38294.75432382761;269.2575969252108;33.38374045639186;1.912;0;2;2;55;0.5931557682071454;-3;53.69076710189268;-NAN;250;-NAN;-NAN;0;46.6242512045506;14.3134099847145;457.9740364235722;15.37821809030134;-2.133446486584148;;5.423311404994932;;;;;188.4602478600812;188.1385114622121;1.59;1.65;0.2;;;;;;;;;;;;;0;;;;;;;;;;0;;;;;;;;;;;0.2378211695620261;274415.9046153846;0.832;0;0.0600847220214638;0
31.25;1780344031.25;0;2205.244999995232;14.313365079500002;46.6243687245;449.0193064779268;278.968162304968;0.3630512921575103;0.09076282303937756;-20.83577198943771;-1.150644970203655;0.03954374071701041;447433.5316467375;5163651.89252282;-1;39215;-1.693181746699045;24.85874942554488;35793.38445316699;166.0061196778871;33.58360586866739;38294.75433887719;268.6385498986382;33.57909726188076;1.859;0;2;2;55;0.5931556789394384;-3;53.6907674421082;-NAN;250;-NAN;-NAN;0;46.6242512305512;14.313409161719542;457.9735281310778;15.37821809030134;-2.133954779078522;;5.423311404994932;;;;;188.4602478634948;188.1385114656257;1.59;1.65;0.2;;;;;;;;;;;;;0;;;;;;;;;;0;;;;;;;;;;;0.2378211695620261;274415.9046153846;0.8253968253968254;0;0.0600847220214638;0
31.5;1780344031.5;0;2206.495000597238;14.313363904999402;46.62436884950006;449.018556134422;274.1836513841548;0.4052114591862848;0.1013028647965712;-15.980338864146536;-0.4559654696837076;-0.1378871486474737;447433.4418521445;5163651.907195928;-1;39215;-1.693181746699045;24.85874942554488;35793.38445316699;166.0061181736903;33.58360552313186;38294.75436826059;268.1024235878317;33.73769506367122;1.859;0;2;2;55;0.5931555556072046;-3;53.69076791214984;-NAN;250;-NAN;-NAN;0;46.6242513555521;14.313407987226242;457.9727777062448;15.37821809030134;-2.134705203911494;;5.423311404994932;;;;;188.4602478701594;188.1385114722903;1.59;1.65;0.2;;;;;;;;;;;;;0;;;;;;;;;;0;;;;;;;;;;;0.2378211695620261;274415.9046153846;0.8188976377952756;0;0.0600847220214638;0
31.75;1780344031.75;0;2207.745000299215;14.313362580499672;46.6243689;449.0176795876062;275.6176193357279;0.422339518713228;0.105584879678307;-17.40873309491552;0.16349344748305;-0.2516728788109973;447433.3405020341;5163651.913690722;-1;39215;-1.693181746699045;24.85874942554488;35793.38445316699;166.0061164584907;33.58360522933027;38294.75439325943;267.6819907374482;33.82863408670937;1.781;0;2;2;55;0.5931554123399672;-3;53.69076845816734;-NAN;250;-NAN;-NAN;0;46.62425140605302;14.313406662734678;457.9719010902778;15.37821809030134;-2.135581819878439;;5.423311404994932;;;;;188.4602478758296;188.1385114779604;1.59;1.65;0.2;;;;;;;;;;;;;0;;;;;;;;;;0;;;;;;;;;;;0.2378211695620261;274415.9046153846;0.8125;0;0.0600847220214638;0
32;1780344032;0;2208.995000001192;14.313361205499998;46.6243689995;449.0167913617815;270.0377023822523;0.3819841767813905;0.09549604419534762;-11.877079207320452;0.6188255543061646;-0.3606340322305204;447433.2353332607;5163651.925664014;-1;39215;-1.693363950204823;24.85874581655589;35793.38485957255;166.0061593657546;33.5834095102532;38294.7713610472;267.4243882610451;33.9182021840142;1.781;0;2;2;55;0.593154985538466;-3;53.69077008478512;-NAN;250;-NAN;-NAN;0;46.6242515052643;14.313405287710332;457.9709667985164;15.37821809030134;-0.940288084296128;;5.423311404994932;;;;;188.4602517244062;188.1385153265372;1.59;1.65;0.2;;;;;;;;;;;;;0;;;;;;;;;;0;;;;;;;;;;;0.2378211695620261;274415.9046153846;0.806201550387597;0;0.0600847220214638;0
32.25;1780344032.25;0;2210.244999995231;14.313359955000004;46.624369;449.016018617747;270.000000272567;0.3667110242703769;0.09167775606759422;-11.905231408069526;1.0186842561874574;-0.4471696769069991;447433.1395999098;5163651.926553538;-1;39215;-1.693363950204823;24.85874581655589;35793.38485957255;166.0061577365324;33.58340928286119;38294.77138040563;267.2216854929702;33.98693006847123;1.781;0;2;2;55;0.593154848099265;-3;53.69077060859066;-NAN;250;-NAN;-NAN;0;46.62425150576542;14.313404037218006;457.970194000961;15.37821809030134;-0.941060881851513;;5.423311404994932;;;;;188.4602517287971;188.1385153309279;1.59;1.65;0.2;;;;;;;;;;;;;0;;;;;;;;;;0;;;;;;;;;;;0.2378211695620261;274415.9046153846;0.8;0;0.0600847220214638;0
32.5;1780344032.5;0;2211.495000597238;14.313358754499462;46.624369;449.0153459096109;270.0000003130689;0.320891001837525;0.08022275045938126;-11.93440313051262;1.251678423135318;-0.4554835473749524;447433.047693855;5163651.92735416;-1;39215;-1.693363950204823;24.85874581655589;35793.38485957255;166.0061561723522;33.58340906506965;38294.77139894683;267.0956682283169;33.98427286958978;1.781;0;2;2;55;0.5931547161367346;-3;53.69077111152358;-NAN;250;-NAN;-NAN;0;46.62425150576644;14.313402836724818;457.969521241564;15.37821809030134;-0.9417336412485042;;5.423311404994932;;;;;188.4602517330025;188.1385153351334;1.59;1.65;0.2;;;;;;;;;;;;;0;;;;;;;;;;0;;;;;;;;;;;0.2378211695620261;274415.9046153846;0.7938931297709924;0;0.0600847220214638;0
32.75;1780344032.75;0;2212.745000299215;14.313357703999762;46.624369;449.0148509170967;270.0000003669799;0.2750712545104928;0.0687678136276232;-11.927998529639268;1.346898127431111;-0.4353544287788528;447432.9672713307;5163651.928054744;-1;39215;-1.693363950204823;24.85874581655589;35793.38485957255;166.006154803614;33.58340887449072;38294.77141517129;267.0265993552939;33.95914060656477;1.781;0;2;2;55;0.5931546006724924;-3;53.69077155157852;-NAN;250;-NAN;-NAN;0;46.6242515057673;14.313401786231564;457.9690262041936;15.37821809030134;-0.9422286786189602;;5.423311404994932;;;;;188.4602517366825;188.1385153388134;1.59;1.65;0.2;;;;;;;;;;;;;0;;;;;;;;;;0;;;;;;;;;;;0.2378211695620261;274415.9046153846;0.7878787878787878;0;0.0600847220214638;0
33;1780344033;0;2213.995000001192;14.3133568035;46.624369;449.0077368498729;270.0000000018954;0.1837372602569002;0.04593431506422506;-11.89825205648489;1.338386272798179;-0.3849797932945776;447432.8983322702;5163651.928655294;-1;39215;-1.693546144725599;24.85874220826811;35793.38526593799;166.0061983052318;33.58321335655424;38294.78836587596;267.0042168431876;33.90837594533977;1.781;0;2;2;55;0.5931542208860336;-3;53.69077299901254;-NAN;250;-NAN;-NAN;0;46.6242515054784;14.31340088570414;457.9618661182704;15.37821809030134;-0.9493887645421068;;5.423311404994932;;;;;188.4602555813828;188.1385191835136;1.59;1.65;0.2;;;;;;;;;;;;;0;;;;;;;;;;0;;;;;;;;;;;0.2378211695620261;274415.9046153846;0.7819548872180452;0;0.0600847220214638;0
33.25;1780344033.25;0;2215.244999995232;14.313356202000002;46.624369;449.0076326117314;270;0.13761208523981;0.0344030213099525;-11.873113229922896;1.22743154684568;-0.3297932914159767;447432.8522835684;5163651.92905644;-1;39215;-1.693546144725599;24.85874220826811;35793.38526593799;166.0061975215154;33.58321324743184;38294.78837516572;267.0546372957056;33.85844315999072;1.781;0;2;2;55;0.5931541547870328;-3;53.69077325092758;-NAN;250;-NAN;-NAN;0;46.62425150547892;14.313400284207824;457.9617618544448;15.37821809030134;-0.9494930283677264;;5.423311404994932;;;;;188.4602555834898;188.1385191856207;1.59;1.65;0.2;;;;;;;;;;;;;0;;;;;;;;;;0;;;;;;;;;;;0.2378211695620261;274415.9046153846;0.7761194029850746;0;0.0600847220214638;0
33.5;1780344033.5;0;2216.495000597238;14.31335575149982;46.624369;449.0075417385085;270;0.0917922272193119;0.02294805680482798;-11.87147590863455;1.0335474279248304;-0.2748884271053396;447432.817794875;5163651.929356882;-1;39215;-1.693546144725599;24.85874220826811;35793.38526593799;166.0061969345423;33.58321316570339;38294.78838212341;267.1836258755911;33.8133192478255;1.781;0;2;2;55;0.5931541052815972;-3;53.6907734396016;-NAN;250;-NAN;-NAN;0;46.62425150547928;14.313399833710398;457.9616709619856;15.37821809030134;-0.9495839208269672;;5.423311404994932;;;;;188.4602555850679;188.1385191871988;1.59;1.65;0.2;;;;;;;;;;;;;0;;;;;;;;;;0;;;;;;;;;;;0.2378211695620261;274415.9046153846;0.7703703703703704;0;0.0600847220214638;0
33.75;1780344033.75;0;2217.745000299215;14.31335545099994;46.624369;449.007466374987;270;0.07636625820607104;0.01909156455151776;-11.882280619268464;0.8127441607460146;-0.2177244383678875;447432.7947896723;5163651.929557288;-1;39215;-1.693546144725599;24.85874220826811;35793.38526593799;166.0061965430101;33.58321311118758;38294.78838676444;267.342921661604;33.76693899960445;1.781;0;2;2;55;0.5931540722585132;-3;53.69077356545844;-NAN;250;-NAN;-NAN;0;46.62425150547948;14.313399533212378;457.9615955856328;15.37821809030134;-0.9496592971797782;;5.423311404994932;;;;;188.4602555861206;188.1385191882515;1.59;1.65;0.2;;;;;;;;;;;;;0;;;;;;;;;;0;;;;;;;;;;;0.2378211695620261;274415.9046153846;0.7647058823529412;0;0.0600847220214638;0
34;1780344034;0;2218.995000001192;14.313355201;46.624369;449.0073961006642;1.349999678113014;0.0003054651304949893;7.636628262374734e-05;256.7514493978948;0.4073107933201592;-0.1321473926452386;447432.7756505644;5163651.929724016;-1;39215;-1.693728330260425;24.85873860068397;35793.38567226329;166.0062408890664;33.58301772086446;38294.80532661044;267.631002805705;33.69920131790253;1.781;0;2;2;55;0.5931537645574842;-3;53.69077473816154;-NAN;250;-NAN;-NAN;0;46.62425150519008;14.313399283180794;457.9614793225428;15.37821809030134;-0.9497755602698134;;5.423311404994932;;;;;188.4602594283562;188.1385230304871;1.59;1.65;0.2;;;;;;;;;;;;;0;;;;;;;;;;0;;;;;;;;;;;0.2378211695620261;274415.9046153846;0.7591240875912408;0;0.0600847220214638;0
34.25;1780344034.25;0;2220.244999995232;14.3133552;46.624369;449.0073958155958;66.14999871239086;0.015120540780567866;0.003780135195141967;191.9785697047237;-4.175021089992305;-0.5474194156188982;447432.775574008;5163651.929724682;-1;39215;-1.693728330260425;24.85873860068397;35793.38567226329;166.0062408877634;33.58301772068306;38294.80532662588;270.6580630689919;34.18394159727014;1.936;0;2;2;55;0.5931537644493386;-3;53.6907747385737;-NAN;250;-NAN;-NAN;0;46.62425150519006;14.313399282180786;457.9614790374316;15.37821809030134;-0.9497758453808842;;5.423311404994932;;;;;188.4602594283597;188.1385230304906;1.59;1.65;0.2;;;;;;;;;;;;;0;;;;;;;;;;0;;;;;;;;;;;0.2378211695620261;274415.9046153846;0.7536231884057972;0;0.0600847220214638;0
34.5;1780344034.5;0;2221.495000597238;14.313355150499942;46.624369;449.0073810743873;265.8991836413534;0.2452464422108746;0.06131161055271864;-7.643973192909368;-11.55873226549144;-1.456265057971613;447432.7717844596;5163651.929757696;-1;39215;-1.693728330260425;24.85873860068397;35793.38567226329;166.0062408232682;33.58301771170292;38294.80532739038;275.5013134605353;34.71228464356419;1.823;0;2;2;55;0.5931537590082662;-3;53.6907747593106;-NAN;250;-NAN;-NAN;0;46.62425150519008;14.313399232681046;457.9614642941092;15.37821809030134;-0.9497905887034222;;5.423311404994932;;;;;188.4602594285331;188.138523030664;1.59;1.65;0.2;;;;;;;;;;;;;0;;;;;;;;;;0;;;;;;;;;;;0.2378211695620261;274415.9046153846;0.748201438848921;0;0.0600847220214638;0
34.75;1780344034.75;0;2222.745000299215;14.313354354999702;46.62436892549998;449.0071021083769;250.3078637733965;0.7395533696005004;0.1848883424001251;7.953336141000908;-12.722708066850342;-1.553759632392617;447432.7108116733;5163651.922009884;-1;39215;-1.693728330260425;24.85873860068397;35793.38567226329;166.0062397712228;33.58301764633247;38294.80533297513;276.2733286094441;34.69117873417314;1.635;0;2;2;55;0.5931536681358928;-3;53.69077510564124;-NAN;250;-NAN;-NAN;0;46.62425143069088;14.31339843718561;457.961185312713;15.37821809030134;-0.9500695700996288;;5.423311404994932;;;;;188.4602594297998;188.1385230319307;1.59;1.65;0.2;;;;;;;;;;;;;0;;;;;;;;;;0;;;;;;;;;;;0.2378211695620261;274415.9046153846;0.742857142857143;0;0.0600847220214638;0
35;1780344035;0;2223.995000001192;14.313352109999996;46.624368303;449.0061251359084;253.2777832647817;1.412861101158097;0.3532152752895243;4.687847668752714;-12.511435987842656;-1.398852870003582;447432.5383398973;5163651.85433577;-1;39215;-1.693910506808322;24.85873499380519;35793.38607854842;166.006281384778;33.58282256334668;38294.82224683035;276.4106897323718;34.49536479440474;1.635;0;2;2;55;0.5931531123891106;-3;53.69077722368972;-NAN;250;-NAN;-NAN;0;46.6242508079041;14.313396192166022;457.9601624237104;15.37821809030134;-0.9510924591021422;;5.423311404994932;;;;;188.4602632661387;188.1385268682695;1.59;1.65;0.2;;;;;;;;;;;;;0;;;;;;;;;;0;;;;;;;;;;;0.2378211695620261;274415.9046153846;0.7375886524822696;0;0.0600847220214638;0
35.25;1780344035.25;0;2225.244999995231;14.31334769550002;46.624367355;449.0033073411785;250.7374452820038;1.91147782771076;0.4778694569276902;6.215921473679094;-11.768903147530366;-1.239083040203404;447432.1994637962;5163651.751939428;-1;39215;-1.693910506808322;24.85873499380519;35793.38607854842;166.0062754349752;33.58282276706569;38294.82222973744;276.8991641473921;34.20861216536716;1.395;0;2;2;55;0.593152583273316;-3;53.69077924024196;-NAN;250;-NAN;-NAN;0;46.62423811025024;14.31339618590291;458.8527484105048;16.99697788928043;-1.65567444105784;;5.423311404994932;;;;;188.4602632622617;188.1385268643926;1.59;1.65;0.2;;;;;;;;;;;;;0;;;;;;;;;;0;;;;;;;;;;;0.2378211695620261;274415.9046153846;0.7323943661971832;0;0.0600847220214638;0
35.5;1780344035.5;0;2226.495000597238;14.313341778496596;46.62436595649922;448.9984208693659;251.908535744078;2.55181936892254;0.637954842230635;4.135149751926918;-11.017471093850344;-1.174289314985858;447431.745125263;5163651.600486142;-1;39215;-1.693910506808322;24.85873499380519;35793.38607854842;166.0062674334145;33.58282317559521;38294.82219532799;277.2933571098963;34.05647984843561;1.196;0;2;2;55;0.5931518680619666;-3;53.69078196603532;-NAN;250;-NAN;-NAN;0;46.62424846141558;14.313385860724206;457.9524583012728;15.37821809030134;-1.338618358883537;;5.423311404994932;;;;;188.4602632544571;188.1385268565879;1.59;1.65;0.2;;;;;;;;;;;;;0;;;;;;;;;;0;;;;;;;;;;;0.2378211695620261;274415.9046153846;0.7272727272727274;0;0.0600847220214638;0
35.75;1780344035.75;0;2227.745000299215;14.313333833997964;46.62436418249956;448.9950435586332;251.5600289917914;2.76976352237693;0.6924408805942326;4.0461132929642;-10.11555534817709;-0.9512891906107188;447431.1352053778;5163651.40866017;-1;39215;-1.693910506808322;24.85873499380519;35793.38607854842;166.0062567117352;33.58282361421004;38294.82215845461;277.1172596559506;33.86774221942204;1.196;0;2;2;55;0.593150912847266;-3;53.69078560652022;-NAN;250;-NAN;-NAN;0;46.6242231881103;14.313386732708508;459.7398886008048;18.61573768825952;-1.632303782007682;;5.423311404994932;;;;;188.4602632460936;188.1385268482245;1.59;1.65;0.2;;;;;;;;;;;;;0;;;;;;;;;;0;;;;;;;;;;;0.2378211695620261;274415.9046153846;0.7222222222222222;0;0.0600847220214638;0
36;1780344036;0;2228.995000001192;14.313325234499992;46.624362208;448.9933071224037;248.9583276173988;3.526982736421845;0.8817456841054614;6.888555083421522;-9.111377992612718;-0.7255602052634372;447430.474946938;5163651.194991832;-1;39215;-1.694092681697364;24.85873138748223;35793.3864848098;166.0062897622037;33.58262881287037;38294.83904870887;276.2093503430964;33.80018722311694;1.395;0;2;2;55;0.5931495963266256;-3;53.69079062399864;-NAN;250;-NAN;-NAN;0;46.62422121327544;14.31337813323219;459.7380971441606;18.61573768825952;-0.3145761956831734;;5.423311404994932;;;;;188.4602670770776;188.1385306792085;1.59;1.65;0.2;;;;;;;;;;;;;0;;;;;;;;;;0;;;;;;;;;;;0.2378211695620261;274415.9046153846;0.7172413793103448;0;0.0600847220214638;0
36.25;1780344036.25;0;2230.244999995232;14.313314417500042;46.6243594345;448.9885828574408;251.7967230570405;3.706083849563937;0.9265209623909842;4.622404018595552;-7.982028959859758;-0.4946278440135898;447429.6441508731;5163650.89401872;-1;39215;-1.694092681697364;24.85873138748223;35793.3864848098;166.0062750891224;33.5826297895215;38294.83896629396;274.8900542021817;33.76478917786326;1.711;0;2;2;55;0.5931482791664736;-3;53.69079564390898;-NAN;250;-NAN;-NAN;0;46.62421843979148;14.313367316309292;459.7333731550468;18.61573768825952;-0.04445887620329359;;5.423311404994932;;;;;188.4602670583846;188.1385306605155;1.59;1.65;0.2;;;;;;;;;;;;;0;;;;;;;;;;0;;;;;;;;;;;0.2378211695620261;274415.9046153846;0.7123287671232876;0;0.0600847220214638;0
36.5;1780344036.5;0;2231.495000597238;14.313302901493848;46.62435681199858;448.9752501066864;251.9580684242494;4.013777013990513;1.0034442534976282;4.865970186589458;-6.928280775727088;-0.2112190631307218;447428.7599874533;5163650.610290678;-1;39215;-1.694092681697364;24.85873138748223;35793.3864848098;166.0062595368284;33.58263047935975;38294.83890826206;273.7812668759063;33.61443184097495;1.819;0;2;2;55;0.5931468914505196;-3;53.69080093271312;-NAN;250;-NAN;-NAN;0;46.6242040676234;14.313360208615414;460.6154398068366;20.23449748723861;-0.4943929568352702;;5.423311404994932;;;;;188.460267045222;188.1385306473529;1.59;1.65;0.2;;;;;;;;;;;;;0;;;;;;;;;;0;;;;;;;;;;;0.2378211695620261;274415.9046153846;0.707482993197279;0;0.0600847220214638;0
36.75;1780344036.75;0;2232.745000299216;14.313290398997068;46.62435403549938;448.9761483896493;251.1543693246996;4.536336602371634;1.134084150592908;5.732548531609264;-5.890524000880268;-0.02527531419287732;447427.8001526407;5163650.310108704;-1;39215;-1.694092681697364;24.85873138748223;35793.3864848098;166.0062426670426;33.5826311534003;38294.83885160598;273.0266291867483;33.49744995909356;1.819;0;2;2;55;0.593145389440154;-3;53.69080665710458;288.15;250;206.2713031392975;281.2713031392975;1;;;;17.80635778876997;5.404990586146824;5.423591253052096;5.423591253052096;0;0;28925.82001627784;0;188.4602670323715;188.1385306345024;1.59;1.65;0.2;62.61482107195222;5.099572498261416;6.06867262834198;11;0.6;0.2847985600000001;41.78123050790356;-11.293878088264596;-10.32477795818403;-1;;;0;;;;;;;;;;0;;;;0.2352662134844257;284798.5600000001;1;0;1;0.05752838076147576;0;0.2377968366470013;274514.787047619;0.7094594594594594;0;0.06006037591422584;0
37;1780344037;0;2233.995000001192;14.313276357999988;46.624350714;449.0519537891602;252.616439483913;4.772897633228698;1.193224408307175;4.030747008466127;-3.394209110285232;0.3605418570984916;447426.7220079631;5163649.950393374;-1;39215;-1.694274840268149;24.85872778201067;35793.38689101464;166.0062683415744;33.58243680966956;38294.85570320113;271.605516664481;33.19325447349993;1.623;0;2;2;55;0.5931434194015758;-3;53.69081416521266;288.15;250;206.2718255112659;281.2718255112659;1;;;;0;5.988119922829868;5.423618960379614;5.423618960379614;0;0;28925.96778869127;0;188.4602708545853;188.1385344567162;1.59;1.65;0.2;62.41879129518688;5.029081087564564;5.998181217645128;11;0.6;0.2847985600000001;41.5851926655073;-11.487075860433374;-10.51797573035281;-1;;;0;;;;;;;;;;0;;;;0.2352662696952965;284798.5600000001;1;0;1;0.05752838076147576;0;0.237772963373872;274611.8037735849;0.7114093959731544;0;0.06003648916750178;0
37.25;1780344037.25;0;2235.244999995232;14.313261456000054;46.62434748750002;449.5754397658631;251.9132938290282;4.675332934800744;1.168833233700186;4.527551644487546;4.278063162951243;0.6607507550233816;447425.5780397669;5163649.601808744;-1;39215;-1.694274840268149;24.85872778201067;35793.38689101464;166.0062482514752;33.58243752460698;38294.85564283653;266.7567359716418;32.78445080260114;1.525;0;2;2;55;0.593141677562993;-3;53.6908208036069;288.15;250;206.2718235895964;281.2718235895965;1;;;;0;6.497689900735338;5.423618858451302;5.423618858451302;0;0;28925.96724507361;0;188.4602708408937;188.1385344430246;1.59;1.65;0.2;62.32079296054472;4.993074230541054;5.962174360621618;11;0.6;0.2847985600000001;41.48719436053642;-11.583701107262802;-10.614600977182238;-1;;;0;;;;;;;;;;0;;;;0.2352662694939419;284798.5600000001;1;0;1;0.05752838076147576;0;0.2377495363282652;274707.0071028037;0.7133333333333334;0;0.0600130489020249;0
37.5;1780344037.5;0;2236.495000597238;14.313246911492656;46.62434421399834;449.0363111410099;252.6289323458419;4.465190800358055;1.116297700089514;3.709377744789643;8.909538521431422;0.7266719173736152;447424.4613943051;5163649.247763112;-1;39215;-1.694274840268149;24.85872778201067;35793.38689101464;166.0062286173429;33.58243835552646;38294.85557331098;263.8545179391023;32.35102960660943;1.282;0;2;2;55;0.5931398820932142;-3;53.69082764638746;288.15;250;206.2718213561807;281.2718213561807;1;;;;0;5.926243180205176;5.423618739987486;5.423618739987486;0;0;28925.96661326659;0;188.4602708251242;188.1385344272551;1.59;1.65;0.2;62.07779469222758;4.901560941270108;5.870661071350672;11;0.6;0.2847985600000001;41.24419612670408;-11.823423645633258;-10.854323515552692;-1;;;0;;;;;;;;;;0;;;;0.2352662692620297;284798.5600000001;1;0;1;0.05752838076147576;0;0.2377265431146889;274800.4474074074;0.7152317880794702;0;0.05999004271553834;0
37.75;1780344037.75;0;2237.745000299215;14.31323295199689;46.62434123549938;449.4118060025378;252.3473735831509;4.265268857728206;1.066317214432051;4.034076980124516;9.405609401227272;0.7386877732377196;447423.3898207652;5163648.92610774;-1;39215;-1.694274840268149;24.85872778201067;35793.38689101464;166.0062098070553;33.58243897882459;38294.85552078047;263.4953830097155;32.2776727826773;1.147;0;2;2;55;0.5931382426417142;-3;53.69083389455238;288.15;250;206.2718196808272;281.2718196808272;1;;;;0;6.327830585700498;5.423618651124156;5.423618651124156;0;0;28925.96613932883;0;188.4602708132094;188.1385344153403;1.59;1.65;0.2;61.94279625163972;4.849334690497536;5.8184348205781;11;0.6;0.2847985600000001;41.10919771198434;-11.956678885212176;-10.987578755131612;-1;;;0;;;;;;;;;;0;;;;0.2352662690868067;284798.5600000001;1;0;1;0.05752838076147576;0;0.2377039717933322;274892.1732110092;0.7171052631578948;0;0.05996745866091392;0
38;1780344038;0;2238.995000001192;14.313219653499988;46.624338312;450.5003534935062;252.5447576270048;3.542907951805845;0.8857269879514612;4.011596849353406;9.348304554121834;0.7313148023910372;447422.3689041112;5163648.61012312;-1;39215;-1.694456989849119;24.8587241772412;35793.38729717936;166.0062365292914;33.58224435642048;38294.87239533666;263.3624953215455;32.26331135473866;1.147;0;2;2;55;0.5931364590892336;-3;53.69084069189564;288.15;250;206.2723428049876;281.2723428049876;1;;;;0;7.402762655981634;5.423646398524144;5.423646398524144;0;0;28926.1141254621;0;188.4602746406295;188.1385382427604;1.59;1.65;0.2;61.94276626365702;4.849322978472146;5.81842310855271;11;0.6;0.2847985600000001;41.10915964677136;-11.95671646641051;-10.987616336329946;-1;;;0;;;;;;;;;;0;;;;0.2352663253742674;284798.5600000001;1;0;1;0.05752838076147576;0;0.2376818113713408;274982.2312727272;0.7189542483660132;0;0.05994528522546448;0
38.25;1780344038.25;0;2240.244999995231;14.313208595000042;46.62433591000002;451.9153416198978;252.4848660941615;3.441134505350374;0.8602836263375936;4.209406639164239;9.282959135580418;0.7068645016810758;447421.5199785646;5163648.350592774;-1;39215;-1.694456989849119;24.8587241772412;35793.38729717936;166.0062216192383;33.58224489380943;38294.87234928345;263.2691025291786;32.27322431063595;1.147;0;2;2;55;0.5931352538119292;-3;53.6908452853538;288.15;250;206.2723413605393;281.2723413605393;1;;;;0;8.254182679787506;5.423646321907892;5.423646321907892;0;0;28926.1137168421;0;188.4602746301839;188.1385382323148;1.59;1.65;0.2;61.94276742305866;4.849323431285832;5.818423561366396;11;0.6;0.2847985600000001;41.10916082847584;-11.956715299731824;-10.98761516965126;-1;;;0;;;;;;;;;;0;;;;0.2352663252206505;284798.5600000001;1;0;1;0.05752838076147576;0;0.237660050234848;275070.6666666666;0.7207792207792208;0;0.0599235113113745;0
38.5;1780344038.5;0;2241.495000597238;14.313197839995222;46.62433360799906;451.5991465919318;252.4733298228361;2.823553258459196;0.7058883146147992;4.259576999200276;10.288228650023154;0.7848451703517064;447420.6943842899;5163648.101971846;-1;39215;-1.694456989849119;24.8587241772412;35793.38729717936;166.0062071255022;33.58224538244618;38294.87230849573;262.5973170387317;32.06570826555739;1.09;0;2;2;55;0.5931339386667738;-3;53.69085029752654;288.15;250;206.2723400471321;281.2723400471322;1;;;;0;4.73031554418202;5.42364625224231;5.42364625224231;0;0;28926.11334529232;0;188.4602746209326;188.1385382230635;1.59;1.65;0.2;61.88576867206266;4.826972995820644;5.796073125901208;11;0.6;0.2847985600000001;41.0521620977593;-12.01299394698289;-11.043893816902326;-1;;;0;;;;;;;;;;0;;;;0.2352663250845972;284798.5600000001;1;0;1;0.05752838076147576;0;0.2376386776888637;275157.5228571428;0.7225806451612904;0;0.05990212621717898;0
38.75;1780344038.75;0;2242.745000299215;14.313189031998086;46.62433168249954;451.7491612619404;252.5466142041769;2.496812537301046;0.6242031343252616;4.14092173760516;11.756779853534318;0.8709884607559122;447420.0182105786;5163647.893888548;-1;39215;-1.694456989849119;24.8587241772412;35793.38729717936;166.0061952472018;33.58224582474952;38294.87227124658;261.720339886076;31.78852624140592;1.048;0;2;2;55;0.593132894670689;-3;53.69085427631454;288.15;250;206.2723388582646;281.2723388582646;1;;;;0;8.423756738273084;5.423646189182542;5.423646189182542;0;0;28926.11300897356;0;188.4602746124839;188.1385382146148;1.59;1.65;0.2;61.84376967241462;4.810390052908488;5.779490182989052;11;0.6;0.2847985600000001;41.01016311646782;-12.05446828110129;-11.085368151020726;-1;;;0;;;;;;;;;;0;;;;0.2352663249603475;284798.5600000001;1;0;1;0.05752838076147576;0;0.2376176834169299;275242.8417699114;0.7243589743589744;0;0.05988111962022586;0
39;1780344039;0;2243.995000001192;14.313181230999992;46.6243300065;451.9833781731926;253.7599675608129;1.756464991123499;0.4391162477808748;2.851534136049364;12.96598346627904;0.9099408132604378;447419.4193707185;5163647.712857662;-1;39215;-1.694639130439291;24.85872057317739;35793.38770330394;166.0062293898783;33.58205088843532;38294.88917277243;261.039359029786;31.58452559266388;1.048;0;2;2;55;0.593131699902458;-3;53.69085882970824;288.15;250;206.2728628293554;281.2728628293554;1;;;;0;8.657969061282928;5.423673981681544;5.423673981681544;0;0;28926.2612356349;0;188.4602784460195;188.1385420481504;1.59;1.65;0.2;61.84373910936348;4.810377950002356;5.77947808008292;11;0.6;0.2847985600000001;41.01012446312442;-12.054506453894974;-11.08540632381441;-1;;;0;;;;;;;;;;0;;;;0.2352663813377692;284798.5600000001;1;0;1;0.05752838076147576;0;0.2375970579600951;275326.663859649;0.7261146496815286;0;0.05986048156006138;0
39.25;1780344039.25;0;2245.244999995231;14.31317572000002;46.6243288795;452.9770890457864;250.9982257845708;1.328179460611924;0.3320448651529809;5.578613680487938;13.723033535904346;0.9533765583464258;447418.9963766312;5163647.591303282;-1;39215;-1.694639130439291;24.85872057317739;35793.38770330394;166.0062219741084;33.58205108166716;38294.88915596203;260.6058488088355;31.42872474949068;1.029;0;2;2;55;0.5931311271347024;-3;53.69086101258786;288.15;250;206.2728623099643;281.2728623099643;1;;;;0;9.65167993842499;5.423673954131884;5.423673954131884;0;0;28926.26108870338;0;188.4602784422066;188.1385420443375;1.59;1.65;0.2;61.8247396503158;4.80284424353204;5.771944373612604;11;0.6;0.2847985600000001;40.99112501209635;-12.07327020873116;-11.104170078650596;-1;;;0;;;;;;;;;;0;;;;0.2352663812816958;284798.5600000001;1;0;1;0.05752838076147576;0;0.23757679120637;275409.0281739129;0.7278481012658228;0;0.05984020242268238;0
39.5;1780344039.5;0;2246.495000597238;14.313171610998686;46.62432790299964;453.1648989147946;252.8123439900325;0.66626958025895;0.1665673950647375;3.749261518585976;11.905162120311136;0.8249233819229394;447418.6808603658;5163647.48553698;-1;39215;-1.694639130439291;24.85872057317739;35793.38770330394;166.0062164164596;33.58205137076782;38294.88913148197;261.742846952988;31.83787963359703;1.048;0;2;2;55;0.5931306465468644;-3;53.69086284415908;288.15;250;206.2728615328855;281.2728615328855;1;;;;0;8.411541816190834;5.423673912913908;5.423673912913908;0;0;28926.26086887418;0;188.4602784366541;188.138542038785;1.59;1.65;0.2;61.8437401246635;4.810378352059928;5.779478482140492;11;0.6;0.2847985600000001;41.01012549844237;-12.054505431448348;-11.085405301367784;-1;;;0;;;;;;;;;;0;;;;0.2352663812000391;284798.5600000001;1;0;1;0.05752838076147576;0;0.2375568738787291;275489.972413793;0.729559748427673;0;0.05982027292560302;0
39.75;1780344039.75;0;2247.745000299215;14.313169531499612;46.62432745099994;453.2561721027518;266.780260085263;0.1937753281462481;0.04844383203656202;-10.215498892611332;7.58442652615036;0.5554007115917804;447418.5212235374;5163647.436698614;-1;39215;-1.694639130439291;24.85872057317739;35793.38770330394;166.0062136126363;33.58205147237232;38294.88912289027;264.4773011946884;32.62366818750005;1.364;0;2;2;55;0.5931304049586886;-3;53.690863764877;288.15;250;206.2728612597811;281.2728612597811;1;;;;0;8.502815006539606;5.423673898427842;5.423673898427842;0;0;28926.26079161516;0;188.4602784347054;188.1385420368363;1.59;1.65;0.2;62.15974035603828;4.932778699327298;5.901878829407862;11;0.6;0.2847985600000001;41.32612573403395;-11.742578332699714;-10.77347820261915;-1;;;0;;;;;;;;;;0;;;;0.2352663811713803;284798.5600000001;1;0;1;0.05752838076147576;0;0.2375372970179826;275569.5329914529;0.73125;0;0.0598006841036874;0
40;1780344040;0;2248.995000001192;14.3131689015;46.6243274;453.2858031837532;90.8999997854095;0.228156786978946;0.0570391967447365;165.6816304894603;3.598386969178962;0.3040203989145588;447418.4729435877;5163647.43145184;-1;39215;-1.694821262037692;24.85871696981519;35793.38810938835;166.0062574348913;33.58185612490049;38294.90605913797;267.0510054858205;33.16720177053804;1.587;0;2;2;55;0.5931300557797416;-3;53.6908650956343;288.15;250;206.2733863392272;281.2733863392272;1;;;;0;8.532441489610904;5.423701749894166;5.423701749894166;0;0;28926.40933276888;0;188.4602822761148;188.1385458782457;1.59;1.65;0.2;62.38270897382544;5.01588337221031;5.984983502290874;11;0.6;0.2847985600000001;41.54908624443061;-11.522672835390766;-10.553572705310202;-1;;;0;;;;;;;;;;0;;;;0.2352664376646217;284798.5600000001;1;0;1;0.05752838076147576;0;0.2375180524471914;275647.7450847456;0.7329192546583852;0;0.05978142729570256;0
40.25;1780344040.25;0;2250.244999995232;14.313169644999996;46.624327449;453.2502635121498;75.71188023965028;0.3160487539373208;0.0790121884843302;180.8765668563967;0.6919407255066724;0.09612967729890536;447418.5299107925;5163647.43640067;-1;39215;-1.694821262037692;24.85871696981519;35793.38810938835;166.0062584138408;33.58185620790347;38294.90605208231;268.9596842585956;33.47593833389849;1.859;0;2;2;55;0.5931301367028738;-3;53.69086478722786;288.15;250;206.2733861161207;281.2733861161207;1;;;;0;8.496901819961182;5.423701738060026;5.423701738060026;0;0;28926.40926965347;0;188.4602822745145;188.1385458766454;1.59;1.65;0.2;62.654708915263;5.113667248179742;6.082767378260306;11;0.6;0.2847985600000001;41.82108618931301;-11.254615423777636;-10.285515293697072;-1;;;0;;;;;;;;;;0;;;;0.2352664376410865;284798.5600000001;1;0;1;0.05752838076147576;0;0.237499131314367;275724.6426890755;0.734567901234568;0;0.0597624941315494;0
40.5;1780344040.5;0;2251.247500298619;14.3131706475003;46.62432762475002;453.2066910115436;76.86059657594326;0.1929290237947063;0.04823225594867658;179.7168752925768;-0.7266850105644732;-0.010027007247321182;447418.6068288815;5163647.45526101;-1;39215;-1.694821262037692;24.85871696981519;35793.38810938835;166.0062597567198;33.58185620358906;38294.90605243233;269.9112924470084;33.59606809925533;1.912;0;2;2;55;0.5931302512550628;-3;53.69086435065756;288.15;250;206.2733861277176;281.2733861277176;1;;;;0;8.453329319253272;5.423701738675154;5.423701738675154;0;0;28926.40927293415;0;188.4602822745938;188.1385458767247;1.59;1.65;0.2;62.70770881265196;5.132265972716408;6.101366102796972;11;0.6;0.2847985600000001;41.87408608652288;-11.202412467855254;-10.23331233777469;-1;;;0;;;;;;;;;;0;;;;0.235266437642254;284798.5600000001;1;0;1;0.05752838076147576;0;0.237480525533766;275800.2586666665;0.736196319018405;0;0.05974387652013212;0
40.75;1780344040.75;0;2251.872500149607;14.31317127250015;46.62432768725;453.1730754101486;64.60065744823712;0.415588425032744;0.10389710625818598;191.9613394641567;-1.445068980774931;-0.04764132365254416;447418.6547372007;5163647.461788992;-1;39215;-1.694821262037692;24.85871696981519;35793.38810938835;166.006260584094;33.58185625078615;38294.90604842014;270.4040249918285;33.63141254539409;1.936;0;2;2;55;0.593130319948636;-3;53.69086408885918;288.15;250;206.2733860008549;281.2733860008549;1;;;;0;8.41971371896932;5.423701731946034;5.423701731946034;0;0;28926.40923704552;0;188.4602822736838;188.1385458758147;1.59;1.65;0.2;62.73170875917472;5.140639629506208;6.109739759586772;11;0.6;0.2847985600000001;41.89808603500447;-11.178776561305624;-10.20967643122506;-1;;;0;;;;;;;;;;0;;;;0.2352664376288708;284798.5600000001;1;0;1;0.05752838076147576;0;0.2374622272866181;275874.6247933883;0.7378048780487806;0;0.05972556663782918;0
41;1780344041;0;2252.995000001192;14.313172494500002;46.624328098;453.1234320096242;81.61745886346284;0.3713043130128157;0.0928260782532039;174.9231527678865;-2.32754836443072;-0.0891162304329303;447418.7486869472;5163647.506615776;-1;39215;-1.695003384643379;24.85871336715719;35793.38851543261;166.0063069126449;33.58166075970336;38294.9229968349;271.012049547795;33.66107835669931;1.93;0;2;2;55;0.5931301888476912;-3;53.69086458849854;288.15;250;206.2739114695321;281.2739114695321;1;;;;0;8.370065717124136;5.423729604236796;5.423729604236796;0;0;28926.55788926292;0;188.4602861178512;188.1385497199821;1.59;1.65;0.2;62.72567715935652;5.138538019477008;6.107638149557572;11;0.6;0.2847985600000001;41.89204632180102;-11.184724474801076;-10.215624344720512;-1;;;0;;;;;;;;;;0;;;;0.2352664941626972;284798.5600000001;1;0;1;0.05752838076147576;0;0.237444229474127;275947.7718032785;0.7393939393939394;0;0.0597075569175312;0
41.25;1780344041.25;0;2254.244999995232;14.313173695999996;46.6243282245;453.0528837173598;75.8688056453702;0.2859587522548802;0.07148968806372006;180.6647319578406;-2.924781238173046;-0.11432733675201324;447418.8407920689;5163647.519870774;-1;39215;-1.695003384643379;24.85871336715719;35793.38851543261;166.0063085045113;33.58166084371269;38294.92298969634;271.4161424863423;33.67330506824178;1.93;0;2;2;55;0.5931303206866356;-3;53.6908640860466;288.15;250;206.2739112437192;281.2739112437192;1;;;;0;8.299517426837156;5.423729592259028;5.423729592259028;0;0;28926.55782538148;0;188.460286116232;188.1385497183629;1.59;1.65;0.2;62.72567705565694;5.138537983328282;6.107638113408846;11;0.6;0.2847985600000001;41.89204622158809;-11.184724573491878;-10.215624443411314;-1;;;0;;;;;;;;;;0;;;;0.2352664941388855;284798.5600000001;1;0;1;0.05752838076147576;0;0.2374265243087998;276019.7294308942;0.7409638554216868;0;0.05968984003821368;0
41.5;1780344041.5;0;2255.495000597238;14.313174597000358;46.62432839900012;453.006910026513;64.11003356786172;0.1787697793353142;0.04469244483382855;192.4239253541698;-3.130971587810755;-0.1253776253693297;447418.9099384654;5163647.53865994;-1;39215;-1.695003384643379;24.85871336715719;35793.38851543261;166.0063097148804;33.58166082231144;38294.92299150293;271.5528239629536;33.6790322302072;1.93;0;2;2;55;0.5931304238246842;-3;53.69086369297672;288.15;250;206.2739113012447;281.2739113012447;1;;;;0;8.25354373548663;5.423729595310346;5.423729595310346;0;0;28926.55784165518;0;188.4602861166418;188.1385497187727;1.59;1.65;0.2;62.72567696043438;5.138537950134562;6.107638080215126;11;0.6;0.2847985600000001;41.8920461254773;-11.184724668142848;-10.215624538062284;-1;;;0;;;;;;;;;;0;;;;0.2352664941449116;284798.5600000001;1;0;1;0.05752838076147576;0;0.2374091047107039;276090.5264516127;0.7425149700598802;0;0.0596724089150142;0
41.75;1780344041.75;0;2256.745000299215;14.31317512350009;46.62432857450004;452.9856506458238;83.39806657764982;0.0549452163374462;0.013736304084361546;173.1470198494817;-2.935834296173646;-0.130828207356431;447418.9504153694;5163647.557810022;-1;39215;-1.695003384643379;24.85871336715719;35793.38851543261;166.0063104375184;33.58166073187976;38294.92299916971;271.4122158573299;33.69011873735256;1.93;0;2;2;55;0.5931304879741028;-3;53.69086344849656;288.15;250;206.2739115443205;281.2739115443206;1;;;;0;8.232284352668898;5.423729608203794;5.423729608203794;0;0;28926.55791042023;0;188.4602861183807;188.1385497205116;1.59;1.65;0.2;62.72567688872854;5.138537925138554;6.107638055219118;11;0.6;0.2847985600000001;41.89204605001828;-11.184724742455722;-10.215624612375158;-1;;;0;;;;;;;;;;0;;;;0.2352664941704853;284798.5600000001;1;0;1;0.05752838076147576;0;0.2373919638263822;276160.1907199999;0.7440476190476192;0;0.05965525668978588;0
42;1780344042;0;2257.995000001192;14.3131752995;46.6243286;452.9770291498896;269.1000002145905;0.09896162993275288;0.02474040748318822;-12.549971318300402;-2.537354672914605;-0.12040961459436536;447418.9639139985;5163647.560526138;-1;39215;-1.695185498255368;24.85870976520506;35793.38892143672;166.0063553196085;33.5814654688402;38294.93992825406;271.1424447788117;33.68862463339326;1.93;0;2;2;55;0.5931302276495184;-3;53.69086444062074;288.15;250;206.2744364032443;281.2744364032443;1;;;;0;8.223658260771232;5.42375744833017;5.42375744833017;0;0;28926.70639109423;0;188.460289958162;188.1385535602928;1.59;1.65;0.2;62.72564544043058;5.138526962520854;6.107627092601418;11;0.6;0.2847985600000001;41.89200649776496;-11.184763693954858;-10.215663563874294;-1;;;0;;;;;;;;;;0;;;;0.2352665506398323;284798.5600000001;1;0;1;0.05752838076147576;0;0.2373750954677588;276228.7492063491;0.7455621301775148;0;0.05963837672210088;0
42.25;1780344042.25;0;2259.244999995232;14.313174977500002;46.6243285755;452.9942539334346;250.3382219665674;0.2060894026102009;0.05152235065255024;6.211843935937766;-1.929557476702283;-0.07410491044951352;447418.9392390817;5163647.558018534;-1;39215;-1.695185498255368;24.85870976520506;35793.38892143672;166.0063548949559;33.58146543636529;38294.9399310138;270.738085495446;33.65230138630089;1.936;0;2;2;55;0.5931301926089706;-3;53.69086457416392;288.15;250;206.2744364905358;281.2744364905358;1;;;;0;8.24088304355172;5.423757452960392;5.423757452960392;0;0;28926.70641578875;0;188.4602899587879;188.1385535609188;1.59;1.65;0.2;62.73164546634982;5.140617586053248;6.109717716133812;11;0.6;0.2847985600000001;41.8980065223364;-11.178854864616042;-10.209754734535478;-1;;;0;;;;;;;;;;0;;;;0.2352665506490378;284798.5600000001;1;0;1;0.05752838076147576;0;0.2373584927526507;276296.228031496;0.7470588235294118;0;0.05962176258067864;0
42.5;1780344042.5;0;2260.495000597238;14.3131743524997;46.62432840099988;453.0219028683766;249.6339014767448;0.2706866117447886;0.06767165293619716;6.909370521728172;-1.269030378649459;-0.05988274513499548;447418.8912222854;5163647.539045252;-1;39215;-1.695185498255368;24.85870976520506;35793.38892143672;166.0063540441921;33.58146550786043;38294.93992495464;270.3059258678431;33.64390801909902;1.936;0;2;2;55;0.593130118230756;-3;53.69086485762702;288.15;250;206.2744362983592;281.2744362983592;1;;;;0;8.268531980176534;5.423757442766724;5.423757442766724;0;0;28926.70636142253;0;188.4602899574136;188.1385535595445;1.59;1.65;0.2;62.73164554409176;5.140617613129124;6.109717743209688;11;0.6;0.2847985600000001;41.89800660304559;-11.1788547851344;-10.209754655053836;-1;;;0;;;;;;;;;;0;;;;0.2352665506288266;284798.5600000001;1;0;1;0.05752838076147576;0;0.2373421494548083;276362.6524999999;0.7485380116959064;0;0.05960540803521612;0
42.75;1780344042.75;0;2261.745000299215;14.31317350399976;46.62432822549998;453.0653508694666;260.5230028972044;0.3404297093255957;0.08510742733139892;-3.989289002375209;-0.6061347082222498;-0.04843203070064746;447418.8260941691;5163647.52010997;-1;39215;-1.695185498255368;24.85870976520506;35793.38892143672;166.0063529020207;33.58146553984914;38294.93992224864;269.8750255391825;33.63334766245036;1.912;0;2;2;55;0.5931300205972372;-3;53.69086522971846;288.15;250;206.2744362123747;281.2744362123747;1;;;;0;8.31197998201958;5.423757438205826;5.423757438205826;0;0;28926.70633709774;0;188.4602899567998;188.1385535589307;1.59;1.65;0.2;62.70764563613048;5.132243890458586;6.10134402053915;11;0.6;0.2847985600000001;41.87400669641198;-11.20249065702631;-10.233390526945746;-1;;;0;;;;;;;;;;0;;;;0.2352665506198004;284798.5600000001;1;0;1;0.05752838076147576;0;0.2373260595413587;276428.0471317829;0.75;0;0.05958930704859798;0
43;1780344043;0;2262.995000001192;14.313172404499998;46.6243281005;453.1296053095318;250.051637667507;0.3359837071867725;0.08399592679669312;6.479726728964636;-0.0350964522302614;-0.022606817598182;447418.7417992805;5163647.50695361;-1;39215;-1.695367602872689;24.8587061639549;35793.38932740066;166.0063960877023;33.58127021442547;38294.95685664494;269.4982008981435;33.60419059327866;1.912;0;2;2;55;0.5931296194071596;-3;53.6908667586951;288.15;250;206.2749612421959;281.2749612421959;1;;;;0;8.376229824642394;5.423785287575618;5.423785287575618;0;0;28926.85486706997;0;188.4602937977842;188.1385573999151;1.59;1.65;0.2;62.70761430271302;5.132232938328206;6.101333068408772;11;0.6;0.2847985600000001;41.8739672564156;-11.20252950041911;-10.233429370338546;-1;;;0;;;;;;;;;;0;;;;0.2352666071068662;284798.5600000001;1;0;1;0.05752838076147576;0;0.2373102175995549;276492.4356923077;0.7514450867052024;0;0.05957345376946628;0
43.25;1780344043.25;0;2264.244999995231;14.313171379500006;46.6243278265;453.1764840120854;250.4530756977521;0.3436274095901842;0.08590685239754604;6.077706802197398;0.5136272693680436;-0.01890579628885755;447418.6630635654;5163647.477190878;-1;39215;-1.695367602872689;24.8587061639549;35793.38932740066;166.0063946949985;33.58127031876909;38294.95684780264;269.1344739222592;33.59394495926548;1.912;0;2;2;55;0.5931294981218986;-3;53.6908672209256;288.15;250;206.274960961722;281.2749609617221;1;;;;0;8.42310852965204;5.423785272698282;5.423785272698282;0;0;28926.85478772417;0;188.4602937957786;188.1385573979095;1.59;1.65;0.2;62.70761442750276;5.13223298194671;6.101333112027274;11;0.6;0.2847985600000001;41.87396738553588;-11.20252937325201;-10.233429243171444;-1;;;0;;;;;;;;;;0;;;;0.2352666070773714;284798.5600000001;1;0;1;0.05752838076147576;0;0.2372946175192329;276555.841221374;0.7528735632183908;0;0.05955784252513048;0
43.5;1780344043.5;0;2265.495000597238;14.313170303999524;46.6243276;453.2253082313202;261.9630088548146;0.357181604568422;0.0892954011421055;-5.430809351710704;-0.4560547541663876;0.009343792803077392;447418.5805076991;5163647.452739968;-1;39215;-1.695367602872689;24.8587061639549;35793.38932740066;166.0063932464189;33.58127036361408;38294.95684401194;269.7770176720057;33.57490679275202;1.912;0;2;2;55;0.593129373648646;-3;53.69086769530582;288.15;250;206.2749608411794;281.2749608411794;1;;;;0;8.471932749942198;5.423785266304272;5.423785266304272;0;0;28926.85475362278;0;188.4602937949188;188.1385573970497;1.59;1.65;0.2;62.7076145454997;5.13223302319088;6.101333153271444;11;0.6;0.2847985600000001;41.87396750539401;-11.20252925520695;-10.233429125126386;-1;;;0;;;;;;;;;;0;;;;0.235266607064727;284798.5600000001;1;0;1;0.05752838076147576;0;0.2372792538036684;276618.2860606061;0.7542857142857144;0;0.05954246781479976;0
43.75;1780344043.75;0;2266.745000299215;14.313169154999702;46.62432745099994;453.276493735383;242.0454755038035;0.329609435144336;0.08240235878608398;14.487814297841078;-8.13336633191524;0.04451959428921932;447418.4924000195;5163647.436949774;-1;39215;-1.695367602872689;24.8587061639549;35793.38932740066;166.0063917182643;33.5812703129974;38294.95684832635;274.8463854932054;33.22936964929086;1.416;0;2;2;55;0.5931292448850072;-3;53.69086818603708;288.15;250;206.2749609772362;281.2749609772362;1;;;;0;8.523118252813788;5.42378527352121;5.42378527352121;0;0;28926.85479211312;0;188.4602937958974;188.1385573980283;1.59;1.65;0.2;62.21161465186436;4.952352412923018;5.921452543003582;11;0.6;0.2847985600000001;41.37796760965796;-11.691433055863534;-10.72233292578297;-1;;;0;;;;;;;;;;0;;;;0.2352666070791183;284798.5600000001;1;0;1;0.05752838076147576;0;0.2372641211215289;276679.7918796993;0.7556818181818182;0;0.05952732430312064;0
44;1780344044;0;2267.995000001192;14.3131682035;46.6243271015;453.2933429426522;260.6961063525494;0.820140531331266;0.2050351328328165;-4.16549285401917;-17.89019289428817;0.06073921607917488;447418.4192181242;5163647.398748564;-1;39215;-1.695549705820511;24.85870256326493;35793.38973334078;166.0064350485671;33.58107525414597;38294.97376014041;281.0410340604067;31.85891726744577;0.04842;0;2;2;55;0.5931288455304984;-3;53.69086970801722;288.15;250;206.2754852937231;281.275485293723;1;;;;0;8.539962868904582;5.42381308523145;5.42381308523145;0;0;28927.00312123441;0;188.4602976317581;188.1385612338889;1.59;1.65;0.2;60.84400335959666;4.386576913329402;5.355677043409966;8;0.8333333333333334;0.26474608;40.01034822184039;-13.043165950501752;-12.074065820421188;-1;;;0;;;;;;;;;;0;;;;0.2396239960135977;264746.08;1;0;1;0.06188571328421558;0;0.2372817321281862;276590.7343283582;0.7570621468926554;0;0.05954492422089;0
44.25;1780344044.25;0;2269.244999995232;14.313165567000016;46.62432675300002;453.6119636152842;255.638460636002;1.527099715785988;0.3817749289464971;0.8891749672994702;-18.2215068871411;0.05928439714503482;447418.2170394614;5163647.361782522;-1;39215;-1.695549705820511;24.85870256326493;35793.38973334078;166.0064315406878;33.58107514474933;38294.9737693349;281.2460353982329;31.79540814290657;0.04842;0;2;2;55;0.5931285669450258;-3;53.69087076973416;288.15;250;206.2754855877812;281.2754855877812;1;;;;0;8.858583538961626;5.423813100829446;5.423813100829446;0;0;28927.00320442371;0;188.4602976338435;188.1385612359744;1.59;1.65;0.2;60.8440035897687;4.386577017402845;5.35567714748341;8;0.8333333333333334;0.26474608;40.01034844747224;-13.043165727103904;-12.07406559702334;-1;;;0;;;;;;;;;;0;;;;0.2396239960442673;264746.08;1;0;1;0.06188571328421558;0;0.2372990822312682;276502.9961481482;0.7584269662921348;0;0.05956226339913686;0
44.5;1780344044.5;0;2270.495000597238;14.313160722997254;46.62432590399952;454.5514165206784;256.2631106391682;2.321759107011933;0.5804397767529832;0.2593973746980396;-17.74710213955179;0.0553561009506903;447417.8453774789;5163647.27067419;-1;39215;-1.695549705820511;24.85870256326493;35793.38973334078;166.0064250521202;33.58107516447627;38294.97376725839;280.9615952956478;31.88907735863425;0.1926;0;2;2;55;0.5931280756930988;-3;53.69087264194348;288.15;250;206.2754855347552;281.2754855347552;1;;;;0;6.40115534130456;5.423813098016738;5.423813098016738;0;0;28927.0031894226;0;188.4602976333725;188.1385612355034;1.59;1.65;0.2;60.98818403011556;4.451176730614873;5.420276860695438;8;0.8333333333333334;0.26474608;40.1545288886378;-12.900436549122836;-11.931336419042272;-1;;;0;;;;;;;;;;0;;;;0.2396239960373407;264746.08;1;0;1;0.06188571328421558;0;0.2373161771857246;276416.5482352941;0.7597765363128492;0;0.05957934758946832;0
44.75;1780344044.75;0;2271.745000299215;14.313153333997966;46.62432468049968;453.9069437953582;256.2008190434535;2.924632455236231;0.7311581138090578;0.3178701056166282;-17.06125478632422;0.0632829699719047;447417.2785168203;5163647.139649814;-1;39215;-1.695549705820511;24.85870256326493;35793.38973334078;166.0064151694625;33.58107512132791;38294.97377167686;280.5432565041483;32.00812877121031;0.1926;0;2;2;55;0.5931271522184796;-3;53.69087616139392;288.15;250;206.275485650738;281.275485650738;1;;;;0;5.756682614968838;5.423813104168918;5.423813104168918;0;0;28927.00322223423;0;188.4602976343747;188.1385612365056;1.59;1.65;0.2;60.98818484456868;4.45117709218733;5.420277222267894;8;0.8333333333333334;0.26474608;40.15452970130008;-12.90043574477564;-11.931335614695076;-1;;;0;;;;;;;;;;0;;;;0.2396239960520792;264746.08;1;0;1;0.06188571328421558;0;0.2373330225789097;276331.3623357664;0.7611111111111112;0;0.05959618237556136;0
45;1780344045;0;2272.995000001192;14.31314403799999;46.6243231065;452.8847910507606;256.357512143319;4.025480601566782;1.0063701503916956;0.1613652100562711;-15.83770957326596;0.07871811856143956;447416.5653235897;5163646.97095062;-1;39215;-1.695731792445235;24.85869896342286;35793.3901392244;166.0064473671513;33.58087986502799;38294.99070130319;279.7840448331022;32.20871464849425;0.3701;0;2;2;55;0.5931256906900488;-3;53.69088173141374;288.15;250;206.2760105011763;281.2760105011763;1;;;;0;4.288266729613213;5.42384094438044;5.42384094438044;0;0;28927.15170336235;0;188.4603014742737;188.1385650764046;1.59;1.65;0.2;61.1656544647648;4.529070159901734;5.498170289982298;8;0.8333333333333334;0.26474608;40.33199121771728;-12.724827210574048;-11.755727080493484;-1;;;0;;;;;;;;;;0;;;;0.239624052523234;264746.08;1;0;1;0.06188571328421558;0;0.2373496242451729;276247.4110144927;0.7624309392265194;0;0.05961277317924726;0
45.25;1780344045.25;0;2274.244999995232;14.31313122750005;46.62432098350002;449.2531756360397;256.2986142857887;4.522870328614068;1.130717582153517;0.2255882149159013;-14.400554722966634;0.05843058931531482;447415.5825406969;5163646.743591988;-1;39215;-1.695731792445235;24.85869896342286;35793.3901392244;166.0064302330072;33.58087979525078;38294.99071019334;278.8815896968899;32.46318906446045;0.767;0;2;2;55;0.5931238748456362;-3;53.69088865175532;288.15;250;206.2760106887385;281.2760106887385;1;;;;0;4.921513373796814;5.423840954329542;5.423840954329542;0;0;28927.15175642422;0;188.4603014762902;188.1385650784211;1.59;1.65;0.2;61.56255606833276;4.696843175468232;5.665943305548796;11;0.6;0.2847985600000001;40.7288928183892;-12.332351239219068;-11.363251109138504;-1;;;0;;;;;;;;;;0;;;;0.2352667200301486;284798.5600000001;1;0;1;0.05752838076147576;0;0.2373346393227627;276308.9300719424;0.7637362637362638;0;0.05959777755034244;0
45.5;1780344045.5;0;2275.495000597238;14.313116864992236;46.62431851199858;448.9747737469286;255.6040669166393;5.426272175675988;1.356568043918997;0.9232608345285946;-12.815858782831366;0.04308479162278313;447414.4806039455;5163646.47854393;-1;39215;-1.695731792445235;24.85869896342286;35793.3901392244;166.0064110039715;33.58087980903393;38294.99070985036;277.8764313525542;32.71004921521481;0.9639;0;2;2;55;0.5931221587253106;-3;53.69089519203036;288.15;250;206.2760106516892;281.2760106516892;1;;;;9.712558793874532;4.199463597093257;5.423840952364286;5.423840952364286;0;0;28927.15174594285;0;188.4603014762124;188.1385650783433;1.59;1.65;0.2;61.75945759718148;4.776806705119738;5.745906835200302;11;0.6;0.2847985600000001;40.92579434781001;-12.137798146239742;-11.168698016159178;-1;;;0;;;;;;;;;;0;;;;0.2352667200290045;284798.5600000001;1;0;1;0.05752838076147576;0;0.2373198684706644;276369.5702857143;0.7650273224043716;0;0.05958299614470768;0
45.75;1780344045.75;0;2276.745000299215;14.31309964649572;46.62431551199928;448.9725197139727;257.3194012428979;5.501823381100274;1.375455845275068;-0.7947426801727004;-11.147086743805212;0.04822937108497618;447413.1595107735;5163646.156675506;-1;39215;-1.695731792445235;24.85869896342286;35793.3901392244;166.0063879435004;33.58087986438904;38294.99070592449;276.8099316747423;32.91771536729408;1.143;0;2;2;55;0.5931201279493916;-3;53.69090293147188;288.15;250;206.2760105028938;281.2760105028938;1;;;;9.712558793874532;4.435979104507737;5.423840944471544;5.423840944471544;0;0;28927.15170384823;0;188.4603014753219;188.1385650774528;1.59;1.65;0.2;61.93855941270886;4.847679473683724;5.816779603764288;11;0.6;0.2847985600000001;41.10489616563484;-11.960925762151006;-10.991825632070442;-1;;;0;;;;;;;;;;0;;;;0.2352667200159092;284798.5600000001;1;0;1;0.05752838076147576;0;0.2373053071341058;276429.3503546099;0.766304347826087;0;0.05956842440440106;0
46;1780344046;0;2277.995000001192;14.313082069999984;46.6243128105;448.976890917401;256.2085338634737;6.449361114176166;1.612340278544042;0.3133260893796791;-9.6753037086555;0.06718169224140872;447411.8112993477;5163645.868215108;-1;39215;-1.6959138700724;24.858695364285;35793.39054506785;166.0064091142253;33.58068430904745;38295.00766063748;275.8601570380325;33.06059513707668;1.294;0;2;2;55;0.5931177921629206;-3;53.69091183331612;288.15;250;206.2765361603768;281.2765361603768;1;;;;9.712558793874532;4.328440646333263;5.423868827670898;5.423868827670898;0;0;28927.30041424479;0;188.4603053209093;188.1385689230402;1.59;1.65;0.2;62.08952976202102;4.90605387800725;5.875154008087814;11;0.6;0.2847985600000001;41.25585839872224;-11.811914488139868;-10.842814358059304;-1;;;0;;;;;;;;;;0;;;;0.2352667765707442;284798.5600000001;1;0;1;0.05752838076147576;0;0.2372909512850681;276488.2884507043;0.7675675675675676;0;0.05955405789987342;0
46.25;1780344046.25;0;2279.244999995231;14.313061553500076;46.62430938750002;448.968490108277;256.8377266739957;6.546933562605998;1.636733390651499;-0.3172338260181622;-8.394750213159616;0.05549040016203688;447410.2373125495;5163645.50154445;-1;39215;-1.6959138700724;24.858695364285;35793.39054506785;166.006381668535;33.58068421434866;38295.00766960107;275.0289031742954;33.19353422890657;1.294;0;2;2;55;0.5931153789392536;-3;53.69092103026124;288.15;250;206.2765364149302;281.2765364149302;1;;;;9.712558793874532;5.08111770246569;5.42386884117358;5.42386884117358;0;0;28927.3004862591;0;188.4603053229424;188.1385689250733;1.59;1.65;0.2;62.08953189346972;4.906054693381936;5.8751548234625;11;0.6;0.2847985600000001;41.25586052624064;-11.811912388590792;-10.842812258510226;-1;;;0;;;;;;;;;;0;;;;0.2352667766006435;284798.5600000001;1;0;1;0.05752838076147576;0;0.2372767962173449;276546.4022377623;0.7688172043010754;0;0.05953989232547902;0
46.5;1780344046.5;0;2280.495000597238;14.31304069098913;46.62430601499822;449.5934070352633;256.051080862229;6.881446350178306;1.720361587544576;0.4726758881176636;-7.4595252386148;0.04257250040731974;447408.6368850536;5163645.140716346;-1;39215;-1.6959138700724;24.858695364285;35793.39054506785;166.0063537825781;33.58068400256952;38295.00768810144;274.414732947245;33.28384911561065;1.416;0;2;2;55;0.593112984115126;-3;53.69093015706682;288.15;250;206.2765369841994;281.2765369841994;1;;;;9.712558793874532;5.269480639480436;5.423868871370236;5.423868871370236;0;0;28927.30064730792;0;188.4603053271386;188.1385689292694;1.59;1.65;0.2;62.21153398968312;4.952322089637822;5.921422219718386;11;0.6;0.2847985600000001;41.37786261366438;-11.691536632720376;-10.722436502639812;-1;;;0;;;;;;;;;;0;;;;0.2352667766623542;284798.5600000001;1;0;1;0.05752838076147576;0;0.237262837748213;276603.708888889;0.7700534759358288;0;0.05952592349517344;0
46.75;1780344046.75;0;2281.745000299215;14.313018834994912;46.6243022649991;451.1671625752996;256.6155871788156;7.450392550002836;1.862598137500709;-0.08752867877248402;-6.513288016706832;0.013793186463690906;447406.9600341413;5163644.738604554;-1;39215;-1.6959138700724;24.858695364285;35793.39054506785;166.0063245233754;33.58068400939159;38295.00768746472;273.7906005964755;33.38078039998119;1.819;0;2;2;55;0.593110543710025;-3;53.69093945756582;288.15;250;206.2765369658614;281.2765369658614;1;;;;0;5.591904396151904;5.423868870397506;5.423868870397506;0;0;28927.30064212003;0;188.4603053269941;188.138568929125;1.59;1.65;0.2;62.61453616194974;5.09947152136192;6.068571651442484;11;0.6;0.2847985600000001;41.78086478621416;-11.2942383931279;-10.325138263047336;-1;;;0;;;;;;;;;;0;;;;0.2352667766602302;284798.5600000001;1;0;1;0.05752838076147576;0;0.2372490718096752;276660.2251034483;0.771276595744681;0;0.0595121473383893;0
47;1780344047;0;2282.995000001192;14.312995097499976;46.6242984155;460.8080281958258;256.8860545773674;7.728558287745394;1.932139571936349;-0.3564779814938654;-5.644194054386698;0.003080808662230384;447405.1390454451;5163644.326692358;-1;39215;-1.696095938701031;24.85869176585337;35793.39095087116;166.0063374244852;33.58048855050475;38295.0246279239;273.2171053938985;33.44455501162764;1.819;0;2;2;55;0.5931083010081118;-3;53.69094800459244;288.15;250;206.2770623672953;281.2770623672953;1;;;;0;9.64228079691219;5.42389674019404;5.42389674019404;0;0;28927.44928103488;0;188.4603091693468;188.1385727714777;1.59;1.65;0.2;62.61450644505194;5.099460988946958;6.068561119027522;11;0.6;0.2847985600000001;41.7808269570603;-11.294275662007166;-10.325175531926602;-1;;;0;;;;;;;;;;0;;;;0.2352668331675196;284798.5600000001;1;0;1;0.05752838076147576;0;0.2372354948326742;276715.9671232878;0.7724867724867724;0;0.05949855989608168;0
47.25;1780344047.25;0;2284.244999995232;14.31297046750009;46.62429444050002;465.9395978621068;256.3827411461774;7.639354682979712;1.909838670744928;0.1403309555906807;-4.892754205723136;0.03024181708412904;447403.2496078121;5163643.901430836;-1;39215;-1.696095938701031;24.85869176585337;35793.39095087116;166.0063045041588;33.58048828806815;38295.02464792381;272.7266103113014;33.4557963168874;1.892;0;2;2;55;0.5931058494143552;-3;53.6909573476965;288.15;250;206.2770630727377;281.2770630727377;1;;;;0;5.897141472640954;5.423896777614188;5.423896777614188;0;0;28927.44948060901;0;188.4603091738831;188.138572776014;1.59;1.65;0.2;62.68750858418194;5.125194680517648;6.094294810598212;11;0.6;0.2847985600000001;41.8538290852982;-11.222363740008288;-10.253263609927724;-1;;;0;;;;;;;;;;0;;;;0.2352668332342322;284798.5600000001;1;0;1;0.05752838076147576;0;0.2372221025769025;276770.9507482994;0.7736842105263158;0;0.0594851573169347;0
47.5;1780344047.5;0;2285.495000597238;14.312946154487516;46.62429041699798;465.95971384942;256.4840792021021;7.787295030521442;1.94682375763036;0.06537798826092238;-4.497269778763682;0.01924912586858681;447401.384390389;5163643.470568886;-1;39215;-1.696095938701031;24.85869176585337;35793.39095087116;166.0062719867008;33.58048814089439;38295.02466149321;272.4392938507251;33.48676027426671;1.892;0;2;2;55;0.5931029937227582;-3;53.69096823080732;288.15;250;206.2770634683479;281.277063468348;1;;;;0;5.572408823677678;5.42389679859931;5.42389679859931;0;0;28927.44959252965;0;188.4603091769608;188.1385727790918;1.59;1.65;0.2;62.687511100704;5.125195562783088;6.094295692863652;11;0.6;0.2847985600000001;41.853831595712;-11.222361267396;-10.253261137315436;-1;;;0;;;;;;;;;;0;;;;0.2352668332794948;284798.5600000001;1;0;1;0.05752838076147576;0;0.2372088912978659;276825.1913513515;0.774869109947644;0;0.05947193585372214;0
47.75;1780344047.75;0;2286.745000299215;14.312921370494286;46.62428631599904;466.4404996516952;256.5695214252218;8.247112384294198;2.06177809607355;0.1479667504389124;-4.374977612418376;0.011072180073058934;447399.4830409845;5163643.031410428;-1;39215;-1.696095938701031;24.85869176585337;35793.39095087116;166.0062388394223;33.58048798981349;38295.02467511183;272.1914196094133;33.51285790422296;1.892;0;2;2;55;0.5931001220583566;-3;53.69097917476554;288.15;250;206.2770638744608;281.2770638744608;1;;;;0;6.299746136068508;5.423896820141542;5.423896820141542;0;0;28927.44970742155;0;188.4603091800497;188.1385727821807;1.59;1.65;0.2;62.68751363085582;5.125196449826634;6.094296579907198;11;0.6;0.2847985600000001;41.85383411959342;-11.222358781518896;-10.253258651438332;-1;;;0;;;;;;;;;;0;;;;0.2352668333249216;284798.5600000001;1;0;1;0.05752838076147576;0;0.2371958573517388;276878.7038926176;0.7760416666666666;0;0.05945889185981444;0
48;1780344048;0;2287.995000001192;14.312895107499974;46.6242820175;467.4656571568594;256.2944763308088;7.927640035406368;1.981910008851592;1.367960718056984;-4.189153478721355;0.1641240681343936;447397.4682727488;5163642.571293632;-1;39215;-1.696277998330155;24.8586881681239;35793.39135663428;166.0062483536593;33.58029256894786;38295.04161814122;271.1253678310609;33.43554170468405;1.93;0;2;2;55;0.5930968452692784;-3;53.69099166262924;288.15;250;206.277589176918;281.277589176918;1;;;;0;5.76007970555446;5.423924684867196;5.423924684867196;0;0;28927.59831929172;0;188.4603130229837;188.1385766251147;1.59;1.65;0.2;62.72548483838416;5.138470977163634;6.107571107244198;11;0.6;0.2847985600000001;41.89179721640903;-11.184969796652322;-10.215869666571758;-1;;;0;;;;;;;;;;0;;;;0.2352668898407843;284798.5600000001;1;0;1;0.05752838076147576;0;0.2371829975683324;276931.5029333335;0.7772020725388602;0;0.0594460217858255;0
48.25;1780344048.25;0;2289.244999995232;14.312869885500106;46.62427781800002;465.8907321600024;256.6125707169876;8.721836672847224;2.180459168211806;2.733471173405498;-4.055993022467566;0.5171791107404938;447395.5332950264;5163642.121483482;-1;39215;-1.696277998330155;24.8586881681239;35793.39135663428;166.0062146152323;33.58029244533837;38295.04163080207;269.3637071714536;33.20408538164424;1.649;0;2;2;55;0.5930937452850754;-3;53.691003476658;288.15;250;206.2775895091884;281.2775895091884;1;;;;0;5.214207440162966;5.423924702492572;5.423924702492572;0;0;28927.59841329372;0;188.4603130258554;188.1385766279863;1.59;1.65;0.2;62.4444875757662;5.038437574174824;6.007537704255388;11;0.6;0.2847985600000001;41.61079994866077;-11.461832424212934;-10.49273229413237;-1;;;0;;;;;;;;;;0;;;;0.2352668898830164;284798.5600000001;1;0;1;0.05752838076147576;0;0.2371703081134628;276983.6026490068;0.7783505154639176;0;0.05943332217639272;0
48.5;1780344048.5;0;2290.495000597238;14.312842111986622;46.6242732684978;461.2307476518488;256.450205827098;8.353294457434998;2.08832361435875;5.867029469541512;-2.548212107575427;1.310455455131369;447393.4026428095;5163641.63448506;-1;39215;-1.696277998330155;24.8586881681239;35793.39135663428;166.0061774793803;33.58029223356363;38295.04165309419;265.449579986991;32.51677997090612;1.448;0;2;2;55;0.5930900852195326;-3;53.69101742511664;288.15;250;206.2775900784528;281.2775900784528;1;;;;0;2.861870632102751;5.423924732689358;5.423924732689358;0;0;28927.59857434324;0;188.4603130309116;188.1385766330425;1.59;1.65;0.2;62.24349079664614;4.964308095529822;5.933408225610386;11;0.6;0.2847985600000001;41.40980316075127;-11.66002936202873;-10.690929231948166;-1;;;0;;;;;;;;;;0;;;;0.2352668899573749;284798.5600000001;1;0;1;0.05752838076147576;0;0.2371577856255938;277035.0168421055;0.7794871794871796;0;0.05942078966708406;0
48.75;1780344048.75;0;2291.745000299215;14.312815527493868;46.62426886699898;457.4991045645146;256.850905876759;8.723618019841026;2.180904504960256;9.50724771022639;4.969781429343528;2.499431684935514;447391.3631610028;5163641.163139692;-1;39215;-1.696277998330155;24.8586881681239;35793.39135663428;166.0061419235955;33.58029207949088;38295.04166982315;256.8313026032036;30.11945626804703;0.9034;0;2;2;55;0.593086641989641;-3;53.69103054717994;288.15;250;206.2775904926104;281.2775904926104;1;;;;6.475039195916356;6.397395228901928;5.423924754658466;5.423924754658466;0;0;28927.59869151182;0;188.460313034706;188.1385766368368;1.59;1.65;0.2;61.69889383409206;4.752440349505288;5.721540479585852;11;0.6;0.2847985600000001;40.86520619180252;-12.197652432935016;-11.228552302854452;-1;;;0;;;;;;;;;;0;;;;0.2352668900131767;284798.5600000001;1;0;1;0.05752838076147576;0;0.2371454268307414;277085.7589542486;0.7806122448979592;0;0.05940842098142648;0
49;1780344049;0;2292.995000001192;14.312787713499972;46.624264418;460.689581453634;257.6163593823684;7.849631876275812;1.962407969068953;13.337168544272706;12.667382944420896;3.901162297141404;447389.2295064404;5163640.687337482;-1;39215;-1.696460048958815;24.85868457109874;35793.39176235721;166.0061493830101;33.58009654368152;38295.05862126003;248.4162285498783;25.88792381002902;0.8263;0;2;2;55;0.5930833727887406;-3;53.6910430059893;288.15;250;206.2781161072703;281.2781161072703;1;;;;1.618759798979089;5.92917415900638;5.423952636124338;5.423952636124338;0;0;28927.74739266313;0;188.4603168795451;188.1385804816761;1.59;1.65;0.2;61.62176501615802;4.721114975794316;5.69021510587488;11;0.6;0.2847985600000001;40.78806925835059;-12.27386956941115;-11.304769439330586;-1;;;0;;;;;;;;;;0;;;;0.2352669465570837;284798.5600000001;1;0;1;0.05752838076147576;0;0.2371332289068865;277135.8420779223;0.7817258883248732;0;0.05939621292805018;0
49.25;1780344049.25;0;2294.244999995231;14.3127626040001;46.62426066500002;464.1209160067454;258.1824755134486;7.619214484560788;1.904803621140197;15.56627660725238;12.709694027139246;4.492043810103423;447387.3035726612;5163640.287069324;-1;39215;-1.696460048958815;24.85868457109874;35793.39176235721;166.0061158845141;33.58009596106231;38295.05866958148;245.9833835970146;24.83837895443963;0.886;0;2;2;55;0.593080733517469;-3;53.69105306413502;288.15;250;206.2781176733985;281.2781176733985;1;;;;0;4.571400822280624;5.423952719200576;5.423952719200576;0;0;28927.74783573641;0;188.4603168905052;188.1385804926361;1.59;1.65;0.2;61.68146727007838;4.745391543718942;5.714491673799506;11;0.6;0.2847985600000001;40.84777148808985;-12.214877827432208;-11.245777697351644;-1;;;0;;;;;;;;;;0;;;;0.2352669467182667;284798.5600000001;1;0;1;0.05752838076147576;0;0.2371211883766373;277185.2789677422;0.782828282828283;0;0.05938416239794324;0
49.5;1780344049.5;0;2295.495000597238;14.312738187989488;46.62425716249852;463.118952539585;258.0001094531277;6.9651985972763;1.741299649319075;17.11945108411022;12.293050283991822;4.558546611458374;447385.4309725154;5163639.914173868;-1;39215;-1.696460048958815;24.85868457109874;35793.39176235721;166.0060833418716;33.58009524432245;38295.0587321782;244.9704691020412;24.72412145995825;1.06;0;2;2;55;0.59307780328268;-3;53.69106423110464;288.15;250;206.278119600054;281.278119600054;1;;;;0;2.825083090202952;5.423952821401216;5.423952821401216;0;0;28927.74838080649;0;188.4603169047031;188.1385805068339;1.59;1.65;0.2;61.85546976047218;4.815019485257804;5.784119615338368;11;0.6;0.2847985600000001;41.02177394873599;-12.043001989471012;-11.073901859390448;-1;;;0;;;;;;;;;;0;;;;0.2352669469270669;284798.5600000001;1;0;1;0.05752838076147576;0;0.2371093022134991;277234.0820512823;0.7839195979899498;0;0.05937226636181204;0
49.75;1780344049.75;0;2296.745000299215;14.312715889994614;46.6242538884992;463.2129252434788;258.1041217007419;6.650546156175304;1.662636539043826;16.88671240149875;11.805251357181012;4.154440666883527;447383.7207416236;5163639.565255988;-1;39215;-1.696460048958815;24.85868457109874;35793.39176235721;166.0060536064726;33.5800946683148;38295.05878201145;245.2502485917045;25.31574676410916;0.886;0;2;2;55;0.5930752099588714;-3;53.6910741141023;288.15;250;206.2781211484099;281.2781211484098;1;;;;1.618759798979089;3.474063270724003;5.423952903534716;5.423952903534716;0;0;28927.74881885182;0;188.460316916006;188.1385805181369;1.59;1.65;0.2;61.68147197409488;4.745393448702008;5.714493578782572;11;0.6;0.2847985600000001;40.84777613845199;-12.214873232788542;-11.245773102707978;-1;;;0;;;;;;;;;;0;;;;0.2352669470932927;284798.5600000001;1;0;1;0.05752838076147576;0;0.2370975674675105;277282.2634394907;0.785;0;0.05936052186754238;0
50;1780344050;0;2297.995000001192;14.312694583999978;46.624250812;464.7102626063438;257.2055843446693;5.547234460922914;1.386808615230729;16.81347441088943;12.2593226065355;3.891919488759817;447382.0866460778;5163639.237622296;-1;39215;-1.69664209058604;24.85868097478001;35793.39216804;166.006069829014;33.57989887053518;38295.07575651832;245.8502493998492;25.52387407279966;1.157;0;2;2;55;0.5930725746925394;-3;53.6910841569191;288.15;250;206.2786474705228;281.2786474705228;1;;;;1.618759798979089;5.406236387024934;5.42398082270883;5.42398082270883;0;0;28927.89772111376;0;188.4603207660761;188.138584368207;1.59;1.65;0.2;61.95244254921216;4.853099564956968;5.822199695037532;11;0.6;0.2847985600000001;41.11873858714361;-11.947259458337046;-10.978159328256482;-1;;;0;;;;;;;;;;0;;;;0.235267003714153;284798.5600000001;1;0;1;0.05752838076147576;0;0.2370859816209703;277329.8349367091;0.7860696517412936;0;0.05934892603775714;0
50.25;1780344050.25;0;2299.244999995232;14.31267684750007;46.62424813450002;464.1636938723732;258.8260056429026;5.261230682168682;1.31530767054217;13.990441818168132;14.947371447873572;4.14882647808313;447380.726205376;5163638.951942438;-1;39215;-1.69664209058604;24.85868097478001;35793.39216804;166.0060461613443;33.57989849076663;38295.07578991103;245.6497132451961;24.41243785084863;0.886;0;2;2;55;0.5930704554145578;-3;53.69109223332464;288.15;250;206.278648491378;281.278648491378;1;;;;1.618759798979089;4.273424959395243;5.423980876861084;5.423980876861084;0;0;28927.89800992577;0;188.4603207736501;188.1385843757809;1.59;1.65;0.2;61.68144437281104;4.745382271007202;5.714482401087766;11;0.6;0.2847985600000001;40.84774039498044;-12.21490854799997;-11.245808417919406;-1;;;0;;;;;;;;;;0;;;;0.2352670038255391;284798.5600000001;1;0;1;0.05752838076147576;0;0.2370745415090494;277376.8080503147;0.7871287128712872;0;0.05933747606746606;0
50.5;1780344050.5;0;2300.495000597238;14.312659959992834;46.62424580899892;463.7095369642856;258.0551557445837;4.70531026434336;1.17632756608584;13.796269428008622;17.6864421840873;4.38192378776534;447379.4311016312;5163638.704809718;-1;39215;-1.69664209058604;24.85868097478001;35793.39216804;166.0060236733265;33.57989789189674;38295.07584180386;245.2366545354116;23.28305598602992;0.3296;0;2;2;55;0.5930684535901258;-3;53.69109986211102;288.15;250;206.2786501011994;281.2786501011994;1;;;;1.618759798979089;4.020836626631194;5.42398096225561;5.42398096225561;0;0;28927.89846536325;0;188.4603207854201;188.138584387551;1.59;1.65;0.2;61.12504605647786;4.511404252899446;5.48050438298001;8;0.8333333333333334;0.26474608;40.2913420537916;-12.765045292809148;-11.795945162728584;-1;;;0;;;;;;;;;;0;;;;0.2396243365213748;264746.08;1;0;1;0.06188571328421558;0;0.2370904777278764;277297.8660000003;0.788177339901478;0;0.05935340255007076;0
50.75;1780344050.75;0;2301.745000299215;14.31264488549638;46.6242436334995;463.1803340042474;258.7418626135083;3.936003721115658;0.9840009302789146;12.922158702876082;19.5091300714097;4.645294607459066;447378.2749411104;5163638.473134878;-1;39215;-1.69664209058604;24.85868097478001;35793.39216804;166.0060035787643;33.57989746307696;38295.0758792297;244.609261170823;22.32253511248945;0.1179;0;2;2;55;0.5930666514931824;-3;53.69110672974198;288.15;250;206.2786512539092;281.2786512539093;1;;;;1.618759798979089;3.718196146406229;5.423981023402218;5.423981023402218;0;0;28927.8987914785;0;188.4603207939088;188.1385843960397;1.59;1.65;0.2;60.91334758999032;4.417794190068296;5.38689432014886;8;0.8333333333333334;0.26474608;40.07964356950626;-12.97456215075593;-12.005462020675366;-1;;;0;;;;;;;;;;0;;;;0.2396243366462139;264746.08;1;0;1;0.06188571328421558;0;0.2371062159820275;277219.9045962736;0.7892156862745098;0;0.05936913118817104;0
51;1780344051;0;2302.995000001192;14.312632247999988;46.6242419065;462.9816395470548;259.2443350688755;3.458725710813533;0.8646814277033834;12.984410720645612;21.24237422500216;5.21296980914916;447377.3057836025;5163638.289669958;-1;39215;-1.696824130534465;24.8586773790201;35793.39257369891;166.0060313761161;33.57970181181269;38295.09284205032;243.4665737843656;20.89912015225253;-0.1062;0;2;2;55;0.5930648861737492;-3;53.69111345720744;288.15;250;206.2791771854242;281.2791771854242;1;;;;3.237519597958178;3.858731444706678;5.424008922037326;5.424008922037326;0;0;28928.04758419907;0;188.4603246413266;188.1385882434575;1.59;1.65;0.2;60.68921741436324;4.315905658369655;5.28500578845022;8;0.8333333333333334;0.26474608;39.85550527349958;-13.196502531094434;-12.22740240101387;-1;;;0;;;;;;;;;;0;;;;0.239624393228093;264746.08;1;0;1;0.06188571328421558;0;0.2371217602860156;277142.9056790126;0.7902439024390244;0;0.05938466564555402;0
51.25;1780344051.25;0;2304.244999995232;14.312621138000038;46.62424040600002;462.858886171051;257.557533462131;2.614200842435244;0.653550210608811;16.04855772525449;22.66154814384557;6.053504373297616;447376.4537854843;5163638.130353734;-1;39215;-1.696824130534465;24.8586773790201;35793.39257369891;166.0060165878217;33.57970138644361;38295.09287873787;241.8661575411818;19.10421683608879;-0.5683;0;2;2;55;0.5930635856083978;-3;53.69111841353288;288.15;250;206.2791783288653;281.2791783288652;1;;;;3.237519597958178;3.722702892181872;5.424008982692652;5.424008982692652;0;0;28928.04790769414;0;188.4603246496479;188.1385882517788;1.59;1.65;0.2;60.22711850236486;4.096756392041955;5.06585652212252;7;0.8;0.25395136;39.3934063438465;-13.654409722244466;-12.685309592163902;-1;;;0;;;;;;;;;;0;;;;0.2422549716899728;253951.36;1;0;1;0.0645162916237188;0;0.2371532523805184;277000.626257669;0.7912621359223302;0;0.05941614801351822;0
51.5;1780344051.5;0;2305.495000597238;14.312612776496834;46.62423915349958;463.957676188042;258.0936310114817;1.719615859805802;0.4299039649514505;16.51705540621457;21.14310880941932;6.010243216955948;447375.812443288;5163637.99676;-1;39215;-1.696824130534465;24.8586773790201;35793.39257369891;166.0060054322613;33.5797011953804;38295.09289460757;241.6509225190386;19.57307155884021;-0.1316;0;2;2;55;0.5930627028572008;-3;53.69112177760708;288.15;250;206.2791788424652;281.2791788424652;1;;;;3.237519597958178;4.799459204274854;5.42400900993723;5.42400900993723;0;0;28928.04805299856;0;188.4603246532473;188.1385882553783;1.59;1.65;0.2;60.66381925681156;4.304178708185288;5.273278838265852;8;0.8333333333333334;0.26474608;39.83010709036327;-13.22165866973597;-12.252558539655406;-1;;;0;;;;;;;;;;0;;;;0.2396243934034051;264746.08;1;0;1;0.06188571328421558;0;0.2371683203135848;276925.9034146344;0.7922705314009662;0;0.05943120633833954;0
51.75;1780344051.75;0;2306.745000299215;14.312607268998862;46.62423835299982;463.7144326830034;262.8244709254666;0.7903179565907046;0.1975794891476762;11.785199280095726;15.760694100153288;4.588347121843796;447375.3900320934;5163637.91148657;-1;39215;-1.696824130534465;24.8586773790201;35793.39257369891;166.0059980895078;33.57970104478684;38295.09290779826;243.764694345006;23.29545483032024;0.6259;0;2;2;55;0.5930620399316372;-3;53.6911243039468;288.15;250;206.279179247278;281.279179247278;1;;;;1.618759798979089;4.056820490772452;5.424009031411058;5.424009031411058;0;0;28928.04816752564;0;188.4603246562392;188.1385882583701;1.59;1.65;0.2;61.42131982208022;4.63815533534902;5.607255465429584;11;0.6;0.2847985600000001;40.5876076493816;-12.472014981180334;-11.50291485109977;-1;;;0;;;;;;;;;;0;;;;0.2352670609246647;284798.5600000001;1;0;1;0.05752838076147576;0;0.2371567975294095;276973.6164848487;0.7932692307692308;0;0.05941967406211612;0
52;1780344052;0;2307.995000001192;14.312604707999996;46.6242381005;463.6104043667624;269.9740007869323;0.011337064938597528;0.002834266234649382;3.984972633538791;9.764979413855016;2.853001161143343;447375.193725969;5163637.885138966;-1;39215;-1.697006154155553;24.8586737841082;35793.39297930135;166.0060393184278;33.5795056764831;38295.10984607829;246.982964839582;27.481075805305;1.511;0;2;2;55;0.5930614580478414;-3;53.69112652144372;288.15;250;206.2797044213945;281.2797044213945;1;;;;1.618759798979089;3.952782977440222;5.424036890048638;5.424036890048638;0;0;28928.19674692607;0;188.4603284980891;188.13859210022;1.59;1.65;0.2;62.30638863923228;4.987738369414836;5.9568384994954;11;0.6;0.2847985600000001;41.47266835786354;-11.598026172915236;-10.628926042834672;-1;;;0;;;;;;;;;;0;;;;0.2352671174246853;284798.5600000001;1;0;1;0.05752838076147576;0;0.2371454139143208;277020.7546987955;0.7942583732057418;0;0.05940828072897974;0
52.25;1780344052.25;0;2309.244999995231;14.312604720499998;46.6242381245;463.6082466077308;81.92848543874376;0.4829453485530446;0.12073633713826114;191.1570340617987;3.883958465641877;1.251963171918908;447375.1947061827;5163637.887797466;-1;39215;-1.697006154155553;24.8586737841082;35793.39297930135;166.0060393397264;33.57950565332142;38295.10984804532;250.7839623906442;31.17952793753445;1.663;0;2;2;55;0.5930614603462918;-3;53.69112651268456;288.15;250;206.2797044836561;281.2797044836562;1;;;;1.618759798979089;3.950625217318248;5.42403689335141;5.42403689335141;0;0;28928.19676454085;0;188.4603284985352;188.1385921006661;1.59;1.65;0.2;62.4583886334387;5.043484539221242;6.012584669301806;11;0.6;0.2847985600000001;41.62466835110866;-11.448161958727522;-10.479061828646958;-1;;;0;;;;;;;;;;0;;;;0.2352671174312465;284798.5600000001;1;0;1;0.05752838076147576;0;0.237134166629991;277067.3283832338;0.7952380952380952;0;0.05939702384294678;0
52.5;1780344052.5;0;2310.495000597238;14.312606291001074;46.62423824950006;463.777027055304;79.62752696083062;0.749026576390742;0.1872566440976855;192.9050669618278;-4.56917186844211;0.02345198027458412;447375.3150595836;5163637.900638772;-1;39215;-1.697006154155553;24.8586737841082;35793.39297930135;166.0060414119884;33.57950580556954;38295.10983493962;256.4750837592236;34.74241351248125;1.539;0;2;2;55;0.5930616531032896;-3;53.69112577810838;288.15;250;206.2797040743932;281.2797040743932;1;;;;1.618759798979089;4.11940567205869;5.42403687164138;5.42403687164138;0;0;28928.19664875402;0;188.4603284955627;188.1385920976936;1.59;1.65;0.2;62.33438848664608;4.9981002691379;5.967200399218464;11;0.6;0.2847985600000001;41.50066821063502;-11.570414233273504;-10.601314103192938;-1;;;0;;;;;;;;;;0;;;;0.2352671173875307;284798.5600000001;1;0;1;0.05752838076147576;0;0.237123053241643;277113.3476190479;0.7962085308056872;0;0.05938590096746182;0
52.75;1780344052.75;0;2311.745000299215;14.312608690000598;46.62423859800012;463.9405171168662;74.81265304412268;0.508075650011264;0.127018912502816;197.6695544560865;-13.617091205490694;-1.0153596713427076;447375.4990566129;5163637.937761952;-1;39215;-1.697006154155553;24.8586737841082;35793.39297930135;166.0060446103546;33.57950587129236;38295.1098291453;262.810981873242;37.39019047311216;1.328;0;2;2;55;0.5930619467738024;-3;53.6911246589614;288.15;250;206.2797038977215;281.2797038977216;1;;;;1.618759798979089;4.282895736714807;5.424036862269544;5.424036862269544;0;0;28928.19659877091;0;188.4603284942484;188.1385920963794;1.59;1.65;0.2;62.12338823608506;4.91897510827779;5.888075238358354;11;0.6;0.2847985600000001;41.28966796280182;-11.778551111548452;-10.809450981467888;-1;;;0;;;;;;;;;;0;;;;0.2352671173682029;284798.5600000001;1;0;1;0.05752838076147576;0;0.2371120713725694;277158.822248521;0.7971698113207548;0;0.05937490972363942;0
53;1780344053;0;2312.995000001192;14.3126102945;46.624238899;463.9460369815438;334.0980285137681;0.2430399171760636;0.0607599792940159;-61.21618999450704;-18.64654885903664;-1.620016671166741;447375.6221833589;5163637.97013742;-1;39215;-1.697188168772306;24.85867018990086;35793.39338486359;166.0060913788243;33.57931068164764;38295.12675200764;266.1622732489625;38.58567596918688;2.05;0;2;2;55;0.593061857529462;-3;53.69112499906208;288.15;250;206.2802285947878;281.2802285947878;1;;;;1.618759798979089;4.288406412690904;5.424064695779568;5.424064695779568;0;0;28928.3450441577;0;188.4603323325997;188.1385959347306;1.59;1.65;0.2;62.84535664361494;5.179883801166302;6.148983931246866;11;0.6;0.2847985600000001;42.01162826904226;-11.06698369772365;-10.097883567643086;-1;;;0;;;;;;;;;;0;;;;0.2352671738167955;284798.5600000001;1;0;1;0.05752838076147576;0;0.237101219034006;277203.7618823532;0.7981220657276996;0;0.05936404778856786;0
53.25;1780344053.25;0;2314.244999995232;14.31260968350001;46.624239249;463.9122506467816;277.8628668751624;0.9858098279235812;0.2464524569808953;-4.601201391953826;-19.01348055852066;-1.639356324816941;447375.5757464247;5163638.009436856;-1;39215;-1.697188168772306;24.85867018990086;35793.39338486359;166.0060906558764;33.57931019995891;38295.12679294718;266.0694687664331;38.75143657762432;2.05;0;2;2;55;0.59306180369659;-3;53.69112520421342;288.15;250;206.2802298896384;281.2802298896384;1;;;;1.618759798979089;4.254620055252758;5.424064764467494;5.424064764467494;0;0;28928.34541049331;0;188.4603323418854;188.1385959440162;1.59;1.65;0.2;62.84535661353068;5.17988379086666;6.148983920947226;11;0.6;0.2847985600000001;42.0116282189656;-11.066983747018802;-10.097883616938236;-1;;;0;;;;;;;;;;0;;;;0.2352671739533551;284798.5600000001;1;0;1;0.05752838076147576;0;0.2370904936241777;277248.1759064331;0.7990654205607478;0;0.0593533128936726;0
53.5;1780344053.5;0;2315.495000597238;14.31260646949767;46.62423944950006;463.6855885409052;273.503044499009;1.766441166922555;0.4416102917306388;-0.05594818643441158;-18.45945164689183;-1.527781600655968;447375.3298875361;5163638.033861924;-1;39215;-1.697188168772306;24.85867018990086;35793.39338486359;166.006086510347;33.57930940470123;38295.12686074889;265.4658707402015;38.6583370324012;1.833;0;2;2;55;0.5930614404720698;-3;53.69112658842308;288.15;250;206.2802320274089;281.2802320274089;1;;;;1.618759798979089;4.027957911938984;5.424064877869784;5.424064877869784;0;0;28928.34601530551;0;188.4603323572637;188.1385959593947;1.59;1.65;0.2;62.62835680787172;5.104364864459472;6.073464994540036;11;0.6;0.2847985600000001;41.79462838029969;-11.280678966334936;-10.311578836254372;-1;;;0;;;;;;;;;;0;;;;0.2352671741795173;284798.5600000001;1;0;1;0.05752838076147576;0;0.237079892929732;277292.0734883724;0.8;0;0.05934270282313656;0
53.75;1780344053.75;0;2316.745000299215;14.312600700498474;46.6242397235001;462.2495142408082;272.0881501636878;2.647560324661749;0.6618900811654372;1.263438640965864;-17.34868403060858;-1.300159194498566;447374.888497934;5163638.06816004;-1;39215;-1.697188168772306;24.85867018990086;35793.39338486359;166.0060790513572;33.57930806954379;38295.12697529333;264.7238366089008;38.30752481583251;1.637;0;2;2;55;0.593060696594677;-3;53.69112942325872;288.15;250;206.28023561651;281.28023561651;1;;;;1.618759798979089;2.591883548988278;5.424065068260802;5.424065068260802;0;0;28928.34703072428;0;188.4603323832441;188.138595985375;1.59;1.65;0.2;62.43235725324744;5.034025087998916;6.00312521807948;11;0.6;0.2847985600000001;41.59862877025992;-11.473830401919332;-10.504730271838766;-1;;;0;;;;;;;;;;0;;;;0.2352671745615964;284798.5600000001;1;0;1;0.05752838076147576;0;0.2370694147888757;277335.4635838153;0.800925925925926;0;0.0593322154123755;0
54;1780344054;0;2317.995000001192;14.312592036999992;46.6242398995;461.6451854303268;270.9078419623696;3.540325733287035;0.8850814333217586;2.194931066348855;-15.525516633798696;-0.9961143636111436;447374.2254202623;5163638.09350106;-1;39215;-1.69737017438377;24.85866659640036;35793.39379038563;166.006112412839;33.57911115996203;38295.14404502895;263.6140414469253;37.75005273197155;1.442;0;2;2;55;0.5930594213117848;-3;53.6911342832188;288.15;250;206.2807649403023;281.2807649403024;1;;;;1.618759798979089;2.317837216863609;5.424093147387086;5.424093147387086;0;0;28928.49678606446;0;188.4603362549066;188.1385998570375;1.59;1.65;0.2;62.23732643693772;4.962000325337986;5.93110045541855;11;0.6;0.2847985600000001;41.40358978123996;-11.66615821004707;-10.697058079966506;-1;;;0;;;;;;;;;;0;;;;0.2352672315001056;284798.5600000001;1;0;1;0.05752838076147576;0;0.2370590574136529;277378.3549425291;0.8018433179723502;0;0.05932184854656574;0
54.25;1780344054.25;0;2319.244999995232;14.312580448000044;46.62424;461.8202613400352;270.0000036891961;4.013365033441718;1.0033412583604296;2.91774650157481;-13.938484796660794;-0.7475818614731614;447373.3383029072;5163638.112405962;-1;39215;-1.69737017438377;24.85866659640036;35793.39379038563;166.0060973349877;33.5791089508033;38295.14423296591;262.6369954476469;37.26694470489657;1.323;0;2;2;55;0.5930581675985188;-3;53.69113906097458;288.15;250;206.2807708788855;281.2807708788855;1;;;;3.237519597958178;2.711196871655659;5.424093462413114;5.424093462413114;0;0;28928.49846620327;0;188.4603362975334;188.1385998996643;1.59;1.65;0.2;62.11832719457338;4.917047648684102;5.886147778764666;11;0.6;0.2847985600000001;41.28459044718454;-11.783561399866088;-10.814461269785524;-1;;;0;;;;;;;;;;0;;;;0.2352672321269958;284798.5600000001;1;0;1;0.05752838076147576;0;0.2370488184120148;277420.7561142861;0.8027522935779816;0;0.05931160015922236;0
54.5;1780344054.5;0;2320.495000597238;14.312567309492892;46.62424;461.6154305224832;270.352945486088;4.498410798077209;1.124602699519302;2.49223805829421;-11.959703614265154;-0.4355826025116706;447372.3324631149;5163638.121178142;-1;39215;-1.69737017438377;24.85866659640036;35793.39379038563;166.0060802173564;33.57910656750509;38295.14443600513;261.2884587648906;36.66528557349852;1.261;0;2;2;55;0.5930567065330892;-3;53.69114462891928;288.15;250;206.2807772855848;281.2807772855848;1;;;;3.237519597958178;2.656054606512612;5.42409380227148;5.42409380227148;0;0;28928.50027878122;0;188.4603363435856;188.1385999457165;1.59;1.65;0.2;62.05632810840636;4.893322759801346;5.86242288988191;11;0.6;0.2847985600000001;41.22259126209881;-11.844745928873948;-10.875645798793384;-1;;;0;;;;;;;;;;0;;;;0.2352672328042617;284798.5600000001;1;0;1;0.05752838076147576;0;0.2370386957665162;277462.6754545458;0.8036529680365296;0;0.05930146823082608;0
54.75;1780344054.75;0;2321.745000299215;14.3125525834965;46.62424007450002;461.7522813810574;270.181822612588;5.136113968047574;1.284028492011893;2.737588708237288;-9.340357915220538;-0.09245795379452574;447371.2051627016;5163638.139288764;-1;39215;-1.69737017438377;24.85866659640036;35793.39379038563;166.0060610470108;33.57910381683402;38295.14467007622;259.3719470786862;35.90037259500145;1.281;0;2;2;55;0.5930551036831934;-3;53.69115073717996;288.15;250;206.2807846798435;281.2807846798435;1;;;;3.237519597958178;3.062772214210838;5.424094194517286;5.424094194517286;0;0;28928.50237075886;0;188.4603363966763;188.1385999988072;1.59;1.65;0.2;62.07632908893926;4.900999288053344;5.870099418133908;11;0.6;0.2847985600000001;41.24259212846516;-11.825006616627104;-10.85590648654654;-1;;;0;;;;;;;;;;0;;;;0.2352672335850388;284798.5600000001;1;0;1;0.05752838076147576;0;0.2370286875056039;277504.1211299439;0.8045454545454546;0;0.0592914507874964;0
55;1780344055;0;2322.995000001192;14.312535769499984;46.6242401;462.3610432943938;270.0000048055904;5.198520299434328;1.299630074858582;3.21352289982502;-6.82385783779347;0.217655058281794;447369.9179645563;5163638.153348938;-1;39215;-1.697552170988944;24.85866300360208;35793.39419586752;166.0060837552043;33.57890559624002;38295.16185067821;257.3573938702836;35.1293197467478;1.42;0;2;2;55;0.5930530295743502;-3;53.69115864133784;288.15;250;206.281317531263;281.2813175312631;1;;;;3.237519597958178;3.92383946634061;5.42412246096437;5.42412246096437;0;0;28928.65312514331;0;188.4603402934831;188.138603895614;1.59;1.65;0.2;62.2152987707734;4.953737006924572;5.922837137005136;11;0.6;0.2847985600000001;41.38155358313895;-11.687895571095248;-10.718795441014684;-1;;;0;;;;;;;;;;0;;;;0.2352672908933585;284798.5600000001;1;0;1;0.05752838076147576;0;0.2370187920190183;277545.1011235959;0.8054298642533938;0;0.05928154589970978;0
55.25;1780344055.25;0;2324.244999995231;14.312518751500074;46.6242401735;463.210033050411;271.4917845699181;5.934526501049228;1.483631625262307;2.609803259927185;-4.586373399835884;0.6004269976671948;447368.6151951212;5163638.172879332;-1;39215;-1.697552170988944;24.85866300360208;35793.39419586752;166.0060615985546;33.57890242993316;38295.1621196664;255.0048422118882;34.31036256513549;1.673;0;2;2;55;0.5930512356952712;-3;53.69116547756602;288.15;250;206.2813260428733;281.2813260428733;1;;;;3.237519597958178;5.396120014396956;5.424122912485686;5.424122912485686;0;0;28928.65553325699;0;188.4603403544935;188.1386039566243;1.59;1.65;0.2;62.46829985403748;5.047076659379664;6.016176789460228;11;0.6;0.2847985600000001;41.63455453498489;-11.438417256403796;-10.469317126323232;-1;;;0;;;;;;;;;;0;;;;0.2352672917906065;284798.5600000001;1;0;1;0.05752838076147576;0;0.2370090071015412;277585.6232402239;0.8063063063063064;0;0.05927175168106042;0
55.5;1780344055.5;0;2325.495000597238;14.312499329490504;46.62424049900012;463.36868792926;270.814680924095;5.753060515070258;1.438265128767565;5.01633554625702;-3.186074226441013;1.08143660432472;447367.1286270577;5163638.22201715;-1;39215;-1.697552170988944;24.85866300360208;35793.39419586752;166.006036362462;33.57889856131475;38295.16244883581;252.4392848610031;33.5758596849166;1.966;0;2;2;55;0.5930491303538872;-3;53.69117350072186;288.15;250;206.2813364424261;281.2813364424261;1;;;;0;6.365866972680068;5.424123464158076;5.424123464158076;0;0;28928.65847550974;0;188.4603404291538;188.1386040312847;1.59;1.65;0.2;62.7613011005644;5.150923052589432;6.120023182669996;11;0.6;0.2847985600000001;41.92755562094422;-11.149756701580832;-10.180656571500268;-1;;;0;;;;;;;;;;0;;;;0.2352672928885974;284798.5600000001;1;0;1;0.05752838076147576;0;0.2369993309114693;277625.6951111115;0.8071748878923768;0;0.05926206628706272;0
55.75;1780344055.75;0;2326.745000299215;14.312480497495662;46.62424067450004;463.57179208724;271.6620041561651;6.116950876036682;1.529237719009171;7.075225025095138;-1.910271290645237;1.830813686288228;447365.687083165;5163638.254093518;-1;39215;-1.697552170988944;24.85866300360208;35793.39419586752;166.0060118637469;33.57889495862487;38295.16275537506;248.8994161068988;32.59323869398613;2.355;0;2;2;55;0.5930470867002564;-3;53.6911812887814;288.15;250;206.2813461271156;281.2813461271157;1;;;;0;6.206635840781702;5.424123977908672;5.424123977908672;0;0;28928.66121551292;0;188.4603404986812;188.1386041008122;1.59;1.65;0.2;63.15030233526366;5.281892591752186;6.25099272183275;9;0.8888888888888888;0.28263216;42.31655670611323;-10.766982331494398;-9.797882201413834;-1;;;0;;;;;;;;;;0;;;;0.2357082539351904;282632.1600000001;1;0;1;0.05796934078556382;0;0.2369921978895009;277653.355138122;0.8080357142857144;0;0.05925492415722018;0
56;1780344056;0;2327.995000001192;14.31246048199998;46.624241098;463.8074389187812;271.1317810086198;5.783841585059564;1.445960396264891;11.156463003079046;-1.0325475407036104;2.734318863544646;447364.1551748239;5163638.314517954;-1;39215;-1.697734158586895;24.85865941150881;35793.39460130918;166.0060304811709;33.57869574560768;38295.18002062368;245.0919695117946;31.55838050741534;2.707;0;2;2;55;0.593044647384052;-3;53.6911905846352;288.15;250;206.2818816498539;281.2818816498539;1;;;;0;6.169450834799704;5.424152386257882;5.424152386257882;0;0;28928.8127267087;0;188.4603444146852;188.1386080168161;1.59;1.65;0.2;63.50227218085008;5.393784170609036;6.362884300689602;9;0.8888888888888888;0.28263216;42.66851828331099;-10.421147185847956;-9.452047055767392;-1;;;0;;;;;;;;;;0;;;;0.2357083115258607;282632.1600000001;1;0;1;0.05796934078556382;0;0.2369851435688216;277680.7112087916;0.808888888888889;0;0.05924786051232096;0
56.25;1780344056.25;0;2329.244999995231;14.31244155750008;46.6242415205;463.3070193167918;274.3872247208921;6.075469219059986;1.518867304764996;12.934488580737644;-0.661684849189588;3.894983035964916;447362.7067884982;5163638.37410314;-1;39215;-1.697734158586895;24.85865941150881;35793.39460130918;166.0060059135947;33.57869186527476;38295.18035120044;240.3032842942951;30.55788503327767;3.075;0;2;2;55;0.5930425448819866;-3;53.6911985969281;288.15;250;206.2818920809651;281.2818920809651;1;;;;0;5.55278968639658;5.424152939608122;5.424152939608122;0;0;28928.81567790998;0;188.4603444896647;188.1386080917956;1.59;1.65;0.2;63.87027342283344;5.504261326501236;6.473361456581802;10;0.9;0.2861779200000001;43.03651936423975;-10.060095017657514;-9.09099488757695;-1;;;0;;;;;;;;;;0;;;;0.2349900693420486;286177.9200000001;1;0;1;0.05725109749906632;0;0.2369742415238665;277727.1440437162;0.8097345132743364;0;0.0592369492390245;0
56.5;1780344056.5;0;2330.495000597238;14.3124217244911;46.62424254650042;461.9975490845784;274.7541549246431;6.030511269064474;1.507627817266118;17.76019218639429;-0.2439067698368315;4.976069627561398;447361.1894347811;5163638.501355496;-1;39215;-1.697734158586895;24.85865941150881;35793.39460130918;166.0059802884152;33.57868718161363;38295.18075054504;235.4072520955593;29.67038500553417;2.394;0;2;2;55;0.5930403013409234;-3;53.69120714668264;288.15;250;206.2819046715848;281.2819046715848;1;;;;0;5.59518701972013;5.424153607516206;5.424153607516206;0;0;28928.81924008643;0;188.4603445802418;188.1386081823726;1.59;1.65;0.2;63.18927466011752;5.294587593695574;6.26368772377614;9;0.8888888888888888;0.28263216;42.35552040712674;-10.728673084120828;-9.759572954040264;-1;;;0;;;;;;;;;;0;;;;0.2357083139606163;282632.1600000001;1;0;1;0.05796934078556382;0;0.2369673614827619;277753.8017391308;0.8105726872246696;0;0.05923006006264698;0
56.75;1780344056.75;0;2331.745000299215;14.312402056495124;46.62424371950034;460.981378908487;277.1865739760716;6.213323957814958;1.553330989453739;20.4000891356787;-0.3225022902901109;5.85280820456532;447359.684856452;5163638.644832406;-1;39215;-1.697734158586895;24.85865941150881;35793.39460130918;166.0059549089288;33.57868237174644;38295.18116040257;230.9054578283707;29.32325613347187;2.425;0;2;2;55;0.5930381077914014;-3;53.6912155059129;288.15;250;206.2819176014737;281.2819176014737;1;;;;0;5.329016730413572;5.424154293421966;5.424154293421966;0;0;28928.82289825049;0;188.4603446732032;188.1386082753342;1.59;1.65;0.2;63.22027583254156;5.304631261910654;6.273731391991218;9;0.8888888888888888;0.28263216;42.38652137991554;-10.698196958359126;-9.729096828278562;-1;;;0;;;;;;;;;;0;;;;0.2357083153277539;282632.1600000001;1;0;1;0.05796934078556382;0;0.2369605558278699;277780.1712432436;0.8114035087719298;0;0.05922324536385194;0
57;1780344057;0;2332.995000001192;14.312381880499982;46.6242454925;460.313424606456;277.5935600535602;5.593595057044434;1.398398764261109;23.93960830297527;-0.4904576897201746;6.232738192105118;447358.1419690998;5163638.855320074;-1;39215;-1.697916137176645;24.85865582012229;35793.39500671068;166.0059735963133;33.57848171038791;38295.19854921518;227.3761032660379;29.43798219853569;2.766;0;2;2;55;0.5930356360582036;-3;53.69122492523428;288.15;250;206.2824570212361;281.2824570212361;1;;;;0;5.2824871485534;5.424182908700492;5.424182908700492;0;0;28928.97551306929;0;188.4603486172314;188.1386122193623;1.59;1.65;0.2;63.56124547197826;5.41193089537348;6.381031025454044;9;0.8888888888888888;0.28263216;42.72748269081112;-10.363257690640908;-9.394157560560342;-1;;;0;;;;;;;;;;0;;;;0.2357083733305893;282632.1600000001;1;0;1;0.05796934078556382;0;0.236953823663906;277806.2572043014;0.812227074235808;0;0.05921650394138802;0
57.25;1780344057.25;0;2334.244999995232;14.312363778000074;46.62424738799998;454.9089424070326;282.7572928658848;5.814274985386574;1.453568746346644;21.42693979285137;2.336389225998721;6.195944324131708;447356.7579403938;5163639.07803541;-1;39215;-1.697916137176645;24.85865582012229;35793.39500671068;166.0059504074036;33.578476424392;38295.19900231355;223.4588075868815;27.66291889928571;1.576;0;2;2;55;0.5930332730353596;-3;53.69123393026288;288.15;250;206.2824712311461;281.2824712311462;1;;;;1.618759798979089;1.503439312695093;5.42418366251401;5.42418366251401;0;0;28928.97953340806;0;188.4603487200005;188.1386123221314;1.59;1.65;0.2;62.3712467174266;5.011676295580864;5.980776425661428;11;0.6;0.2847985600000001;41.53748371686129;-11.534112540816002;-10.565012410735438;-1;;;0;;;;;;;;;;0;;;;0.2352674148178747;284798.5600000001;1;0;1;0.05752838076147576;0;0.2369448054347829;277843.6491978613;0.8130434782608696;0;0.059207476544704;0
57.5;1780344057.5;0;2335.495000597238;14.312345218491818;46.62425028900132;451.6669941076774;283.6684481595196;5.550275808334614;1.387568952083654;22.2167655425394;8.115883417541658;5.85911931290506;447355.3398995132;5163639.412786182;-1;39215;-1.697916137176645;24.85865582012229;35793.39500671068;166.0059268330925;33.57846998728806;38295.19955172467;219.3311182455489;23.60336344782962;-0.9787;0;2;2;55;0.5930310910743716;-3;53.69124224528404;288.15;250;206.2824885354888;281.2824885354888;1;;;;14.568838190811796;1.755932198940855;5.42418458048252;5.42418458048252;0;0;28928.98442924011;0;188.4603488446146;188.1386124467456;1.59;1.65;0.2;59.81654761580354;3.891743475356137;4.860843605436702;7;0.8;0.25395136;38.9827843480627;-14.061660394377074;-13.09256026429651;-1;;;0;;;;;;;;;;0;;;;0.242255327512756;253951.36;1;0;1;0.0645162916237188;0;0.2369730528926445;277716.5625531918;0.8138528138528138;0;0.05923571492278386;0
57.75;1780344057.75;0;2336.745000299215;14.312327571995692;46.62425326250074;451.4380339747686;283.7799456892137;4.910036211168402;1.2275090527921;22.32633413569516;9.31916430029528;5.015741943977916;447353.9918261766;5163639.754983364;-1;39215;-1.697916137176645;24.85865582012229;35793.39500671068;166.0059044634428;33.57846363523769;38295.20009188953;218.4069871303361;23.19501851507339;-1.363;0;2;2;55;0.59302927014956;-3;53.6912491844566;288.15;250;206.2825056111924;281.2825056111924;1;;;;12.950078391832708;1.387620368297689;5.42418548632227;5.42418548632227;0;0;28928.98926038544;0;188.4603489671316;188.1386125692625;1.59;1.65;0.2;59.43224820724186;3.691063827162828;4.660163957243392;6;0.75;0.23799568;38.59848467585559;-14.443078857828176;-13.473978727747612;-1;;;0;;;;;;;;;;0;;;;0.2465806233868425;237995.68;1;0;1;0.06884158569600926;0;0.237023886598963;277506.3991534395;0.8146551724137932;0;0.0592865396358697;0
58;1780344058;0;2337.995000001192;14.312311959999984;46.62425589;451.438154595017;286.4718620977121;4.819192467758352;1.204798116939588;18.78259176622313;9.128630234286382;3.951297450506309;447352.7991719893;5163640.057374884;-1;39215;-1.698098106757216;24.85865222943844;35793.39541207197;166.0059292726661;33.57826290523335;38295.21748589884;218.8839560930633;24.04185468566994;-1.142;0;2;2;55;0.5930273964746814;-3;53.69125632463824;288.15;250;206.2830452191878;281.2830452191878;1;;;;14.568838190811796;1.818151120697337;5.424214111791862;5.424214111791862;0;0;28929.1419295566;0;188.4603529123365;188.1386165144674;1.59;1.65;0.2;59.65321730328084;3.807489774113315;4.77658990419388;7;0.8;0.25395136;38.81944544046459;-14.22374372010575;-13.254643590025186;-1;;;0;;;;;;;;;;0;;;;0.2422553873347218;253951.36;1;0;1;0.0645162916237188;0;0.2370514208133617;277382.4252631582;0.8154506437768242;0;0.05931406464633208;0
58.25;1780344058.25;0;2339.244999995231;14.312296831500054;46.6242589635;450.4350123313692;286.2424195134438;4.208070108714469;1.0520175271786172;17.80890982238069;9.195903281559794;3.140012869082642;447351.6439651167;5163640.409002704;-1;39215;-1.698098106757216;24.85865222943844;35793.39541207197;166.0059102045205;33.57825690499765;38295.21799659702;219.6745457654748;24.56790957976595;-0.7745;0;2;2;55;0.593025790707979;-3;53.69126244386946;288.15;250;206.283061349241;281.283061349241;1;;;;14.568838190811796;1.069371458374008;5.42421496747213;5.42421496747213;0;0;28929.1464931847;0;188.46035302817;188.1386166303009;1.59;1.65;0.2;60.02071776016066;3.994905821358722;4.964005951439286;7;0.8;0.25395136;39.18694564830011;-13.859135811162404;-12.89003568108184;-1;;;0;;;;;;;;;;0;;;;0.2422553890382276;253951.36;1;0;1;0.0645162916237188;0;0.2370786667202982;277259.7495287961;0.8162393162393162;0;0.0593413014367896;0
58.5;1780344058.5;0;2340.495000597238;14.312283597494326;46.62426159100108;448.9268621078321;285.6686082930344;3.81566001704663;0.9539150042616574;17.4261567754032;10.57091299691266;2.959180563290704;447350.6333619995;5163640.70980653;-1;39215;-1.698098106757216;24.85865222943844;35793.39541207197;166.0058935114568;33.57825172169668;38295.2184381936;220.0152910757937;23.69624302735401;-0.6194;0;2;2;55;0.593024329334768;-3;53.69126801284124;288.15;250;206.2830752831827;281.2830752831827;1;;;;16.18759798979089;0.2512244089921865;5.424215706651418;5.424215706651418;0;0;28929.15043547423;0;188.4603531283303;188.1386167304612;1.59;1.65;0.2;60.17581822076748;4.071670694364843;5.040770824445408;7;0.8;0.25395136;39.34204589377015;-13.705330990539534;-12.736230860458968;-1;;;0;;;;;;;;;;0;;;;0.2422553905112352;253951.36;1;0;1;0.0645162916237188;0;0.237105628823376;277138.351666667;0.8170212765957446;0;0.05936825451067984;0
58.75;1780344058.75;0;2341.745000299215;14.312271573497098;46.62426391550058;448.5352435883405;286.1553133056713;3.31820111084938;0.829550277712345;16.73557274129677;12.320868766950088;3.192844877627499;447349.7150993418;5163640.976133168;-1;39215;-1.698098106757216;24.85865222943844;35793.39541207197;166.0058783315626;33.57824707760163;38295.21883322718;219.7063362817732;22.22280663091209;-1.468;0;2;2;55;0.5930230822673388;-3;53.69127276513564;288.15;250;206.2830877676131;281.2830877676131;1;;;;16.18759798979089;0.10960468705042104;5.42421636893593;5.42421636893593;0;0;28929.15396765829;0;188.4603532179294;188.1386168200603;1.59;1.65;0.2;59.32721857819466;3.634743342086082;4.603843472166648;6;0.75;0.23799568;38.49344605844064;-14.547373022752314;-13.57827289267175;-1;;;0;;;;;;;;;;0;;;;0.2465806859012158;237995.68;1;0;1;0.06884158569600926;0;0.2371547223833648;276935.5398963734;0.8177966101694916;0;0.05941733912822042;0
59;1780344059;0;2342.995000001192;14.312261139999992;46.62426599200002;448.5196596257783;284.8353587730243;2.906182052347379;0.7265455130868446;18.43153398468809;13.48684392799682;3.62048580431895;447348.9183595797;5163641.21384011;-1;39215;-1.698280074648354;24.8586486393161;35793.39581740937;166.0059097713526;33.57804787279447;38295.23609756839;219.1403820647616;21.01545453380836;-1.752;0;2;2;55;0.593021750747552;-3;53.69127783925374;288.15;250;206.2836232791516;281.2836232791516;1;;;;17.80635778876997;0.3908107832687051;5.42424477729536;5.42424477729536;0;0;28929.30547890859;0;188.4603571337218;188.1386207358527;1.59;1.65;0.2;59.04318743847438;3.479278935422565;4.448379065503129;6;0.75;0.23799568;38.20940665055588;-14.829486622516166;-13.860386492435602;-1;;;0;;;;;;;;;;0;;;;0.2465807434888594;237995.68;1;0;1;0.06884158569600926;0;0.2372033101210219;276734.8189690724;0.818565400843882;0;0.05946591771877602;0
59.25;1780344059.25;0;2344.244999995232;14.312251954500028;46.624267694;448.5182595631853;285.1720093391703;2.21806459992082;0.554516149980205;18.76118959672037;14.394113446597798;4.206413734266564;447348.2167991938;5163641.409099678;-1;39215;-1.698280074648354;24.8586486393161;35793.39581740937;166.0058981595931;33.57804440281778;38295.23639254772;218.4490201401924;19.87672242362197;-2.181;0;2;2;55;0.5930208200972258;-3;53.69128138574656;288.15;250;206.2836326073324;281.2836326073324;1;;;;17.80635778876997;0.4487969475808882;5.424245272147806;5.424245272147806;0;0;28929.30811812164;0;188.4603572006273;188.1386208027581;1.59;1.65;0.2;58.61418770455974;3.235783372914634;4.204883502995198;6;0.75;0.23799568;37.78040677261658;-15.255805053968308;-14.286704923887744;-1;;;0;;;;;;;;;;0;;;;0.2465807444728045;237995.68;1;0;1;0.06884158569600926;0;0.2372513995279541;276536.156717949;0.819327731092437;0;0.05951399806737724;0
59.5;1780344059.5;0;2345.495000597238;14.312244925996894;46.62426894650042;448.5115156539994;282.0094988837933;1.704526199506445;0.4261315498766111;22.45137128149487;14.914829614531972;4.917800945482724;447347.6799353465;5163641.552970708;-1;39215;-1.698280074648354;24.8586486393161;35793.39581740937;166.0058892641744;33.57804180048726;38295.23661377932;218.0282898954111;18.97799183215699;-2.507;0;2;2;55;0.5930201052008276;-3;53.69128411004932;288.15;250;206.2836396030601;281.28363960306;1;;;;17.80635778876997;0.7426504478739844;5.424245643265538;5.424245643265538;0;0;28929.3100974162;0;188.4603572508056;188.1386208529365;1.59;1.65;0.2;58.28818791918588;3.043838622456673;4.012938752537237;5;0.6666666666666666;0.21156048;37.45440687923056;-15.57993627850696;-14.610836148426396;-1;;;0;;;;;;;;;;0;;;;0.2551827349878195;211560.48;1;0;1;0.07744357547307514;0;0.2373428859333616;276204.6481632656;0.8200836820083682;0;0.05960547550312058;0
59.75;1780344059.75;0;2346.745000299215;14.312239468998862;46.62426974700018;448.5078719463817;285.3977026167412;0.936507678819367;0.2341269197048418;18.89768804433594;12.966358188506268;7.238737784297412;447347.2629423425;5163641.645566346;-1;39215;-1.698280074648354;24.8586486393161;35793.39581740937;166.0058823217719;33.57803996222371;38295.23677007671;219.4218819080908;19.04954566028968;-2.398;0;2;2;55;0.5930195423328626;-3;53.6912862550062;288.15;250;206.2836445447813;281.2836445447813;1;;;;17.80635778876997;0.7390062210223506;5.424245905419896;5.424245905419896;0;0;28929.31149557278;0;188.460357286256;188.1386208883869;1.59;1.65;0.2;58.39718812226894;3.108675421894178;4.077775551974743;6;0.75;0.23799568;37.56340700601476;-15.471545498211086;-14.502445368130522;-1;;;0;;;;;;;;;;0;;;;0.2465807457321057;237995.68;1;0;1;0.06884158569600926;0;0.2373897786226953;276010.6940101526;0.8208333333333334;0;0.05965235931120632;0
60;1780344060;0;2347.995000001192;14.312236509999996;46.624270298;448.5247302655398;279.2252391854816;0.2705636059002468;0.0676409014750617;24.31151246795381;9.250466473069534;8.417634532085728;447347.0369457266;5163641.70876927;-1;39215;-1.698462026207326;24.85864505004213;35793.39622269031;166.0059231762072;33.57784374742212;38295.2537802357;221.8043409699029;21.09549719401733;-0.9253;0;2;2;55;0.5930189643076396;-3;53.69128845772282;288.15;250;206.2841720218473;281.2841720218474;1;;;;17.80635778876997;0.7558091174691414;5.424273887747414;5.424273887747414;0;0;28929.46073465288;0;188.4603611443946;188.1386247465255;1.59;1.65;0.2;59.86985679597296;3.918910777308717;4.888010907389282;7;0.8;0.25395136;39.03606753562051;-14.00879703351421;-13.039696903433646;-1;;;0;;;;;;;;;;0;;;;0.2422555083995982;253951.36;1;0;1;0.0645162916237188;0;0.237414353015508;275899.2832323235;0.8215767634854772;0;0.05967692462591598;0
60.25;1780344060.25;0;2349.244999995231;14.312235673499996;46.624270498;448.5254884922188;38.07505792154153;0.33282936873105;0.0832073421827625;264.6645410323423;5.129896532245672;5.85808696678016;447346.9731000572;5163641.73155177;-1;39215;-1.698462026207326;24.85864505004213;35793.39622269031;166.0059221281559;33.57784338373109;38295.25381114656;223.4260124804051;25.83204862514133;1.347;0;2;2;55;0.5930188817123674;-3;53.69128877247366;288.15;250;206.2841729995477;281.2841729995477;1;;;;17.80635778876997;0.7565672414200436;5.42427393961397;5.42427393961397;0;0;28929.46101127451;0;188.4603611514056;188.1386247535365;1.59;1.65;0.2;62.14215681056622;4.926110841714126;5.895210971794692;11;0.6;0.2847985600000001;41.30836753511832;-11.76009979506633;-10.790999664985766;-1;;;0;;;;;;;;;;0;;;;0.2352675976404626;284798.5600000001;1;0;1;0.05752838076147576;0;0.2374035653000555;275944.0032160807;0.822314049586777;0;0.0596661279230796;0
60.5;1780344060.5;0;2350.495000597238;14.312236543500778;46.62427094850018;448.5214160854375;66.44585149174216;0.6242563554698242;0.156064088867456;235.8291819589319;0.792736485514009;4.522124776548102;447347.0401411345;5163641.781029562;-1;39215;-1.698462026207326;24.85864505004213;35793.39622269031;166.005923355713;33.57784306419085;38295.25383823614;225.3485420956771;29.84025697852148;2.467;0;2;2;55;0.593018997786907;-3;53.69128833014132;288.15;250;206.2841738585586;281.2841738585586;1;;;;17.80635778876997;0.7524947443819202;5.42427398518411;5.42427398518411;0;0;28929.46125431525;0;188.4603611575499;188.1386247596808;1.59;1.65;0.2;63.2621566556002;5.318122841279948;6.287222971360512;9;0.8888888888888888;0.28263216;42.42836736688943;-10.657065290682314;-9.68796516060175;-1;;;0;;;;;;;;;;0;;;;0.2357085577549118;282632.1600000001;1;0;1;0.05796934078556382;0;0.2373950902623298;275977.4440000003;0.823045267489712;0;0.05965764398739202;0
60.75;1780344060.75;0;2351.745000299215;14.312238392000478;46.62427154700018;448.5107686400721;57.93848622171894;0.8683601916599584;0.2170900479149896;244.101640418559;-2.752556287127321;5.96256262376156;447347.1822362403;5163641.846299256;-1;39215;-1.698462026207326;24.85864505004213;35793.39622269031;166.0059258890038;33.57784276534649;38295.25386352933;227.99636823578;31.19831067282123;2.817;0;2;2;55;0.5930192276514394;-3;53.69128745418238;288.15;250;206.2841746619335;281.2841746619335;1;;;;19.42511758774906;1.637133730744154;5.424274027802782;5.424274027802782;0;0;28929.46148161483;0;188.4603611632868;188.1386247654177;1.59;1.65;0.2;63.61215640277362;5.42745986829652;6.396559998377084;9;0.8888888888888888;0.28263216;42.77836710165892;-10.313312481179972;-9.344212351099408;-1;;;0;;;;;;;;;;0;;;;0.2357085578392808;282632.1600000001;1;0;1;0.05796934078556382;0;0.2373866995537574;276010.5520398012;0.8237704918032788;0;0.05964924446897496;0
61;1780344061;0;2352.995000001192;14.312240790000002;46.6242725955;448.5092474921508;51.5687882369999;1.08124757646021;0.2703118941150525;250.4420570297682;-4.253381543271036;7.091296519067656;447347.3668354757;5163641.961205242;-1;39215;-1.698643968754218;24.8586414614748;35793.396627931;166.0059738234842;33.57764700487982;38295.27083489949;229.3277822293459;31.33204034809006;2.838;0;2;2;55;0.5930192596624066;-3;53.6912873321962;288.15;250;206.2847009208752;281.2847009208753;1;;;;19.42511758774906;1.635552680441322;5.424301945690146;5.424301945690146;0;0;28929.61037701411;0;188.4603650126258;188.1386286147567;1.59;1.65;0.2;63.63312460707252;5.433818907558256;6.40291903763882;9;0.8888888888888888;0.28263216;42.79932718068241;-10.292742425491624;-9.32364229541106;-1;;;0;;;;;;;;;;0;;;;0.2357086144496781;282632.1600000001;1;0;1;0.05796934078556382;0;0.237378392201757;276043.332277228;0.8244897959183674;0;0.05964092811410658;0
61.25;1780344061.25;0;2354.244999995232;14.312243489999992;46.6242741675;448.5116178034258;39.58777104805948;1.239603760081941;0.3099009400204853;262.5213042800573;-4.336912067608808;1.0773071073534;447347.5750623866;5163642.134080112;-1;39215;-1.698643968754218;24.8586414614748;35793.396627931;166.0059776694468;33.57764582891075;38295.27093460565;226.5990308737793;35.86769299566874;2.97;0;2;2;55;0.593019629214279;-3;53.6912859239217;288.15;250;206.2847040822191;281.2847040822191;1;;;;19.42511758774906;1.337324487339743;5.42430211339908;5.42430211339908;0;0;28929.61127146177;0;188.4603650352405;188.1386286373714;1.59;1.65;0.2;63.76512408802168;5.47336139779004;6.442461527870604;10;0.9;0.2861779200000001;42.93132661282147;-10.163242127368316;-9.194141997287752;-1;;;0;;;;;;;;;;0;;;;0.2349903714957646;286177.9200000001;1;0;1;0.05725109749906632;0;0.237366628552959;276093.25635468;0.8252032520325204;0;0.05962915554950046;0
61.5;1780344061.5;0;2355.495000597238;14.312245940501136;46.62427638900132;448.518129937374;29.580863607969;1.290469248887497;0.3226173122218744;272.5502783152248;-4.063752223846097;-1.945048510416939;447347.7648182368;5163642.379293326;-1;39215;-1.698643968754218;24.8586414614748;35793.396627931;166.0059813260039;33.5776439194183;38295.27109658953;224.8494627071638;37.8424773791574;2.975;0;2;2;55;0.5930200017412092;-3;53.69128450430956;288.15;250;206.2847092154855;281.2847092154855;1;;;;19.42511758774906;1.343836036985806;5.424302385718298;5.424302385718298;0;0;28929.61272383093;0;188.4603650719807;188.1386286741116;1.59;1.65;0.2;63.77012344758854;5.474842524487898;6.443942654568462;10;0.9;0.2861779200000001;42.93632589313231;-10.158338970309978;-9.189238840229414;-1;;;0;;;;;;;;;;0;;;;0.2349903720360846;286177.9200000001;1;0;1;0.05725109749906632;0;0.2373549802366998;276142.6909803924;0.8259109311740892;0;0.05961749840219442;0
61.75;1780344061.75;0;2356.745000299215;14.312248017500448;46.62427891550058;448.5251238316405;23.22224214256077;1.242021266258875;0.3105053165647188;278.8374464934455;-3.547345897837495;-2.606015360521489;447347.9262757647;5163642.658646984;-1;39215;-1.698643968754218;24.8586414614748;35793.396627931;166.0059845596499;33.57764161896923;38295.27129177835;224.2971494104911;37.93746823903268;2.975;0;2;2;55;0.593020347374171;-3;53.6912831871836;288.15;250;206.2847153997564;281.2847153997564;1;;;;19.42511758774906;1.350829227317718;5.424302713793214;5.424302713793214;0;0;28929.61447356381;0;188.4603651162522;188.1386287183831;1.59;1.65;0.2;63.77012276779112;5.47484232317044;6.443942453251006;10;0.9;0.2861779200000001;42.9363251178518;-10.15833973067543;-9.189239600594866;-1;;;0;;;;;;;;;;0;;;;0.2349903726871645;286177.9200000001;1;0;1;0.05725109749906632;0;0.2373434455657265;276191.6433170734;0.8266129032258066;0;0.05960595498315476;0
62;1780344062;0;2357.995000001192;14.312249594;46.62428148950002;448.5338149820716;11.690887743353992;1.143472326488321;0.2858680816220802;290.2413092593661;-2.815061348896425;-2.936030863817084;447348.0494627886;5163642.943613128;-1;39215;-1.698825902288079;24.8586378736107;35793.39703313154;166.0060317392634;33.57744410256748;38295.28841225019;223.8885941572561;37.64106743057313;2.92;0;2;2;55;0.593020360551228;-3;53.69128313696892;288.15;250;206.2852463825043;281.2852463825043;1;;;;19.42511758774906;1.359459937912561;5.424330882464022;5.424330882464022;0;0;28929.76470647479;0;188.4603689994077;188.1386326015386;1.59;1.65;0.2;63.71509070424336;5.458472141776784;6.427572271857348;10;0.9;0.2861779200000001;42.88128485611029;-10.212327667082574;-9.24322753700201;-1;;;0;;;;;;;;;;0;;;;0.2349904297949114;286177.9200000001;1;0;1;0.05725109749906632;0;0.2373320231590721;276240.1203883498;0.8273092369477912;0;0.05959452363614462;0
62.25;1780344062.25;0;2359.244999995231;14.312250297999996;46.62428401449998;448.5358959328306;6.134072071013756;1.128632972395182;0.2821582430987955;295.6839656419367;-1.670465504153169;-3.897032998960901;447348.1058067228;5163643.223717338;-1;39215;-1.698825902288079;24.8586378736107;35793.39703313154;166.0060331838008;33.57744155462675;38295.28862851411;222.9361646816279;37.47334085163025;2.844;0;2;2;55;0.593020554840879;-3;53.69128239657656;288.15;250;206.2852532321472;281.2852532321472;1;;;;21.04387738672815;2.197429974268005;5.424331245839236;5.424331245839236;0;0;28929.76664447592;0;188.4603690484593;188.1386326505902;1.59;1.65;0.2;63.63909011899;5.435624165073606;6.40472429515417;9;0.8888888888888888;0.28263216;42.80528416510083;-10.286896625649558;-9.317796495568994;-1;;;0;;;;;;;;;;0;;;;0.2357086738027877;282632.1600000001;1;0;1;0.05796934078556382;0;0.2373241808916504;276270.9998067635;0.828;0;0.05958667251126258;0
62.5;1780344062.5;0;2360.495000597238;14.312250649500062;46.62428654050114;448.5435815334042;175.6134809851476;0.9584012911437658;0.2396003227859415;126.08396589317536;-0.1553740900758966;-5.993447054290852;447348.1351654409;5163643.504168258;-1;39215;-1.698825902288079;24.8586378736107;35793.39703313154;166.0060341693003;33.57743894166856;38295.28885030953;221.2143782807483;37.76412045021764;2.757;0;2;2;55;0.5930207109262434;-3;53.6912818017717;288.15;250;206.2852602565774;281.2852602565773;1;;;;21.04387738672815;2.20511471377273;5.42433161848699;5.42433161848699;0;0;28929.76863193061;0;188.4603690987655;188.1386327008964;1.59;1.65;0.2;63.55208955719326;5.40912470042266;6.378224830503224;9;0.8888888888888888;0.28263216;42.7182834948494;-10.37228824191905;-9.403188111838486;-1;;;0;;;;;;;;;;0;;;;0.2357086745426176;282632.1600000001;1;0;1;0.05796934078556382;0;0.2373164140342031;276301.5823076925;0.8286852589641436;0;0.05957889687796596;0
62.75;1780344062.75;0;2361.745000299215;14.31225047649991;46.62428869200048;448.5508117984829;345.0263397103376;0.7842576604008178;0.1960644151002045;-43.39052478889397;0.8062457982698478;-6.221350949339338;447348.1240071288;5163643.74335542;-1;39215;-1.698825902288079;24.8586378736107;35793.39703313154;166.0060343932511;33.57743663040427;38295.28904651772;220.7682271233599;37.197048832726;2.384;0;2;2;55;0.593020792024707;-3;53.69128149272438;288.15;250;206.2852664699626;281.2852664699626;1;;;;21.04387738672815;2.212344217202031;5.424331948108638;5.424331948108638;0;0;28929.77038991274;0;188.4603691432682;188.1386327453991;1.59;1.65;0.2;63.17908911092932;5.291277124260738;6.260377254341302;9;0.8888888888888888;0.28263216;42.34528295265298;-10.7387380257134;-9.769637895632836;-1;;;0;;;;;;;;;;0;;;;0.2357086751970977;282632.1600000001;1;0;1;0.05796934078556382;0;0.237308721503882;276331.8721531102;0.8293650793650794;0;0.05957119565264346;0
63;1780344063;0;2362.995000001192;14.312249802999998;46.6242903935;448.5519657392262;329.0640745476684;0.5177899177693332;0.1294474794423333;-27.42815999419202;1.28820552986025;-4.72294554088725;447348.0740959808;5163643.932873556;-1;39215;-1.699007826807933;24.85863428645147;35793.39743829183;166.0060784561131;33.57723964002189;38295.306122451;221.4169881271341;35.85036077467439;2.239;0;2;2;55;0.5930205170127798;-3;53.6912825407306;288.15;250;206.285796042011;281.285796042011;1;;;;21.04387738672815;2.213433242080271;5.424360042130612;5.424360042130612;0;0;28929.92022469659;0;188.46037301632;188.1386366184509;1.59;1.65;0.2;63.03405738848716;5.243568602702888;6.212668732783452;9;0.8888888888888888;0.28263216;42.20024305381378;-10.881376317512454;-9.91227618743189;-1;;;0;;;;;;;;;;0;;;;0.23570873215628;282632.1600000001;1;0;1;0.05796934078556382;0;0.2373011025069887;276361.8735238097;0.8300395256916996;0;0.05956356777232402;0
63.25;1780344063.25;0;2364.244999995231;14.312248830500006;46.62429134699998;448.546991398117;306.4386376147641;0.4977750026795018;0.12444375066987544;-4.81558427073387;1.575646743050689;-3.349394117552314;447348.0005691992;5163644.039474756;-1;39215;-1.699007826807933;24.85863428645147;35793.39743829183;166.0060773882523;33.57723845320958;38295.30622324767;222.0407125103771;34.72298013278317;2.192;0;2;2;55;0.5930204538280672;-3;53.69128278151274;288.15;250;206.2857992325454;281.2857992325454;1;;;;21.04387738672815;2.267845716901718;5.424360211390362;5.424360211390362;0;0;28929.92112741527;0;188.460373039182;188.1386366413129;1.59;1.65;0.2;62.98705725257014;5.22787771275529;6.196977842835854;11;0.6;0.2847985600000001;42.15324286863614;-10.92761503387824;-9.958514903797676;-1;;;0;;;;;;;;;;0;;;;0.2352677724684135;284798.5600000001;1;0;1;0.05752838076147576;0;0.2372914658717348;276401.8578199054;0.8307086614173228;0;0.05955392233625366;0
63.5;1780344063.5;0;2365.495000597238;14.312247504999404;46.62429199800024;448.5470659524329;288.9924546304032;0.422867269925797;0.10571681748144924;12.601730739735562;1.773381740702919;-2.008885307123713;447347.8997246202;5163644.11269841;-1;39215;-1.699007826807933;24.85863428645147;35793.39743829183;166.0060757973171;33.57723752289932;38295.30630228206;222.6618160986314;33.67547066451432;1.959;0;2;2;55;0.5930203383020372;-3;53.69128322175536;288.15;250;206.2858017335195;281.2858017335195;1;;;;21.04387738672815;2.267919964644534;5.42436034406854;5.42436034406854;0;0;28929.92183503222;0;188.4603730571081;188.138636659239;1.59;1.65;0.2;62.7540572047298;5.148410003488274;6.117510133568838;11;0.6;0.2847985600000001;41.92024278218173;-11.156957660891148;-10.187857530810584;-1;;;0;;;;;;;;;;0;;;;0.2352677727320438;284798.5600000001;1;0;1;0.05752838076147576;0;0.2372819201493777;276441.4649056606;0.831372549019608;0;0.05954436789486318;0
63.75;1780344063.75;0;2366.745000299215;14.31224618049967;46.62429227450004;448.5466549011715;271.9228039623082;0.4201681216122678;0.10504203040306694;29.63334774475935;1.836625888848606;-0.8701008436687472;447347.7985935661;5163644.14430743;-1;39215;-1.699007826807933;24.85863428645147;35793.39743829183;166.0060741294723;33.57723698961638;38295.30634761266;223.219907151958;32.85489043954045;2.089;0;2;2;55;0.5930202055271884;-3;53.69128372772914;288.15;250;206.2858031671561;281.2858031671562;1;;;;21.04387738672815;2.267508737645756;5.424360420123824;5.424360420123824;0;0;28929.9222406604;0;188.4603730673897;188.1386366695206;1.59;1.65;0.2;62.88405723650022;5.193094539988426;6.16219467006899;11;0.6;0.2847985600000001;42.05024279181734;-11.028974451980912;-10.059874321900348;-1;;;0;;;;;;;;;;0;;;;0.2352677728832504;284798.5600000001;1;0;1;0.05752838076147576;0;0.2372724640589264;276480.7000938969;0.83203125;0;0.05953490316653742;0
64;1780344064;0;2367.995000001192;14.312244805499998;46.6242923;448.5458382706602;260.8559393030556;0.3550495403125155;0.08876238507812886;40.68405174704504;1.78826364099832;-0.006749952722126774;447347.6933530547;5163644.148059432;-1;39215;-1.699189742312825;24.85863069999959;35793.39784341194;166.0061169252467;33.57704165761499;38295.32328280522;223.6573498980997;32.29662293978936;1.95;0;2;2;55;0.5930197757809292;-3;53.69128536539088;288.15;250;206.2863282842263;281.2863282842263;1;;;;21.04387738672815;2.266627737620866;5.424388277989186;5.424388277989186;0;0;28930.07081594233;0;188.4603769085179;188.1386405106488;1.59;1.65;0.2;62.74502591977884;5.145273038976924;6.11437316905749;11;0.6;0.2847985600000001;41.91120336749754;-11.165859037290764;-10.1967589072102;-1;;;0;;;;;;;;;;0;;;;0.2352678293729723;284798.5600000001;1;0;1;0.05752838076147576;0;0.2372630966071229;276519.5685981311;0.8326848249027238;0;0.05952552689361656;0
64.25;1780344064.25;0;2369.244999995231;14.312243679500004;46.624292102;448.5448831370851;241.8119908275922;0.3367751254099552;0.08419378135248878;59.73114182885714;1.629367234425826;0.707999780409597;447347.6069584033;5163644.126810106;-1;39215;-1.699189742312825;24.85863069999959;35793.39784341194;166.0061154169183;33.57704166315551;38295.32328238596;224.0477127852337;31.91596707864627;2.299;0;2;2;55;0.5930196428264904;-3;53.6912858720488;288.15;250;206.2863282693315;281.2863282693314;1;;;;21.04387738672815;2.265672605871373;5.424388277199004;5.424388277199004;0;0;28930.07081172802;0;188.4603769084228;188.1386405105537;1.59;1.65;0.2;63.09402603893106;5.263425109891136;6.2325252399717;9;0.8888888888888888;0.28263216;42.26020348687971;-10.822399169493798;-9.853299039413234;-1;;;0;;;;;;;;;;0;;;;0.2357087893956618;282632.1600000001;1;0;1;0.05796934078556382;0;0.2372558672712556;276547.9992558141;0.8333333333333334;0;0.05951828881869538;0
64.5;1780344064.5;0;2370.495000597238;14.312242702999642;46.62429175049994;448.5438730234901;256.3592411488554;0.2357487531235887;0.05893718828089718;45.19341840273914;1.429558431783597;1.157667247711743;447347.5318601012;5163644.088404202;-1;39215;-1.699189742312825;24.85863069999959;35793.39784341194;166.0061140713034;33.57704185847634;38295.32326584935;224.3282276507229;31.74573096497131;2.299;0;2;2;55;0.5930195191967698;-3;53.69128634317238;288.15;250;206.2863277442428;281.2863277442428;1;;;;21.04387738672815;2.264662556642066;5.424388249342558;5.424388249342558;0;0;28930.07066316031;0;188.4603769046721;188.138640506803;1.59;1.65;0.2;63.09402618051048;5.263425156553852;6.232525286634418;9;0.8888888888888888;0.28263216;42.26020363656628;-10.822399022278628;-9.853298892198064;-1;;;0;;;;;;;;;;0;;;;0.2357087893405016;282632.1600000001;1;0;1;0.05796934078556382;0;0.2372487048734281;276576.1666666669;0.833976833976834;0;0.05951111776298644;0
64.75;1780344064.75;0;2371.745000299215;14.31224195299982;46.62429162549998;448.5432544461647;239.6599110366517;0.1957022611228055;0.04892556528070136;61.89961441330796;1.176902247135386;1.432949344099798;447347.4743215052;5163644.075015372;-1;39215;-1.699189742312825;24.85863069999959;35793.39784341194;166.0061130680818;33.57704185487326;38295.32326618924;224.5581861267747;31.73331625360239;2.299;0;2;2;55;0.5930194309595242;-3;53.69128667942358;288.15;250;206.2863277539291;281.2863277539292;1;;;;21.04387738672815;2.264043978129337;5.424388249856424;5.424388249856424;0;0;28930.07066590093;0;188.4603769047492;188.1386405068801;1.59;1.65;0.2;63.09402625840912;5.263425182228224;6.232525312308788;9;0.8888888888888888;0.28263216;42.26020371431537;-10.822398945813208;-9.853298815732644;-1;;;0;;;;;;;;;;0;;;;0.2357087893416354;282632.1600000001;1;0;1;0.05796934078556382;0;0.2372416084884889;276604.0744700462;0.8346153846153846;0;0.05950401279995684;0
65;1780344065;0;2372.995000001192;14.312241402;46.624291401;448.5426894389481;214.5777955254554;0.1801549823408011;0.04503874558520026;86.98338181820696;0.9199238809493742;1.536762268114386;447347.4319211907;5163644.050437308;-1;39215;-1.699371648801772;24.85862711425074;35793.39824849183;166.006156882053;33.57684694691789;38295.340165354;224.7209115711134;31.84297648337701;2.299;0;2;2;55;0.5930190802205222;-3;53.69128801600648;288.15;250;206.2868517342232;281.2868517342232;1;;;;21.04387738672815;2.263414740993483;5.424416047592876;5.424416047592876;0;0;28930.21892049534;0;188.4603807377041;188.138644339835;1.59;1.65;0.2;63.09399493971024;5.263414859971666;6.23251499005223;9;0.8888888888888888;0.28263216;42.26016430558454;-10.822437703889272;-9.853337573808708;-1;;;0;;;;;;;;;;0;;;;0.2357088457111814;282632.1600000001;1;0;1;0.05796934078556382;0;0.2372345774665747;276631.7262385322;0.835249042145594;0;0.0594969730200743;0
65.25;1780344065.25;0;2374.244999995231;14.312241051;46.6242910755;448.5421760725314;220.72774965663;0.0722400427708638;0.01806001069271595;80.8204054475288;0.6441521618939088;1.457998970490028;447347.4047342472;5163644.01450267;-1;39215;-1.699371648801772;24.85862711425074;35793.39824849183;166.0061563567852;33.57684722816263;38295.34014149477;224.8271884378455;32.0940351816431;2.299;0;2;2;55;0.5930190265595436;-3;53.69128822049566;288.15;250;206.2868509781373;281.2868509781373;1;;;;21.04387738672816;2.262901467258928;5.424416007481552;5.424416007481552;0;0;28930.21870656828;0;188.4603807322925;188.1386443344234;1.59;1.65;0.2;63.09399503296616;5.26341489070774;6.232515020788304;9;0.8888888888888888;0.28263216;42.26016441051405;-10.822437600692182;-9.853337470611618;-1;;;0;;;;;;;;;;0;;;;0.2357088456315956;282632.1600000001;1;0;1;0.05796934078556382;0;0.2372276106545428;276659.1254794522;0.83587786259542;0;0.059489997530419;0
65.5;1780344065.5;0;2375.495000597238;14.3122409;46.62429095049994;448.5419733865893;90.89989249716986;0.0224613493876018;0.00561533734690045;210.6335791545174;0.4165582627459365;1.254638199380118;447347.3930530127;5163644.000713706;-1;39215;-1.699371648801772;24.85862711425074;35793.39824849183;166.0061561339542;33.5768473332273;38295.34013258256;224.8572913052205;32.39861638303441;2.398;0;2;2;55;0.5930190041707878;-3;53.69128830581388;288.15;250;206.2868506956861;281.2868506956861;1;;;;21.04387738672815;2.262698815939189;5.424415992497156;5.424415992497156;0;0;28930.2186266515;0;188.4603807302711;188.138644332402;1.59;1.65;0.2;63.19299506988734;5.295795481095494;6.264895611176058;9;0.8888888888888888;0.28263216;42.35916445179621;-10.72509054234133;-9.755990412260766;-1;;;0;;;;;;;;;;0;;;;0.2357088456018676;282632.1600000001;1;0;1;0.05796934078556382;0;0.2372207071770306;276686.2756363637;0.8365019011406846;0;0.05948308545430602;0
65.75;1780344065.75;0;2376.745000299215;14.3122409;46.6242909;448.5419284685417;67.05002692929998;0.06078764378121662;0.015196910945304156;234.4748399176658;0.2124931339741542;0.9540879888065478;447347.3930040499;5163643.995102224;-1;39215;-1.699371648801772;24.85862711425074;35793.39824849183;166.0061561234076;33.57684738674039;38295.34012803978;224.8254903462934;32.75513198191838;2.398;0;2;2;55;0.5930190018316088;-3;53.69128831472792;288.15;250;206.2868505518239;281.2868505518238;1;;;;21.04387738672815;2.262653915526699;5.424415984865082;5.424415984865082;0;0;28930.2185859471;0;188.4603807292407;188.1386443313716;1.59;1.65;0.2;63.19299508063054;5.29579548458243;6.264895614662994;9;0.8888888888888888;0.28263216;42.35916446476057;-10.725090529595862;-9.755990399515298;-1;;;0;;;;;;;;;;0;;;;0.2357088455867146;282632.1600000001;1;0;1;0.05796934078556382;0;0.2372138661743595;276713.1800904979;0.8371212121212122;0;0.05947623593091806;0
66;1780344066;0;2377.995000001192;14.312241099000002;46.6242909;448.5420482261668;54.12432325671266;0.0943303959347352;0.0235825989836838;247.4044024074683;0.04479274802455439;0.6570643246451526;447347.4082388035;5163643.994969294;-1;39215;-1.699553553591986;24.85862352906411;35793.39865354782;166.0062009600358;33.5766523787455;38295.3570356842;224.7640893411228;33.08323724046646;2.398;0;2;2;55;0.5930187439416974;-3;53.69128929748472;288.15;250;206.2873748042539;281.2873748042539;1;;;;21.04387738672815;2.262709410120522;5.424443797216312;5.424443797216312;0;0;28930.366918487;0;188.4603845641172;188.1386481662482;1.59;1.65;0.2;63.19296366280318;5.295785287234302;6.264885417314866;9;0.8888888888888888;0.28263216;42.35912495271461;-10.725129374499452;-9.756029244418888;-1;;;0;;;;;;;;;;0;;;;0.2357089019845457;282632.1600000001;1;0;1;0.05796934078556382;0;0.2372070870563874;276739.8421621623;0.8377358490566038;0;0.05946944811494798;0
66.25;1780344066.25;0;2379.244999995231;14.312241349;46.6242910245;448.5423132545557;62.77774937222128;0.08342364996476982;0.02085591249119246;238.7576626485405;-0.03121527850944964;0.4121939663560691;447347.4274986536;5163644.00863656;-1;39215;-1.699553553591986;24.85862352906411;35793.39865354782;166.0062013117402;33.57665229217062;38295.35704302231;224.6792952059192;33.30959134298215;2.398;0;2;2;55;0.5930187771886574;-3;53.69128917078852;288.15;250;206.2873750369994;281.2873750369995;1;;;;21.04387738672815;2.262974409979791;5.424443809563838;5.424443809563838;0;0;28930.36698434047;0;188.4603845657816;188.1386481679125;1.59;1.65;0.2;63.19296361921716;5.295785273087462;6.264885403168026;9;0.8888888888888888;0.28263216;42.35912490553514;-10.725129420882322;-9.756029290801758;-1;;;0;;;;;;;;;;0;;;;0.235708902009023;282632.1600000001;1;0;1;0.05796934078556382;0;0.2372003687377893;276766.2651121077;0.8383458646616542;0;0.05946272117625118;0
66.5;1780344066.5;0;2380.495000597238;14.31224159900012;46.6242911;448.5425384251907;57.62736395183374;0.1253548278512783;0.03133870696281958;243.9141372585962;-0.0743789998390155;0.1871086322153551;447347.4467110022;5163644.016859018;-1;39215;-1.699553553591986;24.85862352906411;35793.39865354782;166.0062016532115;33.57665225751937;38295.35704595257;224.5878114907297;33.49847175857328;2.514;0;2;2;55;0.5930188081683446;-3;53.69128905273234;288.15;250;206.2873751301549;281.2873751301549;1;;;;21.04387738672815;2.263199569195649;5.424443814505884;5.424443814505884;0;0;28930.36701069805;0;188.4603845664462;188.1386481685771;1.59;1.65;0.2;63.30896358605322;5.333097158596884;6.302197288677448;9;0.8888888888888888;0.28263216;42.47512487093289;-10.61111398971882;-9.642013859638256;-1;;;0;;;;;;;;;;0;;;;0.2357089020187973;282632.1600000001;1;0;1;0.05796934078556382;0;0.2371937104042224;276792.4521428572;0.8389513108614234;0;0.05945605429950706;0
66.75;1780344066.75;0;2381.745000299215;14.31224184900006;46.6242913235001;448.5429037738752;46.46152733227944;0.10936071696134476;0.02734017924033619;255.0824686683082;-0.1201351632387187;-0.02352490844848138;447347.4660668338;5163644.041527038;-1;39215;-1.699553553591986;24.85862352906411;35793.39865354782;166.0062020255912;33.57665206603748;38295.35706219636;224.507007069968;33.6788454748741;2.514;0;2;2;55;0.5930188460033132;-3;53.69128890855232;288.15;250;206.2873756449294;281.2873756449294;1;;;;21.04387738672815;2.263564854778963;5.424443841815508;5.424443841815508;0;0;28930.36715634938;0;188.4603845701306;188.1386481722615;1.59;1.65;0.2;63.308963521404;5.33309713799027;6.302197268070834;9;0.8888888888888888;0.28263216;42.4751247983358;-10.61111406105754;-9.642013930976976;-1;;;0;;;;;;;;;;0;;;;0.2357089020729808;282632.1600000001;1;0;1;0.05796934078556382;0;0.2371871112560835;276818.4064000001;0.8395522388059702;0;0.05944944668388952;0
67;1780344067;0;2382.995000001192;14.312242099;46.6242914995;448.543230059772;45.8918384398708;0.1280885674238647;0.03202214185596617;255.6448393658763;-0.0948072100870506;-0.1747454121100129;447347.4853766099;5163644.060916904;-1;39215;-1.699735442045807;24.85861994472595;35793.39905854729;166.0062469604835;33.57645689828263;38295.3739833937;224.4305507473024;33.76650802050175;2.514;0;2;2;55;0.5930186018945854;-3;53.69128983879222;288.15;250;206.2879003300645;281.2879003300644;1;;;;21.04387738672815;2.263826824852174;5.424471677300984;5.424471677300984;0;0;28930.51561227192;0;188.4603884080794;188.1386520102103;1.59;1.65;0.2;63.30893206511126;5.333087111430052;6.302187241510616;9;0.8888888888888888;0.28263216;42.47508524115887;-10.611152932569538;-9.642052802488974;-1;;;0;;;;;;;;;;0;;;;0.2357089585160196;282632.1600000001;1;0;1;0.05796934078556382;0;0.2371805707572337;276844.1309734513;0.8401486988847584;0;0.05944289754274648;0
67.25;1780344067.25;0;2384.244999995231;14.3122424;46.6242917;448.5436198899684;0;0.02201662495034549;0.005504156237586372;301.5339277033966;-0.06361094992375696;-0.2929577172118461;447347.5086145303;5163644.08299512;-1;39215;-1.699735442045807;24.85861994472595;35793.39905854729;166.006247394502;33.57645674042508;38295.3739967808;224.3622895385469;33.82692673203636;2.514;0;2;2;55;0.5930186442721002;-3;53.69128967730168;288.15;250;206.2879007544469;281.2879007544469;1;;;;21.04387738672815;2.264216603027421;5.424471699815304;5.424471699815304;0;0;28930.51573234829;0;188.4603884111157;188.1386520132466;1.59;1.65;0.2;63.30893200186458;5.333087091270388;6.302187221350952;9;0.8888888888888888;0.28263216;42.4750851713599;-10.611153001158654;-9.64205287107809;-1;;;0;;;;;;;;;;0;;;;0.2357089585606741;282632.1600000001;1;0;1;0.05796934078556382;0;0.2371740878841211;276869.6288986784;0.8407407407407408;0;0.05943640610328752;0
67.5;1780344067.5;0;2385.495000597238;14.3122424;46.62429174950006;448.5436674007628;0;0.12186964968597556;0.03046741242149389;301.5357376187545;-0.02181723196019626;-0.3468696712630321;447347.5086625236;5163644.088495498;-1;39215;-1.699735442045807;24.85861994472595;35793.39905854729;166.0062474048396;33.5764566879716;38295.37400123366;224.3152880696173;33.83470821260274;2.514;0;2;2;55;0.5930186465657998;-3;53.69128966856094;288.15;250;206.2879008954622;281.2879008954622;1;;;;21.04387738672815;2.264264096536124;5.424471707296444;5.424471707296444;0;0;28930.5157722477;0;188.4603884121257;188.1386520142566;1.59;1.65;0.2;63.30893199133318;5.333087087913538;6.302187217994102;9;0.8888888888888888;0.28263216;42.47508515865133;-10.611153013646942;-9.642052883566378;-1;;;0;;;;;;;;;;0;;;;0.2357089585755273;282632.1600000001;1;0;1;0.05796934078556382;0;0.2371676618783817;276894.9031578948;0.841328413284133;0;0.05942997160627996;0
67.75;1780344067.75;0;2386.745000299215;14.312242400000002;46.62429202350008;448.5439328926911;0;0.0782811905898887;0.01957029764747217;301.5418591019848;0.003495954275553218;-0.3074321238496581;447347.5089281831;5163644.118941994;-1;39215;-1.699735442045807;24.85861994472595;35793.39905854729;166.0062474620618;33.57645639762326;38295.37402588174;224.3163493334979;33.78902073352457;2.514;0;2;2;55;0.5930186592585874;-3;53.69128962019176;288.15;250;206.2879016760314;281.2879016760313;1;;;;21.04387738672815;2.264529492782799;5.424471748707166;5.424471748707166;0;0;28930.51599310489;0;188.4603884177162;188.1386520198471;1.59;1.65;0.2;63.30893193304136;5.33308706933322;6.302187199413784;9;0.8888888888888888;0.28263216;42.47508508830791;-10.611153082771064;-9.6420529526905;-1;;;0;;;;;;;;;;0;;;;0.2357089586577444;282632.1600000001;1;0;1;0.05796934078556382;0;0.2371612919953221;276919.9566812227;0.8419117647058824;0;0.05942359330575282;0
68;1780344068;0;2387.995000001192;14.3122424;46.6242921995;448.5441047615515;0;0.04470036183937461;0.011175090459843652;301.5470803926108;0.0707495530298661;-0.2964288649200295;447347.5090988256;5163644.13849886;-1;39215;-1.699917321480789;24.858616361095;35793.39946350655;166.006292068107;33.57626119415792;38295.39095012922;224.2853830845304;33.73298716709575;2.514;0;2;2;55;0.593018387683149;-3;53.69129065510054;288.15;250;206.2884264603872;281.2884264603872;1;;;;21.04387738672815;2.264637033905672;5.424499589635404;5.424499589635404;0;0;28930.66447805548;0;188.4603922563551;188.138655858486;1.59;1.65;0.2;63.30890049504808;5.333077048556238;6.302177178636804;9;0.8888888888888888;0.28263216;42.47504554791363;-10.611191937797474;-9.64209180771691;-1;;;0;;;;;;;;;;0;;;;0.2357090151109573;282632.1600000001;1;0;1;0.05796934078556382;0;0.2371549777479988;276944.792347826;0.8424908424908426;0;0.05941727046870852;0
68.25;1780344068.25;0;2389.244999995231;14.3122424;46.6242923;448.5442037447038;0;0.0220166186296457;0.005504154657411426;301.5476996013594;0.1691905669976074;-0.2442362884389617;447347.5091962664;5163644.14966628;-1;39215;-1.699917321480789;24.858616361095;35793.39946350655;166.0062920890952;33.57626108766159;38295.39095916986;224.2643351539395;33.62606547153708;2.514;0;2;2;55;0.5930183923393858;-3;53.69129063735674;288.15;250;206.2884267466925;281.2884267466925;1;;;;21.04387738672815;2.264735981962815;5.424499604824554;5.424499604824554;0;0;28930.66455906429;0;188.4603922584057;188.1386558605366;1.59;1.65;0.2;63.3089004736666;5.33307704174093;6.302177171821494;9;0.8888888888888888;0.28263216;42.47504552211169;-10.611191963152178;-9.642091833071614;-1;;;0;;;;;;;;;;0;;;;0.2357090151411137;282632.1600000001;1;0;1;0.05796934078556382;0;0.237148718169614;276969.412987013;0.843065693430657;0;0.05941100237484208;0
68.5;1780344068.5;0;2390.495000597238;14.3122424;46.62429234950006;448.5442526833052;0;0.02246134622725191;0.005615336556812978;301.5419283819785;0.231520024253882;-0.1590442859628595;447347.5092442598;5163644.155166658;-1;39215;-1.699917321480789;24.858616361095;35793.39946350655;166.0062920994327;33.5762610352081;38295.39096362273;224.281933418688;33.52199437908075;2.514;0;2;2;55;0.5930183946318572;-3;53.69129062862068;288.15;250;206.2884268877087;281.2884268877087;1;;;;21.04387738672815;2.264784903278496;5.424499612305792;5.424499612305792;0;0;28930.66459896422;0;188.4603922594157;188.1386558615465;1.59;1.65;0.2;63.30890046313616;5.333077038384372;6.302177168464936;9;0.8888888888888888;0.28263216;42.47504550940403;-10.611191975639574;-9.64209184555901;-1;;;0;;;;;;;;;;0;;;;0.2357090151559669;282632.1600000001;1;0;1;0.05796934078556382;0;0.2371425125531759;276993.8213793103;0.8436363636363636;0;0.0594047883162676;0
68.75;1780344068.75;0;2391.745000299215;14.312242400000002;46.6242924;448.544302610446;0;5.426157966353028e-10;1.356539491588257e-10;301.5350667948157;0.2396984039527851;-0.07918030976421168;447347.5092932225;5163644.160778142;-1;39215;-1.699917321480789;24.858616361095;35793.39946350655;166.006292109979;33.57626098169507;38295.39096816554;224.3228435926568;33.46039067364107;2.514;0;2;2;55;0.5930183969710382;-3;53.69129061970662;288.15;250;206.2884270315734;281.2884270315734;1;;;;21.04387738672815;2.264834812784159;5.424499619938144;5.424499619938144;0;0;28930.6646396701;0;188.460392260446;188.1386558625769;1.59;1.65;0.2;63.30890045239266;5.333077034959904;6.302177165040468;9;0.8888888888888888;0.28263216;42.47504549643941;-10.61119198837947;-9.642091858298906;-1;;;0;;;;;;;;;;0;;;;0.2357090151711201;282632.1600000001;1;0;1;0.05796934078556382;0;0.2371363602038967;277018.0202575107;0.8442028985507246;0;0.0593986275972517;0
69;1780344069;0;2392.995000001192;14.3122424;46.6242924;448.544302610446;0;0;0;301.5345357902799;0.2119002753473731;-0.013727061709430378;447347.5092932225;5163644.160778142;-1;39215;-1.700099191895968;24.85861277816743;35793.3998684256;166.0063366761319;33.57606597437548;38295.40787576913;224.3671517122903;33.43432691839232;2.514;0;2;2;55;0.5930181172581246;-3;53.69129168562514;288.15;250;206.2889512918198;281.2889512918198;1;;;;21.04387738672815;2.264770549539606;5.424527433239664;5.424527433239664;0;0;28930.81297727821;0;188.4603960953082;188.1386596974391;1.59;1.65;0.2;63.30886905304124;5.333067026450512;6.302167156531076;9;0.8888888888888888;0.28263216;42.47500600279406;-10.611230797473388;-9.642130667392824;-1;;;0;;;;;;;;;;0;;;;0.235709071568815;282632.1600000001;1;0;1;0.05796934078556382;0;0.2371302606798151;277042.0123076922;0.8447653429602888;0;0.0593925195339539;0
69.25;1780344069.25;0;2394.244999995232;14.3122424;46.6242924;448.544302610446;0;0;0;301.5403282885216;0.2122958624230735;0.06702622804569668;447347.5092932225;5163644.160778142;-1;39215;-1.700099191895968;24.85861277816743;35793.3998684256;166.0063366761319;33.57606597437548;38295.40787576913;224.3992509558145;33.37754792261573;2.514;0;2;2;55;0.5930181172581246;-3;53.69129168562514;288.15;250;206.2889512918198;281.2889512918198;1;;;;21.04387738672815;2.264770549539606;5.424527433239664;5.424527433239664;0;0;28930.81297727821;0;188.4603960953082;188.1386596974391;1.59;1.65;0.2;63.30886905304124;5.333067026450512;6.302167156531076;9;0.8888888888888888;0.28263216;42.47500600279406;-10.611230797473388;-9.642130667392824;-1;;;0;;;;;;;;;;0;;;;0.235709071568815;282632.1600000001;1;0;1;0.05796934078556382;0;0.2371242130665768;277065.8001702127;0.8453237410071942;0;0.0593864634541735;0
69.5;1780344069.5;0;2395.495000597238;14.3122424;46.6242924;448.544302610446;0;5.426157966353028e-10;1.356539491588257e-10;301.5469735980832;0.1981061616121364;0.09657219898772526;447347.5092932225;5163644.160778142;-1;39215;-1.700099191895968;24.85861277816743;35793.3998684256;166.0063366761319;33.57606597437548;38295.40787576913;224.4130848897497;33.36700061579863;2.514;0;2;2;55;0.5930181172581246;-3;53.69129168562514;288.15;250;206.2889512918198;281.2889512918198;1;;;;21.04387738672815;2.264770549539606;5.424527433239664;5.424527433239664;0;0;28930.81297727821;0;188.4603960953082;188.1386596974391;1.59;1.65;0.2;63.30886905304124;5.333067026450512;6.302167156531076;9;0.8888888888888888;0.28263216;42.47500600279406;-10.611230797473388;-9.642130667392824;-1;;;0;;;;;;;;;;0;;;;0.235709071568815;282632.1600000001;1;0;1;0.05796934078556382;0;0.2371182167042981;277089.3864406778;0.8458781362007168;0;0.05938045869710312;0
69.75;1780344069.75;0;2396.745000299215;14.312242400000002;46.6242924;448.544302610446;0;5.426157966353028e-10;1.356539491588257e-10;301.5486714949038;0.2199663232973235;0.11720780270726308;447347.5092932225;5163644.160778142;-1;39215;-1.700099191895968;24.85861277816743;35793.3998684256;166.0063366761319;33.57606597437548;38295.40787576913;224.410983686027;33.33694222340258;2.514;0;2;2;55;0.5930181172581246;-3;53.69129168562514;288.15;250;206.2889512918198;281.2889512918198;1;;;;21.04387738672815;2.264770549539606;5.424527433239664;5.424527433239664;0;0;28930.81297727821;0;188.4603960953082;188.1386596974391;1.59;1.65;0.2;63.30886905304124;5.333067026450512;6.302167156531076;9;0.8888888888888888;0.28263216;42.47500600279406;-10.611230797473388;-9.642130667392824;-1;;;0;;;;;;;;;;0;;;;0.235709071568815;282632.1600000001;1;0;1;0.05796934078556382;0;0.2371122709442328;277112.773670886;0.8464285714285714;0;0.0593745046130882;0
70;1780344070;0;2397.995000001192;14.3122424;46.6242924;448.544302610446;0;0;0;301.5478425042326;0.2449473562739093;0.1423549448444668;447347.5092932225;5163644.160778142;-1;39215;-1.700281053290379;24.85860919594533;35793.40027330441;166.0063812391459;33.57587097670119;38295.42478256099;224.4121149513929;33.30130544180022;2.398;0;2;2;55;0.5930178375549128;-3;53.69129275150642;288.15;250;206.2894755293385;281.2894755293385;1;;;;21.04387738672815;2.264706289327876;5.424555245513534;5.424555245513534;0;0;28930.96130940551;0;188.4603999299845;188.1386635321155;1.59;1.65;0.2;63.19283765489454;5.295744388090426;6.26484451817099;9;0.8888888888888888;0.28263216;42.35896651071943;-10.725285141335776;-9.756185011255212;-1;;;0;;;;;;;;;;0;;;;0.2357091279638022;282632.1600000001;1;0;1;0.05796934078556382;0;0.2371063753854915;277135.9643697478;0.8469750889679716;0;0.0593686005633927;0
70.25;1780344070.25;0;2399.244999995232;14.3122424;46.6242924;448.544302610446;0;0;0;301.5422660201318;0.2408397881890705;0.1505126084212984;447347.5092932225;5163644.160778142;-1;39215;-1.700281053290379;24.85860919594533;35793.40027330441;166.0063812391459;33.57587097670119;38295.42478256099;224.423400003929;33.29853622821325;2.398;0;2;2;55;0.5930178375549128;-3;53.69129275150642;288.15;250;206.2894755293385;281.2894755293385;1;;;;21.04387738672815;2.264706289327876;5.424555245513534;5.424555245513534;0;0;28930.96130940551;0;188.4603999299845;188.1386635321155;1.59;1.65;0.2;63.19283765489454;5.295744388090426;6.26484451817099;9;0.8888888888888888;0.28263216;42.35896651071943;-10.725285141335776;-9.756185011255212;-1;;;0;;;;;;;;;;0;;;;0.2357091279638022;282632.1600000001;1;0;1;0.05796934078556382;0;0.2371005291619698;277158.9610041839;0.8475177304964538;0;0.05936274591997082;0
70.5;1780344070.5;0;2400.495000597238;14.3122424;46.6242924;448.544302610446;0;5.426157966353028e-10;1.356539491588257e-10;301.5376074043442;0.1895100041953282;0.1425503920412618;447347.5092932225;5163644.160778142;-1;39215;-1.700281053290379;24.85860919594533;35793.40027330441;166.0063812391459;33.57587097670119;38295.42478256099;224.4480622026575;33.34076559326084;2.514;0;2;2;55;0.5930178375549128;-3;53.69129275150642;288.15;250;206.2894755293385;281.2894755293385;1;;;;21.04387738672815;2.264706289327876;5.424555245513534;5.424555245513534;0;0;28930.96130940551;0;188.4603999299845;188.1386635321155;1.59;1.65;0.2;63.30883765489456;5.333057018275836;6.3021571483564;9;0.8888888888888888;0.28263216;42.47496651071947;-10.61126960502989;-9.642169474949326;-1;;;0;;;;;;;;;;0;;;;0.2357091279638022;282632.1600000001;1;0;1;0.05796934078556382;0;0.2370947316569774;277181.7659999998;0.8480565371024736;0;0.05935694006524414;0
70.75;1780344070.75;0;2401.745000299215;14.312242400000002;46.6242924;448.544302610446;0;5.426157966353028e-10;1.356539491588257e-10;301.5394079070996;0.1574661882596017;0.09745947293655826;447347.5092932225;5163644.160778142;-1;39215;-1.700281053290379;24.85860919594533;35793.40027330441;166.0063812391459;33.57587097670119;38295.42478256099;224.4399089741111;33.39521481663489;2.514;0;2;2;55;0.5930178375549128;-3;53.69129275150642;288.15;250;206.2894755293385;281.2894755293385;1;;;;21.04387738672815;2.264706289327876;5.424555245513534;5.424555245513534;0;0;28930.96130940551;0;188.4603999299845;188.1386635321155;1.59;1.65;0.2;63.30883765489456;5.333057018275836;6.3021571483564;9;0.8888888888888888;0.28263216;42.47496651071947;-10.61126960502989;-9.642169474949326;-1;;;0;;;;;;;;;;0;;;;0.2357091279638022;282632.1600000001;1;0;1;0.05796934078556382;0;0.2370889822640597;277204.3817427384;0.8485915492957746;0;0.05935118239188446;0
71;1780344071;0;2402.995000001192;14.3122424;46.6242924;448.544302610446;0;0;0;301.5459913106593;0.1348721989154778;0.08179174640992458;447347.5092932225;5163644.160778142;-1;39215;-1.700462905663061;24.85860561443079;35793.40067814301;166.0064257990183;33.57567598867287;38295.44168854109;224.43647356294;33.42211727307221;2.514;0;2;2;55;0.5930175578681636;-3;53.69129381732476;288.15;250;206.2899997441273;281.2899997441273;1;;;;21.04387738672815;2.264642032149766;5.424583056759612;5.424583056759612;0;0;28931.10963605127;0;188.4604037644751;188.138667366606;1.59;1.65;0.2;63.30880625794672;5.333047010434008;6.302147140514572;9;0.8888888888888888;0.28263216;42.47492702020969;-10.611308411054822;-9.642208280974258;-1;;;0;;;;;;;;;;0;;;;0.2357091843560819;282632.1600000001;1;0;1;0.05796934078556382;0;0.2370832806198118;277226.8105785122;0.8491228070175438;0;0.05934547230260214;0
71.25;1780344071.25;0;2404.244999995231;14.3122424;46.6242924;448.544302610446;0;0;0;301.5501575048617;0.09558323833508494;0.07834211229031436;447347.5092932225;5163644.160778142;-1;39215;-1.700462905663061;24.85860561443079;35793.40067814301;166.0064257990183;33.57567598867287;38295.44168854109;224.4489078538795;33.45258135380272;2.514;0;2;2;55;0.5930175578681636;-3;53.69129381732476;288.15;250;206.2899997441273;281.2899997441273;1;;;;21.04387738672815;2.264642032149766;5.424583056759612;5.424583056759612;0;0;28931.10963605127;0;188.4604037644751;188.138667366606;1.59;1.65;0.2;63.30880625794672;5.333047010434008;6.302147140514572;9;0.8888888888888888;0.28263216;42.47492702020969;-10.611308411054822;-9.642208280974258;-1;;;0;;;;;;;;;;0;;;;0.2357091843560819;282632.1600000001;1;0;1;0.05796934078556382;0;0.2370776259026771;277249.0548148146;0.8496503496503498;0;0.05933980920993942;0
71.5;1780344071.5;0;2405.495000597238;14.3122424;46.6242924;448.544302610446;0;5.426157966353028e-10;1.356539491588257e-10;301.5479980119497;0.0951990627674743;0.07148003056071886;447347.5092932225;5163644.160778142;-1;39215;-1.700462905663061;24.85860561443079;35793.40067814301;166.0064257990183;33.57567598867287;38295.44168854109;224.4480057343277;33.4576614029272;2.514;0;2;2;55;0.5930175578681636;-3;53.69129381732476;288.15;250;206.2899997441273;281.2899997441273;1;;;;21.04387738672815;2.264642032149766;5.424583056759612;5.424583056759612;0;0;28931.10963605127;0;188.4604037644751;188.138667366606;1.59;1.65;0.2;63.30880625794672;5.333047010434008;6.302147140514572;9;0.8888888888888888;0.28263216;42.47492702020969;-10.611308411054822;-9.642208280974258;-1;;;0;;;;;;;;;;0;;;;0.2357091843560819;282632.1600000001;1;0;1;0.05796934078556382;0;0.2370720175356829;277271.1167213113;0.8501742160278746;0;0.05933419253606904;0
71.75;1780344071.75;0;2406.745000299215;14.312242400000002;46.6242924;448.544302610446;0;5.426157966353028e-10;1.356539491588257e-10;301.5444441570354;0.11231978800708806;0.0596463093787682;447347.5092932225;5163644.160778142;-1;39215;-1.700462905663061;24.85860561443079;35793.40067814301;166.0064257990183;33.57567598867287;38295.44168854109;224.4380311178709;33.45372568716668;2.514;0;2;2;55;0.5930175578681636;-3;53.69129381732476;288.15;250;206.2899997441273;281.2899997441273;1;;;;21.04387738672815;2.264642032149766;5.424583056759612;5.424583056759612;0;0;28931.10963605127;0;188.4604037644751;188.138667366606;1.59;1.65;0.2;63.30880625794672;5.333047010434008;6.302147140514572;9;0.8888888888888888;0.28263216;42.47492702020969;-10.611308411054822;-9.642208280974258;-1;;;0;;;;;;;;;;0;;;;0.2357091843560819;282632.1600000001;1;0;1;0.05796934078556382;0;0.2370664549512764;277292.998530612;0.8506944444444444;0;0.05932862171259758;0
72;1780344072;0;2407.995000001192;14.3122424;46.6242924;448.544302610446;0;0;0;301.5415515469214;0.04423355770119057;0.0490914848617795;447347.5092932225;5163644.160778142;-1;39215;-1.700644749013033;24.85860203361953;35793.40108294139;166.0064703557542;33.57548101029231;38295.45859370928;224.4675845953273;33.50952510633665;2.514;0;2;2;55;0.5930172781929596;-3;53.69129488309884;288.15;250;206.2905239361807;281.2905239361808;1;;;;21.04387738672815;2.264577778006071;5.424610866977602;5.424610866977602;0;0;28931.25795721388;0;188.4604075987798;188.1386712009107;1.59;1.65;0.2;63.30877486220244;5.333037002926526;6.30213713300709;9;0.8888888888888888;0.28263216;42.47488753126965;-10.61134721554334;-9.642247085462776;-1;;;0;;;;;;;;;;0;;;;0.2357092407456532;282632.1600000001;1;0;1;0.05796934078556382;0;0.2370609378203592;277314.7024390241;0.85121107266436;0;0.05932309618037386;0
72.25;1780344072.25;0;2409.244999995231;14.3122424;46.6242924;448.544302610446;79.75228152862284;0.08012657089575134;0.02003164272393783;221.7839424704929;-6.3197376749677;0.03388157135908133;447347.5092932225;5163644.160778142;-1;39215;-1.700644749013033;24.85860203361953;35793.40108294139;166.0064703557542;33.57548101029231;38295.45859370928;227.7728592519348;37.9356138142215;2.995;0;2;2;55;0.5930172781929596;-3;53.69129488309884;288.15;250;206.2905239361807;281.2905239361808;1;;;;21.04387738672815;2.264577778006071;5.424610866977602;5.424610866977602;0;0;28931.25795721388;0;188.4604075987798;188.1386712009107;1.59;1.65;0.2;63.78977486220242;5.480652897421096;6.44975302750166;10;0.9;0.2861779200000001;42.95588753126964;-10.139154496764462;-9.170054366683898;-1;;;0;;;;;;;;;;0;;;;0.2349909974591557;286177.9200000001;1;0;1;0.05725109749906632;0;0.2370525574950102;277350.585910931;0.8517241379310346;0;0.05931470752174508;0
72.5;1780344072.5;0;2410.495000597238;14.312242251499822;46.62429254850016;448.5443495340434;308.7583184844316;0.3402873039263839;0.08507182598159598;-7.222302982180822;-13.364914248252752;0.03462621381549083;447347.4980685401;5163644.17737847;-1;39215;-1.700644749013033;24.85860203361953;35793.40108294139;166.0064701933006;33.57548082599262;38295.45860936168;232.349542336647;42.46475330296249;2.605;0;2;2;55;0.5930172687489432;-3;53.69129491908768;288.15;250;206.2905244316651;281.2905244316651;1;;;;21.04387738672815;2.264624640868192;5.424610893264858;5.424610893264858;0;0;28931.25809741257;0;188.46040760233;188.1386712044609;1.59;1.65;0.2;63.39977484076564;5.361837146784198;6.330937276864762;9;0.8888888888888888;0.28263216;42.56588750218293;-10.52194086470481;-9.552840734624246;-1;;;0;;;;;;;;;;0;;;;0.235709240797864;282632.1600000001;1;0;1;0.05796934078556382;0;0.2370471408954249;277371.8825806449;0.852233676975945;0;0.05930928265587338;0
72.75;1780344072.75;0;2411.745000299215;14.31224128049967;46.62429292350008;448.5440846027693;302.3846240935927;0.9166845819132598;0.229171145478315;-0.8332041037049698;-15.288132459958212;0.02471358804351722;447347.4240957017;5163644.219696558;-1;39215;-1.700644749013033;24.85860203361953;35793.40108294139;166.0064690065995;33.57548025246962;38295.45865809357;233.7638686474453;43.63178664848888;2.748;0;2;2;55;0.593017179378646;-3;53.69129525965606;288.15;250;206.2905259735648;281.2905259735648;1;;;;21.04387738672815;2.264359520592109;5.424610975068286;5.424610975068286;0;0;28931.25853369753;0;188.460407613383;188.1386712155139;1.59;1.65;0.2;63.5427748274064;5.40626561830875;6.375365748389314;9;0.8888888888888888;0.28263216;42.70888746501777;-10.381512380235218;-9.412412250154654;-1;;;0;;;;;;;;;;0;;;;0.235709240960416;282632.1600000001;1;0;1;0.05796934078556382;0;0.2370417678033165;277393.0081927708;0.8527397260273972;0;0.05930390136322154;0
73;1780344073;0;2412.995000001192;14.312238810999998;46.6242940945;448.5438249121648;298.8884121974937;1.694915116379316;0.4237287790948291;2.67877905242041;-15.371038019116198;0.025632743476051;447347.2361746814;5163644.35146604;-1;39215;-1.700826590654971;24.85859845337121;35793.40148771585;166.0065105892889;33.57528358703746;38295.47570661363;233.8106715840057;43.68319342944196;2.748;0;2;2;55;0.5930166825054598;-3;53.691297153118;288.15;250;206.2910547044495;281.2910547044495;1;;;;21.04387738672815;2.264035019737378;5.424639026268216;5.424639026268216;0;0;28931.40814009715;0;188.4604114802;188.1386750823309;1.59;1.65;0.2;63.54274335137084;5.406255949784466;6.37535607986503;9;0.8888888888888888;0.28263216;42.708847825725;-10.381551295137538;-9.412451165056974;-1;;;0;;;;;;;;;;0;;;;0.2357092978281577;282632.1600000001;1;0;1;0.05796934078556382;0;0.2370364379234159;277413.9647999998;0.8532423208191128;0;0.0592985631209109;0
73.25;1780344073.25;0;2414.244999995232;14.312233997500022;46.62429599;448.5331860925711;302.4416242037607;2.347212982856905;0.5868032457142262;-0.8957291627147502;-14.81129190429507;0.02839508733506748;447346.8695075549;5163644.565306752;-1;39215;-1.700826590654971;24.85859845337121;35793.40148771585;166.0065047141453;33.57528070524271;38295.47595148173;233.407829564269;43.3444039812005;2.748;0;2;2;55;0.5930162403760284;-3;53.69129883796428;288.15;250;206.2910624521184;281.2910624521184;1;;;;22.66263718570724;3.148621459142078;5.424639437313092;5.424639437313092;0;0;28931.41033233649;0;188.4604115357391;188.13867513787;1.59;1.65;0.2;63.54274327807184;5.406255927269088;6.375356057349652;9;0.8888888888888888;0.28263216;42.70884763280725;-10.381551484529818;-9.412451354449254;-1;;;0;;;;;;;;;;0;;;;0.2357092986449498;282632.1600000001;1;0;1;0.05796934078556382;0;0.2370311505159319;277434.7544223105;0.8537414965986394;0;0.05929326741439558;0
73.5;1780344073.5;0;2415.495000597238;14.312227481496236;46.62429878700156;448.5352799283013;301.0216966474949;3.12586800344616;0.78146700086154;0.3420132195900989;-14.00410410955304;0.08083718502502192;447346.3733767228;5163644.880458362;-1;39215;-1.700826590654971;24.85859845337121;35793.40148771585;166.0064968092572;33.57527655929284;38295.47630373622;233.0338558846486;42.78268973591829;2.648;0;2;2;55;0.593015653966199;-3;53.69130107262664;288.15;250;206.2910735984536;281.2910735984537;1;;;;22.66263718570724;3.451311975530018;5.424640028670904;5.424640028670904;0;0;28931.41348624483;0;188.4604116156348;188.1386752177657;1.59;1.65;0.2;63.44274312844392;5.37529296922489;6.344393099305454;9;0.8888888888888888;0.28263216;42.6088473110874;-10.47974485610081;-9.510644726020246;-1;;;0;;;;;;;;;;0;;;;0.2357092998199442;282632.1600000001;1;0;1;0.05796934078556382;0;0.2370259050766621;277455.3790476187;0.8542372881355932;0;0.05928801373729704;0
73.75;1780344073.75;0;2416.745000299215;14.312218712497754;46.62430240950094;448.5359171268509;300.3085779404251;3.420829426481308;0.855207356620327;0.3426950558129125;-12.672161551382376;0.11630735364816614;447345.7055648589;5163645.288843206;-1;39215;-1.700826590654971;24.85859845337121;35793.40148771585;166.0064861415801;33.57527112987876;38295.47676505031;232.8661485380864;41.81993963698052;2.591;0;2;2;55;0.5930148580595732;-3;53.69130410562764;288.15;250;206.2910881953688;281.2910881953689;1;;;;22.66263718570724;3.45194725703476;5.42464080309595;5.42464080309595;0;0;28931.41761651173;0;188.4604117202666;188.1386753223975;1.59;1.65;0.2;63.38574295736428;5.357423137346328;6.326523267426892;9;0.8888888888888888;0.28263216;42.55184691464118;-10.535733423649764;-9.5666332935692;-1;;;0;;;;;;;;;;0;;;;0.2357093013587224;282632.1600000001;1;0;1;0.05796934078556382;0;0.2370207011093976;277475.8406324107;0.8547297297297298;0;0.05928280159124276;0
74;1780344074;0;2417.995000001192;14.31220903899999;46.6243062845;448.519634724588;301.8669103149967;4.289492137000835;1.072373034250209;-2.273526436091321;-11.178646541799156;0.05861719112597356;447344.9687525746;5163645.72588976;-1;39215;-1.701008415956284;24.85859487397131;35793.40189243377;166.006518898808;33.57507030977817;38295.49416660538;232.9364640582944;40.78953420844153;2.633;0;2;2;55;0.5930136933580372;-3;53.69130854401024;288.15;250;206.2916280995648;281.2916280995648;1;;;;24.28139698468633;4.330815204269698;5.424669447281556;5.424669447281556;0;0;28931.57038550163;0;188.4604156671545;188.1386792692854;1.59;1.65;0.2;63.42771140231776;5.370596075091778;6.339696205172342;9;0.8888888888888888;0.28263216;42.59380702384576;-10.494516891162376;-9.525416761081812;-1;;;0;;;;;;;;;;0;;;;0.2357093594040621;282632.1600000001;1;0;1;0.05796934078556382;0;0.2370155383467781;277496.1411023619;0.8552188552188552;0;0.05927763048570858;0
74.25;1780344074.25;0;2419.244999995231;14.312197072500046;46.62431133099998;448.4994842438899;300.4802695183096;4.570090792811802;1.14252269820295;-2.23668279071141;-9.653516799248896;-0.1298262641767195;447344.0575320423;5163646.294643764;-1;39215;-1.701008415956284;24.85859487397131;35793.40189243377;166.0065043628685;33.57506279137696;38295.49480541958;233.2593153592448;39.82977672898311;2.741;0;2;2;55;0.593012610211066;-3;53.69131267160528;288.15;250;206.2916483128283;281.2916483128283;1;;;;24.28139698468633;4.604424098984794;5.424670519683764;5.424670519683764;0;0;28931.57610498008;0;188.4604158120454;188.1386794141763;1.59;1.65;0.2;63.53571114850524;5.404094643908792;6.373194773989356;9;0.8888888888888888;0.28263216;42.70180645795469;-10.388464087974906;-9.419363957894342;-1;;;0;;;;;;;;;;0;;;;0.235709361534917;282632.1600000001;1;0;1;0.05796934078556382;0;0.2370104160847708;277516.2823529408;0.8557046979865772;0;0.05927249993786488;0
74.5;1780344074.5;0;2420.495000597238;14.312184207493132;46.62431657600288;448.4980025769743;300.4769111150023;4.955814892063606;1.238953723015902;-3.486030597024676;-7.697210168772256;-0.3722803035825535;447343.0777175923;5163646.886055516;-1;39215;-1.701008415956284;24.85859487397131;35793.40189243377;166.006488697823;33.57505489960664;38295.4954759585;233.2025697400622;38.70474999870921;2.823;0;2;2;55;0.5930114391174654;-3;53.69131713433828;288.15;250;206.2916695299018;281.2916695299018;1;;;;0;5.907749837597124;5.42467164534278;5.42467164534278;0;0;28931.58210849483;0;188.4604159641319;188.1386795662628;1.59;1.65;0.2;63.61771091246862;5.429146470653308;6.398246600733872;9;0.8888888888888888;0.28263216;42.78380589434144;-10.307974715664078;-9.338874585583514;-1;;;0;;;;;;;;;;0;;;;0.235709363771594;282632.1600000001;1;0;1;0.05796934078556382;0;0.2370053338491725;277536.2662499997;0.8561872909698998;0;0.0592674094724262;0
74.75;1780344074.75;0;2421.745000299215;14.31217020499671;46.6243222035013;448.4954341143914;300.361437875528;5.505880342431048;1.376470085607762;-4.327947625002278;-4.831611245273014;-0.6661421513287594;447342.0111919795;5163647.520729698;-1;39215;-1.701008415956284;24.85859487397131;35793.40189243377;166.0064716307517;33.57504639616754;38295.496198476;232.3192591618838;37.12627759265193;2.909;0;2;2;55;0.5930101606396072;-3;53.69132200627994;288.15;250;206.2916923914566;281.2916923914566;1;;;;0;5.887542014694986;5.424672858249078;5.424672858249078;0;0;28931.58857732842;0;188.4604161280077;188.1386797301386;1.59;1.65;0.2;63.70371067291326;5.455068760990036;6.4241688910706;10;0.9;0.2861779200000001;42.86980530181973;-10.223589385550512;-9.254489255469948;-1;;;0;;;;;;;;;;0;;;;0.2349911228951555;286177.9200000001;1;0;1;0.05725109749906632;0;0.2369974964524642;277569.8913618674;0.8566666666666668;0;0.05925956390054542;0
75;1780344075;0;2422.995000001192;14.312154663999984;46.624328474;448.4836122921446;299.8426104280387;5.717929902402346;1.429482475600587;-4.050728628084226;-3.403990360632616;-0.8014403544335796;447340.8275078884;5163648.227881194;-1;39215;-1.701190232231998;24.85859129527714;35793.40229711146;166.0064972411792;33.5748419829105;38295.51390534381;231.6865698864525;36.34206273108831;2.912;0;2;2;55;0.5930084624337972;-3;53.69132847768622;288.15;250;206.2922419597425;281.2922419597425;1;;;;0;5.89381230457235;5.424702015372184;5.424702015372184;0;0;28931.74408198498;0;188.4604201441422;188.1386837462731;1.59;1.65;0.2;63.7066790102334;5.45595709249395;6.425057222574514;10;0.9;0.2861779200000001;42.87276515420249;-10.220685645240142;-9.251585515159578;-1;;;0;;;;;;;;;;0;;;;0.2349911819589089;286177.9200000001;1;0;1;0.05725109749906632;0;0.2369897200396985;277603.2558139531;0.8571428571428572;0;0.0592517791470513;0
75.25;1780344075.25;0;2424.244999995231;14.312138411000058;46.62433485149998;448.4479160509344;299.0439131761487;5.595436870423366;1.398859217605841;-3.424866132904797;-2.966110246585444;-0.8150568234692824;447339.5894193928;5163648.947398462;-1;39215;-1.701190232231998;24.85859129527714;35793.40229711146;166.0064773988599;33.57483227650707;38295.51473011053;231.61346562402;36.07504894361743;2.929;0;2;2;55;0.5930069685452946;-3;53.69133417048676;288.15;250;206.2922680556498;281.2922680556498;1;;;;0;5.874229116131858;5.424703399884852;5.424703399884852;0;0;28931.75146605255;0;188.4604203312094;188.1386839333403;1.59;1.65;0.2;63.7236787674847;5.461036402897388;6.430136532977952;10;0.9;0.2861779200000001;42.88976450855225;-10.204009287495242;-9.234909157414676;-1;;;0;;;;;;;;;;0;;;;0.2349911847100346;286177.9200000001;1;0;1;0.05725109749906632;0;0.2369820036870743;277636.3626254823;0.8576158940397352;0;0.0592440545074838;0
75.5;1780344075.5;0;2425.495000597238;14.312122368991758;46.62434092450304;448.4111752673014;298.6474495692567;5.696308446433858;1.424077111608465;-4.180684346418012;-2.372643324394966;-0.9383289954826566;447338.3671886821;5163649.632939748;-1;39215;-1.701190232231998;24.85859129527714;35793.40229711146;166.0064577678347;33.57482293104162;38295.51552422716;232.4136038350017;35.77552940488989;2.92;0;2;2;55;0.5930054836713038;-3;53.69133982892866;288.15;250;206.2922931811737;281.2922931811737;1;;;;0;5.86467927462411;5.424704732914466;5.424704732914466;0;0;28931.75857554382;0;188.4604205113247;188.1386841134556;1.59;1.65;0.2;63.71467857514898;5.45834899703752;6.427449127118084;10;0.9;0.2861779200000001;42.88076392829703;-10.21283869753901;-9.243738567458446;-1;;;0;;;;;;;;;;0;;;;0.2349911873589225;286177.9200000001;1;0;1;0.05725109749906632;0;0.2369743467011968;277669.2147692305;0.858085808580858;0;0.05923638928822064;0
75.75;1780344075.75;0;2426.745000299215;14.31210601299623;46.62434707600144;448.3753708571122;298.5231292267016;6.061103815106044;1.515275953776511;-6.49645090919329;-2.060721094908574;-1.287740590033621;447337.1209965935;5163650.327413338;-1;39215;-1.701190232231998;24.85859129527714;35793.40229711146;166.0064377441497;33.57481344543298;38295.51633025465;234.5947774852418;35.82320682956776;3;0;2;2;55;0.5930039680104264;-3;53.6913456046838;288.15;250;206.2923186834838;281.2923186834838;1;;;;0;5.880571418495664;5.424706085934812;5.424706085934812;0;0;28931.76579165233;0;188.4604206941416;188.1386842962725;1.59;1.65;0.2;63.7946783875029;5.482099847047182;6.451199977127748;10;0.9;0.2861779200000001;42.96076334691418;-10.134372950559868;-9.165272820479304;-1;;;0;;;;;;;;;;0;;;;0.2349911900475408;286177.9200000001;1;0;1;0.05725109749906632;0;0.2369667483998418;277701.8151724135;0.8585526315789474;0;0.05922878280626986;0
76;1780344076;0;2427.995000001192;14.312088571499982;46.6243535735;448.3497176421888;297.9483228354781;5.71120923318071;1.427802308295178;-9.905674635224476;-2.125250895183866;-1.972297245015846;447335.7920382256;5163651.061059506;-1;39215;-1.701372039481157;24.85858771729082;35793.40270174894;166.0064609231482;33.57460845658123;38295.5340860999;238.4642353993804;36.37034461218365;3.367;0;2;2;55;0.5930020703253564;-3;53.69135283621516;288.15;250;206.2928698032924;281.2928698032924;1;;;;0;5.874292040415696;5.424735325597312;5.424735325597312;0;0;28931.921736519;0;188.4604247213827;188.1386883235135;1.59;1.65;0.2;64.1616468085988;5.587156570876584;6.556256700957148;10;0.9;0.2861779200000001;43.3277232591372;-9.77481400433681;-8.805713874256246;-1;;;0;;;;;;;;;;0;;;;0.2349912492746654;286177.9200000001;1;0;1;0.05725109749906632;0;0.2369592083268449;277734.166717557;0.859016393442623;0;0.0592212343890668;0
76.25;1780344076.25;0;2429.244999995232;14.31207202300007;46.62435954949998;448.3415462719869;296.6230280267434;6.275164503353918;1.568791125838479;-13.209868496955182;-2.466062170850457;-2.836999416617765;447334.5309391007;5163651.736161144;-1;39215;-1.701372039481157;24.85858771729082;35793.40270174894;166.0064406120801;33.5745991219907;38295.53487929967;243.1731635424327;37.22331123669395;3.368;0;2;2;55;0.5930005277623514;-3;53.69135871447042;288.15;250;206.2928948997549;281.2928948997549;1;;;;0;5.89831649540696;5.424736657094862;5.424736657094862;0;0;28931.92883783926;0;188.4604249012899;188.1386885034209;1.59;1.65;0.2;64.16264666930676;5.587434212364926;6.55653434244549;10;0.9;0.2861779200000001;43.32872273237524;-9.77383553687302;-8.804735406792458;-1;;;0;;;;;;;;;;0;;;;0.234991251920495;286177.9200000001;1;0;1;0.05725109749906632;0;0.2369517256028664;277766.2722433457;0.8594771241830066;0;0.05921374337427592;0
76.5;1780344076.5;0;2430.495000597238;14.312053624491102;46.62436582550294;448.340960091722;295.1580013049109;5.955431956002188;1.488857989000547;-16.64892625314614;-2.884915662702443;-3.713882809054802;447333.1285010666;5163652.445835078;-1;39215;-1.701372039481157;24.85858771729082;35793.40270174894;166.0064179535166;33.57458913387477;38295.53572805799;248.3258457625839;38.09995065331675;2.748;0;2;2;55;0.5929987964585042;-3;53.69136531195294;288.15;250;206.2929217532576;281.2929217532576;1;;;;0;5.915552345654874;5.424738081812968;5.424738081812968;0;0;28931.93643633582;0;188.4604250937986;188.1386886959294;1.59;1.65;0.2;63.54264659207394;5.406226227833644;6.375326357914208;9;0.8888888888888888;0.28263216;42.70872224054506;-10.381674585347028;-9.412574455266464;-1;;;0;;;;;;;;;;0;;;;0.2357094980381455;282632.1600000001;1;0;1;0.05796934078556382;0;0.2369470201954243;277784.7036363633;0.8599348534201956;0;0.05920902972810654;0
76.75;1780344076.75;0;2431.745000299215;14.31203596799593;46.6243715035013;448.4571235186915;294.2570604825033;6.260405059478508;1.565101264869627;-20.19101857243485;-2.099820681731634;-4.432622980144334;447331.7822893012;5163653.088564082;-1;39215;-1.701372039481157;24.85858771729082;35793.40270174894;166.0063961367587;33.57457991390035;38295.53651149546;252.3227154496011;38.43697805902857;2.262;0;2;2;55;0.5929971290073636;-3;53.6913716661031;288.15;250;206.2929465415844;281.2929465415845;1;;;;0;5.99671189348419;5.424739396963158;5.424739396963158;0;0;28931.94345047017;0;188.4604252714916;188.1386888736225;1.59;1.65;0.2;63.05664658242334;5.251069753296914;6.220169883377478;9;0.8888888888888888;0.28263216;42.22272184818192;-10.859264586857798;-9.890164456777234;-1;;;0;;;;;;;;;;0;;;;0.2357095006514116;282632.1600000001;1;0;1;0.05796934078556382;0;0.2369423503103525;277802.995924528;0.8603896103896104;0;0.05920435165662526;0
77;1780344077;0;2432.995000001192;14.312017276499982;46.62437727650002;449.058586934705;291.5775999455265;5.863014820479378;1.465753705119845;-21.3777395484063;0.2873673728638046;-4.931940868774712;447330.3569339876;5163653.742541282;-1;39215;-1.701553837702781;24.85858414000825;35793.40310634616;166.0064175331302;33.5743754749316;38295.5542203203;254.7077179429125;38.27135135461011;1.973;0;2;2;55;0.5929951140921458;-3;53.69137934432198;288.15;250;206.2934961870298;281.2934961870299;1;;;;0;6.225825526459404;5.424768558626726;5.424768558626726;0;0;28932.09897934254;0;188.4604292880658;188.1386928901967;1.59;1.65;0.2;62.76761519644098;5.153111303432368;6.122211433512932;11;0.6;0.2847985600000001;41.93368197610869;-11.143724216706616;-10.174624086626052;-1;;;0;;;;;;;;;;0;;;;0.2352685996976049;284798.5600000001;1;0;1;0.05752838076147576;0;0.2369360580148159;277829.2950375937;0.8608414239482202;0;0.05919805101416228;0
77.25;1780344077.25;0;2434.244999995232;14.311999402500072;46.62438207999998;450.0766162252417;290.3818134117161;5.971063062736986;1.492765765684246;-23.66408402106325;6.698035184182442;-5.268285476312148;447328.9932232603;5163654.288243244;-1;39215;-1.701553837702781;24.85858414000825;35793.40310634616;166.0063952504587;33.57436714105111;38295.55492795118;254.1015007863186;37.16460518744688;1.94;0;2;2;55;0.592993459378065;-3;53.69138564991632;288.15;250;206.293518593202;281.293518593202;1;;;;0;6.511188605197732;5.424769747399492;5.424769747399492;0;0;28932.10531946395;0;188.4604294485649;188.1386930506959;1.59;1.65;0.2;62.73461531902302;5.14165169270906;6.110751822789624;11;0.6;0.2847985600000001;41.90068175275755;-11.176220335416204;-10.20712020533564;-1;;;0;;;;;;;;;;0;;;;0.2352686020580075;284798.5600000001;1;0;1;0.05752838076147576;0;0.2369298128614196;277855.3971535578;0.8612903225806452;0;0.059191797567523;0
77.5;1780344077.5;0;2435.495000597238;14.311981066991998;46.62438673350198;452.8842701112902;288.8079229467191;5.542765188459274;1.385691297114818;-24.52225407985552;8.782082612423474;-5.188304993811772;447327.5940358608;5163654.817586326;-1;39215;-1.701553837702781;24.85858414000825;35793.40310634616;166.0063723352289;33.57435888015971;38295.55562822736;255.2917165241844;36.91369083358715;1.785;0;2;2;55;0.592991899975127;-3;53.69139159230218;288.15;250;206.293540803144;281.293540803144;1;;;;0;9.336817150306672;5.424770925761474;5.424770925761474;0;0;28932.1116040612;0;188.460429607396;188.1386932095268;1.59;1.65;0.2;62.57961536890188;5.087062593922644;6.056162724003208;11;0.6;0.2847985600000001;41.7456814597328;-11.328902703269152;-10.359802573188588;-1;;;0;;;;;;;;;;0;;;;0.2352686043938773;284798.5600000001;1;0;1;0.05752838076147576;0;0.2369236143223616;277881.3044776116;0.8617363344051448;0;0.05918559078839596;0
77.75;1780344077.75;0;2436.745000299215;14.31196386999581;46.62439070950092;454.1334120117278;288.8220910982867;5.328155784817564;1.332038946204391;-25.75028340244796;8.586388983178794;-4.746073972651044;447326.2813519385;5163655.270885718;-1;39215;-1.701553837702781;24.85858414000825;35793.40310634616;166.0063507617464;33.57435154566817;38295.55625083314;256.7341843677584;36.73465722975952;1.632;0;2;2;55;0.5929903011535388;-3;53.69139768489214;288.15;250;206.2935605224047;281.2935605224048;1;;;;0;10.586111465986392;5.424771971979118;5.424771971979118;0;0;28932.11718388862;0;188.4604297486104;188.1386933507413;1.59;1.65;0.2;62.42661560360026;5.031933789562978;6.001033919643542;11;0.6;0.2847985600000001;41.59268138998175;-11.479693322493302;-10.510593192412738;-1;;;0;;;;;;;;;;0;;;;0.2352686064706667;284798.5600000001;1;0;1;0.05752838076147576;0;0.2369174618768163;277907.0191821559;0.8621794871794872;0;0.05917943015632562;0
78;1780344078;0;2437.995000001192;14.311947364999984;46.6243945845;457.9203969806254;288.9923556058746;4.455815865497623;1.113953966374406;-26.24764887862659;8.439275745387288;-5.919248872879444;447325.0215472944;5163655.712499966;-1;39215;-1.701735626895913;24.8585805634336;35793.40351090316;166.0063746074239;33.57414952031847;38295.57375257505;256.9617718980267;37.96418208211824;1.665;0;2;2;55;0.5929887110357794;-3;53.69140374430682;288.15;250;206.2941036825678;281.2941036825678;1;;;;0;6.355116825835296;5.42480078977839;5.42480078977839;0;0;28932.27087881808;0;188.4604337182136;188.1386973203445;1.59;1.65;0.2;62.45958423058244;5.043918136308668;6.013018266389232;11;0.6;0.2847985600000001;41.62564163101891;-11.447202593379016;-10.478102463298452;-1;;;0;;;;;;;;;;0;;;;0.2352686648501938;284798.5600000001;1;0;1;0.05752838076147576;0;0.2369113552211622;277932.5434074071;0.8626198083067094;0;0.05917331515856692;0
78.25;1780344078.25;0;2439.244999995231;14.311933556000052;46.6243978125;458.0679921421466;286.8657671823323;4.142685007651634;1.0356712519129086;-23.41750351431243;8.019689590105512;-17.00644730923063;447323.9675110142;5163656.080419162;-1;39215;-1.701735626895913;24.8585805634336;35793.40351090316;166.0063572915768;33.57414359444909;38295.57425617193;253.8217153485473;48.6681398589989;3.713;0;2;2;55;0.5929873557255556;-3;53.69140890894122;288.15;250;206.2941196147598;281.2941196147598;1;;;;0;6.524135187709362;5.42480163507654;5.42480163507654;0;0;28932.27538707488;0;188.4604338324354;188.1386974345663;1.59;1.65;0.2;64.5075844765867;5.680493876160558;6.649594006241122;12;0.6666666666666666;0.3169017600000001;43.6736416310435;-9.436455686218222;-8.467355556137658;-1;;;0;;;;;;;;;;0;;;;0.2294408506375986;316901.76;1;0;1;0.05170056486906226;0;0.2368837887835845;278076.3412546123;0.8630573248407644;0;0.0591457404342514;0
78.5;1780344078.5;0;2440.495000597238;14.311920545994506;46.6244004425009;458.2290627412184;278.5181331400071;3.566634999728271;0.8916587499320678;-13.854790878879566;7.265692122964468;-20.81285856141412;447322.9740629127;5163656.381355736;-1;39215;-1.701735626895913;24.8585805634336;35793.40351090316;166.0063408917608;33.57413844718202;38295.5746936249;251.4947484925236;52.24345675301106;3.659;0;2;2;55;0.5929860617013892;-3;53.69141384002964;288.15;250;206.2941334536172;281.2941334536172;1;;;;0;6.740350929289832;5.42480236931089;5.42480236931089;0;0;28932.27930299142;0;188.4604339316549;188.1386975337858;1.59;1.65;0.2;64.45358479414148;5.666280277465274;6.635380407545838;12;0.6666666666666666;0.3169017600000001;43.61964173493797;-9.489236280784366;-8.520136150703802;-1;;;0;;;;;;;;;;0;;;;0.2294408520967847;316901.76;1;0;1;0.05170056486906226;0;0.2368564250457653;278219.0817647057;0.8634920634920636;0;0.05911836846526174;0
78.75;1780344078.75;0;2441.745000299215;14.311908971497218;46.62440149800014;458.4826384600924;262.7285600078346;3.030086041970756;0.757521510492689;3.001863730564469;6.225705012650232;-16.0629393349653;447322.0889849288;5163656.506376674;-1;39215;-1.701735626895913;24.8585805634336;35793.40351090316;166.0063260332885;33.5741352286495;38295.57496721313;252.6885077847457;47.8035301500086;3.581;0;2;2;55;0.59298486049217;-3;53.69141841742708;288.15;250;206.2941421069118;281.2941421069118;1;;;;0;7.01141314466753;5.42480282842011;5.42480282842011;0;0;28932.28175157392;0;188.4604339937079;188.1386975958388;1.59;1.65;0.2;64.37558534142866;5.645518792116282;6.614618922196846;10;0.9;0.2861779200000001;43.54164214862559;-9.565500620152208;-8.596400490071644;-1;;;0;;;;;;;;;;0;;;;0.2349913856393808;286177.9200000001;1;0;1;0.05725109749906632;0;0.2368495933995881;278248.2350183148;0.8639240506329114;0;0.05911152864487274;0
79;1780344079;0;2442.995000001192;14.31189913749999;46.624400605;458.5952040639138;250.0426318414248;3.088760663990774;0.7721901659976934;16.12435809101512;5.10743288830145;-14.187371425892628;447321.3352632646;5163656.413719992;-1;39215;-1.701917407059573;24.85857698756268;35793.40391541992;166.0063575711405;33.57393948021698;38295.59193821183;253.5676380186385;46.24752370237576;3.395;0;2;2;55;0.5929834687686476;-3;53.6914237208038;288.15;250;206.2946683946315;281.2946683946315;1;;;;0;6.92179518562051;5.424830751233848;5.424830751233848;0;0;28932.43067324719;0;188.4604378429304;188.1387014450613;1.59;1.65;0.2;64.18955480729742;5.594888743914988;6.563988873995552;10;0.9;0.2861779200000001;43.35560348906245;-9.747521507742714;-8.77842137766215;-1;;;0;;;;;;;;;;0;;;;0.2349914422485391;286177.9200000001;1;0;1;0.05725109749906632;0;0.2368428118260441;278277.1754744523;0.8643533123028392;0;0.05910473875018002;0
79.25;1780344079.25;0;2444.244999995231;14.311889785000034;46.62439796500002;458.2778312679048;235.0496393645604;3.08745463658444;0.77186365914611;31.09018535647635;4.137468047407132;-16.38724684289522;447320.6167085747;5163656.12661742;-1;39215;-1.701917407059573;24.85857698756268;35793.40391541992;166.0063448357473;33.57394058146165;38295.59184534988;253.6462085435443;48.6261244822557;3.713;0;2;2;55;0.592982291985542;-3;53.6914282051123;288.15;250;206.2946654338246;281.2946654338247;1;;;;0;6.604422415534146;5.424830594144254;5.424830594144254;0;0;28932.42983543602;0;188.4604378218682;188.1387014239991;1.59;1.65;0.2;64.50755603216754;5.68048642336763;6.649586553448194;12;0.6666666666666666;0.3169017600000001;43.67360475964486;-9.43649172000611;-8.467391589925546;-1;;;0;;;;;;;;;;0;;;;0.2294409093087809;316901.76;1;0;1;0.05170056486906226;0;0.2368158958168904;278417.6285090907;0.8647798742138366;0;0.0590778144815214;0
79.5;1780344079.5;0;2445.495000597238;14.311881678496598;46.62439381899774;456.2851706414594;222.4704326158125;3.352440622639493;0.8381101556598732;43.46961503804755;3.304221155180725;-7.976400148697822;447319.9920819073;5163655.67133731;-1;39215;-1.701917407059573;24.85857698756268;35793.40391541992;166.0063334091073;33.57394350667861;38295.5915986897;256.6205905467006;40.72506783176188;1.907;0;2;2;55;0.5929810392481426;-3;53.69143297885136;288.15;250;206.2946575690855;281.2946575690855;1;;;;0;4.662543107946534;5.424830176869966;5.424830176869966;0;0;28932.42760997316;0;188.4604377659228;188.1387013680537;1.59;1.65;0.2;62.70155761966274;5.13011494946486;6.099215079545424;11;0.6;0.2847985600000001;41.86760646856476;-11.208794139270822;-10.239694009190258;-1;;;0;;;;;;;;;;0;;;;0.2352687243784246;284798.5600000001;1;0;1;0.05752838076147576;0;0.2368102901232728;278440.7478260868;0.865203761755486;0;0.05907220059123138;0
79.75;1780344079.75;0;2446.745000299215;14.311874404498234;46.6243881749985;453.2906757507044;216.4572973637708;3.34079273513708;0.83519818378427;49.29433047755242;2.636988153931574;1.493606478669211;447319.4297355752;5163655.04904553;-1;39215;-1.701917407059573;24.85857698756268;35793.40391541992;166.0063227542096;33.5739481715337;38295.59120496568;258.736024399982;31.62446798761894;1.078;0;2;2;55;0.5929797230873238;-3;53.6914379942694;288.15;250;206.2946450271562;281.2946450271562;1;;;;0;9.779925768405462;5.424829511441166;5.424829511441166;0;0;28932.42406101955;0;188.4604376766216;188.1387012787525;1.59;1.65;0.2;61.87255954507908;4.821767946026866;5.79086807610743;11;0.6;0.2847985600000001;41.03860858761761;-12.026377600150162;-11.057277470069598;-1;;;0;;;;;;;;;;0;;;;0.2352687230651026;284798.5600000001;1;0;1;0.05752838076147576;0;0.2368047248992361;278463.7002166063;0.865625;0;0.05906662723444526;0
80;1780344080;0;2447.995000001192;14.311867924999992;46.624382124;449.1497142662028;213.980922081807;3.441507319764035;0.8603768299410088;51.82171641368154;2.151566006413158;4.813123277396872;447318.9278184001;5163654.380997598;-1;39215;-1.70209917819281;24.85857341239786;35793.40431989642;166.0063575821189;33.57375851233371;38295.60766167502;259.353899478602;28.4556893505505;0.4446;0;2;2;55;0.592978097878757;-3;53.69144418735048;288.15;250;206.2951549463522;281.2951549463522;1;;;;0;5.6389598194408;5.424856565967146;5.424856565967146;0;0;28932.56835182478;0;188.4604414091956;188.1387050113266;1.59;1.65;0.2;61.23913020355064;4.560797401494696;5.52989753157526;11;0.6;0.2847985600000001;40.40517137338716;-12.652433259254976;-11.683333129174412;-1;;;0;;;;;;;;;;0;;;;0.2352687779587763;284798.5600000001;1;0;1;0.05752838076147576;0;0.2367991999102416;278486.4874820143;0.8660436137071652;0;0.05906109397375112;0
80.25;1780344080.25;0;2449.244999995232;14.311861597500022;46.62437572200002;448.8590773807253;215.210878772954;2.44193519902334;0.610483799755835;50.56108625015746;0.1784721835662422;7.872834333788298;447318.4371970401;5163653.673845334;-1;39215;-1.70209917819281;24.85857341239786;35793.40431989642;166.0063480020301;33.57376414874566;38295.60718364563;260.8597517710848;25.77820973394252;-0.6223;0;2;2;55;0.5929770817849292;-3;53.69144805931184;288.15;250;206.2951397922076;281.2951397922077;1;;;;0;6.267390449453728;5.424855761938902;5.424855761938902;0;0;28932.56406367414;0;188.460441300773;188.1387049029039;1.59;1.65;0.2;60.17223201978284;4.069911389017845;5.03901151909841;7;0.8;0.25395136;39.33827342358572;-13.709071404991122;-12.739971274910558;-1;;;0;;;;;;;;;;0;;;;0.2422566872264849;253951.36;1;0;1;0.0645162916237188;0;0.2368187607966798;278398.5479569891;0.8664596273291926;0;0.0590806466535001;0
80.5;1780344080.5;0;2450.247500298619;14.311856987248538;46.6243712367486;448.5991943805144;217.6775232147437;1.606916997803207;0.4017292494508017;47.10787097804006;-5.739165059561458;13.289253170075424;447318.0799014552;5163653.178531776;-1;39215;-1.70209917819281;24.85857341239786;35793.40431989642;166.0063410593609;33.57376806554921;38295.60685150558;265.6241265445519;21.01448450130263;-3.29;0;2;2;55;0.5929763456317042;-3;53.69145086452012;288.15;250;206.2951292614305;281.2951292614305;1;;;;0;6.007507541442124;5.42485520321116;5.42485520321116;0;0;28932.56108379285;0;188.4604412254398;188.1387048275707;1.59;1.65;0.2;57.50453330862638;2.558548884962647;3.527649015043212;5;0.6666666666666666;0.21156048;36.67057487501501;-16.35980709793214;-15.390706967851576;-1;;;0;;;;;;;;;;0;;;;0.2551839699679413;211560.48;1;0;1;0.07744357547307514;0;0.2368843508294343;278159.8405714284;0.86687306501548;0;0.05914622854214144;0
80.75;1780344080.75;0;2450.872500149608;14.311853924749266;46.6243682992493;448.3058488754043;222.916766781442;2.600526608989831;0.6501316522474578;40.8523874151813;-9.92460697242538;15.568778339962542;447317.8425977171;5163652.854167828;-1;39215;-1.70209917819281;24.85857341239786;35793.40431989642;166.0063364562453;33.57377062308641;38295.60663471342;269.0593909795296;18.77556302200979;-3.145;0;2;2;55;0.592975848244878;-3;53.6914527598768;288.15;250;206.295122385198;281.2951223851981;1;;;;0;5.714162096535006;5.424854838381352;5.424854838381352;0;0;28932.55913803387;0;188.4604411762688;188.1387047783997;1.59;1.65;0.2;57.64953416503492;2.650844025156117;3.619944155236681;5;0.6666666666666666;0.21156048;36.81557583758647;-16.21548631931972;-15.246386189239158;-1;;;0;;;;;;;;;;0;;;;0.2551839692448004;211560.48;1;0;1;0.07744357547307514;0;0.236949474026642;277922.8321708184;0.867283950617284;0;0.05921134365577466;0
81;1780344081;0;2451.995000001192;14.311848125999994;46.6243640185;448.2342857134569;236.34681078177;2.694263262771959;0.6735658156929898;26.644008674702;-12.808563359054208;17.59546245707036;447317.3945132584;5163652.382372656;-1;39215;-1.702280947607384;24.85856983779653;35793.40472434897;166.0063725394563;33.57357920827303;38295.62323777088;271.4233040459582;16.58467698568088;-2.737;0;2;2;55;0.5929747274964794;-3;53.69145703063042;288.15;250;206.2956370274265;281.2956370274266;1;;;;0;5.86634931160154;5.42488214365492;5.42488214365492;0;0;28932.70476615958;0;188.4604449420348;188.1387085441657;1.59;1.65;0.2;58.05750409085952;2.90445566518241;3.873555795262974;5;0.6666666666666666;0.21156048;37.22353781780311;-15.809563853823824;-14.840463723743258;-1;;;0;;;;;;;;;;0;;;;0.2551840246266388;211560.48;1;0;1;0.07744357547307514;0;0.2370141355535924;277687.504680851;0.8676923076923078;0;0.05927599696009134;0
81.25;1780344081.25;0;2453.244999995231;14.311840513500036;46.62436095900002;448.211391211158;254.3178646841423;3.104351461476512;0.776087865369128;8.687716145858076;-12.53684349845244;18.06888551023587;447316.808759164;5163652.047493316;-1;39215;-1.702280947607384;24.85856983779653;35793.40472434897;166.0063619833317;33.57358106933206;38295.6230801317;271.2485760724745;16.1205520041671;-2.705;0;2;2;55;0.5929737476679802;-3;53.69146076438776;288.15;250;206.295632023726;281.295632023726;1;;;;0;5.914072528892234;5.424881878173716;5.424881878173716;0;0;28932.70335025982;0;188.4604449062804;188.1387085084113;1.59;1.65;0.2;58.08950526361466;2.923966108079606;3.89306623816017;5;0.6666666666666666;0.21156048;37.25553906781073;-15.777730794986614;-14.80863066490605;-1;;;0;;;;;;;;;;0;;;;0.2551840241008112;211560.48;1;0;1;0.07744357547307514;0;0.2370783401067628;277453.8402826854;0.8680981595092024;0;0.05934019335059658;0
81.5;1780344081.5;0;2454.495000597238;14.311830640995102;46.62435930299964;448.3262108681227;268.8737545843616;3.677318996768614;0.9193297491921534;-5.295688702826078;-9.7356179823764;11.786695738774132;447316.0513486227;5163651.870079512;-1;39215;-1.702280947607384;24.85856983779653;35793.40472434897;166.0063487760454;33.57358103299923;38295.62308358298;269.0888389797516;22.52065903289127;-2.412;0;2;2;55;0.592972596199041;-3;53.6914651521984;288.15;250;206.2956321214115;281.2956321214116;1;;;;11.33131859285362;5.750212672686132;5.424881883356616;5.424881883356616;0;0;28932.70337790195;0;188.4604449070632;188.1387085091941;1.59;1.65;0.2;58.38250628183422;3.099980639594963;4.069080769675527;6;0.75;0.23799568;37.54854008452222;-15.486328410365198;-14.517228280284634;-1;;;0;;;;;;;;;;0;;;;0.2465820343352575;237995.68;1;0;1;0.06884158569600926;0;0.237111803818835;277314.9030985915;0.8685015290519878;0;0.05937364895744664;0
81.75;1780344081.75;0;2455.745000299215;14.311818602996828;46.62435937250014;448.988744503517;276.4037382900977;3.982310576877781;0.9955776442194452;-12.604541178052334;-8.84374254194832;5.191568910994764;447315.1298295412;5163651.885848468;-1;39215;-1.702280947607384;24.85856983779653;35793.40472434897;166.0063331079643;33.57357877469709;38295.6232754055;268.2543511623284;29.130063970642;0.2805000000000001;0;2;2;55;0.5929713334051152;-3;53.69146996422154;288.15;250;206.2956381931522;281.2956381931522;1;;;;9.712558793874532;3.689587324164507;5.424882205504796;5.424882205504796;0;0;28932.70509602559;0;188.4604449505708;188.1387085527017;1.59;1.65;0.2;61.07500703938062;4.489507302668167;5.458607432748732;8;0.8333333333333334;0.26474608;40.2410407483265;-12.814818653511084;-11.84571852343052;-1;;;0;;;;;;;;;;0;;;;0.2396261625633149;264746.08;1;0;1;0.06188571328421558;0;0.2371206261302191;277270.8019649122;0.8689024390243902;0;0.05938246321824232;0
82;1780344082;0;2456.995000001192;14.311805651499988;46.62436039550002;449.6940373553392;278.0809432217244;4.81618723542896;1.20404680885724;-14.42514601027037;-10.876308002752558;1.929466628533804;447314.1393013069;5163652.008179666;-1;39215;-1.702462700676509;24.85856626404386;35793.40512874502;166.0063609756572;33.57338045869158;38295.64046414437;269.6900465757611;32.40326848655941;1.649;0;2;2;55;0.5929697384526412;-3;53.69147604196644;288.15;250;206.2961713933455;281.2961713933455;1;;;;9.712558793874532;4.394847498171714;5.424910495586206;5.424910495586206;0;0;28932.85597645977;0;188.4604488491744;188.1387124513053;1.59;1.65;0.2;62.44347626933532;5.038070004264704;6.00717013434527;11;0.6;0.2847985600000001;41.60950174617054;-11.463112129962322;-10.494011999881758;-1;;;0;;;;;;;;;;0;;;;0.2352688873760363;284798.5600000001;1;0;1;0.05752838076147576;0;0.2371141515191905;277297.1227972028;0.8693009118541034;0;0.05937598041244942;0
82.25;1780344082.25;0;2458.244999995231;14.311790041500062;46.6243619185;449.4774706683501;278.1607928405167;5.069664157551274;1.267416039387818;-14.482790132697854;-10.096427371302608;-0.09744096725417332;447312.9457326416;5163652.187847386;-1;39215;-1.702462700676509;24.85856626404386;35793.40512874502;166.0063409576985;33.57337601327648;38295.64084238313;269.1276035078451;34.42608935536805;2.133;0;2;2;55;0.5929680752887642;-3;53.69148237963018;288.15;250;206.2961833455009;281.296183345501;1;;;;11.33131859285362;4.21579543668662;5.424911129735594;5.424911129735594;0;0;28932.85935858983;0;188.4604489349633;188.1387125370941;1.59;1.65;0.2;62.92747702870382;5.207824058604068;6.176924188684632;11;0.6;0.2847985600000001;42.09350232100906;-10.986399330500912;-10.017299200420348;-1;;;0;;;;;;;;;;0;;;;0.235268888637705;284798.5600000001;1;0;1;0.05752838076147576;0;0.2371077220317986;277323.2602090592;0.8696969696969698;0;0.05936954278300352;0
82.5;1780344082.5;0;2459.495000597238;14.311773614492296;46.62436354350078;449.3268763328316;277.1931954870478;5.48844321823405;1.372110804558512;-13.475393661173208;-8.496791794182054;-1.822325638169891;447311.6897157824;5163652.379395644;-1;39215;-1.702462700676509;24.85856626404386;35793.40512874502;166.0063198966818;33.57337131147501;38295.64124238116;267.9523447580915;36.11616060540775;2.052;0;2;2;55;0.5929663327163084;-3;53.69148901987966;288.15;250;206.2961959869908;281.2961959869908;1;;;;12.950078391832708;4.834282845882002;5.424911800459324;5.424911800459324;0;0;28932.86293578306;0;188.4604490256874;188.1387126278183;1.59;1.65;0.2;62.8464778171884;5.180267613297236;6.1493677433778;11;0.6;0.2847985600000001;42.01250291432118;-11.066122703827288;-10.097022573746724;-1;;;0;;;;;;;;;;0;;;;0.2352688899719549;284798.5600000001;1;0;1;0.05752838076147576;0;0.2371013371982574;277349.2161111111;0.8700906344410876;0;0.05936314985931766;0
82.75;1780344082.75;0;2460.745000299215;14.311755775995452;46.62436501950034;449.0564621831401;275.9574967293694;5.468617022921234;1.367154255730309;-12.252150043400014;-7.112729584300872;-3.137022400525706;447310.325495835;5163652.555330878;-1;39215;-1.702462700676509;24.85856626404386;35793.40512874502;166.0062969657311;33.57336651164818;38295.64165084334;266.9500004558569;37.36645178576162;2.001;0;2;2;55;0.592964417930828;-3;53.69149631635356;288.15;250;206.2962088920383;281.2962088920383;1;;;;14.568838190811796;4.614230714051132;5.424912485166824;5.424912485166824;0;0;28932.86658755639;0;188.4604491183313;188.1387127204622;1.59;1.65;0.2;62.79547874293922;5.162743050408868;6.131843180489432;11;0.6;0.2847985600000001;41.96150364083036;-11.116330490248138;-10.147230360167574;-1;;;0;;;;;;;;;;0;;;;0.235268891334438;284798.5600000001;1;0;1;0.05752838076147576;0;0.23709499655513;277374.9923875432;0.8704819277108434;0;0.0593568011773182;0
83;1780344083;0;2461.995000001192;14.311737969999986;46.624366295;448.4400289690054;274.1218979105996;6.084800815356424;1.521200203839106;-10.945725506049112;-0.5518313610446226;-4.267941501600759;447308.9635696105;5163652.708965406;-1;39215;-1.702644444712309;24.85856269099922;35793.4055331008;166.0063185590691;33.57316705876294;38295.65893719894;262.819795446947;37.87654689433082;1.328;0;2;2;55;0.5929621883494102;-3;53.69150481237338;288.15;250;206.2967451524667;281.2967451524667;1;;;;0;4.73178135167342;5.424940937814488;5.424940937814488;0;0;28933.0183350106;0;188.4604530390736;188.1387166412045;1.59;1.65;0.2;62.12244835263918;4.918617265887518;5.887717395968082;11;0.6;0.2847985600000001;41.28846497118937;-11.779738168305134;-10.81063803822457;-1;;;0;;;;;;;;;;0;;;;0.2352689489955137;284798.5600000001;1;0;1;0.05752838076147576;0;0.2370886998394072;277400.5908965517;0.870870870870871;0;0.05935049627933254;0
83.25;1780344083.25;0;2463.244999995232;14.31171809850007;46.624367247;448.2695451747523;272.6964420127634;5.798679543840466;1.449669885960117;-10.416050764888568;7.486059467527366;-4.834401418368838;447307.4432018842;5163652.82803424;-1;39215;-1.702644444712309;24.85856269099922;35793.4055331008;166.0062928702699;33.57316244526242;38295.65932986922;258.244503875414;37.17943656571219;1.372;0;2;2;55;0.592960034508355;-3;53.6915130197632;288.15;250;206.2967575566276;281.2967575566277;1;;;;16.18759798979089;5.358519896532926;5.42494159595069;5.42494159595069;0;0;28933.02184507035;0;188.4604531281357;188.1387167302666;1.59;1.65;0.2;62.1664495211569;4.935318466336096;5.90441859641666;11;0.6;0.2847985600000001;41.332465948199;-11.736322872281424;-10.76722274220086;-1;;;0;;;;;;;;;;0;;;;0.2352689503053208;284798.5600000001;1;0;1;0.05752838076147576;0;0.2370824464045822;277426.0134707904;0.8712574850299402;0;0.05934423471397908;0
83.5;1780344083.5;0;2464.495000597238;14.311699129490504;46.62436774950006;448.6352230634629;271.3957773593108;5.777354328133024;1.444338582033256;-10.10136505782679;10.34253475318987;-4.93659123850041;447305.9914894989;5163652.896552312;-1;39215;-1.702644444712309;24.85856269099922;35793.4055331008;166.0062682633293;33.57315847112517;38295.6596678665;257.3814484041939;36.84524355585376;1.49;0;2;2;55;0.5929580048583212;-3;53.69152075389974;288.15;250;206.2967682417558;281.2967682417558;1;;;;16.18759798979089;4.335585916354774;5.424942162879058;5.424942162879058;0;0;28933.0248686883;0;188.4604532047973;188.1387168069282;1.59;1.65;0.2;62.28445068281584;4.979590369160578;5.948690499241142;11;0.6;0.2847985600000001;41.45046694489014;-11.619921753348524;-10.65082162326796;-1;;;0;;;;;;;;;;0;;;;0.2352689514327583;284798.5600000001;1;0;1;0.05752838076147576;0;0.2370762358053636;277451.2619178082;0.8716417910447762;0;0.05933801603605954;0
83.75;1780344083.75;0;2465.745000299215;14.311680222995632;46.62436809800012;448.3042615495126;270.0772546529706;4.875680155192852;1.218920038798213;-9.574236728528902;10.61035657522493;-4.702371939608742;447304.5444136114;5163652.947916652;-1;39215;-1.702644444712309;24.85856269099922;35793.4055331008;166.0062437056746;33.57315467237845;38295.65999143001;258.0465731281791;36.71411441502477;1.372;0;2;2;55;0.5929559154193154;-3;53.69152871585348;288.15;250;206.2967784553187;281.2967784553187;1;;;;17.80635778876997;3.389026877059905;5.42494270478732;5.42494270478732;0;0;28933.0277588657;0;188.4604532781852;188.1387168803161;1.59;1.65;0.2;62.16645192594082;4.935319376234436;5.904419506315;11;0.6;0.2847985600000001;41.33246803032773;-11.736320818005914;-10.76722068792535;-1;;;0;;;;;;;;;;0;;;;0.23526895251205;284798.5600000001;1;0;1;0.05752838076147576;0;0.2370700676029973;277476.3380204778;0.8720238095238096;0;0.05933183980645346;0
84;1780344084;0;2466.995000001192;14.311664261499984;46.6243681005;448.1414161481454;268.0209822791476;4.656051204261664;1.164012801065416;-7.796001860284834;8.688841844890108;-4.248146972671989;447303.3224606611;5163652.958865384;-1;39215;-1.702826179713816;24.85855911865872;35793.40593741632;166.0062674332955;33.57295691218401;38295.67713371323;259.6455999393194;36.6887577138063;1.289;0;2;2;55;0.5929538684061092;-3;53.69153651612768;288.15;250;206.2973101681965;281.2973101681966;1;;;;11.33131859285362;3.416069463462634;5.424970916348758;5.424970916348758;0;0;28933.17822052671;0;188.4604571662484;188.1387207683793;1.59;1.65;0.2;62.08342164699588;4.903716235109648;5.872816365190214;11;0.6;0.2847985600000001;41.24942954226819;-11.818258889645784;-10.84915875956522;-1;;;0;;;;;;;;;;0;;;;0.235269009692552;284798.5600000001;1;0;1;0.05752838076147576;0;0.2370639415556829;277501.243537415;0.8724035608308606;0;0.05932570559201476;0
84.25;1780344084.25;0;2468.244999995231;14.31164902750005;46.624367751;448.2751008228185;267.8973953911954;4.133997302507183;1.0334993256267956;-6.93888840913128;2.792667121064922;-3.300994524220349;447302.1558606193;5163652.930214278;-1;39215;-1.702826179713816;24.85855911865872;35793.40593741632;166.0062475142845;33.57295451873481;38295.67733750257;262.9354166813421;36.56421159783922;1.323;0;2;2;55;0.5929521899009878;-3;53.69154291216872;288.15;250;206.2973166034236;281.2973166034236;1;;;;14.568838190811796;2.668831942618226;5.424971257789426;5.424971257789426;0;0;28933.1800415436;0;188.4604572124701;188.138720814601;1.59;1.65;0.2;62.11742275224556;4.916703052143604;5.885803182224168;11;0.6;0.2847985600000001;41.28343054816452;-11.78470595247546;-10.815605822394896;-1;;;0;;;;;;;;;;0;;;;0.23526901037232;284798.5600000001;1;0;1;0.05752838076147576;0;0.2370578570431969;277525.9802033899;0.8727810650887574;0;0.05931961296547054;0
84.5;1780344084.5;0;2469.495000597238;14.311635506493252;46.6243673524997;448.8786823016972;265.6668884697443;4.030875630134236;1.0077189075335588;-4.095116127529456;0.331225687843661;-2.325068511105616;447301.1203536772;5163652.894973272;-1;39215;-1.702826179713816;24.85855911865872;35793.40593741632;166.0062298166371;33.57295248737768;38295.67751016532;264.0512738267852;35.85309717882496;1.565;0;2;2;55;0.5929507374970358;-3;53.69154844663112;288.15;250;206.2973220651001;281.2973220651001;1;;;;16.18759798979089;2.721508907875887;5.42497154757541;5.42497154757541;0;0;28933.18158706885;0;188.4604572516319;188.1387208537629;1.59;1.65;0.2;62.35942371510528;5.007329445600806;5.976429575681372;11;0.6;0.2847985600000001;41.52543142670149;-11.545996150707332;-10.576896020626768;-1;;;0;;;;;;;;;;0;;;;0.2352690109482609;284798.5600000001;1;0;1;0.05752838076147576;0;0.2370518136442275;277550.5497297297;0.8731563421828908;0;0.05931356150532192;0
84.75;1780344084.75;0;2470.745000299215;14.311622349997008;46.62436665299984;449.2587661892463;263.6194179141812;4.118346561518937;1.0295866403797342;-1.632346692123437;-0.5924479888048046;-1.411364897478061;447300.1124602544;5163652.826042074;-1;39215;-1.702826179713816;24.85855911865872;35793.40593741632;166.0062125310015;33.57295084137866;38295.67765024356;264.3161145880868;35.03721034877786;1.532;0;2;2;55;0.5929492921214106;-3;53.69155395430526;288.15;250;206.2973264906709;281.2973264906709;1;;;;16.18759798979089;4.264067955153905;5.424971782387644;5.424971782387644;0;0;28933.18283940076;0;188.4604572834033;188.1387208855342;1.59;1.65;0.2;62.326424734075;4.995157406242866;5.96425753632343;11;0.6;0.2847985600000001;41.4924323773449;-11.57853571025845;-10.609435580177886;-1;;;0;;;;;;;;;;0;;;;0.2352690114155116;284798.5600000001;1;0;1;0.05752838076147576;0;0.2370458109431207;277574.9538047138;0.873529411764706;0;0.05930755079574668;0
85;1780344085;0;2471.995000001192;14.311608954499986;46.6243656045;449.2805218177901;262.4630042300584;4.162421702618741;1.0406054256546852;-0.3915983291495123;-1.538906744642445;-0.7234035228222678;447299.0859310698;5163652.718490446;-1;39215;-1.703007905680069;24.85855554702451;35793.40634169159;166.0062393791172;33.57275466984739;38295.69465742815;264.9111436336932;34.44232446392025;1.532;0;2;2;55;0.5929474942293734;-3;53.69156080525136;288.15;250;206.2978539355049;281.2978539355049;1;;;;0;5.6347644929715;5.424999767682338;5.424999767682338;0;0;28933.3320943058;0;188.4604611408228;188.1387247429537;1.59;1.65;0.2;62.32639449044658;4.995146223763394;5.964246353843958;11;0.6;0.2847985600000001;41.49239399051195;-11.57857356458257;-10.609473434502006;-1;;;0;;;;;;;;;;0;;;;0.235269068145373;284798.5600000001;1;0;1;0.05752838076147576;0;0.2370398487189672;277599.1940939598;0.873900293255132;0;0.05930158042650416;0
85.25;1780344085.25;0;2473.244999995231;14.311595450000048;46.624364355;449.7344375131843;261.9463312883776;4.053195556058091;1.0132988890145226;-0.1289575184882598;-2.374941822440529;-0.1835628849107043;447298.0508618981;5163652.58867704;-1;39215;-1.703007905680069;24.85855554702451;35793.40634169159;166.0062215253232;33.5727535434366;38295.69475336255;265.7564351979767;33.96379496978273;1.578;0;2;2;55;0.5929459914975594;-3;53.6915665314689;288.15;250;206.2978569640859;281.2978569640859;1;;;;0;6.287898911850334;5.42499992837404;5.42499992837404;0;0;28933.33295132822;0;188.4604611625818;188.1387247647127;1.59;1.65;0.2;62.37239564455572;5.012098311752476;5.98119844183304;11;0.6;0.2847985600000001;41.53839509786303;-11.533213934012398;-10.564113803931834;-1;;;0;;;;;;;;;;0;;;;0.2352690684653758;284798.5600000001;1;0;1;0.05752838076147576;0;0.2370339263769819;277623.2722408027;0.8742690058479532;0;0.05929564999284184;0
85.5;1780344085.5;0;2474.495000597238;14.311582306493252;46.6243631049994;449.097614865876;262.3469128631641;4.147314591534265;1.0368286478835662;-0.8009442734897516;-2.875288559183282;0.2181677184134912;447297.0434285483;5163652.458566806;-1;39215;-1.703007905680069;24.85855554702451;35793.40634169159;166.0062041417061;33.57275248440149;38295.69484427943;266.3804756284623;33.58490774998301;1.685;0;2;2;55;0.5929444351802634;-3;53.69157246186864;-NAN;250;-NAN;-NAN;0;46.62424559693738;14.311626397850328;458.0492818258992;15.37821809030134;-0.03259683621024579;;5.42499992837404;;;;;188.4604611832028;188.1387247853337;1.59;1.65;0.2;;;;;;;;;;;;;0;;;;;;;;;;0;;;;;;;;;;;0.2370339263769819;277623.2722408027;0.8717201166180758;0;0.05929564999284184;0
85.75;1780344085.75;0;2475.745000299215;14.311568851996888;46.6243618549997;448.7840384158678;261.6926042457802;4.443545024381558;1.110886256095389;-0.2780671219245806;-3.060687954788018;0.4802429540878686;447296.0121868968;5163652.32866477;-1;39215;-1.703007905680069;24.85855554702451;35793.40634169159;166.0061863529505;33.5727513685419;38295.69493982147;266.6454014543256;33.32775255875169;1.685;0;2;2;55;0.5929428723248146;-3;53.69157841717472;-NAN;250;-NAN;-NAN;0;46.62424434695096;14.311612943435508;457.735705113221;15.37821809030134;-2.14555099029468;;5.42499992837404;;;;;188.4604612048728;188.1387248070037;1.59;1.65;0.2;;;;;;;;;;;;;0;;;;;;;;;;0;;;;;;;;;;;0.2370339263769819;277623.2722408027;0.869186046511628;0;0.05929564999284184;0
86;1780344086;0;2476.995000001192;14.311554458999988;46.624360406;448.959478596543;261.6402853911645;4.301284835930617;1.075321208982654;-0.1556970133376176;-3.152574620924539;0.6496796304295552;447294.9089037908;5163652.177277844;-1;39215;-1.703189622610111;24.85855197609877;35793.40674592662;166.0062118150585;33.57255544994185;38295.71192548491;266.6433119926227;33.16761793921939;1.525;0;2;2;55;0.5929409594656014;-3;53.69158570617006;-NAN;250;-NAN;-NAN;0;46.62425464865882;14.31159414135026;457.0159371173336;13.759458291322252;-0.7934500896977852;;5.42499992837404;;;;;188.4604650574093;188.1387286595402;1.59;1.65;0.2;;;;;;;;;;;;;0;;;;;;;;;;0;;;;;;;;;;;0.2370339263769819;277623.2722408027;0.8666666666666668;0;0.05929564999284184;0
86.25;1780344086.25;0;2478.244999995232;14.31154051100006;46.6243590795;449.1397262556422;263.6100900970446;4.765149891115576;1.191287472778894;-1.968786756027199;-3.130959960083203;0.7505029014362318;447293.8398069038;5163652.039205574;-1;39215;-1.703189622610111;24.85855197609877;35793.40674592662;166.0061933674736;33.57255432500445;38295.71202149467;266.4773419433956;33.07436783307122;1.525;0;2;2;55;0.5929393810562108;-3;53.69159172072794;-NAN;250;-NAN;-NAN;0;46.62425332217116;14.311580193426392;457.196184538106;13.759458291322252;-0.6132026689252258;;5.42499992837404;;;;;188.4604650791854;188.1387286813163;1.59;1.65;0.2;;;;;;;;;;;;;0;;;;;;;;;;0;;;;;;;;;;;0.2370339263769819;277623.2722408027;0.8641618497109826;0;0.05929564999284184;0
86.5;1780344086.5;0;2479.495000597238;14.311525013492414;46.62435785549934;448.6658528733077;262.4452317591372;4.616857673209514;1.154214418302378;-0.6817561574620798;-2.956611073564211;0.7383688294691478;447292.6521846235;5163651.91355921;-1;39215;-1.703189622610111;24.85855197609877;35793.40674592662;166.00617292269;33.57255281116427;38295.71215102136;266.2400034015256;33.08197977897262;1.525;0;2;2;55;0.592937581234124;-3;53.69159857897356;-NAN;250;-NAN;-NAN;0;46.62425209818398;14.31156469600343;456.7223108350528;13.759458291322252;-1.151132768462958;;5.42499992837404;;;;;188.4604651085635;188.1387287106944;1.59;1.65;0.2;;;;;;;;;;;;;0;;;;;;;;;;0;;;;;;;;;;;0.2370339263769819;277623.2722408027;0.861671469740634;0;0.05929564999284184;0
86.75;1780344086.75;0;2480.745000299215;14.311510032496558;46.62435648049968;448.2211009424718;262.3605063445008;4.951380769348442;1.237845192337111;-0.5769761144884156;-2.706604827421999;0.643809745355452;447291.5039580489;5163651.770788874;-1;39215;-1.703189622610111;24.85855197609877;35793.40674592662;166.0061531192558;33.57255155099239;38295.71225897015;266.0501769957342;33.16052270597046;1.525;0;2;2;55;0.592935833669292;-3;53.69160523808268;-NAN;250;-NAN;-NAN;0;46.62425072319748;14.311549715089278;456.2775586372396;13.759458291322252;-1.768553423307253;;5.42499992837404;;;;;188.4604651330475;188.1387287351784;1.59;1.65;0.2;;;;;;;;;;;;;0;;;;;;;;;;0;;;;;;;;;;;0.2370339263769819;277623.2722408027;0.8591954022988506;0;0.05929564999284184;0
87;1780344087;0;2481.995000001192;14.311493965999984;46.624355006;448.1617577661144;265.1316630337718;4.716070230087794;1.179017557521948;-3.42738647822194;-2.918939694810296;0.4779270991699158;447290.272532745;5163651.617688338;-1;39215;-1.703371330502953;24.85854840587704;35793.40715012141;166.0061763930467;33.57235536580545;38295.72926750409;266.2626780421239;33.33613564969538;1.685;0;2;2;55;0.5929337157140802;-3;53.69161330855454;-NAN;250;-NAN;-NAN;0;46.62424924845206;14.31153364865063;456.21817389748;13.759458291322252;-1.547908866191847;;5.42499992837404;;;;;188.4604689907696;188.1387325929005;1.59;1.65;0.2;;;;;;;;;;;;;0;;;;;;;;;;0;;;;;;;;;;;0.2370339263769819;277623.2722408027;0.8567335243553008;0;0.05929564999284184;0
87.25;1780344087.25;0;2483.244999995232;14.311478592500066;46.6243540305;448.1740234197765;263.5872219970578;5.033172843403344;1.258293210850836;-1.966017846802942;-2.748701683666271;0.3236675069647474;447289.0946450915;5163651.519572802;-1;39215;-1.703371330502953;24.85854840587704;35793.40715012141;166.006156161762;33.57235361052844;38295.72941720255;266.2255361777042;33.47477567115579;1.685;0;2;2;55;0.5929319825579426;-3;53.69161991273862;-NAN;250;-NAN;-NAN;0;46.62426002396854;14.311513866047746;455.3352818726614;12.140698492343164;-2.074721789448063;;5.42499992837404;;;;;188.4604690247228;188.1387326268537;1.59;1.65;0.2;;;;;;;;;;;;;0;;;;;;;;;;0;;;;;;;;;;;0.2370339263769819;277623.2722408027;0.8542857142857144;0;0.05929564999284184;0
87.5;1780344087.5;0;2484.495000597238;14.311462212492536;46.62435280399952;448.2303955319785;264.0807505091131;5.143121102880964;1.285780275720241;-2.425960915669901;-2.398846815755442;0.1224561507197038;447287.8394590976;5163651.39423976;-1;39215;-1.703371330502953;24.85854840587704;35793.40715012141;166.006134566854;33.57235193857184;38295.72955984342;265.9499258279128;33.65316132908541;1.578;0;2;2;55;0.592930130981279;-3;53.69162696815336;-NAN;250;-NAN;-NAN;0;46.62425879748052;14.311497486119802;455.3916536700032;12.140698492343164;-1.673501359293823;;5.42499992837404;;;;;188.4604690570753;188.1387326592062;1.59;1.65;0.2;;;;;;;;;;;;;0;;;;;;;;;;0;;;;;;;;;;;0.2370339263769819;277623.2722408027;0.851851851851852;0;0.05929564999284184;0
87.75;1780344087.75;0;2485.745000299215;14.31144546999581;46.62435158049968;448.3634190823727;263.5413191749189;5.440907812705038;1.36022695317626;-1.414027050400757;-2.028238934521062;-0.02139139626563983;447286.5565250665;5163651.26948282;-1;39215;-1.703371330502953;24.85854840587704;35793.40715012141;166.0061125003465;33.57235019757482;38295.72970831135;265.2227608845036;33.78628783842742;1.578;0;2;2;55;0.5929282462666652;-3;53.69163414982908;-NAN;250;-NAN;-NAN;0;46.62425757399344;14.311480743704458;455.5246768925354;12.140698492343164;-1.717358019574078;;5.42499992837404;;;;;188.4604690907495;188.1387326928804;1.59;1.65;0.2;;;;;;;;;;;;;0;;;;;;;;;;0;;;;;;;;;;;0.2370339263769819;277623.2722408027;0.8494318181818182;0;0.05929564999284184;0
88;1780344088;0;2486.995000001192;14.311427770999982;46.6243502055;448.4797189308083;264.1962515558179;5.07433882827434;1.268584707068585;-1.354625750719442;-1.617341010851978;-0.0688049056437884;447285.2002177236;5163651.128531376;-1;39215;-1.703553036667827;24.85854483621945;35793.40755429216;166.0061336671527;33.57215361243388;38295.74675078067;264.2305028604838;33.81811255059727;1.468;0;2;2;55;0.5929259685688776;-3;53.69164282894644;-NAN;250;-NAN;-NAN;0;46.62425619877632;14.311463044768192;455.6409397203196;12.140698492343164;-0.9070339124928636;;5.42499992837404;;;;;188.4604729561667;188.1387365582976;1.59;1.65;0.2;;;;;;;;;;;;;0;;;;;;;;;;0;;;;;;;;;;;0.2370339263769819;277623.2722408027;0.8470254957507082;0;0.05929564999284184;0
88.25;1780344088.25;0;2488.244999995231;14.31141124750007;46.62434903050002;448.5056827715766;263.5331300210276;5.359877262954658;1.339969315738664;-0.2964420856235315;-1.195462398263559;-0.0502349043773322;447283.934096272;5163651.009017786;-1;39215;-1.703553036667827;24.85854483621945;35793.40755429216;166.0061118961299;33.57215185990682;38295.7469002886;263.5556051679835;33.76436308535333;1.368;0;2;2;55;0.5929241010108708;-3;53.69164994522326;-NAN;250;-NAN;-NAN;0;46.62425502378888;14.311446521348608;455.6669032310538;12.140698492343164;-0.925748136133791;;5.42499992837404;;;;;188.4604729900767;188.1387365922076;1.59;1.65;0.2;;;;;;;;;;;;;0;;;;;;;;;;0;;;;;;;;;;;0.2370339263769819;277623.2722408027;0.844632768361582;0;0.05929564999284184;0
88.5;1780344088.5;0;2489.495000597238;14.311393815492178;46.62434765549936;448.5004302827818;263.9409394028088;5.371101872704638;1.34277546817616;-0.7571781674799148;-0.8428943735488008;-0.09703668463500926;447282.5982284502;5163650.867888274;-1;39215;-1.703553036667827;24.85854483621945;35793.40755429216;166.0060888998045;33.57215015452913;38295.74704585498;263.37130955952;33.76979644509676;1.368;0;2;2;55;0.5929221217135904;-3;53.69165748726768;-NAN;250;-NAN;-NAN;0;46.62425364880164;14.311429089425374;455.661650421104;12.140698492343164;-0.6067821960834864;;5.42499992837404;;;;;188.4604730230928;188.1387366252237;1.59;1.65;0.2;;;;;;;;;;;;;0;;;;;;;;;;0;;;;;;;;;;;0.2370339263769819;277623.2722408027;0.8422535211267606;0;0.05929564999284184;0
88.75;1780344088.75;0;2490.745000299215;14.311376322995632;46.62434642949974;448.3300743231386;263.5378884968322;5.182790692286982;1.295697673071746;-0.4975250593723288;-0.6655997677652208;-0.1795265515215711;447281.257874412;5163650.743356296;-1;39215;-1.703553036667827;24.85854483621945;35793.40755429216;166.0060658557932;33.57214828048913;38295.74720585179;263.3912149079224;33.8294644663055;1.368;0;2;2;55;0.5929201285548576;-3;53.69166508211846;-NAN;250;-NAN;-NAN;0;46.62425242281526;14.311411597013878;455.4912941085438;12.140698492343164;-0.6346519363781908;;5.42499992837404;;;;;188.4604730593818;188.1387366615127;1.59;1.65;0.2;;;;;;;;;;;;;0;;;;;;;;;;0;;;;;;;;;;;0.2370339263769819;277623.2722408027;0.8398876404494382;0;0.05929564999284184;0
89;1780344089;0;2491.995000001192;14.311359465999984;46.6243451055;449.5647368015649;263.8196912892998;5.675418271565614;1.418854567891403;-0.2582651159868686;-0.6003010383461936;-0.2062218365395982;447279.9660768879;5163650.607509916;-1;39215;-1.703734726483049;24.8585412674109;35793.40795840642;166.0060881255348;33.57195181019913;38295.76423779094;262.8231822212951;33.85343731848551;1.286;0;2;2;55;0.5929180413422434;-3;53.69167303534464;-NAN;250;-NAN;-NAN;0;46.62423934754764;14.3113991493266;457.6210674361476;13.759458291322252;-1.440486518930584;;5.42499992837404;;;;;188.4604769224089;188.1387405245398;1.59;1.65;0.2;;;;;;;;;;;;;0;;;;;;;;;;0;;;;;;;;;;;0.2370339263769819;277623.2722408027;0.8375350140056024;0;0.05929564999284184;0
89.25;1780344089.25;0;2493.244999995231;14.31134099850007;46.624343706;449.6819513460878;263.1871882468778;5.424619348145574;1.356154837036393;2.023009430097586;-0.6097784104547238;0.06096097644556098;447278.5509114568;5163650.46435157;-1;39215;-1.703734726483049;24.8585412674109;35793.40795840642;166.0060637751979;33.57194994277175;38295.76439708105;261.202517769538;33.60713960000762;1.232;0;2;2;55;0.5929159576138332;-3;53.69168097528102;-NAN;250;-NAN;-NAN;0;46.62423794806354;14.311380681927612;457.738281585039;13.759458291322252;-0.9193722235548308;;5.42499992837404;;;;;188.4604769585377;188.1387405606686;1.59;1.65;0.2;;;;;;;;;;;;;0;;;;;;;;;;0;;;;;;;;;;;0.2370339263769819;277623.2722408027;0.835195530726257;0;0.05929564999284184;0
89.5;1780344089.5;0;2494.495000597238;14.311323365992116;46.62434225549934;448.323095646284;262.8984161348821;5.446634436826484;1.361658609206621;3.993747431576396;-0.5510181094780542;0.410294167446056;447277.1996204889;5163650.314967904;-1;39215;-1.703734726483049;24.8585412674109;35793.40795840642;166.006040501979;33.57194828270105;38295.76453970215;259.5233628244156;33.27089080840229;1.152;0;2;2;55;0.592913837104803;-3;53.69168905535426;-NAN;250;-NAN;-NAN;0;46.62425999967074;14.311354230964402;454.589130003034;10.521938693364076;-1.552593629778642;;5.42499992837404;;;;;188.4604769908856;188.1387405930165;1.59;1.65;0.2;;;;;;;;;;;;;0;;;;;;;;;;0;;;;;;;;;;;0.2370339263769819;277623.2722408027;0.8328690807799444;0;0.05929564999284184;0
89.75;1780344089.75;0;2495.745000299215;14.311305673995572;46.62434073149962;448.1780400844604;264.3843322287355;5.189094911151032;1.297273727787758;3.777817327702995;-0.520210558820484;0.7014398008372758;447275.8437038538;5163650.157457216;-1;39215;-1.703734726483049;24.8585412674109;35793.40795840642;166.0060171359162;33.57194668820314;38295.76467595929;258.2764183344105;32.99329901686604;1.194;0;2;2;55;0.5929118104070854;-3;53.69169677795212;-NAN;250;-NAN;-NAN;0;46.62425847568306;14.311336539042984;454.4440741784696;10.521938693364076;-1.684526895749173;;5.42499992837404;;;;;188.4604770217902;188.1387406239211;1.59;1.65;0.2;;;;;;;;;;;;;0;;;;;;;;;;0;;;;;;;;;;;0.2370339263769819;277623.2722408027;0.8305555555555556;0;0.05929564999284184;0
90;1780344090;0;2496.995000001192;14.311288765999986;46.624339604;448.1649311534512;263.7875871900012;5.539646760397734;1.384911690099434;4.994846406771578;-0.6110981478731844;0.870366010243731;447274.5481924723;5163650.04348092;-1;39215;-1.703916407258176;24.85853769931047;35793.40836248041;166.0060393774303;33.57175001169431;38295.78172623924;257.7423376135339;32.85450139557554;1.265;0;2;2;55;0.5929096200453054;-3;53.69170512416686;-NAN;250;-NAN;-NAN;0;46.62425734799242;14.311319631096268;454.4309328391836;10.521938693364076;-2.299535910816531;;5.42499992837404;;;;;188.4604808889755;188.1387444911064;1.59;1.65;0.2;;;;;;;;;;;;;0;;;;;;;;;;0;;;;;;;;;;;0.2370339263769819;277623.2722408027;0.8282548476454294;0;0.05929564999284184;0
90.25;1780344090.25;0;2498.244999995232;14.311270741500064;46.6243382305;448.1592900926355;263.8437417683336;5.315890544405424;1.328972636101356;4.98883874223712;-0.6338812141982252;0.92440940304514;447273.1669665277;5163649.902916586;-1;39215;-1.703916407258176;24.85853769931047;35793.40836248041;166.0060156097013;33.57174819722472;38295.78188109488;257.7147272394563;32.80723241861733;1.265;0;2;2;55;0.5929075756938276;-3;53.69171291400658;-NAN;250;-NAN;-NAN;0;46.62425597450452;14.311301606672962;454.42529147938;10.521938693364076;-2.30517727062005;;5.42499992837404;;;;;188.4604809240984;188.1387445262293;1.59;1.65;0.2;;;;;;;;;;;;;0;;;;;;;;;;0;;;;;;;;;;;0.2370339263769819;277623.2722408027;0.8259668508287292;0;0.05929564999284184;0
90.5;1780344090.5;0;2499.495000597238;14.31125342349122;46.62433705349958;448.1690607537814;265.4922658822403;5.654054603501876;1.413513650875469;2.843202124406441;-0.6587522598831336;0.8096477248624528;447271.8400177876;5163649.783714714;-1;39215;-1.703916407258176;24.85853769931047;35793.40836248041;166.005992803367;33.5717463026774;38295.78204270713;258.2083575846058;32.91760132627213;1.194;0;2;2;55;0.5929056193663534;-3;53.69172036842572;-NAN;250;-NAN;-NAN;0;46.62424304644724;14.311288698053726;455.3302048389944;12.140698492343164;-5.03823388170872;;5.42499992837404;;;;;188.4604809607538;188.1387445628846;1.59;1.65;0.2;;;;;;;;;;;;;0;;;;;;;;;;0;;;;;;;;;;;0.2370339263769819;277623.2722408027;0.8236914600550964;0;0.05929564999284184;0
90.75;1780344090.75;0;2500.745000299215;14.311234973995572;46.62433602949974;448.1822196186268;264.4858273614671;5.188988019245032;1.297247004811258;3.628214639259458;-0.7125758889422568;0.674461274405584;447270.426594892;5163649.682271252;-1;39215;-1.703916407258176;24.85853769931047;35793.40836248041;166.0059685549691;33.57174404072438;38295.78223555973;258.4454048104868;33.05770362247488;1.194;0;2;2;55;0.5929035460906776;-3;53.69172826845314;-NAN;250;-NAN;-NAN;0;46.62424202246104;14.311270248647938;455.3433632778692;12.140698492343164;-4.70961523775577;;5.42499992837404;;;;;188.4604810044948;188.1387446066256;1.59;1.65;0.2;;;;;;;;;;;;;0;;;;;;;;;;0;;;;;;;;;;;0.2370339263769819;277623.2722408027;0.8214285714285714;0;0.05929564999284184;0
91;1780344091;0;2501.995000001192;14.311218065999984;46.6243349045;448.1661488491779;266.025131285893;5.527093467392538;1.381773366848135;2.395680012264989;-0.739443869530879;0.5484059930432454;447269.1310857109;5163649.568573902;-1;39215;-1.704098078992266;24.85853413191484;35793.40876651411;166.0059907941876;33.5715473712718;38295.79928525178;258.1410356480057;33.19086103336664;1.194;0;2;2;55;0.5929013556073882;-3;53.69173661507504;-NAN;250;-NAN;-NAN;0;46.62424089724306;14.311253340708206;455.327255471631;12.140698492343164;-5.033675924853356;;5.42499992837404;;;;;188.4604848715449;188.1387484736758;1.59;1.65;0.2;;;;;;;;;;;;;0;;;;;;;;;;0;;;;;;;;;;;0.2370339263769819;277623.2722408027;0.8191780821917808;0;0.05929564999284184;0
91.25;1780344091.25;0;2503.244999995232;14.311200017000064;46.6243340285;449.6284159319765;265.3485084543416;5.36271151135454;1.340677877838635;3.941002155518552;-0.7904136862147312;0.60172954101078;447267.7484669663;5163649.483308702;-1;39215;-1.704098078992266;24.85853413191484;35793.40876651411;166.0059670984967;33.57154502334081;38295.79948443163;257.3168732027574;33.1627724332625;1.265;0;2;2;55;0.592899457040031;-3;53.69174384936792;-NAN;250;-NAN;-NAN;0;46.62424002125624;14.311235291796268;456.789522112267;12.140698492343164;-3.024686872107964;;5.42499992837404;;;;;188.460484916721;188.1387485188519;1.59;1.65;0.2;;;;;;;;;;;;;0;;;;;;;;;;0;;;;;;;;;;;0.2370339263769819;277623.2722408027;0.8169398907103826;0;0.05929564999284184;0
91.5;1780344091.5;0;2504.495000597238;14.311182524491102;46.6243330049994;450.6200878756268;265.3485682558743;5.387355563744086;1.346838890936022;5.193460594440018;-0.8648715362672788;0.7303117812472924;447266.4083079435;5163649.38128145;-1;39215;-1.704098078992266;24.85853413191484;35793.40876651411;166.0059440969588;33.57154293324605;38295.79966200683;256.1384728385083;33.07567282839488;1.358;0;2;2;55;0.5928975725758502;-3;53.69175102991114;-NAN;250;-NAN;-NAN;0;46.62423899776868;14.311217799372474;457.7811936623102;12.140698492343164;-2.45583636698666;;5.42499992837404;;;;;188.4604849569969;188.1387485591278;1.59;1.65;0.2;;;;;;;;;;;;;0;;;;;;;;;;0;;;;;;;;;;;0.2370339263769819;277623.2722408027;0.8147138964577658;0;0.05929564999284184;0
91.75;1780344091.75;0;2505.745000299215;14.311164942495962;46.62433205299982;448.7345543130906;266.5558756619725;5.590201056071694;1.397550264017924;5.31969613903988;-0.9519986855920912;0.9021818679607688;447265.0613675616;5163649.287259434;-1;39215;-1.704098078992266;24.85853413191484;35793.40876651411;166.0059209937772;33.57154075473238;38295.79984898816;254.8976986160814;32.95627815302375;1.581;0;2;2;55;0.5928954356443044;-3;53.6917591724402;-NAN;250;-NAN;-NAN;0;46.62423804578212;14.31120021746299;455.8956596895156;12.140698492343164;-3.944977517515724;;5.42499992837404;;;;;188.4604849994063;188.1387486015372;1.59;1.65;0.2;;;;;;;;;;;;;0;;;;;;;;;;0;;;;;;;;;;;0.2370339263769819;277623.2722408027;0.8125;0;0.05929564999284184;0
92;1780344092;0;2506.995000001192;14.311146674499984;46.62433130299998;448.1563149060634;266.6665868324829;5.615646505648202;1.40391162641205;6.182413305001782;-0.9025746586531658;1.076488001113916;447263.6621054737;5163649.216142618;-1;39215;-1.704279741684349;24.85853056522596;35793.40917050758;166.0059415367828;33.5713434515892;38295.81695292004;253.9309338662495;32.79460217567266;1.698;0;2;2;55;0.5928930650473618;-3;53.6917682053076;-NAN;250;-NAN;-NAN;0;46.62423729556452;14.311181949529756;455.3173831262752;12.140698492343164;-4.930114432318646;;5.42499992837404;;;;;188.4604888787568;188.1387524808877;1.59;1.65;0.2;;;;;;;;;;;;;0;;;;;;;;;;0;;;;;;;;;;;0.2370339263769819;277623.2722408027;0.8102981029810298;0;0.05929564999284184;0
92.25;1780344092.25;0;2508.244999995231;14.311128317000064;46.6243306265;448.162744303812;268.0455603796743;5.361800819786506;1.340450204946626;5.35743171370498;-0.8344627787520512;1.141487718588897;447262.2560626143;5163649.15325324;-1;39215;-1.704279741684349;24.85853056522596;35793.40917050758;166.0059174809334;33.57134083809556;38295.81717561918;253.3506001688589;32.72412909288392;1.698;0;2;2;55;0.5928910173751714;-3;53.69177600769608;-NAN;250;-NAN;-NAN;0;46.62424837019224;14.31115918273392;454.4286785658444;10.521938693364076;-5.691469139233846;;5.42499992837404;;;;;188.4604889292672;188.1387525313982;1.59;1.65;0.2;;;;;;;;;;;;;0;;;;;;;;;;0;;;;;;;;;;;0.2370339263769819;277623.2722408027;0.8081081081081082;0;0.05929564999284184;0
92.5;1780344092.5;0;2509.495000597238;14.311110774991042;46.62433020199976;448.1691151390957;267.3490761718955;5.392173725102126;1.348043431275532;6.425498791462314;-0.7536259367901538;1.127400510472055;447260.9126955777;5163649.117820406;-1;39215;-1.704279741684349;24.85853056522596;35793.40917050758;166.0058945400581;33.57133810550807;38295.81740839264;252.9287421148639;32.7212288932609;1.816;0;2;2;55;0.5928890709481238;-3;53.69178342429114;-NAN;250;-NAN;-NAN;0;46.6242479457028;14.311141640799962;454.4350489508508;10.521938693364076;-5.426675902664954;;5.42499992837404;;;;;188.4604889820627;188.1387525841936;1.59;1.65;0.2;;;;;;;;;;;;;0;;;;;;;;;;0;;;;;;;;;;;0.2370339263769819;277623.2722408027;0.8059299191374664;0;0.05929564999284184;0
92.75;1780344092.75;0;2510.745000299215;14.31109314249596;46.62432962749986;448.1692085887855;268.3951462076061;5.673279718104786;1.418319929526196;5.376899398682038;-0.4654751243708882;1.407068908016644;447259.5622555495;5163649.065780642;-1;39215;-1.704279741684349;24.85853056522596;35793.40917050758;166.0058714499855;33.57133551545467;38295.81762907344;252.8017420905637;32.36905501721904;1.816;0;2;2;55;0.5928871071089478;-3;53.69179090722088;-NAN;250;-NAN;-NAN;0;46.62424737121388;14.311124008380232;454.43514197375;10.521938693364076;-4.651588983281272;;5.42499992837404;;;;;188.4604890321154;188.1387526342463;1.59;1.65;0.2;;;;;;;;;;;;;0;;;;;;;;;;0;;;;;;;;;;;0.2370339263769819;277623.2722408027;0.803763440860215;0;0.05929564999284184;0
93;1780344093;0;2511.995000001192;14.311074575999984;46.624329301;448.1699849022457;268.7739729279369;5.301295200940356;1.325323800235089;4.754295972694882;0.4178299805598709;2.45197379903768;447258.140552514;5163649.041923558;-1;39215;-1.704461395333443;24.8585269992454;35793.40957446076;166.0058916897456;33.57113771837955;38295.83477458127;252.6811114040861;31.10655604363196;1.46;0;2;2;55;0.5928847728099638;-3;53.69179980171956;-NAN;250;-NAN;-NAN;0;46.62424704452318;14.31110544194067;454.4358856940556;10.521938693364076;-3.441921923132043;;5.42499992837404;;;;;188.460492920894;188.1387565230249;1.59;1.65;0.2;;;;;;;;;;;;;0;;;;;;;;;;0;;;;;;;;;;;0.2370339263769819;277623.2722408027;0.8016085790884718;0;0.05929564999284184;0
93.25;1780344093.25;0;2513.244999995231;14.31105722500007;46.624329051;448.163198477988;269.4364557361675;5.697283552045016;1.424320888011254;3.797879450309333;1.402159088193109;3.470892085367935;447256.8119778849;5163649.025754062;-1;39215;-1.704461395333443;24.8585269992454;35793.40957446076;166.0058690342052;33.57113483554714;38295.83502011105;252.5415662391426;29.84034442359192;1.276;0;2;2;55;0.5928828543166744;-3;53.69180711183998;-NAN;250;-NAN;-NAN;0;46.6242467945337;14.311088091015086;454.4290987947622;10.521938693364076;-3.406686117347192;;5.42499992837404;;;;;188.4604929765827;188.1387565787136;1.59;1.65;0.2;;;;;;;;;;;;;0;;;;;;;;;;0;;;;;;;;;;;0.2370339263769819;277623.2722408027;0.7994652406417112;0;0.05929564999284184;0
93.5;1780344093.5;0;2514.495000597238;14.31103857399116;46.62432899900012;448.1551366547385;271.5146296791043;5.266213472145338;1.316553368036334;1.588810210519196;1.584149857285302;3.393443325860955;447255.3840714153;5163649.032456254;-1;39215;-1.704461395333443;24.8585269992454;35793.40957446076;166.0058447264752;33.57113150705742;38295.83530353551;252.5436036880446;29.86062727282557;1.276;0;2;2;55;0.592880802039811;-3;53.69181493170934;-NAN;250;-NAN;-NAN;0;46.6242467425448;14.311069440086188;454.4210364230408;10.521938693364076;-3.299117385553018;;5.42499992837404;;;;;188.4604930408662;188.1387566429972;1.59;1.65;0.2;;;;;;;;;;;;;0;;;;;;;;;;0;;;;;;;;;;;0.2370339263769819;277623.2722408027;0.7973333333333334;0;0.05929564999284184;0
93.75;1780344093.75;0;2515.745000299215;14.31102134049608;46.6243293235001;448.1515782028377;273.0735492630869;5.405419849851178;1.351354962462794;0.13680282598646;1.656656297680923;2.870049480897084;447254.0650505255;5163649.080046334;-1;39215;-1.704461395333443;24.8585269992454;35793.40957446076;166.0058223439751;33.57112803675986;38295.83559893275;252.3050466894785;30.33660458562391;1.46;0;2;2;55;0.5928789233011176;-3;53.69182209032816;-NAN;250;-NAN;-NAN;0;46.62424706705462;14.311052206665214;454.417477399301;10.521938693364076;-3.341433733511451;;5.42499992837404;;;;;188.4604931078654;188.1387567099963;1.59;1.65;0.2;;;;;;;;;;;;;0;;;;;;;;;;0;;;;;;;;;;;0.2370339263769819;277623.2722408027;0.7952127659574468;0;0.05929564999284184;0
94;1780344094;0;2516.995000001192;14.311003671999982;46.624329997;448.1460916610466;273.9024175155371;4.991596612777114;1.247899153194279;-0.495416940522209;1.498573398130154;1.843264106486021;447252.7130664828;5163649.166708186;-1;39215;-1.704643039938604;24.85852343396981;35793.40997837368;166.005843959559;33.57092935266316;38295.85281972197;252.0227062786644;31.35954141347945;1.644;0;2;2;55;0.592876733391404;-3;53.69183043459824;-NAN;250;-NAN;-NAN;0;46.62424774036212;14.311034538222208;454.4119581181126;10.521938693364076;-3.098661999075034;;5.42499992837404;;;;;188.4604970137167;188.1387606158477;1.59;1.65;0.2;;;;;;;;;;;;;0;;;;;;;;;;0;;;;;;;;;;;0.2370339263769819;277623.2722408027;0.7931034482758622;0;0.05929564999284184;0
94.25;1780344094.25;0;2518.244999995232;14.310987370000066;46.6243307715;448.1455435826619;274.9470243224544;5.125982037005096;1.281495509251274;-1.399210363872555;1.203114735266499;0.1576296681365594;447251.4657947451;5163649.263678886;-1;39215;-1.704643039938604;24.85852343396981;35793.40997837368;166.0058228845525;33.57092557451076;38295.85314121275;251.7358196662116;33.05106134510884;1.935;0;2;2;55;0.5928749780654834;-3;53.69183712295168;-NAN;250;-NAN;-NAN;0;46.62424851487088;14.311018236292678;454.4114094171586;10.521938693364076;-3.826566657060255;;5.42499992837404;;;;;188.4604970866341;188.1387606887651;1.59;1.65;0.2;;;;;;;;;;;;;0;;;;;;;;;;0;;;;;;;;;;;0.2370339263769819;277623.2722408027;0.791005291005291;0;0.05929564999284184;0
94.5;1780344094.5;0;2519.495000597238;14.310970661992596;46.62433184450066;448.1494753071195;276.1224859586011;5.056559100153614;1.264139775038403;-2.575561247885212;-0.157428546400087;-0.1930203753453574;447250.1877304742;5163649.394090516;-1;39215;-1.704643039938604;24.85852343396981;35793.40997837368;166.0058013429692;33.57092140638616;38295.85349582689;252.5199750146222;33.80236480295638;1.966;0;2;2;55;0.5928731923175636;-3;53.69184392721294;-NAN;250;-NAN;-NAN;0;46.62423783672096;14.311005937833142;455.310464047311;12.140698492343164;-2.85735211479846;;5.42499992837404;;;;;188.4604971670642;188.1387607691951;1.59;1.65;0.2;;;;;;;;;;;;;0;;;;;;;;;;0;;;;;;;;;;;0.2370339263769819;277623.2722408027;0.7889182058047494;0;0.05929564999284184;0
94.75;1780344094.75;0;2520.745000299215;14.3109541934959;46.62433299600026;448.1466104199808;275.3396982735633;5.223640329675622;1.305910082418906;-1.874820146364938;-2.519456700055024;-0.4594531973088688;447248.92807861;5163649.533064816;-1;39215;-1.704643039938604;24.85852343396981;35793.40997837368;166.0057801297919;33.57091719853583;38295.85385380745;254.0787789850366;34.73477753157536;1.813;0;2;2;55;0.5928714359360742;-3;53.69185061956924;-NAN;250;-NAN;-NAN;0;46.62423898823022;14.310989469417896;455.3075983677432;12.140698492343164;-2.828967794366293;;5.42499992837404;;;;;188.4604972482579;188.1387608503887;1.59;1.65;0.2;;;;;;;;;;;;;0;;;;;;;;;;0;;;;;;;;;;;0.2370339263769819;277623.2722408027;0.786842105263158;0;0.05929564999284184;0
95;1780344095;0;2521.995000001192;14.310937167999982;46.6243340955;448.1412054738507;275.2830418643697;4.943959462692616;1.235989865673154;-1.915410012130029;-3.373682481249104;-0.6428811999111154;447247.6257343768;5163649.666633988;-1;39215;-1.704824675498854;24.85851986940096;35793.41038224631;166.0058026691205;33.57071818938896;38295.87110217584;254.709480417974;35.13647957692868;1.813;0;2;2;55;0.5928693363970454;-3;53.69185861944938;-NAN;250;-NAN;-NAN;0;46.62424008750914;14.310972443979776;455.3021559438534;12.140698492343164;-2.101744202630982;;5.42499992837404;;;;;188.4605011603626;188.1387647624935;1.59;1.65;0.2;;;;;;;;;;;;;0;;;;;;;;;;0;;;;;;;;;;;0.2370339263769819;277623.2722408027;0.7847769028871392;0;0.05929564999284184;0
95.25;1780344095.25;0;2523.244999995231;14.310921045500066;46.6243350715;448.1686698670564;274.3760717986296;5.233680865376456;1.308420216344114;-1.0367755564064264;-3.480462886680948;-0.731686200537068;447246.3924004389;5163649.785876006;-1;39215;-1.704824675498854;24.85851986940096;35793.41038224631;166.005781870089;33.57071423024079;38295.8714390074;254.7931825727553;35.24869243453977;1.813;0;2;2;55;0.5928676125083332;-3;53.69186518797776;-NAN;250;-NAN;-NAN;0;46.62424106351882;14.310956321559514;455.3296195914644;12.140698492343164;-0.9275520393949818;;5.42499992837404;;;;;188.4605012367594;188.1387648388903;1.59;1.65;0.2;;;;;;;;;;;;;0;;;;;;;;;;0;;;;;;;;;;;0.2370339263769819;277623.2722408027;0.7827225130890052;0;0.05929564999284184;0
95.5;1780344095.5;0;2524.495000597238;14.310903964992236;46.62433599600048;448.1501592842451;274.535871167058;5.389183215830444;1.347295803957611;-1.274760804124587;-3.500529614880455;-0.742151164841196;447245.0856747906;5163649.900036894;-1;39215;-1.704824675498854;24.85851986940096;35793.41038224631;166.0057598123067;33.57071015191774;38295.87178603002;254.8842553750788;35.25970605995802;1.813;0;2;2;55;0.5928657770507244;-3;53.69187218160672;-NAN;250;-NAN;-NAN;0;46.62424198802962;14.310939241136012;455.3111082406148;12.140698492343164;-2.655627599228922;;5.42499992837404;;;;;188.4605013154676;188.1387649175985;1.59;1.65;0.2;;;;;;;;;;;;;0;;;;;;;;;;0;;;;;;;;;;;0.2370339263769819;277623.2722408027;0.7806788511749348;0;0.05929564999284184;0
95.75;1780344095.75;0;2525.745000299215;14.310886373995572;46.62433692150022;448.1209952249315;273.7631223806231;5.2672928850299;1.316823221257475;-0.95954772475554;-3.048790017569796;-0.9347734580444084;447243.7398689238;5163650.014650768;-1;39215;-1.704824675498854;24.85851986940096;35793.41038224631;166.0057370897204;33.57070597993274;38295.87214103434;255.0129212402298;35.30491515049018;1.74;0;2;2;55;0.5928638846430996;-3;53.69187939222098;-NAN;250;-NAN;-NAN;0;46.62424291354008;14.310921650226174;455.2819433956248;12.140698492343164;-1.975075647344056;;5.42499992837404;;;;;188.4605013959862;188.1387649981171;1.59;1.65;0.2;;;;;;;;;;;;;0;;;;;;;;;;0;;;;;;;;;;;0.2370339263769819;277623.2722408027;0.7786458333333334;0;0.05929564999284184;0
96;1780344096;0;2526.995000001192;14.310869167499984;46.624337697;448.1097772755231;273.270270209522;5.854495529088094;1.463623882272024;-1.36484163131603;-2.327009195503592;-1.486487405955633;447242.4233534269;5163650.11233979;-1;39215;-1.70500630932049;24.85851630539647;35793.41078609493;166.0057593245489;33.57050728315718;38295.88936292065;255.3484909269251;35.6176296461935;1.74;0;2;2;55;0.5928617497436572;-3;53.69188752678516;-NAN;250;-NAN;-NAN;0;46.62424368881956;14.31090444378907;455.2706880271914;12.140698492343164;-0.8202543556211026;;5.42499992837404;;;;;188.4605053020826;188.1387689042135;1.59;1.65;0.2;;;;;;;;;;;;;0;;;;;;;;;;0;;;;;;;;;;;0.2370339263769819;277623.2722408027;0.7766233766233768;0;0.05929564999284184;0
96.25;1780344096.25;0;2528.244999995231;14.310850027000074;46.6243383735;448.1116758456988;272.1015483137178;5.673301858481182;1.418325464620295;-0.6660778676254682;-2.186938675217808;-1.0310607177549312;447240.9586812163;5163650.200322928;-1;39215;-1.70500630932049;24.85851630539647;35793.41078609493;166.0057345314986;33.5705030938798;38295.88971944306;255.8156110173543;35.1263230129836;1.673;0;2;2;55;0.592859678235107;-3;53.69189541979888;-NAN;250;-NAN;-NAN;0;46.62424436533158;14.310885303383438;455.2725858084318;12.140698492343164;-0.7663241036775618;;5.42499992837404;;;;;188.4605053829454;188.1387689850763;1.59;1.65;0.2;;;;;;;;;;;;;0;;;;;;;;;;0;;;;;;;;;;;0.2370339263769819;277623.2722408027;0.7746113989637306;0;0.05929564999284184;0
96.5;1780344096.5;0;2529.495000597238;14.310831469991638;46.62433889700036;448.1156790660314;272.8482635431554;5.761474633947158;1.44036865848679;-1.352834065655453;-2.154375994095191;-0.564567653864165;447239.5385304536;5163650.27091473;-1;39215;-1.70500630932049;24.85851630539647;35793.41078609493;166.0057104666173;33.57049917257537;38295.89005318732;255.8129016192141;34.66806989505607;1.673;0;2;2;55;0.5928576639372134;-3;53.69190309481166;-NAN;250;-NAN;-NAN;0;46.62424488884384;14.31086674646631;455.2765882902948;12.140698492343164;-3.371391446033386;;5.42499992837404;;;;;188.4605054586419;188.1387690607729;1.59;1.65;0.2;;;;;;;;;;;;;0;;;;;;;;;;0;;;;;;;;;;;0.2370339263769819;277623.2722408027;0.772609819121447;0;0.05929564999284184;0
96.75;1780344096.75;0;2530.745000299215;14.310812628995272;46.62433949800012;448.8802550162093;271.4136111252861;5.54825242142013;1.387063105355032;0.5276921134637932;-2.400476278293787;-0.8353235513343564;447238.0967138941;5163650.350308586;-1;39215;-1.70500630932049;24.85851630539647;35793.41078609493;166.0056860479705;33.57049511667467;38295.89039787036;255.4768547457346;35.00719352188161;1.673;0;2;2;55;0.5928556870475162;-3;53.69191062727706;-NAN;250;-NAN;-NAN;0;46.6242454898555;14.31084790556273;456.0411634766554;12.140698492343164;-2.566655126860269;;5.42499992837404;;;;;188.4605055368195;188.1387691389504;1.59;1.65;0.2;;;;;;;;;;;;;0;;;;;;;;;;0;;;;;;;;;;;0.2370339263769819;277623.2722408027;0.770618556701031;0;0.05929564999284184;0
97;1780344097;0;2531.995000001192;14.310794470999984;46.624339799;449.7397290523944;272.0673339778184;6.04277634775673;1.510694086939182;0.309769559686007;-2.692434784118132;-1.981696075263659;447236.706894046;5163650.395909998;-1;39215;-1.70518792678766;24.85851274224315;35793.41118988701;166.005706939593;33.57029676654443;38295.90758979321;255.0165524076886;36.20588862815634;1.74;0;2;2;55;0.5928535001301504;-3;53.69191895998862;-NAN;250;-NAN;-NAN;0;46.62424579063634;14.310829747630298;456.9006001590054;12.140698492343164;-1.610325133963329;;5.42499992837404;;;;;188.4605094361181;188.138773038249;1.59;1.65;0.2;;;;;;;;;;;;;0;;;;;;;;;;0;;;;;;;;;;;0.2370339263769819;277623.2722408027;0.7686375321336762;0;0.05929564999284184;0
97.25;1780344097.25;0;2533.244999995232;14.31077469850007;46.6243402245;448.1019962274578;270.5531045418461;5.870239610961564;1.467559902740391;1.950818246054238;-2.618774059955585;-2.122872498823896;447235.1935943879;5163650.456426824;-1;39215;-1.70518792678766;24.85851274224315;35793.41118988701;166.0056812709061;33.5702927306154;38295.90793440602;254.8091185859756;36.32752743088918;1.94;0;2;2;55;0.5928512074034684;-3;53.69192769584476;-NAN;250;-NAN;-NAN;0;46.6242462161491;14.310809975227604;455.2628665740108;12.140698492343164;-3.291668338098532;;5.42499992837404;;;;;188.4605095142797;188.1387731164106;1.59;1.65;0.2;;;;;;;;;;;;;0;;;;;;;;;;0;;;;;;;;;;;0.2370339263769819;277623.2722408027;0.7666666666666668;0;0.05929564999284184;0
97.5;1780344097.5;0;2534.495000597238;14.310755481990206;46.62434034950006;448.1168429109121;269.7623758079693;6.330459600015698;1.582614900003924;2.592710075612856;-2.365643825151193;-2.072978091736439;447233.7225674122;5163650.483180692;-1;39215;-1.70518792678766;24.85851274224315;35793.41118988701;166.0056562637608;33.57028911191039;38295.90824248318;254.8025372915507;36.20825652422556;1.889;0;2;2;55;0.5928491031481482;-3;53.6919357135641;-NAN;250;-NAN;-NAN;0;46.62424634116194;14.310790758812072;455.27771257598;12.140698492343164;-2.857297189645067;;5.42499992837404;;;;;188.4605095841546;188.1387731862855;1.59;1.65;0.2;;;;;;;;;;;;;0;;;;;;;;;;0;;;;;;;;;;;0.2370339263769819;277623.2722408027;0.7647058823529412;0;0.05929564999284184;0
97.75;1780344097.75;0;2535.745000299215;14.310734758495004;46.62434025099994;448.1263929651968;268.0996334553394;5.893669732005058;1.473417433001265;3.984222076762707;-2.184709559975715;-1.894130304305374;447232.1359537716;5163650.48610873;-1;39215;-1.70518792678766;24.85851274224315;35793.41118988701;166.0056292468079;33.57028545664113;38295.90855373567;254.9949643141769;35.98052106893283;1.889;0;2;2;55;0.5928468225353296;-3;53.69194440323252;288.15;250;206.3044931665799;281.30449316658;1;;;;17.80635778876997;0.9111534614918924;5.425352049021808;5.425352049021808;0;0;28935.21092811631;0;188.4605096547497;188.1387732568807;1.59;1.65;0.2;62.68308322712216;5.12364268448297;6.092742814563534;11;0.6;0.2847985600000001;41.84898022560944;-11.227139626315558;-10.258039496234994;-1;;;0;;;;;;;;;;0;;;;0.2352697816266559;284798.5600000001;1;0;1;0.05752838076147576;0;0.2370280458944809;277647.1898666667;0.7653061224489796;0;0.05928975909540396;0
98;1780344098;0;2536.995000001192;14.31071547549998;46.624339802;448.1456563935721;269.0066955926345;6.339350592020182;1.584837648005046;2.890483618386271;-1.985949160221732;-1.338784102117281;447230.6592791706;5163650.449125738;-1;39215;-1.705369535207034;24.85850917979484;35793.41159363881;166.005648513501;33.57008770790987;38295.92569521524;255.156813427356;35.38733423041033;1.74;0;2;2;55;0.5928444055147136;-3;53.69195361262906;288.15;250;206.3050248964302;281.3050248964302;1;;;;21.04387738672815;2.714312859355971;5.425380264143068;5.425380264143068;0;0;28935.36140876303;0;188.4605135426055;188.1387771447364;1.59;1.65;0.2;62.5340532735253;5.070775489017644;6.039875619098208;11;0.6;0.2847985600000001;41.69994206286106;-11.373973527456486;-10.404873397375922;-1;;;0;;;;;;;;;;0;;;;0.2352698388044771;284798.5600000001;1;0;1;0.05752838076147576;0;0.2370222046749127;277670.9485714286;0.7659033078880408;0;0.05928390734014174;0
98.25;1780344098.25;0;2538.244999995232;14.310694727000072;46.624339502;448.2172850235812;267.6523562961607;6.158145136687384;1.539536284171846;4.248612045573374;-1.849609954870079;-1.0475439564572318;447229.0705554312;5163650.429680966;-1;39215;-1.705369535207034;24.85850917979484;35793.41159363881;166.0056214219785;33.57008426154495;38295.92598869294;255.1154816389665;35.07097263244585;1.673;0;2;2;55;0.5928421181451516;-3;53.69196232800912;288.15;250;206.3050341634473;281.3050341634473;1;;;;0;5.905968011018332;5.425380755879382;5.425380755879382;0;0;28935.3640313567;0;188.4605136091691;188.1387772113;1.59;1.65;0.2;62.4670547493028;5.046625683547606;6.01572581362817;11;0.6;0.2847985600000001;41.63294339556913;-11.440005317084766;-10.470905187004202;-1;;;0;;;;;;;;;;0;;;;0.2352698397834133;284798.5600000001;1;0;1;0.05752838076147576;0;0.2370164021421594;277694.5499337749;0.766497461928934;0;0.05927809433822562;0
98.5;1780344098.5;0;2539.495000597238;14.310674585989726;46.62433890299964;448.2488370556236;266.9449362620551;6.212349854609634;1.553087463652408;5.087974813993218;-1.850375025794282;-0.8141326328682634;447227.5280483795;5163650.376605378;-1;39215;-1.705369535207034;24.85850917979484;35793.41159363881;166.0055950593963;33.5700812422674;38295.92624591028;255.0239336466715;34.84919989824998;1.673;0;2;2;55;0.592839880262785;-3;53.69197085481646;288.15;250;206.3050422820594;281.3050422820594;1;;;;0;5.88658613409507;5.425381186677846;5.425381186677846;0;0;28935.36632894851;0;188.4605136675085;188.1387772696394;1.59;1.65;0.2;62.4670562502276;5.046626227230878;6.015726357311442;11;0.6;0.2847985600000001;41.63294477115423;-11.440003961200612;-10.470903831120048;-1;;;0;;;;;;;;;;0;;;;0.235269840641398;284798.5600000001;1;0;1;0.05752838076147576;0;0.237010637912784;277717.9955115512;0.7670886075949368;0;0.05927231970595912;0
98.75;1780344098.75;0;2540.745000299215;14.310654277995332;46.6243381529998;448.2610146644292;266.6850816734504;6.514626257654426;1.628656564413606;5.480936513907372;-1.931808870559986;-0.4432604638005375;447225.9726108429;5163650.30686311;-1;39215;-1.705369535207034;24.85850917979484;35793.41159363881;166.0055684477581;33.57007835271875;38295.92649213395;255.009007305434;34.51585360153135;1.673;0;2;2;55;0.5928376153974022;-3;53.69197948441912;288.15;250;206.3050500518408;281.3050500518408;1;;;;0;5.890951174879434;5.42538159896633;5.42538159896633;0;0;28935.36852782042;0;188.4605137233544;188.1387773254853;1.59;1.65;0.2;62.46705779614306;5.046626787211096;6.01572691729166;11;0.6;0.2847985600000001;41.6329461971155;-11.440002555661766;-10.470902425581202;-1;;;0;;;;;;;;;;0;;;;0.2352698414627118;284798.5600000001;1;0;1;0.05752838076147576;0;0.2370049116086718;277741.2868421054;0.7676767676767676;0;0.05926658306469438;0
99;1780344099;0;2541.995000001192;14.310632986999978;46.6243373035;448.2644083531225;267.171638163041;6.624183123972128;1.656045780993032;5.039499586611868;-1.958889008968402;-0.138337899645635;447224.3418214683;5163650.226723106;-1;39215;-1.705551134577647;24.85850561805368;35793.41199735032;166.005585012247;33.56988067381735;38295.94362779597;255.0351608176585;34.22951160166811;1.582;0;2;2;55;0.5928349579014578;-3;53.69198961000474;288.15;250;206.3055815973725;281.3055815973725;1;;;;0;5.895591430824994;5.425409804498994;5.425409804498994;0;0;28935.51895732797;0;188.4605176098888;188.1387812120197;1.59;1.65;0.2;62.37602806726606;5.013432084142808;5.982532214223372;11;0.6;0.2847985600000001;41.54190826194881;-11.529750036260732;-10.560649906180168;-1;;;0;;;;;;;;;;0;;;;0.2352698986211278;284798.5600000001;1;0;1;0.05752838076147576;0;0.2369992230414996;277764.4254426231;0.7682619647355164;0;0.0592608840407494;0
99.25;1780344099.25;0;2543.244999995231;14.310611329000074;46.62433655300002;448.2715349798444;266.8075914844224;6.345325455243514;1.586331363810878;5.371097378733526;-1.833663059932993;0.0315717756824964;447222.6830316716;5163650.157830042;-1;39215;-1.705551134577647;24.85850561805368;35793.41199735032;166.0055566419472;33.56987753988601;38295.94389483221;255.0156469297335;34.03198307393925;1.582;0;2;2;55;0.5928325442587298;-3;53.69199880644246;288.15;250;206.3055900243337;281.3055900243337;1;;;;0;5.903816616585118;5.425410251662408;5.425410251662408;0;0;28935.52134219951;0;188.4605176704552;188.1387812725861;1.59;1.65;0.2;62.37602970586954;5.013432685654706;5.98253281573527;11;0.6;0.2847985600000001;41.54190977045235;-11.529748548919902;-10.560648418839338;-1;;;0;;;;;;;;;;0;;;;0.2352698995118648;284798.5600000001;1;0;1;0.05752838076147576;0;0.2369935716574158;277787.4128104576;0.7688442211055276;0;0.05925522226532692;0
99.5;1780344099.5;0;2544.495000597238;14.310590588989368;46.62433575349958;448.5738773784181;266.8075103706593;6.419610405717854;1.604902601429463;5.290669260143838;-1.719687640383184;0.05779102336841566;447221.0944722384;5163650.08287789;-1;39215;-1.705551134577647;24.85850561805368;35793.41199735032;166.0055294572706;33.56987462404343;38295.94414311715;255.0266923585164;33.97476679659067;1.582;0;2;2;55;0.5928302544481488;-3;53.69200753103954;288.15;250;206.3055978648675;281.3055978648676;1;;;;0;6.210065196518542;5.425410667708018;5.425410667708018;0;0;28935.52356110943;0;188.4605177267686;188.1387813288995;1.59;1.65;0.2;62.37603126971794;5.013433259724764;5.982533389805328;11;0.6;0.2847985600000001;41.54191121325448;-11.529747126358774;-10.56064699627821;-1;;;0;;;;;;;;;;0;;;;0.2352699003400542;284798.5600000001;1;0;1;0.05752838076147576;0;0.2369879570928641;277810.2504234529;0.7694235588972432;0;0.0592495973744349;0
99.75;1780344099.75;0;2545.745000299215;14.310569605495182;46.62433495299982;448.593751294709;266.4340932373803;6.707869513205924;1.676967378301481;5.608607007008094;-1.670790352193288;0.07596170282699238;447219.4872715496;5163650.00797812;-1;39215;-1.705551134577647;24.85850561805368;35793.41199735032;166.0055019552051;33.56987166543173;38295.94439523018;255.0536503399798;33.94298505279642;1.582;0;2;2;55;0.5928279136893848;-3;53.6920164497418;288.15;250;206.3056058204058;281.3056058204058;1;;;;11.33131859285362;1.447047227647602;5.425411089856198;5.425411089856198;0;0;28935.5258125664;0;188.4605177839503;188.1387813860812;1.59;1.65;0.2;62.3760328718929;5.013433847863906;5.98253397794447;11;0.6;0.2847985600000001;41.54191269260764;-11.529745667759394;-10.56064553767883;-1;;;0;;;;;;;;;;0;;;;0.2352699011810128;284798.5600000001;1;0;1;0.05752838076147576;0;0.2369823789892542;277832.9397402599;0.77;0;0.05924400900880842;0
100;1780344100;0;2546.995000001192;14.310547689499978;46.624334004;448.5135040368923;265.9142085052235;6.375789819046012;1.593947454761503;6.118805517396838;-1.663048852664527;0.10659028060859152;447217.8085374736;5163649.917202086;-1;39215;-1.705732724898512;24.85850205702115;35793.41240102158;166.0055176819824;33.56967398839427;38295.96153082751;255.0636472347736;33.91092180607737;1.582;0;2;2;55;0.5928251757907852;-3;53.6920268815952;288.15;250;206.3061373643672;281.3061373643672;1;;;;12.950078391832708;0.4584206910369062;5.42543929549707;5.42543929549707;0;0;28935.67624265104;0;188.4605216704682;188.1387852725991;1.59;1.65;0.2;62.3760032143826;5.013422960926604;5.982523091007168;11;0.6;0.2847985600000001;41.54187482884808;-11.52978300033212;-10.560682870251556;-1;;;0;;;;;;;;;;0;;;;0.235269958339213;284798.5600000001;1;0;1;0.05752838076147576;0;0.2369768371748528;277855.4822006474;0.770573566084788;0;0.05923845681383322;0
100.25;1780344100.25;0;2548.244999995231;14.310526865500086;46.6243330285;448.2939165019819;266.8969641040197;6.951100931682772;1.737775232920693;5.178188354173852;-1.711807797119524;0.11000259728112926;447216.2133769082;5163649.822750644;-1;39215;-1.705732724898512;24.85850205702115;35793.41240102158;166.0054903512262;33.56967124445259;38295.96176486636;255.053696064677;33.92141381485941;1.582;0;2;2;55;0.5928228239909508;-3;53.692035842329;288.15;250;206.3061447427164;281.3061447427164;1;;;;12.950078391832708;0.2197590884537135;5.425439687020194;5.425439687020194;0;0;28935.67833077436;0;188.4605217235505;188.1387853256814;1.59;1.65;0.2;62.37600486108228;5.0134235654127;5.982523695493264;11;0.6;0.2847985600000001;41.5418763616371;-11.529781489046362;-10.560681358965798;-1;;;0;;;;;;;;;;0;;;;0.2352699591198825;284798.5600000001;1;0;1;0.05752838076147576;0;0.2369713311166109;277877.8792258066;0.7711442786069652;0;0.05923294043947078;0
100.5;1780344100.5;0;2549.495000597238;14.310504141489072;46.62433220299966;448.9942642081808;266.8593426987136;6.565381007436824;1.641345251859206;5.255813380387716;-1.756558098271469;0.0931195599727399;447214.472903897;5163649.746239756;-1;39215;-1.705732724898512;24.85850205702115;35793.41240102158;166.0054605766814;33.56966799570889;38295.96204124207;255.0397566782484;33.95045763401257;1.582;0;2;2;55;0.5928203490318894;-3;53.69204527230076;288.15;250;206.3061534784588;281.3061534784588;1;;;;12.950078391832706;0.9057323270610028;5.425440150571784;5.425440150571784;0;0;28935.68080304951;0;188.4605217862351;188.138785388366;1.59;1.65;0.2;62.37600653565978;5.01342418013231;5.982524310212874;11;0.6;0.2847985600000001;41.54187790134785;-11.529779970935972;-10.560679840855408;-1;;;0;;;;;;;;;;0;;;;0.2352699600417726;284798.5600000001;1;0;1;0.05752838076147576;0;0.2369658604700681;277900.1322186496;0.771712158808933;0;0.05922745954018462;0
100.75;1780344100.75;0;2550.745000299215;14.310482681995094;46.6243313784998;449.325503249626;267.07886759865;6.908922913354136;1.727230728338534;5.053844155490778;-1.72704685212048;0.05793753612331902;447212.8292388003;5163649.668993668;-1;39215;-1.705732724898512;24.85850205702115;35793.41240102158;166.0054324496126;33.56966497576669;38295.96229837901;254.9967348814327;33.97733404233486;1.71;0;2;2;55;0.592817981490337;-3;53.69205429297772;288.15;250;206.3061615989639;281.3061615989639;1;;;;12.950078391832708;1.262452906421118;5.425440581476596;5.425440581476596;0;0;28935.68310120851;0;188.4605218445562;188.1387854466871;1.59;1.65;0.2;62.50400815171984;5.059975105502384;6.029075235582948;11;0.6;0.2847985600000001;41.66987939203952;-11.403600536233572;-10.434500406153008;-1;;;0;;;;;;;;;;0;;;;0.2352699608994892;284798.5600000001;1;0;1;0.05752838076147576;0;0.2369604248945213;277922.2425641027;0.7722772277227724;0;0.05922201377486824;0
101;1780344101;0;2551.995000001192;14.310460092499978;46.624330603;448.4894068298954;266.9889029284579;6.492646538349484;1.623161634587371;5.132168622018596;-1.572926960138303;0.0160931760459061;447211.0991123608;5163649.597949622;-1;39215;-1.705914306168689;24.85849849669389;35793.41280465251;166.00544733252;33.56946700335061;38295.97945959261;254.9007052307531;33.97719658323658;1.71;0;2;2;55;0.5928151130109638;-3;53.69206522227732;-NAN;250;-NAN;-NAN;0;46.62423659394896;14.310495370659124;455.6501216723186;12.140698492343164;-0.4537906811970062;;5.425440581476596;;;;;188.4605257368823;188.1387893390132;1.59;1.65;0.2;;;;;;;;;;;;;0;;;;;;;;;;0;;;;;;;;;;;0.2369604248945213;277922.2425641027;0.7703703703703704;0;0.05922201377486824;0
101.25;1780344101.25;0;2553.244999995231;14.31043886750009;46.6243298285;448.4743681191365;266.8940925810901;6.83183379290883;1.707958448227208;5.201883939803266;-1.495169088907176;-0.04472708582630072;447209.4734478129;5163649.526103362;-1;39215;-1.705914306168689;24.85849849669389;35793.41280465251;166.0054195214438;33.56946397339807;38295.97971779777;254.8645817297585;34.01498381896628;1.71;0;2;2;55;0.592812743940355;-3;53.69207424874194;-NAN;250;-NAN;-NAN;0;46.62423581946414;14.310474145762874;455.6350823909446;12.140698492343164;-0.4489935367898284;;5.425440581476596;;;;;188.4605257954457;188.1387893975766;1.59;1.65;0.2;;;;;;;;;;;;;0;;;;;;;;;;0;;;;;;;;;;;0.2369604248945213;277922.2425641027;0.7684729064039408;0;0.05922201377486824;0
101.5;1780344101.5;0;2554.495000597238;14.310416534489906;46.62432900299964;448.4926840818047;266.7411717379742;6.874222015568034;1.718555503892008;5.339579955107328;-1.511746646423268;-0.08895398105177822;447207.7629082538;5163649.449332526;-1;39215;-1.705914306168689;24.85849849669389;35793.41280465251;166.0053902563395;33.56946079642129;38295.97998851304;254.8828486244875;34.06162082474386;1.71;0;2;2;55;0.592810253628365;-3;53.6920837371332;-NAN;250;-NAN;-NAN;0;46.6242349939799;14.310451812861718;455.6533977553094;12.140698492343164;-0.3800495103156436;;5.425440581476596;;;;;188.4605258568465;188.1387894589773;1.59;1.65;0.2;;;;;;;;;;;;;0;;;;;;;;;;0;;;;;;;;;;;0.2369604248945213;277922.2425641027;0.7665847665847666;0;0.05922201377486824;0
101.75;1780344101.75;0;2555.745000299215;14.310394068494408;46.62432810399976;448.4438348984741;266.1204670238343;7.187301060362426;1.796825265090607;5.96661577735996;-1.577765464132161;-0.09231096862680476;447206.0421162992;5163649.36448408;-1;39215;-1.705914306168689;24.85849849669389;35793.41280465251;166.0053608026536;33.56945767327651;38295.98025470818;254.9188670032857;34.08221895003445;1.71;0;2;2;55;0.592807739564564;-3;53.69209331600234;-NAN;250;-NAN;-NAN;0;46.62423409499618;14.310429346975852;455.6045479838136;12.140698492343164;-0.3874869282958003;;5.425440581476596;;;;;188.460525917222;188.1387895193529;1.59;1.65;0.2;;;;;;;;;;;;;0;;;;;;;;;;0;;;;;;;;;;;0.2369604248945213;277922.2425641027;0.7647058823529412;0;0.05922201377486824;0
102;1780344102;0;2556.995000001192;14.310370593999978;46.6243270045;448.4578989619975;267.05289093821;6.64505154591336;1.66126288647834;5.045248160768056;-1.62001906803076;-0.09890100214184328;447204.2439222165;5163649.258032328;-1;39215;-1.70609587838721;24.85849493707393;35793.41320824318;166.0053744623043;33.5692598922814;38295.99739916026;254.9341384661853;34.09966565202035;1.71;0;2;2;55;0.592804831574938;-3;53.6921043957494;-NAN;250;-NAN;-NAN;0;46.6242329952827;14.310405872569518;455.6185748002352;12.140698492343164;-0.3601849653898057;;5.425440581476596;;;;;188.4605298057446;188.1387934078756;1.59;1.65;0.2;;;;;;;;;;;;;0;;;;;;;;;;0;;;;;;;;;;;0.2369604248945213;277922.2425641027;0.762836185819071;0;0.05922201377486824;0
102.25;1780344102.25;0;2558.244999995231;14.31034886950009;46.6243262285;448.4972188968691;266.8336847536803;6.955349163221568;1.738837290805392;5.265900893842458;-1.565964692205007;-0.03605398883791639;447202.5800160331;5163649.186355816;-1;39215;-1.70609587838721;24.85849493707393;35793.41320824318;166.0053460003148;33.56925677321149;38295.99766491887;254.9084854677864;34.0249565323869;1.71;0;2;2;55;0.59280241220663;-3;53.69211361377782;-NAN;250;-NAN;-NAN;0;46.62423221929826;14.310384148175712;455.6578941477074;12.140698492343164;-0.2641334401832865;;5.425440581476596;;;;;188.4605298660212;188.1387934681521;1.59;1.65;0.2;;;;;;;;;;;;;0;;;;;;;;;;0;;;;;;;;;;;0.2369604248945213;277922.2425641027;0.7609756097560976;0;0.05922201377486824;0
102.5;1780344102.5;0;2559.495000597238;14.310326135489788;46.62432535349958;448.493473056038;266.1194676658962;7.001532505879728;1.750383126469932;5.981686933402214;-1.560839659251249;0.03863535075816283;447200.8387289634;5163649.104355168;-1;39215;-1.70609587838721;24.85849493707393;35793.41320824318;166.0053162025927;33.56925357594425;38295.9979373901;254.9166505853177;33.95154667254433;1.71;0;2;2;55;0.592799873664544;-3;53.69212328585052;-NAN;250;-NAN;-NAN;0;46.62423134431418;14.310361414276362;455.6541477047502;12.140698492343164;-0.197414795249756;;5.425440581476596;;;;;188.4605299278202;188.1387935299511;1.59;1.65;0.2;;;;;;;;;;;;;0;;;;;;;;;;0;;;;;;;;;;;0.2369604248945213;277922.2425641027;0.7591240875912408;0;0.05922201377486824;0
102.75;1780344102.75;0;2560.745000299215;14.310303270494284;46.62432425499972;448.5381927587162;266.7220783803455;6.72618500688615;1.681546251721538;5.380307020150564;-1.527913262743767;0.07161457348170126;447199.0871967604;5163648.997607812;-1;39215;-1.70609587838721;24.85849493707393;35793.41320824318;166.0052861875742;33.56925059167337;38295.99819175179;254.8997423457149;33.91116212516982;1.71;0;2;2;55;0.5927973145386686;-3;53.69213303632918;-NAN;250;-NAN;-NAN;0;46.62423024583104;14.310338549392312;455.6988668454154;12.140698492343164;-0.1355142581002724;;5.425440581476596;;;;;188.4605299855118;188.1387935876427;1.59;1.65;0.2;;;;;;;;;;;;;0;;;;;;;;;;0;;;;;;;;;;;0.2369604248945213;277922.2425641027;0.7572815533980582;0;0.05922201377486824;0
103;1780344103;0;2561.995000001192;14.31028128599998;46.62432340299998;448.7095029411346;266.9619120978051;7.338429368846756;1.834607342211689;5.13995170455396;-1.516756531456983;0.0531029466364271;447197.4033122683;5163648.917661844;-1;39215;-1.70627744885781;24.85849137801879;35793.41361180976;166.0053018389457;33.56905282042381;38296.01533523077;254.8897750718248;33.92591518316272;1.71;0;2;2;55;0.5927945951528602;-3;53.69214339738914;-NAN;250;-NAN;-NAN;0;46.6242176422564;14.310320974845032;456.7652193876462;13.759458291322252;-0.143227877978859;;5.425440581476596;;;;;188.4605338738119;188.1387974759428;1.59;1.65;0.2;;;;;;;;;;;;;0;;;;;;;;;;0;;;;;;;;;;;0.2369604248945213;277922.2425641027;0.75544794188862;0;0.05922201377486824;0
103.25;1780344103.25;0;2563.244999995231;14.310257296000092;46.6243225285;448.4557865319245;266.8796710229218;7.054625073918138;1.763656268479534;5.217314868243506;-1.598214318501489;0.10447113805246076;447195.5658713323;5163648.836559734;-1;39215;-1.70627744885781;24.85849137801879;35793.41361180976;166.0052704052768;33.56904939506084;38296.01562728927;254.9566092535683;33.89737110255469;1.71;0;2;2;55;0.5927918972683882;-3;53.69215367650488;-NAN;250;-NAN;-NAN;0;46.62422851913354;14.310292575096198;455.6164227281844;12.140698492343164;-0.181856080409375;;5.425440581476596;;;;;188.4605339400535;188.1387975421843;1.59;1.65;0.2;;;;;;;;;;;;;0;;;;;;;;;;0;;;;;;;;;;;0.2369604248945213;277922.2425641027;0.7536231884057972;0;0.05922201377486824;0
103.5;1780344103.5;0;2564.495000597238;14.310234236489666;46.62432165349958;448.4635302297272;266.394150903176;7.12092547155096;1.78023136788774;5.699772882552878;-1.627638252334276;0.1514819117306273;447193.7996648795;5163648.754779174;-1;39215;-1.70627744885781;24.85849137801879;35793.41361180976;166.0052401836275;33.5690461387051;38296.01590478499;254.986980688836;33.85951019132451;1.71;0;2;2;55;0.5927893239464448;-3;53.69216348100834;-NAN;250;-NAN;-NAN;0;46.62422764414972;14.31026951569833;455.6241658127316;12.140698492343164;-0.1470744216433673;;5.425440581476596;;;;;188.460534002992;188.1387976051229;1.59;1.65;0.2;;;;;;;;;;;;;0;;;;;;;;;;0;;;;;;;;;;;0.2369604248945213;277922.2425641027;0.7518072289156628;0;0.05922201377486824;0
103.75;1780344103.75;0;2565.745000299215;14.310210972494166;46.62432062949972;448.4692624493702;266.5220587942775;6.819894993638882;1.70497374840972;5.575125302787484;-1.615655549877965;0.1851456909674172;447192.017658815;5163648.656579516;-1;39215;-1.70627744885781;24.85849137801879;35793.41361180976;166.0052096644926;33.56904300313019;38296.01617203682;254.9817338182677;33.82398067764404;1.71;0;2;2;55;0.5927867210971416;-3;53.69217339799194;-NAN;250;-NAN;-NAN;0;46.62422662016672;14.310246251816302;455.6298974418658;12.140698492343164;-0.08931032180618104;;5.425440581476596;;;;;188.4605340636072;188.1387976657382;1.59;1.65;0.2;;;;;;;;;;;;;0;;;;;;;;;;0;;;;;;;;;;;0.2369604248945213;277922.2425641027;0.75;0;0.05922201377486824;0
104;1780344104;0;2566.995000001192;14.310188686999978;46.6243197035;448.4818972724146;267.4176690109338;7.269954362779226;1.817488590694807;4.681444085658398;-1.605422894772958;0.2441784926627158;447190.3106586392;5163648.568614404;-1;39215;-1.706459002969741;24.85848781981502;35793.41401531985;166.0052249037933;33.56884527343439;38296.03331210239;254.98339268104;33.76416881723591;1.71;0;2;2;55;0.5927839516812416;-3;53.69218394957952;-NAN;250;-NAN;-NAN;0;46.62422569395234;14.310223966404516;455.6424950272906;12.140698492343164;-0.07359994341248922;;5.425440581476596;;;;;188.4605379511313;188.1388015532622;1.59;1.65;0.2;;;;;;;;;;;;;0;;;;;;;;;;0;;;;;;;;;;;0.2369604248945213;277922.2425641027;0.748201438848921;0;0.05922201377486824;0
104.25;1780344104.25;0;2568.244999995231;14.310164912500082;46.62431895300002;448.5646930700995;267.1129080594974;7.008617304356968;1.752154326089242;4.988241536654138;-1.614847718550509;0.2845010085792369;447188.4898359824;5163648.501148764;-1;39215;-1.706459002969741;24.85848781981502;35793.41401531985;166.0051937768383;33.56884175533107;38296.03361180415;254.9944241420491;33.72771840677212;1.71;0;2;2;55;0.5927813119844072;-3;53.69219400691014;-NAN;250;-NAN;-NAN;0;46.62422494346924;14.310200192020752;455.7252901624246;12.140698492343164;-1.0390836168722898;;5.425440581476596;;;;;188.4605380191064;188.1388016212373;1.59;1.65;0.2;;;;;;;;;;;;;0;;;;;;;;;;0;;;;;;;;;;;0.2369604248945213;277922.2425641027;0.7464114832535886;0;0.05922201377486824;0
104.5;1780344104.5;0;2569.495000597238;14.310141997988294;46.6243181534996;448.6151343172569;267.0306266260883;7.516739355435236;1.879184838858809;5.068598171402108;-1.505798792203873;0.309091011362383;447186.734803316;5163648.42766259;-1;39215;-1.706459002969741;24.85848781981502;35793.41401531985;166.0051637599326;33.5688384452042;38296.03389383128;254.9297714960021;33.67562157485249;1.71;0;2;2;55;0.5927787617398688;-3;53.69220372340418;-NAN;250;-NAN;-NAN;0;46.62423589536134;14.310172867671172;454.8806562275812;10.521938693364076;-0.7976274638251084;;5.425440581476596;;;;;188.4605380830727;188.1388016852036;1.59;1.65;0.2;;;;;;;;;;;;;0;;;;;;;;;;0;;;;;;;;;;;0.2369604248945213;277922.2425641027;0.7446300715990454;0;0.05922201377486824;0
104.75;1780344104.75;0;2570.745000299215;14.310117423494106;46.6243172784998;448.615354199942;267.1276437263494;6.892449893973426;1.723112473493356;4.97005326240977;-1.391223063937737;0.3169152491707818;447184.8526147048;5163648.34689979;-1;39215;-1.706459002969741;24.85848781981502;35793.41401531985;166.0051315648619;33.56883491397122;38296.03419473806;254.8583486419729;33.63816700767674;1.71;0;2;2;55;0.59277602132884;-3;53.69221416441486;-NAN;250;-NAN;-NAN;0;46.62423502037694;14.310148293281956;454.8808755283708;10.521938693364076;-1.273818075144902;;5.425440581476596;;;;;188.4605381513211;188.138801753452;1.59;1.65;0.2;;;;;;;;;;;;;0;;;;;;;;;;0;;;;;;;;;;;0.2369604248945213;277922.2425641027;0.742857142857143;0;0.05922201377486824;0
105;1780344105;0;2571.995000001192;14.310094887999978;46.624316503;448.6052195777588;267.4719845773954;7.421732786458516;1.855433196614629;4.624002213393016;-1.201912320795975;0.2558934884201521;447183.1266215511;5163648.275827562;-1;39215;-1.706640548027126;24.85848426231667;35793.41441878963;166.0051465072026;33.56863698919195;38296.05135140341;254.7269014276143;33.64715601139584;1.71;0;2;2;55;0.5927732294839754;-3;53.69222480136544;-NAN;250;-NAN;-NAN;0;46.62423424468926;14.310125757861088;454.8707082910452;10.521938693364076;-1.269916708954838;;5.425440581476596;;;;;188.4605420426083;188.1388056447392;1.59;1.65;0.2;;;;;;;;;;;;;0;;;;;;;;;;0;;;;;;;;;;;0.2369604248945213;277922.2425641027;0.7410926365795726;0;0.05922201377486824;0
105.25;1780344105.25;0;2573.244999995231;14.310070614500084;46.6243157775;448.6709618452395;267.5195824289638;7.129358618124528;1.782339654531132;4.715490510397344;-1.195429261723142;0.2548621725384391;447181.2676213048;5163648.21147644;-1;39215;-1.706640548027126;24.85848426231667;35793.41441878963;166.0051147355363;33.56863335406549;38296.05166107508;254.5833286520293;33.64940188465478;1.71;0;2;2;55;0.592770534663263;-3;53.69223506863046;-NAN;250;-NAN;-NAN;0;46.62423351920432;14.310101484464972;454.936449959509;10.521938693364076;-1.138714835412998;;5.425440581476596;;;;;188.4605421128447;188.1388057149756;1.59;1.65;0.2;;;;;;;;;;;;;0;;;;;;;;;;0;;;;;;;;;;;0.2369604248945213;277922.2425641027;0.7393364928909952;0;0.05922201377486824;0
105.5;1780344105.5;0;2574.495000597238;14.310047298988174;46.6243150534996;448.9095870342421;267.358966089413;7.135191217803938;1.783797804450984;5.328039838992874;-1.225212888636346;0.3826758201851872;447179.4819626916;5163648.146650538;-1;39215;-1.706640548027126;24.85848426231667;35793.41441878963;166.0050842121211;33.56862989092782;38296.05195598785;254.1734577453118;33.54419796016953;1.71;0;2;2;55;0.5927679599493776;-3;53.69224487826762;-NAN;250;-NAN;-NAN;0;46.6242327952184;14.310078169052714;455.1750745778358;10.521938693364076;-0.8771104807580628;;5.425440581476596;;;;;188.4605421797335;188.1388057818644;1.59;1.65;0.2;;;;;;;;;;;;;0;;;;;;;;;;0;;;;;;;;;;;0.2369604248945213;277922.2425641027;0.7375886524822696;0;0.05922201377486824;0
105.75;1780344105.75;0;2575.745000299215;14.310023964494644;46.62431432749986;448.8929077002378;267.5333371675512;7.449635986709424;1.862408996677356;5.613609654887588;-1.267201144081083;0.4995728518673694;447177.6948489248;5163648.081615686;-1;39215;-1.706640548027126;24.85848426231667;35793.41441878963;166.0050536635649;33.56862642677406;38296.05225115596;253.7624313437406;33.45403293975113;1.839;0;2;2;55;0.5927653612248632;-3;53.69225477936434;-NAN;250;-NAN;-NAN;0;46.6242320692332;14.310054834658928;455.1583946729886;10.521938693364076;-0.8397437547458822;;5.425440581476596;;;;;188.4605422466803;188.1388058488112;1.59;1.65;0.2;;;;;;;;;;;;;0;;;;;;;;;;0;;;;;;;;;;;0.2369604248945213;277922.2425641027;0.7358490566037736;0;0.05922201377486824;0
106;1780344106;0;2576.995000001192;14.309999599499976;46.624313603;448.7463114967157;267.8921787641065;7.42304236384163;1.855760590960408;5.395880933715128;-1.366065359907421;0.5420802117169276;447175.8288449892;5163648.017438632;-1;39215;-1.706822084028985;24.85848070552563;35793.4148222191;166.0050662306184;33.56842812592616;38296.06943993292;253.6930387244445;33.44420255209976;1.839;0;2;2;55;0.5927623590753622;-3;53.69226621747752;-NAN;250;-NAN;-NAN;0;46.62423134454648;14.31003046974539;455.011765792274;10.521938693364076;-0.9449602819447022;;5.425440581476596;;;;;188.4605461452489;188.1388097473798;1.59;1.65;0.2;;;;;;;;;;;;;0;;;;;;;;;;0;;;;;;;;;;;0.2369604248945213;277922.2425641027;0.7341176470588236;0;0.05922201377486824;0
106.25;1780344106.25;0;2578.244999995231;14.309975314500084;46.624313002;449.0145987616081;268.1801658266426;7.125553961992622;1.781388490498156;4.897816485843058;-1.3158393207853;0.4729948959083408;447173.9690852553;5163647.966931724;-1;39215;-1.706822084028985;24.85848070552563;35793.4148222191;166.0050344700669;33.56842435651243;38296.06976087378;253.8576607195432;33.49126036236531;1.839;0;2;2;55;0.5927596860731486;-3;53.69227640152452;-NAN;250;-NAN;-NAN;0;46.62423074356142;14.3100061848494;455.2800524360194;10.521938693364076;-0.6372754448400998;;5.425440581476596;;;;;188.4605462180411;188.138809820172;1.59;1.65;0.2;;;;;;;;;;;;;0;;;;;;;;;;0;;;;;;;;;;;0.2369604248945213;277922.2425641027;0.7323943661971832;0;0.05922201377486824;0
106.5;1780344106.5;0;2579.495000597238;14.309951998988174;46.62431250199976;449.0273281907276;267.9962386220311;7.13245967410782;1.783114918526955;4.79352798994124;-1.069073692055559;0.3732754500742363;447172.183644364;5163647.926998566;-1;39215;-1.706822084028985;24.85848070552563;35793.4148222191;166.0050039935195;33.56842065627477;38296.0700760664;253.9684690987734;33.51234323438992;1.839;0;2;2;55;0.5927571024050712;-3;53.69228624519056;-NAN;250;-NAN;-NAN;0;46.62423024357544;14.30998286943726;455.2927812553912;10.521938693364076;-0.6059614203900878;;5.425440581476596;;;;;188.4605462895297;188.1388098916605;1.59;1.65;0.2;;;;;;;;;;;;;0;;;;;;;;;;0;;;;;;;;;;;0.2369604248945213;277922.2425641027;0.7306791569086652;0;0.05922201377486824;0
106.75;1780344106.75;0;2580.745000299215;14.309928664494646;46.62431192749986;448.8853332619311;268.4692648057002;7.445074996078566;1.861268749019641;4.361083245785485;-0.9719274860565518;0.291882808501183;447170.3966777983;5163647.878800324;-1;39215;-1.706822084028985;24.85848070552563;35793.4148222191;166.0049734766929;33.56841703171979;38296.07038493624;253.8504950169109;33.56437983223604;1.839;0;2;2;55;0.5927544999768972;-3;53.69229616031096;-NAN;250;-NAN;-NAN;0;46.62422966908992;14.309959535043556;455.1507857293182;10.521938693364076;-0.7057816534942846;;5.425440581476596;;;;;188.4605463595841;188.138809961715;1.59;1.65;0.2;;;;;;;;;;;;;0;;;;;;;;;;0;;;;;;;;;;;0.2369604248945213;277922.2425641027;0.7289719626168224;0;0.05922201377486824;0
107;1780344107;0;2581.995000001192;14.309904299499976;46.6243115015;449.0452926367939;268.1598843702908;7.067075591082982;1.766768897770745;5.268390215249452;-1.038219212925293;0.3196760784281165;447168.5309640828;5163647.847794424;-1;39215;-1.707003610974369;24.85847714944408;35793.41522560828;166.0049861033625;33.56821842390834;38296.08759958421;253.3004983143207;33.56722815492931;1.839;0;2;2;55;0.5927515378705764;-3;53.69230744576158;-NAN;250;-NAN;-NAN;0;46.62422924290292;14.30993517013018;455.3107123763264;10.521938693364076;-0.5544609635173856;;5.425440581476596;;;;;188.4605502640186;188.1388138661495;1.59;1.65;0.2;;;;;;;;;;;;;0;;;;;;;;;;0;;;;;;;;;;;0.2369604248945213;277922.2425641027;0.7272727272727274;0;0.05922201377486824;0
107.25;1780344107.25;0;2583.244999995231;14.309881175500096;46.62431100200002;448.8789797098242;268.4418607586604;7.67743793529966;1.919359483824915;5.750487391131374;-1.150280342844781;0.4641277488077878;447166.7601850732;5163647.807790112;-1;39215;-1.707003610974369;24.85847714944408;35793.41522560828;166.0049558764861;33.56821475809648;38296.08791196429;252.6367983674793;33.47741409653647;1.966;0;2;2;55;0.5927489599567216;-3;53.6923172674395;-NAN;250;-NAN;-NAN;0;46.62422874341706;14.30991204622926;455.14439884528;10.521938693364076;-0.6918438305012274;;5.425440581476596;;;;;188.4605503348692;188.138813937;1.59;1.65;0.2;;;;;;;;;;;;;0;;;;;;;;;;0;;;;;;;;;;;0.2369604248945213;277922.2425641027;0.7255813953488374;0;0.05922201377486824;0
107.5;1780344107.5;0;2584.495000597238;14.309856050487994;46.62431055149982;448.7345188517656;268.4539170718649;7.19969283396977;1.799923208492442;5.994077370378356;-1.241817095348687;0.550932302285656;447164.8362631643;5163647.77457238;-1;39215;-1.707003610974369;24.85847714944408;35793.41522560828;166.0049230532173;33.56821067728846;38296.08825965361;252.4572575971239;33.42782499649271;1.966;0;2;2;55;0.5927461663322036;-3;53.69232791093734;-NAN;250;-NAN;-NAN;0;46.62422829293214;14.309886921324752;454.9999373147594;10.521938693364076;-0.800233583678164;;5.425440581476596;;;;;188.4605504137281;188.138814015859;1.59;1.65;0.2;;;;;;;;;;;;;0;;;;;;;;;;0;;;;;;;;;;;0.2369604248945213;277922.2425641027;0.7238979118329466;0;0.05922201377486824;0
107.75;1780344107.75;0;2585.745000299215;14.309832489994614;46.62431010199988;448.730242130044;269.2182073224019;7.511775418577782;1.877943854644445;5.03049575387941;-1.217255298855066;0.5362268480164974;447163.0321163148;5163647.740417626;-1;39215;-1.707003610974369;24.85847714944408;35793.41522560828;166.0048922681876;33.56820687908209;38296.08858318709;252.6375090519679;33.42983781716684;1.966;0;2;2;55;0.5927435566335362;-3;53.69233785366988;-NAN;250;-NAN;-NAN;0;46.62422784344658;14.309863360932222;454.9956599671446;10.521938693364076;-0.7902897398867594;;5.425440581476596;;;;;188.4605504871084;188.1388140892393;1.59;1.65;0.2;;;;;;;;;;;;;0;;;;;;;;;;0;;;;;;;;;;;0.2369604248945213;277922.2425641027;0.7222222222222222;0;0.05922201377486824;0
108;1780344108;0;2586.995000001192;14.309807900499976;46.6243099005;448.727435043475;269.0807767069975;7.064939450416228;1.766234862604057;4.768136740842344;-1.14642462282659;0.437697468399266;447161.1494339782;5163647.73451062;-1;39215;-1.707185128862288;24.8584735940677;35793.41562895715;166.0049046465847;33.5680080025777;38296.10582077639;252.9720984533503;33.49394339133743;1.966;0;2;2;55;0.5927405663443128;-3;53.6923492463946;-NAN;250;-NAN;-NAN;0;46.62422764175944;14.30983877151995;454.9928201083636;10.521938693364076;-0.7537314053082582;;5.425440581476596;;;;;188.4605543967443;188.1388179988752;1.59;1.65;0.2;;;;;;;;;;;;;0;;;;;;;;;;0;;;;;;;;;;;0.2369604248945213;277922.2425641027;0.7205542725173212;0;0.05922201377486824;0
108.25;1780344108.25;0;2588.244999995231;14.309784775500094;46.6243096265;448.7292804001648;268.9464966160434;7.358315263298774;1.839578815824694;4.567427878502948;-1.0022771127226342;0.3043232288549192;447159.3787977139;5163647.719566386;-1;39215;-1.707185128862288;24.8584735940677;35793.41562895715;166.0048744655862;33.56800409740444;38296.10615336895;253.1887776188146;33.57295029543929;1.839;0;2;2;55;0.5927380131340828;-3;53.69235897386704;-NAN;250;-NAN;-NAN;0;46.62422736777334;14.309815646619166;454.9946648215322;10.521938693364076;-0.2003425026866239;;5.425440581476596;;;;;188.4605544721792;188.1388180743101;1.59;1.65;0.2;;;;;;;;;;;;;0;;;;;;;;;;0;;;;;;;;;;;0.2369604248945213;277922.2425641027;0.71889400921659;0;0.05922201377486824;0
108.5;1780344108.5;0;2589.495000597238;14.30976068998925;46.62430935049994;448.7330689190931;269.5605031212011;7.3510819353388;1.8377704838347;3.952427032985258;-0.9832586353917728;0.247304905576699;447157.5346261028;5163647.705044326;-1;39215;-1.707185128862288;24.8584735940677;35793.41562895715;166.0048430329636;33.56800002007552;38296.10650061966;253.1665927142467;33.62200326851949;1.839;0;2;2;55;0.592735354469704;-3;53.69236910308774;288.15;250;206.3106387159072;281.3106387159072;1;;;;12.950078391832708;0.6309085026837238;5.425678160799036;5.425678160799036;0;0;28936.95019092819;0;188.4605545509387;188.1388181530696;1.59;1.65;0.2;62.6328113350699;5.105939893109272;6.075040023189836;11;0.6;0.2847985600000001;41.79861345597539;-11.27675312383035;-10.307652993749786;-1;;;0;;;;;;;;;;0;;;;0.2352704419063884;284798.5600000001;1;0;1;0.05752838076147576;0;0.23695502558785;277944.2116293931;0.7195402298850576;0;0.05921660280677434;0
108.75;1780344108.75;0;2590.745000299215;14.309736625493986;46.62430922549996;449.6740347941235;268.6576401144476;7.67712862109166;1.919282155272915;5.032092452497338;-1.0411531103299306;0.2600309324631195;447155.6922102897;5163647.70728765;-1;39215;-1.707185128862288;24.8584735940677;35793.41562895715;166.0048116592501;33.56799578537637;38296.10686061313;253.0292383456033;33.62987111361086;1.839;0;2;2;55;0.5927327852477878;-3;53.69237889152172;288.15;250;206.3106501034408;281.3106501034408;1;;;;0;6.843320472819528;5.425678765097908;5.425678765097908;0;0;28936.95341385551;0;188.4605546325883;188.1388182347192;1.59;1.65;0.2;62.63281293341948;5.105940458065198;6.075040588145762;11;0.6;0.2847985600000001;41.79861487852128;-11.276751722438384;-10.30765159235782;-1;;;0;;;;;;;;;;0;;;;0.2352704431071974;284798.5600000001;1;0;1;0.05752838076147576;0;0.2369496606754912;277966.0407643314;0.7201834862385322;0;0.05921122630344536;0
109;1780344109;0;2591.995000001192;14.309711500499974;46.624308802;448.9311073370013;269.9917077228678;7.056404529029074;1.764101132257269;3.946960532973447;-1.141100217797688;0.284295622001062;447153.7683158894;5163647.67707361;-1;39215;-1.707366637691801;24.85847003939892;35793.41603226573;166.0048232910178;33.5677970576029;38296.12408609815;252.8489605349709;33.64067691063115;1.966;0;2;2;55;0.5927296625789688;-3;53.69239078849602;288.15;250;206.3111845041922;281.3111845041922;1;;;;0;4.652420808145848;5.425707124078698;5.425707124078698;0;0;28937.10466175305;0;188.460558539477;188.1388221416079;1.59;1.65;0.2;62.75978344390492;5.150396774494812;6.119496904575376;11;0.6;0.2847985600000001;41.92557713880089;-11.15170489652881;-10.182604766448246;-1;;;0;;;;;;;;;;0;;;;0.2352705005652307;284798.5600000001;1;0;1;0.05752838076147576;0;0.2369443300084746;277987.7313015874;0.7208237986270024;0;0.05920588393664546;0
109.25;1780344109.25;0;2593.244999995231;14.309688400000094;46.6243088;448.7238246007961;269.8870837765721;7.349382183733772;1.837345545933443;4.116438756175191;-1.130498271413259;0.2812825938357768;447151.9998198882;5163647.692339378;-1;39215;-1.707366637691801;24.85847003939892;35793.41603226573;166.004793198824;33.56779286889241;38296.12444290132;252.776655652032;33.64174174869685;1.966;0;2;2;55;0.5927271067588454;-3;53.69240052582588;288.15;250;206.3111957681293;281.3111957681292;1;;;;3.237519597958178;5.43381574380021;5.425707721822694;5.425707721822694;0;0;28937.10784972103;0;188.4605586204031;188.138822222534;1.59;1.65;0.2;62.75978503759558;5.150397327202242;6.119497457282806;11;0.6;0.2847985600000001;41.92557855859639;-11.151703498463094;-10.18260336838253;-1;;;0;;;;;;;;;;0;;;;0.2352705017553979;284798.5600000001;1;0;1;0.05752838076147576;0;0.236939033083623;278009.2845569622;0.7214611872146118;0;0.05920057538229364;0
109.5;1780344109.5;0;2594.495000597238;14.30966434048919;46.62430875049994;448.7190113118385;269.5617961999938;7.36650756324861;1.841626890812153;4.390329656947009;-1.158909815896325;0.2508171834895798;447150.1578591068;5163647.7029705;-1;39215;-1.707366637691801;24.85847003939892;35793.41603226573;166.0047618474638;33.56778855626102;38296.12481013529;252.8402700247086;33.67818834654589;1.966;0;2;2;55;0.592724460692368;-3;53.69241060696096;288.15;250;206.3112073653059;281.3112073653059;1;;;;0;5.90406970003994;5.425708337250818;5.425708337250818;0;0;28937.11113200436;0;188.4605587036949;188.1388223058258;1.59;1.65;0.2;62.75978669146338;5.15039790077955;6.119498030860116;11;0.6;0.2847985600000001;41.92558003342441;-11.151702046207128;-10.182601916126564;-1;;;0;;;;;;;;;;0;;;;0.2352705029803586;284798.5600000001;1;0;1;0.05752838076147576;0;0.23693376958172;278030.7018296532;0.7220956719817768;0;0.05919530032039832;0
109.75;1780344109.75;0;2595.745000299215;14.309640225493986;46.62430862549998;448.7333128659061;269.5507895403011;7.067159964679116;1.766789991169779;4.274781354313437;-1.234966836183956;0.2035756056273135;447148.3115771598;5163647.705249936;-1;39215;-1.707366637691801;24.85847003939892;35793.41603226573;166.0047304080663;33.56778431353215;38296.1251714243;253.0065153372401;33.74300315609696;1.839;0;2;2;55;0.592721806674346;-3;53.6924207183686;288.15;250;206.3112187745078;281.3112187745078;1;;;;0;5.91788287297925;5.425708942703764;5.425708942703764;0;0;28937.11436108674;0;188.4605587856383;188.1388223877693;1.59;1.65;0.2;62.6327883637138;5.105931773591652;6.075031903672216;11;0.6;0.2847985600000001;41.79858152953705;-11.276784575509272;-10.307684445428708;-1;;;0;;;;;;;;;;0;;;;0.235270504185489;284798.5600000001;1;0;1;0.05752838076147576;0;0.2369285391873922;278051.9844025159;0.7227272727272728;0;0.0591900584349929;0
110;1780344110;0;2596.995000001192;14.309617090499978;46.6243085005;448.7548050030377;269.9977027394371;7.664351429436152;1.916087857359038;3.730054772277944;-1.197118012335818;0.1630976841657478;447146.5403206927;5163647.706872772;-1;39215;-1.707548144764108;24.85846648529603;35793.41643555019;166.0047446935005;33.56758563144349;38296.14239246369;253.0723115571224;33.76840379444792;1.839;0;2;2;55;0.5927189818342596;-3;53.6924314805586;288.15;250;206.3117530559466;281.3117530559466;1;;;;0;5.908913789951442;5.425737295550002;5.425737295550002;0;0;28937.26557626668;0;188.4605626915169;188.1388262936478;1.59;1.65;0.2;62.63275861649954;5.105921259019638;6.075021389100202;11;0.6;0.2847985600000001;41.79854353397556;-11.276822006065438;-10.307721875984872;-1;;;0;;;;;;;;;;0;;;;0.2352705616286932;284798.5600000001;1;0;1;0.05752838076147576;0;0.2369233417655781;278073.13354232;0.7233560090702948;0;0.05918484941407278;0
110.25;1780344110.25;0;2598.244999995231;14.309592000000096;46.6243084265;448.7543045352801;269.0553489620785;7.350039711019148;1.837509927754787;4.660763969670988;-1.177865360731688;0.1534987722655953;447144.619407114;5163647.71547454;-1;39215;-1.707548144764108;24.85846648529603;35793.41643555019;166.004711994111;33.56758115770311;38296.14277342067;253.0697088443582;33.77173663377621;1.839;0;2;2;55;0.5927162217326936;-3;53.69244199608138;288.15;250;206.3117650864425;281.3117650864425;1;;;;11.33131859285362;1.740927650165361;5.425737933977458;5.425737933977458;0;0;28937.26898121311;0;188.4605627779211;188.138826380052;1.59;1.65;0.2;62.63276034560898;5.105921870199008;6.075022000279574;11;0.6;0.2847985600000001;41.7985450773559;-11.27682048563553;-10.307720355554966;-1;;;0;;;;;;;;;;0;;;;0.235270562899429;284798.5600000001;1;0;1;0.05752838076147576;0;0.2369181768316214;278094.1505000002;0.7239819004524888;0;0.05917967294953342;0
110.5;1780344110.5;0;2599.495000597238;14.30956794048919;46.6243082;448.7482965245337;270.0000069513925;7.389055005936062;1.847263751484015;3.78343620208229;-1.153853710792544;0.1774660135632447;447142.7772740369;5163647.706439932;-1;39215;-1.707548144764108;24.85846648529603;35793.41643555019;166.0046806058922;33.56757703260575;38296.1431247344;252.9914744872891;33.74316843560024;1.966;0;2;2;55;0.5927135673838496;-3;53.69245210868192;-NAN;250;-NAN;-NAN;0;46.62420243799978;14.30960763305211;456.8037002985942;13.759458291322252;-0.0626937443745419;;5.425737933977458;;;;;188.4605628576021;188.138826459733;1.59;1.65;0.2;;;;;;;;;;;;;0;;;;;;;;;;0;;;;;;;;;;;0.2369181768316214;278094.1505000002;0.7223476297968398;0;0.05917967294953342;0
110.75;1780344110.75;0;2600.745000299215;14.309543750993954;46.6243082;448.7614178135763;270.0000068198674;7.135518298783446;1.783879574695861;3.849738528754382;-1.127006458995955;0.2159265506553455;447140.9254102623;5163647.72266141;-1;39215;-1.707548144764108;24.85846648529603;35793.41643555019;166.0046490956482;33.56757264388471;38296.14349842372;252.9153422768741;33.69985198929058;1.966;0;2;2;55;0.5927109108641262;-3;53.69246222953134;-NAN;250;-NAN;-NAN;0;46.62420243801808;14.309583443690328;456.8168206577986;13.759458291322252;-0.142407857826413;;5.425737933977458;;;;;188.460562942358;188.1388265444889;1.59;1.65;0.2;;;;;;;;;;;;;0;;;;;;;;;;0;;;;;;;;;;;0.2369181768316214;278094.1505000002;0.7207207207207208;0;0.05917967294953342;0
111;1780344111;0;2601.995000001192;14.30952039149998;46.6243082;448.7920975070426;270.0000073684474;7.598452993980812;1.899613248495203;3.885058478189563;-1.13799714427384;0.2516879068835072;447139.1370885034;5163647.738326794;-1;39215;-1.707729635473541;24.85846293204242;35793.41683877816;166.0046631102399;33.56737380615723;38296.16073267901;252.8940458850321;33.66941204280976;1.966;0;2;2;55;0.5927080679554148;-3;53.69247306046428;-NAN;250;-NAN;-NAN;0;46.62420243777616;14.309560084295612;456.8474582234708;13.759458291322252;-0.10145535074809686;;5.425737933977458;;;;;188.4605668512321;188.138830453363;1.59;1.65;0.2;;;;;;;;;;;;;0;;;;;;;;;;0;;;;;;;;;;;0.2369181768316214;278094.1505000002;0.7191011235955056;0;0.05917967294953342;0
111.25;1780344111.25;0;2603.244999995231;14.309495516500086;46.6243082;448.775314262731;270.0000068199967;7.289936653139054;1.822484163284763;3.860079638878356;-1.217463568538304;0.2268679182843826;447137.2327448736;5163647.75500916;-1;39215;-1.707729635473541;24.85846293204242;35793.41683877816;166.0046307071241;33.56736929309878;38296.16111697641;252.9651436295436;33.71594022618966;1.966;0;2;2;55;0.592705333566059;-3;53.69248347793588;-NAN;250;-NAN;-NAN;0;46.62420243779502;14.309535209432956;456.8306740229754;13.759458291322252;-0.07182231491520952;;5.425737933977458;;;;;188.460566938394;188.1388305405249;1.59;1.65;0.2;;;;;;;;;;;;;0;;;;;;;;;;0;;;;;;;;;;;0.2369181768316214;278094.1505000002;0.7174887892376682;0;0.05917967294953342;0
111.5;1780344111.5;0;2604.495000597238;14.309471651487876;46.6243082;448.7780960990272;270.0000073721037;7.75118390214775;1.937795975536937;3.824339358154808;-1.271035662820945;0.1961861419426797;447135.4057223933;5163647.771014738;-1;39215;-1.707729635473541;24.85846293204242;35793.41683877816;166.0045996196605;33.56736496324874;38296.16148566075;253.0293318260376;33.76016187550354;1.839;0;2;2;55;0.5927027118157534;-3;53.69249346625378;-NAN;250;-NAN;-NAN;0;46.62420243781304;14.309511344552432;456.833454941904;13.759458291322252;-0.02622523387731235;;5.425737933977458;;;;;188.4605670220147;188.1388306241456;1.59;1.65;0.2;;;;;;;;;;;;;0;;;;;;;;;;0;;;;;;;;;;;0.2369181768316214;278094.1505000002;0.7158836689038032;0;0.05917967294953342;0
111.75;1780344111.75;0;2605.745000299215;14.309446276493926;46.6243082;448.8130718271473;270.0000068001848;7.112913847228378;1.778228461807095;3.794045316016596;-1.132124526422324;0.1674077636851531;447133.463100956;5163647.788033594;-1;39215;-1.707729635473541;24.85846293204242;35793.41683877816;166.0045665652417;33.5673603593912;38296.16187765562;252.964813646562;33.74642253143101;1.966;0;2;2;55;0.5926999269211596;-3;53.69250407609392;-NAN;250;-NAN;-NAN;0;46.62419068631386;14.30949038004698;457.7634694576532;15.37821809030134;-0.10026955601870214;;5.425737933977458;;;;;188.4605671109224;188.1388307130533;1.59;1.65;0.2;;;;;;;;;;;;;0;;;;;;;;;;0;;;;;;;;;;;0.2369181768316214;278094.1505000002;0.7142857142857144;0;0.05917967294953342;0
112;1780344112;0;2606.995000001192;14.309422990999978;46.6243082;448.9635980618839;271.2205510303513;7.622729404570184;1.905682351142546;2.5701210517081;-0.173067455196424;0.4299870121726459;447131.6804443819;5163647.803651552;-1;39215;-1.707911117121676;24.85845937949871;35793.41724196579;166.0045806735154;33.56716154466886;38296.17910988743;252.409342199351;33.21008649472462;1.816;0;2;2;55;0.592697102415861;-3;53.69251483681774;288.15;250;206.3128934904155;281.3128934904155;1;;;;14.568838190811796;0.04050528551454136;5.425797815889368;5.425797815889368;0;0;28937.58835140996;0;188.4605710193358;188.1388346214666;1.59;1.65;0.2;62.60970922050214;5.097760122026648;6.066860252107212;11;0.6;0.2847985600000001;41.77547653176768;-11.299546892401718;-10.330446762321154;-1;;;0;;;;;;;;;;0;;;;0.2352706841048355;284798.5600000001;1;0;1;0.05752838076147576;0;0.2369130444555255;278115.0365109036;0.7149220489977728;0;0.05917452873710956;0
112.25;1780344112.25;0;2608.244999995231;14.309398041000086;46.6243085245;448.9869733022742;270.3460830221921;7.19134957995833;1.797837394989582;3.518389271931855;4.52716505384743;0.739835550899074;447129.7706749396;5163647.856444566;-1;39215;-1.707911117121676;24.85845937949871;35793.41724196579;166.0045482405618;33.56715667407844;38296.17952451844;249.5420525445012;31.38146298552283;2.002;0;2;2;55;0.5926943782337248;-3;53.69252521530978;-NAN;250;-NAN;-NAN;0;46.62421451365178;14.309433324064622;456.147253046714;12.14069849234317;-0.5027408497704188;;5.425797815889368;;;;;188.4605711133775;188.1388347155084;1.59;1.65;0.2;;;;;;;;;;;;;0;;;;;;;;;;0;;;;;;;;;;;0.2369130444555255;278115.0365109036;0.7133333333333334;0;0.05917452873710956;0
112.5;1780344112.5;0;2609.495000597238;14.309374498988174;46.6243086;448.8960225771074;270.2387081050382;6.9914168856549;1.747854221413725;3.694076204087856;8.415940391663722;0.7375722944544052;447127.9684537605;5163647.880625192;-1;39215;-1.707911117121676;24.85845937949871;35793.41724196579;166.004517589713;33.5671523229228;38296.17989506007;247.2809727495577;29.94528592087653;1.851;0;2;2;55;0.5926917874495734;-3;53.69253508556568;-NAN;250;-NAN;-NAN;0;46.62421458916756;14.309409782168206;456.0563015020948;12.140698492343164;-0.9796482049365522;;5.425797815889368;;;;;188.4605711974194;188.1388347995503;1.59;1.65;0.2;;;;;;;;;;;;;0;;;;;;;;;;0;;;;;;;;;;;0.2369130444555255;278115.0365109036;0.7117516629711752;0;0.05917452873710956;0
112.75;1780344112.75;0;2610.745000299215;14.309351611494822;46.62430867450004;448.9000986056116;270.4663527947756;6.849064833693848;1.712266208423462;3.497160802839816;10.680630699367696;0.7315300113578478;447126.2163392824;5163647.904256154;-1;39215;-1.707911117121676;24.85845937949871;35793.41724196579;166.0044877912567;33.56714809144996;38296.18025534836;246.045170717845;29.04909762137739;1.775;0;2;2;55;0.592689276658428;-3;53.69254465104796;-NAN;250;-NAN;-NAN;0;46.62421466368288;14.30938689478715;456.0603767336864;12.140698492343164;-0.8104118405323106;;5.425797815889368;;;;;188.4605712791358;188.1388348812666;1.59;1.65;0.2;;;;;;;;;;;;;0;;;;;;;;;;0;;;;;;;;;;;0.2369130444555255;278115.0365109036;0.7101769911504426;0;0.05917452873710956;0
113;1780344113;0;2611.995000001192;14.309329190499978;46.62430879950002;448.9303486706839;270.0023108065915;6.344515789969186;1.586128947492297;3.953161506963209;10.809080022278924;0.647249392119759;447124.4999874866;5163647.933186166;-1;39215;-1.708092589707518;24.85845582766023;35793.41764511312;166.004503049034;33.56694931100142;38296.19748472269;245.9669419488702;29.07500523490109;1.974;0;2;2;55;0.5926865426411316;-3;53.69255506694356;-NAN;250;-NAN;-NAN;0;46.62421478846714;14.30936447387599;456.090589362434;12.140698492343164;-0.02083031530048629;;5.425797815889368;;;;;188.4605751868991;188.13883878903;1.59;1.65;0.2;;;;;;;;;;;;;0;;;;;;;;;;0;;;;;;;;;;;0.2369130444555255;278115.0365109036;0.7086092715231788;0;0.05917452873710956;0
113.25;1780344113.25;0;2613.244999995231;14.309308421000068;46.624308898;448.95496585895;271.9104731323501;5.530068515210646;1.382517128802661;2.026839188120246;10.440812954934848;0.5949873817423084;447122.9100426127;5163647.958064178;-1;39215;-1.708092589707518;24.85845582766023;35793.41764511312;166.0044760146368;33.5669454383422;38296.19781443906;246.1639794912634;29.27514192420009;1.775;0;2;2;55;0.5926842674151792;-3;53.69256373494576;-NAN;250;-NAN;-NAN;0;46.62421488698094;14.309343704478028;456.1152058213612;12.140698492343164;-0.470579090748231;;5.425797815889368;;;;;188.4605752616815;188.1388388638124;1.59;1.65;0.2;;;;;;;;;;;;;0;;;;;;;;;;0;;;;;;;;;;;0.2369130444555255;278115.0365109036;0.7070484581497798;0;0.05917452873710956;0
113.5;1780344113.5;0;2614.495000597238;14.309290324491102;46.62430924950006;449.1242908944962;270.615770314688;5.120664719315124;1.280166179828781;3.307493673326993;9.907754894429968;0.5088346627450058;447121.5249789973;5163648.009262416;-1;39215;-1.708092589707518;24.85845582766023;35793.41764511312;166.004452514986;33.56694178237642;38296.19812554232;246.4380374856729;29.57048548496544;2.037;0;2;2;55;0.5926823099453814;-3;53.69257119236924;-NAN;250;-NAN;-NAN;0;46.62420348692982;14.309330018497532;457.1795600776138;13.759458291322252;-0.09341965871436742;;5.425797815889368;;;;;188.4605753322422;188.1388389343731;1.59;1.65;0.2;;;;;;;;;;;;;0;;;;;;;;;;0;;;;;;;;;;;0.2369130444555255;278115.0365109036;0.7054945054945056;0;0.05917452873710956;0
113.75;1780344113.75;0;2615.745000299215;14.30927356199629;46.62430937450004;449.3741789353391;270.1715596553553;4.825907978664858;1.206476994666214;3.753973853366734;9.762624222309272;0.455069792288219;447120.2418223371;5163648.034397614;-1;39215;-1.708092589707518;24.85845582766023;35793.41764511312;166.0044307057696;33.56693860834557;38296.19839561484;246.5005552872673;29.67736523053164;2.037;0;2;2;55;0.5926804954557716;-3;53.69257810506682;-NAN;250;-NAN;-NAN;0;46.62421536350386;14.30930884564548;456.5344176114552;12.140698492343164;-0.270880240107374;;5.425797815889368;;;;;188.4605753934969;188.1388389956277;1.59;1.65;0.2;;;;;;;;;;;;;0;;;;;;;;;;0;;;;;;;;;;;0.2369130444555255;278115.0365109036;0.7039473684210528;0;0.05917452873710956;0
114;1780344114;0;2616.995000001192;14.309257763499984;46.6243094;449.3942233570006;272.3703413045404;4.000230829763426;1.0000577074408564;1.56316668136394;10.39320646116124;0.4561886177665026;447119.0323691684;5163648.047830052;-1;39215;-1.708274053230144;24.85845227652981;35793.41804822014;166.0044545666199;33.56674114460664;38296.21551291703;246.1609517339803;29.42175101040113;2.037;0;2;2;55;0.5926784835788114;-3;53.69258576974308;-NAN;250;-NAN;-NAN;0;46.6242153887837;14.309293047200332;456.5544248446778;12.140698492343164;-0.3810304775879559;;5.425797815889368;;;;;188.4605792758395;188.1388428779704;1.59;1.65;0.2;;;;;;;;;;;;;0;;;;;;;;;;0;;;;;;;;;;;0.2369130444555255;278115.0365109036;0.702407002188184;0;0.05917452873710956;0
114.25;1780344114.25;0;2618.244999995231;14.309244676500046;46.6243097245;449.2995148706245;270.6114893644401;3.736453084206118;0.9341132710515294;3.33604100194195;11.372350389505282;0.488059836314919;447118.0307899086;5163648.092668062;-1;39215;-1.708274053230144;24.85845227652981;35793.41804822014;166.004437586915;33.56673842646603;38296.21574434587;245.6473695365901;28.99053340248245;1.974;0;2;2;55;0.5926770526561442;-3;53.69259122114192;-NAN;250;-NAN;-NAN;0;46.62421571329212;14.309279960264782;456.4597158463926;12.140698492343164;-0.4757394758731266;;5.425797815889368;;;;;188.4605793283294;188.1388429304603;1.59;1.65;0.2;;;;;;;;;;;;;0;;;;;;;;;;0;;;;;;;;;;;0.2369130444555255;278115.0365109036;0.700873362445415;0;0.05917452873710956;0
114.5;1780344114.5;0;2619.495000597238;14.309232444994624;46.6243098;449.1670416976072;270.5984112958169;2.958770054658843;0.7396925136647108;3.366064235005864;12.702073532625846;0.5689261993853242;447117.0944618706;5163648.109263738;-1;39215;-1.708274053230144;24.85845227652981;35793.41804822014;166.0044216696089;33.56673612743269;38296.21594017753;244.9771042860849;28.35851158109648;2.18;0;2;2;55;0.5926757009760962;-3;53.69259637064362;-NAN;250;-NAN;-NAN;0;46.62421578880022;14.30926772881939;456.3272422403966;12.140698492343164;-1.578397408040928;;5.425797815889368;;;;;188.4605793727456;188.1388429748765;1.59;1.65;0.2;;;;;;;;;;;;;0;;;;;;;;;;0;;;;;;;;;;;0.2369130444555255;278115.0365109036;0.6993464052287582;0;0.05917452873710956;0
114.75;1780344114.75;0;2620.745000299215;14.309222759497934;46.62430987450004;448.9543447723024;271.2946523151265;2.452906077304703;0.6132265193261758;2.681770915356545;14.063587676658644;0.6366895418917822;447116.3530464447;5163648.124040254;-1;39215;-1.708274053230144;24.85845227652981;35793.41804822014;166.0044090685905;33.56673429148672;38296.21609663016;244.3121271644611;27.71178298356267;1.909;0;2;2;55;0.592674622110833;-3;53.69260048079754;-NAN;250;-NAN;-NAN;0;46.62421586330674;14.309258043370254;456.1145449693266;12.140698492343164;-1.590472120517234;;5.425797815889368;;;;;188.4605794082303;188.1388430103613;1.59;1.65;0.2;;;;;;;;;;;;;0;;;;;;;;;;0;;;;;;;;;;;0.2369130444555255;278115.0365109036;0.6978260869565218;0;0.05917452873710956;0
115;1780344115;0;2621.995000001192;14.309214731499992;46.6243099995;448.9180859254171;270.0066215402368;1.577576263621809;0.3943940659054523;3.975942124237594;14.995657160576892;0.6800600738850176;447115.7385725439;5163648.143316278;-1;39215;-1.708455507688578;24.85844872610939;35793.41845128683;166.0044430693222;33.56653814192746;38296.23310205205;243.8696121987937;27.26398802978887;1.837;0;2;2;55;0.592673463758024;-3;53.69260489377126;-NAN;250;-NAN;-NAN;0;46.6242159880812;14.309250015385438;456.0782491814154;12.140698492343164;-1.620664392803462;;5.425797815889368;;;;;188.4605832651959;188.1388468673268;1.59;1.65;0.2;;;;;;;;;;;;;0;;;;;;;;;;0;;;;;;;;;;;0.2369130444555255;278115.0365109036;0.6963123644251626;0;0.05917452873710956;0
115.25;1780344115.25;0;2623.244999995231;14.309209567000016;46.62431;448.9181238132391;270.0000010872145;1.056299818265112;0.264074954566278;3.956576703196811;12.377389645479306;0.5078644482130872;447115.3431968573;5163648.146836878;-1;39215;-1.708455507688578;24.85844872610939;35793.41845128683;166.0044363420364;33.566537204389;38296.23318188411;245.1330861357806;28.55213928344624;1.974;0;2;2;55;0.5926728963760464;-3;53.6926070553234;-NAN;250;-NAN;-NAN;0;46.62421598858472;14.309244850910784;456.0782868926698;12.140698492343164;-1.620626681548913;;5.425797815889368;;;;;188.4605832833024;188.1388468854334;1.59;1.65;0.2;;;;;;;;;;;;;0;;;;;;;;;;0;;;;;;;;;;;0.2369130444555255;278115.0365109036;0.6948051948051948;0;0.05917452873710956;0
115.5;1780344115.5;0;2624.495000597238;14.309206108998926;46.62431;448.9197082181385;270.0000004291192;0.5052395975701898;0.1263098993925474;3.934616990721758;8.566329064364768;0.3282748556616188;447115.0784643089;5163648.149156982;-1;39215;-1.708455507688578;24.85844872610939;35793.41845128683;166.0044318375689;33.56653657699268;38296.2332353064;247.1055049485852;30.26343012365353;1.851;0;2;2;55;0.592672516592092;-3;53.69260850218378;-NAN;250;-NAN;-NAN;0;46.62421598858706;14.30924139292665;456.0798711794108;12.140698492343164;-1.619042394807934;;5.425797815889368;;;;;188.460583295419;188.1388468975499;1.59;1.65;0.2;;;;;;;;;;;;;0;;;;;;;;;;0;;;;;;;;;;;0.2369130444555255;278115.0365109036;0.693304535637149;0;0.05917452873710956;0
115.75;1780344115.75;0;2625.745000299215;14.309204454999702;46.62431;448.9202373605899;243.1382913785868;0.1455714132027879;0.03639285330069699;30.78677382849763;4.88048907236104;0.1487816240466187;447114.9518398752;5163648.150266718;-1;39215;-1.708455507688578;24.85844872610939;35793.41845128683;166.0044296830336;33.56653627690248;38296.233260859;249.1486559910946;31.80479173308908;2.002;0;2;2;55;0.5926723349174588;-3;53.69260919430824;-NAN;250;-NAN;-NAN;0;46.62421598858816;14.309239738935542;456.0804002653458;12.140698492343164;-1.618513308872991;;5.425797815889368;;;;;188.4605833012146;188.1388469033455;1.59;1.65;0.2;;;;;;;;;;;;;0;;;;;;;;;;0;;;;;;;;;;;0.2369130444555255;278115.0365109036;0.6918103448275862;0;0.05917452873710956;0
116;1780344116;0;2626.995000001192;14.309204001;46.6243099005;448.9205273602169;126.59540786596446;0.11285264833815654;0.02821316208453914;147.334919244552;1.534756322209481;0.0043932943155111;447114.9169863368;5163648.139515022;-1;39215;-1.708636953081841;24.8584451763946;35793.4188543132;166.0044734998637;33.56634174905853;38296.25012823513;251.1175489109492;33.07758022433673;1.935;0;2;2;55;0.5926720014509126;-3;53.69261046471294;-NAN;250;-NAN;-NAN;0;46.62421588885792;14.309239284911702;456.080653629282;12.140698492343164;-1.618259944936767;;5.425797815889368;;;;;188.4605871268685;188.1388507289994;1.59;1.65;0.2;;;;;;;;;;;;;0;;;;;;;;;;0;;;;;;;;;;;0.2369130444555255;278115.0365109036;0.6903225806451614;0;0.05917452873710956;0
116.25;1780344116.25;0;2628.244999995231;14.309204322499998;46.6243097755;448.920682671972;102.25842294947556;0.1789740464081462;0.04474351160203656;171.6829414408787;-0.885523847662576;-0.07698929327904482;447114.9414775304;5163648.12540949;-1;39215;-1.708636953081841;24.8584451763946;35793.4188543132;166.0044738925558;33.56634193984252;38296.25011202229;252.6104513371054;33.90839686649912;1.966;0;2;2;55;0.5926720310066378;-3;53.69261035211476;-NAN;250;-NAN;-NAN;0;46.62421576385786;14.309239606410034;456.0808089769682;12.140698492343164;-1.618104597250692;;5.425797815889368;;;;;188.4605871231913;188.1388507253222;1.59;1.65;0.2;;;;;;;;;;;;;0;;;;;;;;;;0;;;;;;;;;;;0.2369130444555255;278115.0365109036;0.6888412017167382;0;0.05917452873710956;0
116.5;1780344116.5;0;2629.495000597238;14.309204898000238;46.6243097;448.9206704752816;117.4822008768;0.1636326409925947;0.04090816024814867;156.4615191276178;-1.833047055065744;-0.0540241440822787;447114.9854623032;5163648.116633908;-1;39215;-1.708636953081841;24.8584451763946;35793.4188543132;166.0044746264486;33.5663421242588;38296.25009633882;253.2233313740605;34.16485021793332;1.839;0;2;2;55;0.592672090741656;-3;53.69261012454278;-NAN;250;-NAN;-NAN;0;46.62421568835752;14.30924018190742;456.080796815009;12.140698492343164;-1.618116759209784;;5.425797815889368;;;;;188.4605871196341;188.1388507217651;1.59;1.65;0.2;;;;;;;;;;;;;0;;;;;;;;;;0;;;;;;;;;;;0.2369130444555255;278115.0365109036;0.6873661670235546;0;0.05917452873710956;0
116.75;1780344116.75;0;2630.745000299215;14.30920532350009;46.62430947649992;448.920978287494;104.15746372755472;0.06362454521100208;0.01590613630275052;169.7834848698345;-2.351517412668151;0.004435900206639298;447115.0178194394;5163648.091513406;-1;39215;-1.708636953081841;24.8584451763946;35793.4188543132;166.0044751340462;33.56634243828519;38296.25006965743;253.575058984653;34.25685989375138;1.839;0;2;2;55;0.5926721271794238;-3;53.69260998572614;-NAN;250;-NAN;-NAN;0;46.62421546485744;14.309240607405044;456.0811046863622;12.140698492343164;-1.617808887856541;;5.425797815889368;;;;;188.4605871135826;188.1388507157135;1.59;1.65;0.2;;;;;;;;;;;;;0;;;;;;;;;;0;;;;;;;;;;;0.2369130444555255;278115.0365109036;0.685897435897436;0;0.05917452873710956;0
117;1780344117;0;2631.995000001192;14.3092054995;46.6243094;448.9210700440274;269.1000002145714;0.06032942426530376;0.015082356066325938;4.838805785404944;-2.473324011636015;0.05899318842360778;447115.0312188822;5163648.08289476;-1;39215;-1.708818389408975;24.85844162738961;35793.41925729926;166.0045197731722;33.56614801006391;38296.26692855373;253.6673538786977;34.23858156160928;1.839;0;2;2;55;0.5926718639907272;-3;53.69261098839376;-NAN;250;-NAN;-NAN;0;46.62421538812684;14.30924078337773;456.081159825885;12.140698492343164;-1.617753748333826;;5.425797815889368;;;;;188.4605909373116;188.1388545394424;1.59;1.65;0.2;;;;;;;;;;;;;0;;;;;;;;;;0;;;;;;;;;;;0.2369130444555255;278115.0365109036;0.6844349680170576;0;0.05917452873710956;0
117.25;1780344117.25;0;2633.244999995231;14.309205302;46.6243094;448.9211353800652;266.0221012924949;0.1692911076246296;0.04232277690615739;7.914963405165548;-2.256733498049305;0.1174092869073767;447115.0160989686;5163648.08302727;-1;39215;-1.708818389408975;24.85844162738961;35793.41925729926;166.0045195159058;33.56614797423111;38296.2669316049;253.5388683167995;34.12133032450131;1.839;0;2;2;55;0.5926718422972948;-3;53.69261107103904;-NAN;250;-NAN;-NAN;0;46.62421538812698;14.309240585878712;456.0812251551744;12.140698492343164;-1.617688419044441;;5.425797815889368;;;;;188.4605909380036;188.1388545401345;1.59;1.65;0.2;;;;;;;;;;;;;0;;;;;;;;;;0;;;;;;;;;;;0.2369130444555255;278115.0365109036;0.6829787234042554;0;0.05917452873710956;0
117.5;1780344117.5;0;2634.495000597238;14.309204752499702;46.62430935049994;448.9214098723551;256.6945232541588;0.2650833649662384;0.0662708412415596;17.24062134441191;-1.770673363456867;0.1771633913677784;447114.9739829289;5163648.077895574;-1;39215;-1.708818389408975;24.85844162738961;35793.41925729926;166.0045187897833;33.56614792698591;38296.26693564067;253.2366365265687;33.92504199578951;1.839;0;2;2;55;0.592671779660856;-3;53.69261130966448;-NAN;250;-NAN;-NAN;0;46.6242153386274;14.309240036381076;456.0814996385666;12.140698492343164;-1.617413935652167;;5.425797815889368;;;;;188.4605909389189;188.1388545410499;1.59;1.65;0.2;;;;;;;;;;;;;0;;;;;;;;;;0;;;;;;;;;;;0.2369130444555255;278115.0365109036;0.6815286624203822;0;0.05917452873710956;0
117.75;1780344117.75;0;2635.745000299215;14.30920390399976;46.62430922549996;448.9219133434251;267.369568663755;0.3056758571737808;0.0764189642934452;6.563375491854652;-1.16506039626831;0.2263607639701639;447114.9089029915;5163648.064575046;-1;39215;-1.708818389408975;24.85844162738961;35793.41925729926;166.0045176584153;33.56614790549446;38296.26693750308;252.8583157270201;33.7013405959259;1.966;0;2;2;55;0.592671680700386;-3;53.69261168667322;-NAN;250;-NAN;-NAN;0;46.62421521362808;14.30923918788521;456.082003105589;12.140698492343164;-1.616910468629897;;5.425797815889368;;;;;188.4605909393413;188.1388545414722;1.59;1.65;0.2;;;;;;;;;;;;;0;;;;;;;;;;0;;;;;;;;;;;0.2369130444555255;278115.0365109036;0.6800847457627118;0;0.05917452873710956;0
118;1780344118;0;2636.995000001192;14.309202904000002;46.6243092;448.9222223012582;262.497285824516;0.4192363983881139;0.10480909959702848;11.433342827296264;-0.4734378231143332;0.2639275686249487;447114.83232165;5163648.06241247;-1;39215;-1.708999823968279;24.85843807894734;35793.41966026118;166.0045607749642;33.56595321173809;38296.28381901793;252.4268913071267;33.45892007907937;1.966;0;2;2;55;0.5926712906881942;-3;53.69261317249858;-NAN;250;-NAN;-NAN;0;46.62421518789818;14.309238187864022;456.08227539632;12.140698492343164;-1.619445795086279;;5.425797815889368;;;;;188.4605947681987;188.1388583703296;1.59;1.65;0.2;;;;;;;;;;;;;0;;;;;;;;;;0;;;;;;;;;;;0.2369130444555255;278115.0365109036;0.678646934460888;0;0.05917452873710956;0
118.25;1780344118.25;0;2638.244999995231;14.309201555000004;46.6243090265;448.9230901591402;252.1844575116747;0.4095368068988919;0.10238420172472296;21.74969018907109;0.0785418657961644;0.2964875850368577;447114.7288779336;5163648.044038494;-1;39215;-1.708999823968279;24.85843807894734;35793.41966026118;166.0045589815159;33.56595315083257;38296.28382424898;252.0811044543467;33.25968391748752;1.816;0;2;2;55;0.5926711345274138;-3;53.69261376742254;-NAN;250;-NAN;-NAN;0;46.6242150143993;14.30923683887056;456.0831432427316;12.140698492343164;-1.618577948674783;;5.425797815889368;;;;;188.4605947693851;188.138858371516;1.59;1.65;0.2;;;;;;;;;;;;;0;;;;;;;;;;0;;;;;;;;;;;0.2369130444555255;278115.0365109036;0.6772151898734178;0;0.05917452873710956;0
118.5;1780344118.5;0;2639.495000597238;14.309200255499344;46.6243088;448.9267073676566;270.0000004625419;0.4427720709653496;0.11069301774133738;3.936507088724665;0.6015584915784488;0.327632973587679;447114.6291720984;5163648.019742024;-1;39215;-1.708999823968279;24.85843807894734;35793.41966026118;166.00455724148;33.56595315506467;38296.28382394553;251.7573214371683;33.06774565171389;1.935;0;2;2;55;0.5926709815883878;-3;53.69261435007254;-NAN;250;-NAN;-NAN;0;46.62421478790046;14.309235539376124;456.086760452045;12.140698492343164;-1.614960739361266;;5.425797815889368;;;;;188.4605947693163;188.1388583714472;1.59;1.65;0.2;;;;;;;;;;;;;0;;;;;;;;;;0;;;;;;;;;;;0.2369130444555255;278115.0365109036;0.6757894736842106;0;0.05917452873710956;0
118.75;1780344118.75;0;2640.745000299215;14.309198805999642;46.6243088;448.9293677991912;270.0000003104518;0.3974104350785639;0.09935260876964096;3.936793534027438;0.9983803949456544;0.3813751440509797;447114.5182034364;5163648.020714564;-1;39215;-1.708999823968279;24.85843807894734;35793.41966026118;166.0045553533454;33.56595289207739;38296.28384633755;251.5211776857557;32.89173903231231;1.935;0;2;2;55;0.5926708225648688;-3;53.6926149559025;-NAN;250;-NAN;-NAN;0;46.62421478790144;14.309234089883526;456.0894208340504;12.140698492343164;-1.612300357355878;;5.425797815889368;;;;;188.460594774395;188.1388583765259;1.59;1.65;0.2;;;;;;;;;;;;;0;;;;;;;;;;0;;;;;;;;;;;0.2369130444555255;278115.0365109036;0.6743697478991598;0;0.05917452873710956;0
119;1780344119;0;2641.995000001192;14.309197504999998;46.6243088;448.9295822902417;270.0000004813571;0.397410542516459;0.09935263562911474;3.940432167318679;1.327365087379174;0.4001660002581788;447114.4186034227;5163648.021587466;-1;39215;-1.7091812421599;24.85843453135827;35793.42006316659;166.0045980782146;33.56575813421545;38296.30073330168;251.318041773065;32.76884752500281;1.935;0;2;2;55;0.5926704006797364;-3;53.69261656315272;-NAN;250;-NAN;-NAN;0;46.62421478767166;14.309232788863948;456.089598645843;12.140698492343164;-1.612122545563295;;5.425797815889368;;;;;188.4605986044866;188.1388622066174;1.59;1.65;0.2;;;;;;;;;;;;;0;;;;;;;;;;0;;;;;;;;;;;0.2369130444555255;278115.0365109036;0.6729559748427674;0;0.05917452873710956;0
119.25;1780344119.25;0;2643.244999995231;14.309196204000002;46.6243088;448.9300249834093;270.0000003226503;0.3205861493185278;0.08014653732963194;3.942158923991201;1.522001500290545;0.3752253545225682;447114.31900338;5163648.022460368;-1;39215;-1.7091812421599;24.85843453135827;35793.42006316659;166.004596383522;33.56575789817416;38296.30075340073;251.1913096491009;32.72988062394297;1.935;0;2;2;55;0.592670257781663;-3;53.6926171075495;-NAN;250;-NAN;-NAN;0;46.62421478767256;14.30923148787033;456.0900412945564;12.140698492343164;-1.611679896849921;;5.425797815889368;;;;;188.4605986090452;188.1388622111761;1.59;1.65;0.2;;;;;;;;;;;;;0;;;;;;;;;;0;;;;;;;;;;;0.2369130444555255;278115.0365109036;0.6715481171548118;0;0.05917452873710956;0
119.5;1780344119.5;0;2644.495000597238;14.309195154499462;46.6243088;448.9303905954364;270.000000148887;0.2753769895096369;0.06884424737740924;3.942001400623986;1.593409556280445;0.313394582022132;447114.2386572644;5163648.02316453;-1;39215;-1.7091812421599;24.85843453135827;35793.42006316659;166.0045950164345;33.56575770776254;38296.30076961438;251.1347290118449;32.7653477608438;1.935;0;2;2;55;0.5926701425071552;-3;53.69261754670912;-NAN;250;-NAN;-NAN;0;46.62421478767326;14.309230438374954;456.0904068707226;12.140698492343164;-1.611314320683789;;5.425797815889368;;;;;188.4605986127226;188.1388622148535;1.59;1.65;0.2;;;;;;;;;;;;;0;;;;;;;;;;0;;;;;;;;;;;0.2369130444555255;278115.0365109036;0.6701461377870564;0;0.05917452873710956;0
119.75;1780344119.75;0;2645.745000299215;14.30919425299982;46.6243088;448.9306825358381;270;0.2290990293801971;0.05727475734504926;3.940378949765205;1.572997403755185;0.2614346840428885;447114.169641583;5163648.023769394;-1;39215;-1.7091812421599;24.85843453135827;35793.42006316659;166.0045938421342;33.56575754420281;38296.30078354159;251.1380590085302;32.82115604033737;1.935;0;2;2;55;0.59267004348799;-3;53.69261792394098;-NAN;250;-NAN;-NAN;0;46.6242147876739;14.309229536879724;456.0906987803206;12.140698492343164;-1.611022411085742;;5.425797815889368;;;;;188.4605986158814;188.1388622180122;1.59;1.65;0.2;;;;;;;;;;;;;0;;;;;;;;;;0;;;;;;;;;;;0.2369130444555255;278115.0365109036;0.66875;0;0.05917452873710956;0
120;1780344120;0;2646.995000001192;14.309193502999998;46.6243088;448.9308982513943;270;0.1864727194143621;0.04661817985359054;3.93976145280039;1.514265257108266;0.21638162059674;447114.1122241999;5163648.024272608;-1;39215;-1.70936265128252;24.85843098447575;35793.42046603166;166.0046372816094;33.5655628960087;38296.3176611767;251.1654588382465;32.88258864076581;1.935;0;2;2;55;0.592669682151778;-3;53.69261930051794;-NAN;250;-NAN;-NAN;0;46.62421478744374;14.309228786857276;456.0908778371898;12.140698492343164;-1.610843354216456;;5.425797815889368;;;;;188.4606024438554;188.1388660459863;1.59;1.65;0.2;;;;;;;;;;;;;0;;;;;;;;;;0;;;;;;;;;;;0.2369130444555255;278115.0365109036;0.6673596673596674;0;0.05917452873710956;0
120.25;1780344120.25;0;2648.244999995231;14.309192902000002;46.6243088735;448.9308837761971;305.8772145241665;0.1472332480604012;0.03680831201510029;-31.933490774724;1.375704143797824;0.1806399204305602;447114.0662853061;5163648.032843066;-1;39215;-1.70936265128252;24.85843098447575;35793.42046603166;166.0046365140905;33.56556270908677;38296.31767707425;251.2394780198496;32.96098122561419;1.935;0;2;2;55;0.5926696195206458;-3;53.69261953912276;-NAN;250;-NAN;-NAN;0;46.62421486094406;14.309228185860282;456.0908633267888;12.140698492343164;-1.610857864617458;;5.425797815889368;;;;;188.460602447461;188.1388660495919;1.59;1.65;0.2;;;;;;;;;;;;;0;;;;;;;;;;0;;;;;;;;;;;0.2369130444555255;278115.0365109036;0.6659751037344398;0;0.05917452873710956;0
120.5;1780344120.5;0;2649.247500298619;14.30919255049994;46.6243091;448.930451617579;278.9238631233712;0.03818317108046227;0.009545792770115568;-4.977978974428416;1.236076965595384;0.1539885901727776;447114.0395962614;5163648.05824727;-1;39215;-1.70936265128252;24.85843098447575;35793.42046603166;166.0046361035159;33.56556240530881;38296.31770288255;251.3180493893392;33.0309926974003;1.935;0;2;2;55;0.5926695913404776;-3;53.69261964648028;-NAN;250;-NAN;-NAN;0;46.624215087444;14.30922783436208;456.0904311109594;12.140698492343164;-1.61129008044685;;5.425797815889368;;;;;188.4606024533146;188.1388660554454;1.59;1.65;0.2;;;;;;;;;;;;;0;;;;;;;;;;0;;;;;;;;;;;0.2369130444555255;278115.0365109036;0.6645962732919256;0;0.05917452873710956;0
120.75;1780344120.75;0;2649.872500149608;14.30919242549997;46.6243091;448.930478111515;301.4588384485883;0.08161715063994684;0.02040428765998671;-27.51274179701116;1.130440738012532;0.1242410322054732;447114.0300266983;5163648.05833114;-1;39215;-1.70936265128252;24.85843098447575;35793.42046603166;166.0046359406905;33.56556238263005;38296.31770481367;251.3770529749561;33.0929589842718;1.935;0;2;2;55;0.5926695776107628;-3;53.69261969878616;-NAN;250;-NAN;-NAN;0;46.62421508744412;14.309227709362712;456.090457600624;12.140698492343164;-1.611263590782244;;5.425797815889368;;;;;188.4606024537525;188.1388660558835;1.59;1.65;0.2;;;;;;;;;;;;;0;;;;;;;;;;0;;;;;;;;;;;0.2369130444555255;278115.0365109036;0.6632231404958678;0;0.05917452873710956;0
121;1780344121;0;2650.995000001192;14.309192201;46.6243091995;448.9303057556498;1.530279480745602;0.04470140238499661;0.011175350596249152;272.4153630183798;0.928511934735253;0.06602432730296108;447114.0129366608;5163648.069538068;-1;39215;-1.709544051335151;24.85842743830114;35793.4208688564;166.004680082314;33.56536773404322;38296.3345824658;251.490816528338;33.21225325468246;1.935;0;2;2;55;0.5926692785918092;-3;53.69262083795364;-NAN;250;-NAN;-NAN;0;46.6242151867135;14.309227484837618;456.090248585915;12.140698492343164;-1.611472605491258;;5.425797815889368;;;;;188.4606062817287;188.1388698838596;1.59;1.65;0.2;;;;;;;;;;;;;0;;;;;;;;;;0;;;;;;;;;;;0.2369130444555255;278115.0365109036;0.6618556701030928;0;0.05917452873710956;0
121.25;1780344121.25;0;2652.244999995231;14.3091922;46.6243093;448.9300904744742;0;0.0220166217899956;0.0055041554474989;273.9499482907052;0.719521452764205;0.008681416718605266;447114.0129579772;5163648.08070616;-1;39215;-1.709544051335151;24.85842743830114;35793.4208688564;166.0046801019946;33.56536762736939;38296.33459152314;251.604839534628;33.33273838612456;2.094;0;2;2;55;0.5926692831124212;-3;53.69262082073154;-NAN;250;-NAN;-NAN;0;46.62421528721338;14.309227483837692;456.0900332846492;12.140698492343164;-1.611687906757197;;5.425797815889368;;;;;188.460606283783;188.1388698859138;1.59;1.65;0.2;;;;;;;;;;;;;0;;;;;;;;;;0;;;;;;;;;;;0.2369130444555255;278115.0365109036;0.660493827160494;0;0.05917452873710956;0
121.5;1780344121.5;0;2653.495000597238;14.3091922;46.62430934950006;448.9299868973401;0;0.0224613493876018;0.00561533734690045;273.9528018902884;0.5191771859510408;-0.04876636513985826;447114.0130061833;5163648.086206538;-1;39215;-1.709544051335151;24.85842743830114;35793.4208688564;166.0046801123296;33.56536757491784;38296.33459597663;251.7153590928985;33.45027767886347;2.094;0;2;2;55;0.5926692853927136;-3;53.69262081204434;-NAN;250;-NAN;-NAN;0;46.62421533671344;14.309227483837718;456.089929697637;12.140698492343164;-1.61179149376926;;5.425797815889368;;;;;188.4606062847931;188.138869886924;1.59;1.65;0.2;;;;;;;;;;;;;0;;;;;;;;;;0;;;;;;;;;;;0.2369130444555255;278115.0365109036;0.6591375770020534;0;0.05917452873710956;0
121.75;1780344121.75;0;2654.745000299215;14.3091922;46.6243094;448.9298812279912;0;0;0;273.9494692989747;0.3432806615729579;-0.0667128810672601;447114.0130553632;5163648.091818018;-1;39215;-1.709544051335151;24.85842743830114;35793.4208688564;166.0046801228734;33.56536752140679;38296.33460052006;251.8253200898368;33.52237344218215;2.094;0;2;2;55;0.5926692877209734;-3;53.69262080317442;-NAN;250;-NAN;-NAN;0;46.6242153872133;14.309227483837754;456.08982401821;12.140698492343164;-1.611897173196269;;5.425797815889368;;;;;188.4606062858235;188.1388698879544;1.59;1.65;0.2;;;;;;;;;;;;;0;;;;;;;;;;0;;;;;;;;;;;0.2369130444555255;278115.0365109036;0.6577868852459018;0;0.05917452873710956;0
122;1780344122;0;2655.995000001192;14.3091922;46.6243094;448.9298812279912;0;0;0;273.9489588950027;0.2429323864683898;-0.06058788732804834;447114.0130553632;5163648.091818018;-1;39215;-1.709725442316834;24.85842389283664;35793.42127164077;166.0047245330023;33.56517302868167;38296.35146493536;251.890229604668;33.54760746488862;2.094;0;2;2;55;0.5926690087940392;-3;53.69262186579742;-NAN;250;-NAN;-NAN;0;46.6242153869827;14.309227483811454;456.0897873886374;12.140698492343164;-1.611933802768874;;5.425797815889368;;;;;188.4606101107958;188.1388737129267;1.59;1.65;0.2;;;;;;;;;;;;;0;;;;;;;;;;0;;;;;;;;;;;0.2369130444555255;278115.0365109036;0.656441717791411;0;0.05917452873710956;0
122.25;1780344122.25;0;2657.244999995231;14.3091922;46.6243094;448.9298812279912;0;0;0;273.9482683955876;0.1859491869258186;-0.04486240584319178;447114.0130553632;5163648.091818018;-1;39215;-1.709725442316834;24.85842389283664;35793.42127164077;166.0047245330023;33.56517302868167;38296.35146493536;251.9300241344785;33.55035569563312;2.094;0;2;2;55;0.5926690087940392;-3;53.69262186579742;-NAN;250;-NAN;-NAN;0;46.6242153869827;14.309227483811454;456.0897873886374;12.140698492343164;-1.611933802768874;;5.425797815889368;;;;;188.4606101107958;188.1388737129267;1.59;1.65;0.2;;;;;;;;;;;;;0;;;;;;;;;;0;;;;;;;;;;;0.2369130444555255;278115.0365109036;0.6551020408163266;0;0.05917452873710956;0
122.5;1780344122.5;0;2658.495000597238;14.3091922;46.6243094;448.9298812279912;0;0;0;273.9503763979397;0.1699495648667585;-0.007464004288557472;447114.0130553632;5163648.091818018;-1;39215;-1.709725442316834;24.85842389283664;35793.42127164077;166.0047245330023;33.56517302868167;38296.35146493536;251.9456759987258;33.51975439284962;2.094;0;2;2;55;0.5926690087940392;-3;53.69262186579742;-NAN;250;-NAN;-NAN;0;46.6242153869827;14.309227483811454;456.0897873886374;12.140698492343164;-1.611933802768874;;5.425797815889368;;;;;188.4606101107958;188.1388737129267;1.59;1.65;0.2;;;;;;;;;;;;;0;;;;;;;;;;0;;;;;;;;;;;0.2369130444555255;278115.0365109036;0.6537678207739308;0;0.05917452873710956;0
122.75;1780344122.75;0;2659.745000299215;14.3091922;46.6243094;448.9298812279912;0;0;0;273.9470447825874;0.1541024973391959;0.03681668435140494;447114.0130553632;5163648.091818018;-1;39215;-1.709725442316834;24.85842389283664;35793.42127164077;166.0047245330023;33.56517302868167;38296.35146493536;251.9680610505683;33.48256831815425;2.094;0;2;2;55;0.5926690087940392;-3;53.69262186579742;-NAN;250;-NAN;-NAN;0;46.6242153869827;14.309227483811454;456.0897873886374;12.140698492343164;-1.611933802768874;;5.425797815889368;;;;;188.4606101107958;188.1388737129267;1.59;1.65;0.2;;;;;;;;;;;;;0;;;;;;;;;;0;;;;;;;;;;;0.2369130444555255;278115.0365109036;0.652439024390244;0;0.05917452873710956;0
123;1780344123;0;2660.995000001192;14.3091922;46.6243094;448.9298812279912;0;0;0;273.9453422019655;0.1663173531318139;0.06575030651960248;447114.0130553632;5163648.091818018;-1;39215;-1.709906824226618;24.85842034807852;35793.42167438486;166.0047689399816;33.56497854565603;38296.36832853394;251.968038316802;33.45108440312373;2.094;0;2;2;55;0.592668729881118;-3;53.6926229283668;-NAN;250;-NAN;-NAN;0;46.62421538675208;14.30922748378516;456.0897507608092;12.140698492343164;-1.611970430597069;;5.425797815889368;;;;;188.4606139355811;188.1388775377121;1.59;1.65;0.2;;;;;;;;;;;;;0;;;;;;;;;;0;;;;;;;;;;;0.2369130444555255;278115.0365109036;0.6511156186612576;0;0.05917452873710956;0
123.25;1780344123.25;0;2662.244999995231;14.3091922;46.6243094;448.9298812279912;0;0;0;273.9479246942155;0.2073109734804732;0.0823239543420924;447114.0130553632;5163648.091818018;-1;39215;-1.709906824226618;24.85842034807852;35793.42167438486;166.0047689399816;33.56497854565603;38296.36832853394;251.9430596883984;33.42262097442051;2.094;0;2;2;55;0.592668729881118;-3;53.6926229283668;-NAN;250;-NAN;-NAN;0;46.62421538675208;14.30922748378516;456.0897507608092;12.140698492343164;-1.611970430597069;;5.425797815889368;;;;;188.4606139355811;188.1388775377121;1.59;1.65;0.2;;;;;;;;;;;;;0;;;;;;;;;;0;;;;;;;;;;;0.2369130444555255;278115.0365109036;0.6497975708502024;0;0.05917452873710956;0
123.5;1780344123.5;0;2663.495000597238;14.3091922;46.6243094;448.9298812279912;0;0;0;273.9516184053046;0.2442013228043013;0.07587260064378048;447114.0130553632;5163648.091818018;-1;39215;-1.709906824226618;24.85842034807852;35793.42167438486;166.0047689399816;33.56497854565603;38296.36832853394;251.9148583788008;33.41729861830483;2.094;0;2;2;55;0.592668729881118;-3;53.6926229283668;-NAN;250;-NAN;-NAN;0;46.62421538675208;14.30922748378516;456.0897507608092;12.140698492343164;-1.611970430597069;;5.425797815889368;;;;;188.4606139355811;188.1388775377121;1.59;1.65;0.2;;;;;;;;;;;;;0;;;;;;;;;;0;;;;;;;;;;;0.2369130444555255;278115.0365109036;0.6484848484848484;0;0.05917452873710956;0
123.75;1780344123.75;0;2664.745000299215;14.3091922;46.6243094;448.9298812279912;0;0;0;273.9560201059005;0.2440274176244667;0.06774986362722358;447114.0130553632;5163648.091818018;-1;39215;-1.709906824226618;24.85842034807852;35793.42167438486;166.0047689399816;33.56497854565603;38296.36832853394;251.9089090808215;33.42505781060607;2.094;0;2;2;55;0.592668729881118;-3;53.6926229283668;-NAN;250;-NAN;-NAN;0;46.62421538675208;14.30922748378516;456.0897507608092;12.140698492343164;-1.611970430597069;;5.425797815889368;;;;;188.4606139355811;188.1388775377121;1.59;1.65;0.2;;;;;;;;;;;;;0;;;;;;;;;;0;;;;;;;;;;;0.2369130444555255;278115.0365109036;0.6471774193548388;0;0.05917452873710956;0
124;1780344124;0;2665.995000001192;14.3091922;46.6243094;448.9298812279912;0;0;0;273.9551880085609;0.2691726162084529;0.08540349166588122;447114.0130553632;5163648.091818018;-1;39215;-1.710088197063521;24.85841680402858;35793.42207708859;166.0048133438089;33.56478407233064;38296.38519131566;251.8976014109423;33.40027568823617;2.094;0;2;2;55;0.5926684509846696;-3;53.69262399087318;-NAN;250;-NAN;-NAN;0;46.62421538652154;14.309227483758866;456.0897141347254;12.140698492343164;-1.612007056680852;;5.425797815889368;;;;;188.4606177601796;188.1388813623104;1.59;1.65;0.2;;;;;;;;;;;;;0;;;;;;;;;;0;;;;;;;;;;;0.2369130444555255;278115.0365109036;0.6458752515090544;0;0.05917452873710956;0
124.25;1780344124.25;0;2667.244999995231;14.3091922;46.6243094;448.9298812279912;0;0;0;273.9520401982498;0.2725990064315954;0.09118566431062276;447114.0130553632;5163648.091818018;-1;39215;-1.710088197063521;24.85841680402858;35793.42207708859;166.0048133438089;33.56478407233064;38296.38519131566;251.8997750335964;33.39372774995601;2.094;0;2;2;55;0.5926684509846696;-3;53.69262399087318;-NAN;250;-NAN;-NAN;0;46.62421538652154;14.309227483758866;456.0897141347254;12.140698492343164;-1.612007056680852;;5.425797815889368;;;;;188.4606177601796;188.1388813623104;1.59;1.65;0.2;;;;;;;;;;;;;0;;;;;;;;;;0;;;;;;;;;;;0.2369130444555255;278115.0365109036;0.6445783132530122;0;0.05917452873710956;0
124.5;1780344124.5;0;2668.495000597238;14.3091922;46.6243094;448.9298812279912;0;0;0;273.9496089981473;0.2768418144784438;0.08882809776873996;447114.0130553632;5163648.091818018;-1;39215;-1.710088197063521;24.85841680402858;35793.42207708859;166.0048133438089;33.56478407233064;38296.38519131566;251.8990533129742;33.39466036006598;2.094;0;2;2;55;0.5926684509846696;-3;53.69262399087318;-NAN;250;-NAN;-NAN;0;46.62421538652154;14.309227483758866;456.0897141347254;12.140698492343164;-1.612007056680852;;5.425797815889368;;;;;188.4606177601796;188.1388813623104;1.59;1.65;0.2;;;;;;;;;;;;;0;;;;;;;;;;0;;;;;;;;;;;0.2369130444555255;278115.0365109036;0.6432865731462926;0;0.05917452873710956;0
124.75;1780344124.75;0;2669.745000299215;14.3091922;46.6243094;448.9298812279912;0;0;0;273.9503837070606;0.2378770501745101;0.08169069422314828;447114.0130553632;5163648.091818018;-1;39215;-1.710088197063521;24.85841680402858;35793.42207708859;166.0048133438089;33.56478407233064;38296.38519131566;251.9213028231499;33.41354086013132;2.094;0;2;2;55;0.5926684509846696;-3;53.69262399087318;-NAN;250;-NAN;-NAN;0;46.62421538652154;14.309227483758866;456.0897141347254;12.140698492343164;-1.612007056680852;;5.425797815889368;;;;;188.4606177601796;188.1388813623104;1.59;1.65;0.2;;;;;;;;;;;;;0;;;;;;;;;;0;;;;;;;;;;;0.2369130444555255;278115.0365109036;0.642;0;0.05917452873710956;0
125;1780344125;0;2670.995000001192;14.3091922;46.6243094;448.9298812279912;0;0;0;273.9514177003332;0.2133182017567874;0.06487807186562144;447114.0130553632;5163648.091818018;-1;39215;-1.710269568123278;24.85841326054549;35793.42247976816;166.0048577462688;33.56458960088254;38296.40205395884;251.9323140433992;33.43694510901217;2.094;0;2;2;55;0.59266817208809;-3;53.69262505337982;-NAN;250;-NAN;-NAN;0;46.62421538629098;14.309227483732578;456.0896775089126;12.140698492343164;-1.612043682493607;;5.425797815889368;;;;;188.4606215847448;188.1388851868758;1.59;1.65;0.2;;;;;;;;;;;;;0;;;;;;;;;;0;;;;;;;;;;;0.2369130444555255;278115.0365109036;0.6407185628742516;0;0.05917452873710956;0
125.25;1780344125.25;0;2672.244999995231;14.3091922;46.6243094;448.9298812279912;0;0;0;273.9479045962786;0.2238536104498458;0.03682636537485902;447114.0130553632;5163648.091818018;-1;39215;-1.710269568123278;24.85841326054549;35793.42247976816;166.0048577462688;33.56458960088254;38296.40205395884;251.9234482077768;33.46035648098646;2.094;0;2;2;55;0.59266817208809;-3;53.69262505337982;-NAN;250;-NAN;-NAN;0;46.62421538629098;14.309227483732578;456.0896775089126;12.140698492343164;-1.612043682493607;;5.425797815889368;;;;;188.4606215847448;188.1388851868758;1.59;1.65;0.2;;;;;;;;;;;;;0;;;;;;;;;;0;;;;;;;;;;;0.2369130444555255;278115.0365109036;0.6394422310756972;0;0.05917452873710956;0
125.5;1780344125.5;0;2673.495000597238;14.3091922;46.6243094;448.9298812279912;0;0;0;273.94498720368;0.2380725079987792;0.03230026239073224;447114.0130553632;5163648.091818018;-1;39215;-1.710269568123278;24.85841326054549;35793.42247976816;166.0048577462688;33.56458960088254;38296.40205395884;251.9164920304532;33.46025697164854;2.094;0;2;2;55;0.59266817208809;-3;53.69262505337982;-NAN;250;-NAN;-NAN;0;46.62421538629098;14.309227483732578;456.0896775089126;12.140698492343164;-1.612043682493607;;5.425797815889368;;;;;188.4606215847448;188.1388851868758;1.59;1.65;0.2;;;;;;;;;;;;;0;;;;;;;;;;0;;;;;;;;;;;0.2369130444555255;278115.0365109036;0.6381709741550696;0;0.05917452873710956;0
125.75;1780344125.75;0;2674.745000299215;14.3091922;46.6243094;448.9298812279912;0;0;0;273.9458840941932;0.2186352158837906;0.03519249094433836;447114.0130553632;5163648.091818018;-1;39215;-1.710269568123278;24.85841326054549;35793.42247976816;166.0048577462688;33.56458960088254;38296.40205395884;251.9284133591023;33.4635357438459;2.094;0;2;2;55;0.59266817208809;-3;53.69262505337982;-NAN;250;-NAN;-NAN;0;46.62421538629098;14.309227483732578;456.0896775089126;12.140698492343164;-1.612043682493607;;5.425797815889368;;;;;188.4606215847448;188.1388851868758;1.59;1.65;0.2;;;;;;;;;;;;;0;;;;;;;;;;0;;;;;;;;;;;0.2369130444555255;278115.0365109036;0.636904761904762;0;0.05917452873710956;0
126;1780344126;0;2675.995000001192;14.3091922;46.6243094;448.9298812279912;0;0;0;273.9517931068871;0.2012725871460939;0.04704981807400446;447114.0130553632;5163648.091818018;-1;39215;-1.710450922811185;24.85840971791427;35793.42288239122;166.0049021437884;33.56439514696063;38296.41891510661;251.9359086553345;33.45743441797434;2.094;0;2;2;55;0.5926678932147478;-3;53.6926261157977;-NAN;250;-NAN;-NAN;0;46.62421538606044;14.30922748370629;456.0896408863182;12.140698492343164;-1.612080305088114;;5.425797815889368;;;;;188.4606254089693;188.1388890111002;1.59;1.65;0.2;;;;;;;;;;;;;0;;;;;;;;;;0;;;;;;;;;;;0.2369130444555255;278115.0365109036;0.6356435643564358;0;0.05917452873710956;0
126.25;1780344126.25;0;2677.244999995231;14.3091922;46.6243094;448.9298812279912;0;0;0;273.954715050501;0.2041659345325279;0.06635664971953972;447114.0130553632;5163648.091818018;-1;39215;-1.710450922811185;24.85840971791427;35793.42288239122;166.0049021437884;33.56439514696063;38296.41891510661;251.9351254745964;33.43817313476905;2.094;0;2;2;55;0.5926678932147478;-3;53.6926261157977;-NAN;250;-NAN;-NAN;0;46.62421538606044;14.30922748370629;456.0896408863182;12.140698492343164;-1.612080305088114;;5.425797815889368;;;;;188.4606254089693;188.1388890111002;1.59;1.65;0.2;;;;;;;;;;;;;0;;;;;;;;;;0;;;;;;;;;;;0.2369130444555255;278115.0365109036;0.6343873517786562;0;0.05917452873710956;0
126.5;1780344126.5;0;2678.495000597238;14.3091922;46.6243094;448.9298812279912;0;0;0;273.9565379518895;0.2020622837911088;0.07043939422729378;447114.0130553632;5163648.091818018;-1;39215;-1.710450922811185;24.85840971791427;35793.42288239122;166.0049021437884;33.56439514696063;38296.41891510661;251.935464291537;33.4349384947727;2.094;0;2;2;55;0.5926678932147478;-3;53.6926261157977;-NAN;250;-NAN;-NAN;0;46.62421538606044;14.30922748370629;456.0896408863182;12.140698492343164;-1.612080305088114;;5.425797815889368;;;;;188.4606254089693;188.1388890111002;1.59;1.65;0.2;;;;;;;;;;;;;0;;;;;;;;;;0;;;;;;;;;;;0.2369130444555255;278115.0365109036;0.6331360946745562;0;0.05917452873710956;0
126.75;1780344126.75;0;2679.745000299215;14.3091922;46.6243094;448.9298812279912;0;0;0;273.9567657608423;0.2010975834678737;0.07269457425305782;447114.0130553632;5163648.091818018;-1;39215;-1.710450922811185;24.85840971791427;35793.42288239122;166.0049021437884;33.56439514696063;38296.41891510661;251.9363052539301;33.43309293360467;2.094;0;2;2;55;0.5926678932147478;-3;53.6926261157977;-NAN;250;-NAN;-NAN;0;46.62421538606044;14.30922748370629;456.0896408863182;12.140698492343164;-1.612080305088114;;5.425797815889368;;;;;188.4606254089693;188.1388890111002;1.59;1.65;0.2;;;;;;;;;;;;;0;;;;;;;;;;0;;;;;;;;;;;0.2369130444555255;278115.0365109036;0.6318897637795276;0;0.05917452873710956;0
127;1780344127;0;2680.995000001192;14.3091922;46.6243094;448.9298812279912;0;0;0;273.9520727631509;0.2004842544179743;0.09012476774754008;447114.0130553632;5163648.091818018;-1;39215;-1.710632268423329;24.85840617598965;35793.42328497392;166.0049465381577;33.56420070274232;38296.43577543721;251.9449877675568;33.41653081049313;2.094;0;2;2;55;0.5926676143566486;-3;53.69262717815728;-NAN;250;-NAN;-NAN;0;46.6242153858299;14.309227483680008;456.089604265469;12.140698492343164;-1.612116925937301;;5.425797815889368;;;;;188.4606292330067;188.1388928351376;1.59;1.65;0.2;;;;;;;;;;;;;0;;;;;;;;;;0;;;;;;;;;;;0.2369130444555255;278115.0365109036;0.6306483300589392;0;0.05917452873710956;0
127.25;1780344127.25;0;2682.244999995231;14.3091922;46.6243094;448.9298812279912;0;0;0;273.9466643969843;0.1883383768761576;0.06927627192962196;447114.0130553632;5163648.091818018;-1;39215;-1.710632268423329;24.85840617598965;35793.42328497392;166.0049465381577;33.56420070274232;38296.43577543721;251.9537630649537;33.44013180887918;2.094;0;2;2;55;0.5926676143566486;-3;53.69262717815728;-NAN;250;-NAN;-NAN;0;46.6242153858299;14.309227483680008;456.089604265469;12.140698492343164;-1.612116925937301;;5.425797815889368;;;;;188.4606292330067;188.1388928351376;1.59;1.65;0.2;;;;;;;;;;;;;0;;;;;;;;;;0;;;;;;;;;;;0.2369130444555255;278115.0365109036;0.6294117647058824;0;0.05917452873710956;0
127.5;1780344127.5;0;2683.495000597238;14.3091922;46.6243094;448.9298812279912;0;0;0;273.9456237983728;0.1812726921535873;0.07644288673941824;447114.0130553632;5163648.091818018;-1;39215;-1.710632268423329;24.85840617598965;35793.42328497392;166.0049465381577;33.56420070274232;38296.43577543721;251.9607130665367;33.43550881896867;2.094;0;2;2;55;0.5926676143566486;-3;53.69262717815728;-NAN;250;-NAN;-NAN;0;46.6242153858299;14.309227483680008;456.089604265469;12.140698492343164;-1.612116925937301;;5.425797815889368;;;;;188.4606292330067;188.1388928351376;1.59;1.65;0.2;;;;;;;;;;;;;0;;;;;;;;;;0;;;;;;;;;;;0.2369130444555255;278115.0365109036;0.6281800391389434;0;0.05917452873710956;0
127.75;1780344127.75;0;2684.745000299215;14.3091922;46.6243094;448.9298812279912;0;0;0;273.945768949608;0.1753328163414541;0.06754106209410064;447114.0130553632;5163648.091818018;-1;39215;-1.710632268423329;24.85840617598965;35793.42328497392;166.0049465381577;33.56420070274232;38296.43577543721;251.9624850806794;33.44581204561289;2.094;0;2;2;55;0.5926676143566486;-3;53.69262717815728;-NAN;250;-NAN;-NAN;0;46.6242153858299;14.309227483680008;456.089604265469;12.140698492343164;-1.612116925937301;;5.425797815889368;;;;;188.4606292330067;188.1388928351376;1.59;1.65;0.2;;;;;;;;;;;;;0;;;;;;;;;;0;;;;;;;;;;;0.2369130444555255;278115.0365109036;0.626953125;0;0.05917452873710956;0
128;1780344128;0;2685.995000001192;14.3091922;46.6243094;448.9298812279912;0;0;0;273.9487658554574;0.1890605229574525;0.05378097743413098;447114.0130553632;5163648.091818018;-1;39215;-1.710813604958745;24.8584026347734;35793.42368751627;166.0049909293738;33.5640062682283;38296.45263495059;251.9480839234346;33.45444066899933;2.094;0;2;2;55;0.5926673355137922;-3;53.69262824045854;-NAN;250;-NAN;-NAN;0;46.62421538559936;14.309227483653726;456.0895676463652;12.140698492343164;-1.612153545041167;;5.425797815889368;;;;;188.460633056857;188.138896658988;1.59;1.65;0.2;;;;;;;;;;;;;0;;;;;;;;;;0;;;;;;;;;;;0.2369130444555255;278115.0365109036;0.6257309941520468;0;0.05917452873710956;0
128.25;1780344128.25;0;2687.244999995231;14.3091922;46.6243094;448.9298812279912;0;5.426156262407008e-10;1.356539065601752e-10;273.9541119492956;0.2121698109490317;0.04687117774283158;447114.0130553632;5163648.091818018;-1;39215;-1.710813604958745;24.8584026347734;35793.42368751627;166.0049909293738;33.5640062682283;38296.45263495059;251.9267921539195;33.4538284491759;2.094;0;2;2;55;0.5926673355137922;-3;53.69262824045854;-NAN;250;-NAN;-NAN;0;46.62421538559936;14.309227483653726;456.0895676463652;12.140698492343164;-1.612153545041167;;5.425797815889368;;;;;188.460633056857;188.138896658988;1.59;1.65;0.2;;;;;;;;;;;;;0;;;;;;;;;;0;;;;;;;;;;;0.2369130444555255;278115.0365109036;0.6245136186770428;0;0.05917452873710956;0
128.5;1780344128.5;0;2688.495000597238;14.309192199999998;46.6243094;448.9298812279912;0;1.0852312524814016e-09;2.713078131203504e-10;273.9566282987817;0.2832129950113929;-0.01933218934382053;447114.0130553632;5163648.091818018;-1;39215;-1.710813604958745;24.8584026347734;35793.42368751627;166.0049909293738;33.5640062682283;38296.45263495059;251.8660074463606;33.49466866557633;2.094;0;2;2;55;0.5926673355137922;-3;53.69262824045854;-NAN;250;-NAN;-NAN;0;46.62421538559936;14.3092274836537;456.089567646365;12.140698492343164;-1.612153545041224;;5.425797815889368;;;;;188.460633056857;188.138896658988;1.59;1.65;0.2;;;;;;;;;;;;;0;;;;;;;;;;0;;;;;;;;;;;0.2369130444555255;278115.0365109036;0.6233009708737864;0;0.05917452873710956;0
128.75;1780344128.75;0;2689.745000299215;14.309192200000002;46.6243094;448.9298812279912;0;5.426156262407008e-10;1.356539065601752e-10;273.9550418035983;0.3934925850292868;-0.11319973878743176;447114.0130553632;5163648.091818018;-1;39215;-1.710813604958745;24.8584026347734;35793.42368751627;166.0049909293738;33.5640062682283;38296.45263495059;251.7789145743077;33.5494581119362;2.094;0;2;2;55;0.5926673355137922;-3;53.69262824045854;-NAN;250;-NAN;-NAN;0;46.62421538559936;14.309227483653726;456.0895676463652;12.140698492343164;-1.612153545041167;;5.425797815889368;;;;;188.460633056857;188.138896658988;1.59;1.65;0.2;;;;;;;;;;;;;0;;;;;;;;;;0;;;;;;;;;;;0.2369130444555255;278115.0365109036;0.622093023255814;0;0.05917452873710956;0
129;1780344129;0;2690.995000001192;14.3091922;46.6243094;448.9298812279912;0;0;0;273.9501217000238;0.2527468635176259;-0.02863883966410317;447114.0130553632;5163648.091818018;-1;39215;-1.710994932416471;24.85839909426766;35793.42409001827;166.0050353174343;33.5638118434192;38296.46949364667;251.8897935682247;33.51282549549462;2.094;0;2;2;55;0.5926670566818746;-3;53.69262930271788;-NAN;250;-NAN;-NAN;0;46.62421538536888;14.30922748362745;456.0895310290062;12.140698492343164;-1.612190162400168;;5.425797815889368;;;;;188.4606368805204;188.1389004826513;1.59;1.65;0.2;;;;;;;;;;;;;0;;;;;;;;;;0;;;;;;;;;;;0.2369130444555255;278115.0365109036;0.620889748549323;0;0.05917452873710956;0
129.25;1780344129.25;0;2692.244999995231;14.3091922;46.6243094;448.9298812279912;0;5.426156262407008e-10;1.356539065601752e-10;273.9490034540371;0.4406240484491522;-0.0835966419725617;447114.0130553632;5163648.091818018;-1;39215;-1.710994932416471;24.85839909426766;35793.42409001827;166.0050353174343;33.5638118434192;38296.46949364667;251.7615522906805;33.50644766950813;2.094;0;2;2;55;0.5926670566818746;-3;53.69262930271788;-NAN;250;-NAN;-NAN;0;46.62421538536888;14.30922748362745;456.0895310290062;12.140698492343164;-1.612190162400168;;5.425797815889368;;;;;188.4606368805204;188.1389004826513;1.59;1.65;0.2;;;;;;;;;;;;;0;;;;;;;;;;0;;;;;;;;;;;0.2369130444555255;278115.0365109036;0.6196911196911198;0;0.05917452873710956;0
129.5;1780344129.5;0;2693.495000597238;14.309192199999998;46.6243094;448.9298812279912;62.39777959387592;0.05629883707303572;0.014074709268258928;211.5439917620797;1.617062970401435;-0.6527070885480352;447114.0130553632;5163648.091818018;-1;39215;-1.710994932416471;24.85839909426766;35793.42409001827;166.0050353174343;33.5638118434192;38296.46949364667;250.9151914636517;33.66933851292898;2.226;0;2;2;55;0.5926670566818746;-3;53.69262930271788;-NAN;250;-NAN;-NAN;0;46.62421538536888;14.309227483627422;456.089531029006;12.140698492343164;-1.612190162400225;;5.425797815889368;;;;;188.4606368805204;188.1389004826513;1.59;1.65;0.2;;;;;;;;;;;;;0;;;;;;;;;;0;;;;;;;;;;;0.2369130444555255;278115.0365109036;0.6184971098265896;0;0.05917452873710956;0
129.75;1780344129.75;0;2694.745000299215;14.30919234900006;46.62430932549998;448.9300083782352;118.48228919870862;0.12036946017338228;0.03009236504334557;155.4344953429;3.028749101355295;-1.349821312631288;447114.0243897368;5163648.083439708;-1;39215;-1.710994932416471;24.85839909426766;35793.42409001827;166.0050354959641;33.56381194939341;38296.46948464196;249.9196502609632;33.8541390535311;2.368;0;2;2;55;0.5926670696152644;-3;53.69262925344584;-NAN;250;-NAN;-NAN;0;46.6242153108688;14.309227632626718;456.089658199209;12.140698492343164;-1.612062992197366;;5.425797815889368;;;;;188.460636878478;188.138900480609;1.59;1.65;0.2;;;;;;;;;;;;;0;;;;;;;;;;0;;;;;;;;;;;0.2369130444555255;278115.0365109036;0.6173076923076924;0;0.05917452873710956;0
130;1780344130;0;2695.995000001192;14.3091926985;46.6243092005;448.9302016012483;134.0573403540191;0.3142934148714419;0.07857335371786046;139.8157460838119;4.422119215588226;-2.038297122666301;447114.0510245064;5163648.069315388;-1;39215;-1.711176250795547;24.85839555446866;35793.42449247992;166.0050803100245;33.56361773015121;38296.48632587484;248.9645057503929;34.01259961940623;2.522;0;2;2;55;0.5926668234324962;-3;53.69263019132232;-NAN;250;-NAN;-NAN;0;46.62421518563828;14.309227982098592;456.089814843497;12.140698492343164;-1.611906347909212;;5.425797815889368;;;;;188.4606406981789;188.1389043003098;1.59;1.65;0.2;;;;;;;;;;;;;0;;;;;;;;;;0;;;;;;;;;;;0.2369130444555255;278115.0365109036;0.616122840690979;0;0.05917452873710956;0
130.25;1780344130.25;0;2697.244999995231;14.309193520499996;46.6243087755;448.9309471530322;104.3418095256608;0.4648969967892292;0.11622424919730728;169.4754112039136;5.635442260384336;-2.648116581962742;447114.1135400803;5163648.02153846;-1;39215;-1.711176250795547;24.85839555446866;35793.42449247992;166.0050812920088;33.5636183296212;38296.48627493814;248.1557540510659;34.14246939412902;2.522;0;2;2;55;0.5926668941513692;-3;53.69262992190638;-NAN;250;-NAN;-NAN;0;46.62421476063824;14.309228804094312;456.0905605081834;12.140698492343164;-1.611160683222977;;5.425797815889368;;;;;188.4606406866261;188.1389042887571;1.59;1.65;0.2;;;;;;;;;;;;;0;;;;;;;;;;0;;;;;;;;;;;0.2369130444555255;278115.0365109036;0.6149425287356322;0;0.05917452873710956;0
130.5;1780344130.5;0;2698.495000597238;14.309194942500894;46.62430840299964;448.9314351985144;118.07549269937774;0.7226231970629678;0.1806557992657419;155.6776193947848;6.86518286164959;-3.278982756148132;447114.222040769;5163647.979192648;-1;39215;-1.711176250795547;24.85839555446866;35793.42449247992;166.0050830664961;33.56361898231556;38296.48621945559;247.3481992710545;34.26908614450213;2.69;0;2;2;55;0.5926670331944048;-3;53.69262939219752;-NAN;250;-NAN;-NAN;0;46.62421438813736;14.309230226087988;456.0910486765924;12.140698492343164;-1.610672514813928;;5.425797815889368;;;;;188.4606406740424;188.1389042761732;1.59;1.65;0.2;;;;;;;;;;;;;0;;;;;;;;;;0;;;;;;;;;;;0.2369130444555255;278115.0365109036;0.6137667304015296;0;0.05917452873710956;0
130.75;1780344130.75;0;2699.745000299215;14.309197041000538;46.62430765299982;448.9328174481136;120.16951983167204;0;0;153.5132430520305;8.074381450687668;-3.925568846843935;447114.3819642248;5163647.89444573;-1;39215;-1.711176250795547;24.85839555446866;35793.42449247992;166.0050856433591;33.56362015774957;38296.48611955771;246.5626276174947;34.40179164440253;2.97;0;2;2;55;0.5926672291821922;-3;53.69262864554754;-NAN;250;-NAN;-NAN;0;46.6242136381371;14.309232324576906;456.0924311475698;12.140698492343164;-1.609290043836438;;5.425797815889368;;;;;188.4606406513848;188.1389042535158;1.59;1.65;0.2;;;;;;;;;;;;;0;;;;;;;;;;0;;;;;;;;;;;0.2369130444555255;278115.0365109036;0.6125954198473282;0;0.05917452873710956;0
