t_rel;t_epoch;ID;subID;lon;lat;alt;heading;speed;distance;yaw;pitch;roll;easting;northing;flightphase;satid;orbit_lat;orbit_lng;orbit_dist;uav_az;uav_elev;uav_dist;gain_az;gain_elev;gain_value;sat_sel;beam_sel;alpha;EIRP0;d_alpha;db_at_alpha;EIRP;Tsky_uav;Tsys_uav;Tsky_sat;Tsys_sat;terrain_shadowing;DEM_x;DEM_y;DEM_z;DEM_dist;DEM_min_dz;atm_loss_up;atm_loss_down;rain_att_up;rain_att_down;path_in_atm;path_in_rain;path_loss_up;path_loss_down;f_down;f_up;bandwidth;CN0_downlink;CN_total_downlink;Es/N0_down;modcod_downlink;coderate_downlink;datarate_downlink;CN0_uplink;CN_total_uplink;Es/N0_up;modcod_uplink;coderate_uplink;datarate_uplink;act_flightphase_start;uplink_latency_active;uplink_datarate_active;uplink_availability_active;uplink_continuity_active;uplink_integrity_active;uplink_transaction_time_active;uplink_transaction_possibility_active;uplink_latency_avg;uplink_datarate_avg;uplink_availability_avg;uplink_continuity_avg;uplink_transaction_time_avg;uplink_transaction_possibility_avg;downlink_latency_active;downlink_datarate_active;downlink_availability_active;downlink_continuity_active;downlink_integrity_active;downlink_transaction_time_active;downlink_transaction_possibility_active;downlink_latency_avg;downlink_datarate_avg;downlink_availability_avg;downlink_continuity_avg;downlink_transaction_time_avg;downlink_transaction_possibility_avg
0;1780344000;0;2050;14.3136568;46.6236436;448.3480401097453;0.7331901753158266;9.112345715168524;2.278086428792131;4.421101670835743;-3.62623771652482;0.9079784196069716;447455.1631290055;5163571.12319715;-1;;;;;;;;;;;;;;;;;;;;;;;;;;;;;;;;;;;;;;;;;;;;;;;;;;;;;;;;;;;;;;;;;;;;;;;;;;;;;
0.25;1780344000.25;0;2051.244999995232;14.313657197999998;46.62366408549992;447.5541987501785;1.0345536822836874;8.01580271944762;2.003950679861905;4.190061425119966;-3.626759650337026;0.9686326620583176;447455.2134197309;5163573.39925175;-1;;;;;;;;;;;;;;;;;;;;;;;;;;;;;;;;;;;;;;;;;;;;;;;;;;;;;;;;;;;;;;;;;;;;;;;;;;;;;
0.5;1780344000.5;0;2052.247500298619;14.313657673250208;46.62368210450544;447.5780389358559;1.437316631446669;5.061132727850518;1.265283181962629;3.61618515009863;-3.609349812943282;0.9329332402433888;447455.2672380462;5163575.401181472;-1;;;;;;;;;;;;;;;;;;;;;;;;;;;;;;;;;;;;;;;;;;;;;;;;;;;;;;;;;;;;;;;;;;;;;;;;;;;;;
0.75;1780344000.75;0;2052.872500149608;14.313658110750104;46.62369347950274;447.5895627593897;1.24592085296853;8.247717501539628;2.061929375384907;3.666997615985889;-3.579940495208515;0.8746784633707992;447455.3117378376;5163576.664863522;-1;;;;;;;;;;;;;;;;;;;;;;;;;;;;;;;;;;;;;;;;;;;;;;;;;;;;;;;;;;;;;;;;;;;;;;;;;;;;;
1;1780344001;0;2053.995000001192;14.313658697500002;46.62371201850002;447.6038589856132;1.941438718070192;9.934930555071222;2.483732638767806;2.972946397090928;-3.44650463723453;0.7560595675616406;447455.3745953646;5163578.724499686;-1;;;;;;;;;;;;;;;;;;;;;;;;;;;;;;;;;;;;;;;;;;;;;;;;;;;;;;;;;;;;;;;;;;;;;;;;;;;;;
1.25;1780344001.25;0;2055.244999995232;14.313659795999996;46.62373434249992;447.624751385105;1.963624823984425;9.597774704983452;2.399443676245863;3.859747340398773;-3.437365064974248;0.8685089844233936;447455.4802932822;5163581.204378882;-1;;;;;;;;;;;;;;;;;;;;;;;;;;;;;;;;;;;;;;;;;;;;;;;;;;;;;;;;;;;;;;;;;;;;;;;;;;;;;
1.5;1780344001.5;0;2056.495000597238;14.313660895000598;46.623755908011;447.6420613203277;2.377125541802767;9.608866602480194;2.402216650620049;4.487326187399259;-3.282548830417817;1.109442002698926;447455.5852955867;5163583.599975542;-1;;;;;;;;;;;;;;;;;;;;;;;;;;;;;;;;;;;;;;;;;;;;;;;;;;;;;;;;;;;;;;;;;;;;;;;;;;;;;
1.75;1780344001.75;0;2057.745000299215;14.31366221950033;46.62377749250494;447.6578822686596;2.715856550011939;10.114380980289046;2.528595245072262;4.876647478947366;-3.014803926421108;1.345554766070599;447455.707579802;5163585.997531244;-1;;;;;;;;;;;;;;;;;;;;;;;;;;;;;;;;;;;;;;;;;;;;;;;;;;;;;;;;;;;;;;;;;;;;;;;;;;;;;
2;1780344002;0;2058.995000001192;14.313663793500004;46.62380020700002;448.5175680409307;2.974018758441112;10.11463040204077;2.528657600510193;4.541591521885114;-2.975983624491933;1.342881218550593;447455.850058308;5163588.520484774;-1;;;;;;;;;;;;;;;;;;;;;;;;;;;;;;;;;;;;;;;;;;;;;;;;;;;;;;;;;;;;;;;;;;;;;;;;;;;;;
2.25;1780344002.25;0;2060.244999995232;14.313665542999992;46.62382291599992;447.9652792986664;3.414764997040124;9.710892874233502;2.427723218558376;3.608093084955471;-2.963708014873016;1.114812741614023;447456.0059672107;5163591.04271071;-1;;;;;;;;;;;;;;;;;;;;;;;;;;;;;;;;;;;;;;;;;;;;;;;;;;;;;;;;;;;;;;;;;;;;;;;;;;;;;
2.5;1780344002.5;0;2061.495000597238;14.313667491001076;46.623844708011;447.739751824383;3.782548698552003;9.754026137640468;2.438506534410117;2.671432529165282;-2.839974473334714;0.7566261768342418;447456.1761854675;5163593.462909826;-1;;;;;;;;;;;;;;;;;;;;;;;;;;;;;;;;;;;;;;;;;;;;;;;;;;;;;;;;;;;;;;;;;;;;;;;;;;;;;
2.75;1780344002.75;0;2062.745000299215;14.31366959200048;46.62386659050506;447.7731403076942;4.078391799995599;10.218857418719622;2.554714354679906;2.198886710769174;0.3661833126091502;0.507252051727733;447456.3582042834;5163595.89306131;-1;;;;;;;;;;;;;;;;;;;;;;;;;;;;;;;;;;;;;;;;;;;;;;;;;;;;;;;;;;;;;;;;;;;;;;;;;;;;;
3;1780344003;0;2063.995000001192;14.313671990000004;46.62388950650002;447.7993306855224;4.258698657550662;9.423532522454396;2.355883130613599;2.194677476509121;7.657266659345204;0.4228778894904001;447456.5639604058;5163598.437855994;-1;;;;;;;;;;;;;;;;;;;;;;;;;;;;;;;;;;;;;;;;;;;;;;;;;;;;;;;;;;;;;;;;;;;;;;;;;;;;;
3.25;1780344003.25;0;2065.244999995231;14.31367428999999;46.62391063449992;447.8318341129732;4.289544302855873;9.870266561483066;2.467566640370767;2.536217966053467;11.859586341797998;0.4235727530091125;447456.7604838599;5163600.784036516;-1;;;;;;;;;;;;;;;;;;;;;;;;;;;;;;;;;;;;;;;;;;;;;;;;;;;;;;;;;;;;;;;;;;;;;;;;;;;;;
3.5;1780344003.5;0;2066.495000597238;14.313676691001076;46.62393276451022;448.0753706495015;4.218696055118815;8.702458876887116;2.175614719221779;2.834961297394188;8.54961833679074;0.3974111205297423;447456.9657090159;5163603.241491716;-1;;;;;;;;;;;;;;;;;;;;;;;;;;;;;;;;;;;;;;;;;;;;;;;;;;;;;;;;;;;;;;;;;;;;;;;;;;;;;
3.75;1780344003.75;0;2067.745000299215;14.313678792000478;46.62395227700438;453.5554093862854;4.451672624150832;8.630220168158334;2.157555042039583;2.611346280924014;9.857664575365354;0.3267306393932069;447457.1454342731;5163605.408292188;-1;;;;;;;;;;;;;;;;;;;;;;;;;;;;;;;;;;;;;;;;;;;;;;;;;;;;;;;;;;;;;;;;;;;;;;;;;;;;;
4;1780344004;0;2068.995000001192;14.313680991000002;46.62397162150002;458.2226295786714;4.106127715596774;7.529241929388318;1.882310482347079;2.824447972613534;13.626887556165324;0.277378309398368;447457.3324994755;5163607.556359588;-1;;;;;;;;;;;;;;;;;;;;;;;;;;;;;;;;;;;;;;;;;;;;;;;;;;;;;;;;;;;;;;;;;;;;;;;;;;;;;
4.25;1780344004.25;0;2070.244999995231;14.313682767499992;46.62398850549994;456.8296791716214;4.187323526273318;7.262858818338422;1.815714704584605;2.555404160691962;12.826973713215038;0.2178475406801419;447457.484838675;5163609.431301796;-1;;;;;;;;;;;;;;;;;;;;;;;;;;;;;;;;;;;;;;;;;;;;;;;;;;;;;;;;;;;;;;;;;;;;;;;;;;;;;
4.5;1780344004.5;0;2071.495000597238;14.313684494000718;46.62400479150698;452.5179373788104;3.963491640646108;6.653242669129076;1.663310667282269;2.71019841845058;11.855978618363228;0.1764002364265552;447457.6327714359;5163611.239829212;-1;;;;;;;;;;;;;;;;;;;;;;;;;;;;;;;;;;;;;;;;;;;;;;;;;;;;;;;;;;;;;;;;;;;;;;;;;;;;;
4.75;1780344004.75;0;2072.745000299215;14.313685994000358;46.62401971450362;449.2826305782865;3.894264161997787;6.29927936931574;1.574819842328935;2.826130301060897;11.337591953196242;0.1839702005273894;447457.7620451535;5163612.897051808;-1;;;;;;;;;;;;;;;;;;;;;;;;;;;;;;;;;;;;;;;;;;;;;;;;;;;;;;;;;;;;;;;;;;;;;;;;;;;;;
5;1780344005;0;2073.995000001192;14.3136873945;46.62403384450002;448.7642272409357;3.723477714233047;5.285623258079398;1.321405814519849;3.102340816373426;12.14760866191719;0.2850469649426276;447457.8829341577;5163614.46622366;-1;;;;;;;;;;;;;;;;;;;;;;;;;;;;;;;;;;;;;;;;;;;;;;;;;;;;;;;;;;;;;;;;;;;;;;;;;;;;;
5.25;1780344005.25;0;2075.244999995231;14.313688520499996;46.62404570299996;448.3145821898418;3.815096697406391;4.906925001831776;1.226731250457944;3.070346992443296;7.253751979269928;0.3117805902147209;447457.9806105503;5163615.783172992;-1;;;;;;;;;;;;;;;;;;;;;;;;;;;;;;;;;;;;;;;;;;;;;;;;;;;;;;;;;;;;;;;;;;;;;;;;;;;;;
5.5;1780344005.5;0;2076.495000597238;14.313689596000478;46.62405671050472;448.0771450561732;3.997893616756272;4.701893587843522;1.175473396960881;2.840160160119532;-4.799061456055896;0.2207233413694798;447458.0735974727;5163617.005594596;-1;;;;;;;;;;;;;;;;;;;;;;;;;;;;;;;;;;;;;;;;;;;;;;;;;;;;;;;;;;;;;;;;;;;;;;;;;;;;;
5.75;1780344005.75;0;2077.745000299215;14.313690670500268;46.62406725600264;448.0687862538817;3.880324261764139;4.637633903716174;1.159408475929043;2.835897061002095;-10.450294274974802;0.2042730481501972;447458.1660607558;5163618.17667932;-1;;;;;;;;;;;;;;;;;;;;;;;;;;;;;;;;;;;;;;;;;;;;;;;;;;;;;;;;;;;;;;;;;;;;;;;;;;;;;
6;1780344006;0;2078.995000001192;14.313691696000002;46.62407765900002;448.0827386730293;4.450248127063405;5.482554501012814;1.370638625253204;1.765831017193378;-10.499509977523962;0.2179752015903245;447458.2546348466;5163619.331962246;-1;;;;;;;;;;;;;;;;;;;;;;;;;;;;;;;;;;;;;;;;;;;;;;;;;;;;;;;;;;;;;;;;;;;;;;;;;;;;;
6.25;1780344006.25;0;2080.244999995231;14.313693093999994;46.62408994799996;448.1069420085676;4.598535668430154;5.668588077398984;1.417147019349746;0.7396473368889516;-10.789548869700622;0.1520684058854813;447458.3735510802;5163620.696566842;-1;;;;;;;;;;;;;;;;;;;;;;;;;;;;;;;;;;;;;;;;;;;;;;;;;;;;;;;;;;;;;;;;;;;;;;;;;;;;;
6.5;1780344006.5;0;2081.495000597238;14.313694594000716;46.62410265100586;448.123908473835;4.897311944622462;6.133907351874408;1.533476837968602;-0.2493364896106566;-10.526913400770982;-0.005408138587633744;447458.5006766749;5163622.107107212;-1;;;;;;;;;;;;;;;;;;;;;;;;;;;;;;;;;;;;;;;;;;;;;;;;;;;;;;;;;;;;;;;;;;;;;;;;;;;;;
6.75;1780344006.75;0;2082.745000299215;14.31369631750045;46.62411639100354;448.1487706149609;4.993910426034692;6.23010646904519;1.557526617261297;-0.7030655801798882;-9.866892397100174;-0.09605448479229322;447458.6459158865;5163623.632727684;-1;;;;;;;;;;;;;;;;;;;;;;;;;;;;;;;;;;;;;;;;;;;;;;;;;;;;;;;;;;;;;;;;;;;;;;;;;;;;;
7;1780344007;0;2083.995000001192;14.313698093000002;46.62413034500002;448.1742998134077;4.60334187482799;7.05884961902804;1.76471240475701;-1.0334385144805372;-8.75340181951451;-0.2169988363354979;447458.7953430233;5163625.182092742;-1;;;;;;;;;;;;;;;;;;;;;;;;;;;;;;;;;;;;;;;;;;;;;;;;;;;;;;;;;;;;;;;;;;;;;;;;;;;;;
7.25;1780344007.25;0;2085.244999995231;14.313699942999992;46.62414616449994;448.2473172256865;4.69343216834509;7.104525646045626;1.776131411511406;-2.398181678293304;-7.410294321714304;-0.4248339131591236;447458.9522784769;5163626.938700292;-1;;;;;;;;;;;;;;;;;;;;;;;;;;;;;;;;;;;;;;;;;;;;;;;;;;;;;;;;;;;;;;;;;;;;;;;;;;;;;
7.5;1780344007.5;0;2086.495000597238;14.313701891001074;46.62416208150818;448.2444748967206;4.794158780548176;7.80894862100728;1.95223715525182;102.73279636672108;-5.827910424691508;-0.8416803418740596;447459.1168108346;5163628.706077508;-1;;;;;;;;;;;;;;;;;;;;;;;;;;;;;;;;;;;;;;;;;;;;;;;;;;;;;;;;;;;;;;;;;;;;;;;;;;;;;
7.75;1780344007.75;0;2087.745000299215;14.31370399200048;46.62417957900426;448.2369013524756;4.255704438216805;7.428426195938696;1.857106548984674;317.6195411919092;-0.9008342247495986;-1.38514798477814;447459.294585284;5163630.648974346;-1;;;;;;;;;;;;;;;;;;;;;;;;;;;;;;;;;;;;;;;;;;;;;;;;;;;;;;;;;;;;;;;;;;;;;;;;;;;;;
8;1780344008;0;2088.995000001192;14.313705793000002;46.62419623450002;448.2635384792771;3.821876338283449;7.802521713127214;1.950630428281803;353.054279281874;8.878788485660716;-1.995042195870985;447459.4485780092;5163632.49850927;-1;;;;;;;;;;;;;;;;;;;;;;;;;;;;;;;;;;;;;;;;;;;;;;;;;;;;;;;;;;;;;;;;;;;;;;;;;;;;;
8.25;1780344008.25;0;2090.244999995232;14.313707493999992;46.62421373799994;448.2826470520349;3.752789055807799;7.063083031870518;1.76577075796763;352.6726064153628;12.01979738051771;-2.210966873036454;447459.5957354522;5163634.442339894;-1;;;;;;;;;;;;;;;;;;;;;;;;;;;;;;;;;;;;;;;;;;;;;;;;;;;;;;;;;;;;;;;;;;;;;;;;;;;;;
8.5;1780344008.5;0;2091.495000597238;14.313708994000716;46.62422958450782;448.3043314300797;3.409882959273787;6.598938172400166;1.649734543100041;353.5654747435865;12.382440344902612;-1.999853426202866;447459.7259018633;5163636.202181866;-1;;;;;;;;;;;;;;;;;;;;;;;;;;;;;;;;;;;;;;;;;;;;;;;;;;;;;;;;;;;;;;;;;;;;;;;;;;;;;
8.75;1780344008.75;0;2092.745000299215;14.313710270500268;46.6242443950033;448.3228284262632;3.434290137519125;6.215495650908472;1.553873912727118;354.491459094878;12.666716482490158;-1.646376993979625;447459.837955391;5163637.84705257;-1;;;;;;;;;;;;;;;;;;;;;;;;;;;;;;;;;;;;;;;;;;;;;;;;;;;;;;;;;;;;;;;;;;;;;;;;;;;;;
9;1780344009;0;2093.995000001192;14.313711495000002;46.62425834400002;448.3375066967233;3.055661972842666;5.540029938566746;1.385007484641687;355.4681942238253;13.339371306523694;-1.403628273294529;447459.945194448;5163639.396229402;-1;;;;;;;;;;;;;;;;;;;;;;;;;;;;;;;;;;;;;;;;;;;;;;;;;;;;;;;;;;;;;;;;;;;;;;;;;;;;;
9.25;1780344009.25;0;2095.244999995231;14.313712446999996;46.62427078249996;448.3613887214799;2.888550586401833;4.732092866954264;1.183023216738566;355.3487235784748;14.775345138736902;-1.464031024122172;447460.0301104205;5163640.777743586;-1;;;;;;;;;;;;;;;;;;;;;;;;;;;;;;;;;;;;;;;;;;;;;;;;;;;;;;;;;;;;;;;;;;;;;;;;;;;;;
9.5;1780344009.5;0;2096.495000597238;14.313713246500418;46.62428140750508;448.3789743882662;3.087050976705189;4.135284221926751;1.0338210554816876;353.4352486898632;15.909383197243674;-1.939387022874055;447460.1015969888;5163641.957846406;-1;;;;;;;;;;;;;;;;;;;;;;;;;;;;;;;;;;;;;;;;;;;;;;;;;;;;;;;;;;;;;;;;;;;;;;;;;;;;;
9.75;1780344009.75;0;2097.745000299215;14.31371397250015;46.624290691502;448.3923713904888;2.523828586933893;3.68427217607351;0.9210680440183774;351.1635052942547;16.65300748190314;-2.785076346995031;447460.16615917;5163642.988987266;-1;;;;;;;;;;;;;;;;;;;;;;;;;;;;;;;;;;;;;;;;;;;;;;;;;;;;;;;;;;;;;;;;;;;;;;;;;;;;;
10;1780344010;0;2098.995000001192;14.313714498;46.62429896700002;448.3868077340704;3.340284027189949;2.533877204505059;0.6334693011262648;346.3084579687321;17.11118505785373;-4.03818733771912;447460.2143960489;5163643.908198782;-1;;;;;;;;;;;;;;;;;;;;;;;;;;;;;;;;;;;;;;;;;;;;;;;;;;;;;;;;;;;;;;;;;;;;;;;;;;;;;
10.25;1780344010.25;0;2100.244999995231;14.313714949;46.62430465549998;448.4085389828742;2.210969870506526;1.927632556062529;0.4819081390156322;342.8028858697799;16.84405996380245;-5.402736404608378;447460.2544265849;5163644.539996344;-1;;;;;;;;;;;;;;;;;;;;;;;;;;;;;;;;;;;;;;;;;;;;;;;;;;;;;;;;;;;;;;;;;;;;;;;;;;;;;
10.5;1780344010.5;0;2101.495000597238;14.313715199000118;46.62430898600168;448.4137492415818;2.808430586362805;1.094137309257538;0.2735343273143845;336.9962215401941;14.266540118380724;-5.870531428486328;447460.2777554195;5163645.02102901;-1;;;;;;;;;;;;;;;;;;;;;;;;;;;;;;;;;;;;;;;;;;;;;;;;;;;;;;;;;;;;;;;;;;;;;;;;;;;;;
10.75;1780344010.75;0;2102.745000299215;14.313715374500032;46.62431144300042;448.4251199658404;0.7161489482936274;0.4243911468536621;0.10609778671341552;333.5593363658971;9.579990592590506;-5.09676549812224;447460.2935681908;5163645.293930302;-1;;;;;;;;;;;;;;;;;;;;;;;;;;;;;;;;;;;;;;;;;;;;;;;;;;;;;;;;;;;;;;;;;;;;;;;;;;;;;
11;1780344011;0;2103.995000001192;14.3137154;46.624312397;448.4287007375767;179.1000002145945;0.09762914656100704;0.02440728664025176;148.6233447594865;5.170604909907072;-3.450629512349851;447460.2964433591;5163645.399920406;-1;;;;;;;;;;;;;;;;;;;;;;;;;;;;;;;;;;;;;;;;;;;;;;;;;;;;;;;;;;;;;;;;;;;;;;;;;;;;;
11.25;1780344011.25;0;2105.244999995231;14.3137154;46.6243121775;448.4286239629352;180;0.3440373171745786;0.08600932929364466;33669.05564341521;0.4775574147649782;-1.222452656715461;447460.2962309963;5163645.375529872;-1;;;;;;;;;;;;;;;;;;;;;;;;;;;;;;;;;;;;;;;;;;;;;;;;;;;;;;;;;;;;;;;;;;;;;;;;;;;;;
11.5;1780344011.5;0;2106.495000597238;14.3137154;46.62431140399952;448.4220264609184;185.4953373422598;0.4141520599817405;0.1035380149954351;69237.3147898462;-7.590771142137778;2.192649983930124;447460.2954826471;5163645.28957958;-1;;;;;;;;;;;;;;;;;;;;;;;;;;;;;;;;;;;;;;;;;;;;;;;;;;;;;;;;;;;;;;;;;;;;;;;;;;;;;
11.75;1780344011.75;0;2107.745000299215;14.31371525099994;46.6243104784998;448.4153274726688;226.0666915079974;0.3116870940122846;0.07792177350307114;83.05825653856016;-11.477430082917838;4.121296222791539;447460.2831803128;5163645.186838658;-1;;;;;;;;;;;;;;;;;;;;;;;;;;;;;;;;;;;;;;;;;;;;;;;;;;;;;;;;;;;;;;;;;;;;;;;;;;;;;
12;1780344012;0;2108.995000001192;14.313714503499998;46.6243100015;448.4154536857548;305.7158617993029;0.6528939395246094;0.1632234848811524;-0.7362542032487866;-11.626221005865582;4.465331669973055;447460.2254928227;5163645.134333358;-1;;;;;;;;;;;;;;;;;;;;;;;;;;;;;;;;;;;;;;;;;;;;;;;;;;;;;;;;;;;;;;;;;;;;;;;;;;;;;
12.25;1780344012.25;0;2110.244999995231;14.31371283450001;46.6243109185;448.5920395961514;315.4340985664017;1.129242812278073;0.2823107030695182;-13.16276132892428;-11.102116930886112;4.180111568448784;447460.0986071614;5163645.237341612;-1;;;;;;;;;;;;;;;;;;;;;;;;;;;;;;;;;;;;;;;;;;;;;;;;;;;;;;;;;;;;;;;;;;;;;;;;;;;;;
12.5;1780344012.5;0;2111.495000597238;14.313710261498628;46.62431274150102;448.6337878111683;317.4508842994243;1.639345552006469;0.4098363880016173;-17.03636934920954;-10.244230753140488;3.419919205689737;447459.9033908475;5163645.441626012;-1;;;;;;;;;;;;;;;;;;;;;;;;;;;;;;;;;;;;;;;;;;;;;;;;;;;;;;;;;;;;;;;;;;;;;;;;;;;;;
12.75;1780344012.75;0;2112.745000299215;14.313706641499014;46.62431546250074;448.6766825967699;318.9598805902097;2.01574348687137;0.5039358717178424;-19.49321810455639;-9.195635747543912;2.413622016061859;447459.6288888132;5163645.746392678;-1;;;;;;;;;;;;;;;;;;;;;;;;;;;;;;;;;;;;;;;;;;;;;;;;;;;;;;;;;;;;;;;;;;;;;;;;;;;;;
13;1780344013;0;2113.995000001192;14.313702317499996;46.624318886;448.7170423915686;316.8899923790555;2.590261040103424;0.647565260025856;-17.66351432475103;-8.07962197889476;1.34596760429916;447459.3011707287;5163646.129689386;-1;;;;;;;;;;;;;;;;;;;;;;;;;;;;;;;;;;;;;;;;;;;;;;;;;;;;;;;;;;;;;;;;;;;;;;;;;;;;;
13.25;1780344013.25;0;2115.244999995231;14.313696550500024;46.62432315549998;449.3475845610361;316.9754493457651;2.843857749532606;0.7109644373831516;-17.25166613538668;-6.741929494828914;0.2547123718009245;447458.8638000903;5163646.60795441;-1;;;;;;;;;;;;;;;;;;;;;;;;;;;;;;;;;;;;;;;;;;;;;;;;;;;;;;;;;;;;;;;;;;;;;;;;;;;;;
13.5;1780344013.5;0;2116.495000597238;14.313690125996894;46.62432778300202;449.6314721145988;315.0727495679468;3.159424540214396;0.789856135053599;-14.551539568678792;-5.166135379488766;-0.6009891106451768;447458.3764397477;5163647.12643844;-1;;;;;;;;;;;;;;;;;;;;;;;;;;;;;;;;;;;;;;;;;;;;;;;;;;;;;;;;;;;;;;;;;;;;;;;;;;;;;
13.75;1780344013.75;0;2117.745000299215;14.313682880998146;46.62433285250134;449.8472919247788;314.5877697353044;3.190961874435019;0.7977404686087546;-13.41802561941165;-2.934738212409678;-1.312644149044106;447457.8266928644;5163647.694583562;-1;;;;;;;;;;;;;;;;;;;;;;;;;;;;;;;;;;;;;;;;;;;;;;;;;;;;;;;;;;;;;;;;;;;;;;;;;;;;;
14;1780344014;0;2118.995000001192;14.313675429499992;46.6243378805;449.3175299095438;312.2292675195107;3.495153853612752;0.8737884634031882;-10.991967455079614;1.649085538603181;-1.759090702656459;447457.2610970513;5163648.25825489;-1;;;;;;;;;;;;;;;;;;;;;;;;;;;;;;;;;;;;;;;;;;;;;;;;;;;;;;;;;;;;;;;;;;;;;;;;;;;;;
14.25;1780344014.25;0;2120.244999995231;14.31366698100003;46.62434317999998;448.9226305760663;312.7035667181305;3.2664198420848;0.8166049605212;-11.951625813171188;6.19278034517781;-2.182370596237456;447456.6194371001;5163648.852759734;-1;;;;;;;;;;;;;;;;;;;;;;;;;;;;;;;;;;;;;;;;;;;;;;;;;;;;;;;;;;;;;;;;;;;;;;;;;;;;;
14.5;1780344014.5;0;2121.495000597238;14.313659082496118;46.62434813050234;448.6225537727363;310.9098848507066;3.161740204822016;0.7904350512055042;-10.664570774501838;6.903907717648614;-2.405964351392114;447456.0195453518;5163649.40811788;-1;;;;;;;;;;;;;;;;;;;;;;;;;;;;;;;;;;;;;;;;;;;;;;;;;;;;;;;;;;;;;;;;;;;;;;;;;;;;;
14.75;1780344014.75;0;2122.745000299215;14.313651255498176;46.62435278200108;448.5872785185404;310.6041440837542;2.667429375043341;0.6668573437608354;-10.708017056041336;7.11100273449481;-2.430119067547222;447455.4248386443;5163649.930203552;-1;;;;;;;;;;;;;;;;;;;;;;;;;;;;;;;;;;;;;;;;;;;;;;;;;;;;;;;;;;;;;;;;;;;;;;;;;;;;;
15;1780344015;0;2123.995000001192;14.313644625499994;46.62435668500002;448.5790699607683;310.5805117586894;2.442269217397979;0.6105673043494948;-10.690640786305452;7.058735915208868;-2.251187827528364;447454.92104587;5163650.368319072;-1;;;;;;;;;;;;;;;;;;;;;;;;;;;;;;;;;;;;;;;;;;;;;;;;;;;;;;;;;;;;;;;;;;;;;;;;;;;;;
15.25;1780344015.25;0;2125.244999995231;14.31363847100002;46.62436018999998;448.6085644398566;306.3056072821751;1.978835360334948;0.4947088400837372;-6.205357023840696;7.89517774896603;-2.004772335838566;447454.4532705322;5163650.76189257;-1;;;;;;;;;;;;;;;;;;;;;;;;;;;;;;;;;;;;;;;;;;;;;;;;;;;;;;;;;;;;;;;;;;;;;;;;;;;;;
15.5;1780344015.5;0;2126.495000597238;14.31363331999761;46.62436288800144;448.6102150182903;308.6243739627256;1.662194825136387;0.4155487062840967;-8.30655145109555;8.915510661257808;-1.696321816829104;447454.0615386181;5163651.065124578;-1;;;;;;;;;;;;;;;;;;;;;;;;;;;;;;;;;;;;;;;;;;;;;;;;;;;;;;;;;;;;;;;;;;;;;;;;;;;;;
15.75;1780344015.75;0;2127.745000299215;14.313629064999102;46.62436521750046;448.9785999167362;305.2322457283443;1.216045408270227;0.3040113520675567;-4.8586004576302;9.622592091707016;-1.501359584944938;447453.7380450541;5163651.32681182;-1;;;;;;;;;;;;;;;;;;;;;;;;;;;;;;;;;;;;;;;;;;;;;;;;;;;;;;;;;;;;;;;;;;;;;;;;;;;;;
16;1780344016;0;2128.995000001192;14.313625812499998;46.624366794;449.2217980550893;291.2891587891918;0.5655676494668244;0.1413919123667061;9.010385670092676;8.85831058358726;-1.209485497452042;447453.490570702;5163651.504158514;-1;;;;;;;;;;;;;;;;;;;;;;;;;;;;;;;;;;;;;;;;;;;;;;;;;;;;;;;;;;;;;;;;;;;;;;;;;;;;;
16.25;1780344016.25;0;2130.244999995231;14.313624128500004;46.6243673225;449.3134724026661;295.9904687618227;0.2408821665887935;0.06022054164719838;4.219524699623907;5.679302983116606;-0.72888531668249;447453.3621610258;5163651.564007332;-1;;;;;;;;;;;;;;;;;;;;;;;;;;;;;;;;;;;;;;;;;;;;;;;;;;;;;;;;;;;;;;;;;;;;;;;;;;;;;
16.5;1780344016.5;0;2131.495000597238;14.313623500999882;46.62436765049994;449.3465135453826;197.8604799271649;0.1556976914257445;0.03892442285643613;102.28892530847052;3.214545877872199;-0.3072762895318565;447453.3144392219;5163651.600872552;-1;;;;;;;;;;;;;;;;;;;;;;;;;;;;;;;;;;;;;;;;;;;;;;;;;;;;;;;;;;;;;;;;;;;;;;;;;;;;;
16.75;1780344016.75;0;2132.745000299215;14.31362354900006;46.62436730199988;449.3457616020471;120.21331612101526;0.1900118126529151;0.04750295316322878;179.9620008924002;1.266944219708653;0.01779751578334541;447453.3177767313;5163651.56211571;-1;;;;;;;;;;;;;;;;;;;;;;;;;;;;;;;;;;;;;;;;;;;;;;;;;;;;;;;;;;;;;;;;;;;;;;;;;;;;;
17;1780344017;0;2133.995000001192;14.313624097500002;46.6243671005;449.3164752834188;131.0173703497649;0.271668363503895;0.06791709087597376;169.2383018301661;-0.2023737574140313;0.2367985865506542;447453.3595729643;5163651.539359668;-1;;;;;;;;;;;;;;;;;;;;;;;;;;;;;;;;;;;;;;;;;;;;;;;;;;;;;;;;;;;;;;;;;;;;;;;;;;;;;
17.25;1780344017.25;0;2135.244999995231;14.313624771499998;46.624366702;449.2807540374316;130.836642733725;0.3362183067547621;0.08405457668869052;169.4918548254321;-1.285428651377862;0.3264559834455799;447453.4107864173;5163651.494629582;-1;;;;;;;;;;;;;;;;;;;;;;;;;;;;;;;;;;;;;;;;;;;;;;;;;;;;;;;;;;;;;;;;;;;;;;;;;;;;;
17.5;1780344017.5;0;2136.495000597238;14.313625597000356;46.62436620199976;449.2372533450672;122.19626692927718;0.2209699156761217;0.05524247891903042;178.1407957633159;-1.888931640185741;0.3343779672633858;447453.4734999887;5163651.438519934;-1;;;;;;;;;;;;;;;;;;;;;;;;;;;;;;;;;;;;;;;;;;;;;;;;;;;;;;;;;;;;;;;;;;;;;;;;;;;;;
17.75;1780344017.75;0;2137.745000299215;14.31362619800012;46.62436592549998;449.2057534050685;110.00243836135692;0.1625370756637827;0.04063426891594568;190.2931819672576;-2.305166514079891;0.2999900589737773;447453.5192428528;5163651.40739501;-1;;;;;;;;;;;;;;;;;;;;;;;;;;;;;;;;;;;;;;;;;;;;;;;;;;;;;;;;;;;;;;;;;;;;;;;;;;;;;
18;1780344018;0;2138.995000001192;14.313626698;46.6243658005;449.1798026296537;125.97573003722254;0.0837927001666824;0.0209481750416706;174.2637469130021;-2.486721801447294;0.2666416290225376;447453.557400116;5163651.393171866;-1;;;;;;;;;;;;;;;;;;;;;;;;;;;;;;;;;;;;;;;;;;;;;;;;;;;;;;;;;;;;;;;;;;;;;;;;;;;;;
18.25;1780344018.25;0;2140.244999995231;14.313626949;46.6243657245;449.1673098949887;40.72772205361359;0.07224000209231382;0.01806000052307845;259.4701192770497;-2.447545385490648;0.1686479389755414;447453.5765422476;5163651.384559522;-1;;;;;;;;;;;;;;;;;;;;;;;;;;;;;;;;;;;;;;;;;;;;;;;;;;;;;;;;;;;;;;;;;;;;;;;;;;;;;
18.5;1780344018.5;0;2141.495000597238;14.3136271;46.62436584950006;449.1587801748839;133.6501612542452;0.05075495737478198;0.012688739343695494;166.5520683144991;-2.092100525742518;0.01349475224951402;447453.5882232223;5163651.398348694;-1;;;;;;;;;;;;;;;;;;;;;;;;;;;;;;;;;;;;;;;;;;;;;;;;;;;;;;;;;;;;;;;;;;;;;;;;;;;;;
18.75;1780344018.75;0;2142.745000299215;14.31362695099994;46.6243659;449.1660484163548;322.9308409400565;0.1927918785717404;0.0481979696429351;-22.70649743722677;-1.5460667746058;-0.1274312096915835;447453.5768651715;5163651.404059506;-1;;;;;;;;;;;;;;;;;;;;;;;;;;;;;;;;;;;;;;;;;;;;;;;;;;;;;;;;;;;;;;;;;;;;;;;;;;;;;
19;1780344019;0;2143.995000001192;14.313626701;46.624366298;449.1764589997234;306.2309574794222;0.2025799290978031;0.05064498227445078;-5.98026321364446;-0.8568650866322264;-0.2275990161375017;447453.558111171;5163651.44845137;-1;;;;;;;;;;;;;;;;;;;;;;;;;;;;;;;;;;;;;;;;;;;;;;;;;;;;;;;;;;;;;;;;;;;;;;;;;;;;;
19.25;1780344019.25;0;2145.244999995231;14.313626202;46.624366598;449.2014632027162;320.7509868867271;0.2348156194522941;0.05870390486307352;-20.49643948318977;-0.3394802314524656;-0.2728309262150983;447453.5201997876;5163651.482119608;-1;;;;;;;;;;;;;;;;;;;;;;;;;;;;;;;;;;;;;;;;;;;;;;;;;;;;;;;;;;;;;;;;;;;;;;;;;;;;;
19.5;1780344019.5;0;2146.495000597238;14.313625701999762;46.62436699900012;449.2267898880956;312.6389117832937;0.2495820528548945;0.06239551321372362;-12.399030190561566;0.0820437568074853;-0.3292008513164074;447453.4823095561;5163651.527011506;-1;;;;;;;;;;;;;;;;;;;;;;;;;;;;;;;;;;;;;;;;;;;;;;;;;;;;;;;;;;;;;;;;;;;;;;;;;;;;;
19.75;1780344019.75;0;2147.745000299215;14.31362512749985;46.62436739800012;449.2569332672909;309.4471871922586;0.2090233520336777;0.05225583800841942;-9.236141088642928;0.4094530256559728;-0.3730980685479028;447453.4387139601;5163651.57173082;-1;;;;;;;;;;;;;;;;;;;;;;;;;;;;;;;;;;;;;;;;;;;;;;;;;;;;;;;;;;;;;;;;;;;;;;;;;;;;;
20;1780344020;0;2148.995000001192;14.313624602;46.624367699;449.285006487474;290.082706792314;0.1885505585739591;0.04713763964348978;10.11179787745733;0.650420681310303;-0.4306301643766901;447453.3987748088;5163651.60552783;-1;;;;;;;;;;;;;;;;;;;;;;;;;;;;;;;;;;;;;;;;;;;;;;;;;;;;;;;;;;;;;;;;;;;;;;;;;;;;;
20.25;1780344020.25;0;2150.244999995231;14.313624077500002;46.6243679225;449.3131888153403;316.8178656599734;0.2587932395139697;0.06469830987849242;-16.67938532083621;0.8156409970716478;-0.4765890668794716;447453.3588372134;5163651.630712494;-1;;;;;;;;;;;;;;;;;;;;;;;;;;;;;;;;;;;;;;;;;;;;;;;;;;;;;;;;;;;;;;;;;;;;;;;;;;;;;
20.5;1780344020.5;0;2151.495000597238;14.31362350199976;46.62436834950006;449.342644542794;280.1012195681404;0.154375302101165;0.03859382552529124;19.70736898628888;0.9230463165427682;-0.4801453950511824;447453.3151921306;5163651.678543802;-1;;;;;;;;;;;;;;;;;;;;;;;;;;;;;;;;;;;;;;;;;;;;;;;;;;;;;;;;;;;;;;;;;;;;;;;;;;;;;
20.75;1780344020.75;0;2152.745000299215;14.31362300199988;46.62436839999998;449.369302933389;322.9308417418658;0.1994762685639505;0.04986906714098764;-24.29246533541868;0.9121212432764508;-0.4583933153158446;447453.2769627819;5163651.684488612;-1;;;;;;;;;;;;;;;;;;;;;;;;;;;;;;;;;;;;;;;;;;;;;;;;;;;;;;;;;;;;;;;;;;;;;;;;;;;;;
21;1780344021;0;2153.995000001192;14.313622700999998;46.624368798;449.3828663721743;306.2309578246311;0.08882578969820494;0.02220644742455123;-9.5024759543721;0.8522497913057498;-0.4171565196909771;447453.2543044107;5163651.728914478;-1;;;;;;;;;;;;;;;;;;;;;;;;;;;;;;;;;;;;;;;;;;;;;;;;;;;;;;;;;;;;;;;;;;;;;;;;;;;;;
21.25;1780344021.25;0;2155.244999995231;14.313622451;46.6243689;449.3951776597613;270;0.07636631315125332;0.01909157828781333;23.59591868262111;0.7173515571877094;-0.3615904754046707;447453.2352639965;5163651.740415238;-1;;;;;;;;;;;;;;;;;;;;;;;;;;;;;;;;;;;;;;;;;;;;;;;;;;;;;;;;;;;;;;;;;;;;;;;;;;;;;
21.5;1780344021.5;0;2156.495000597238;14.31362220099988;46.6243689;449.4079267195386;270;0.05360909848661102;0.013402274621652754;19.36518844708793;0.5546142181007694;-0.3357963253031702;447453.2161248753;5163651.7405819;-1;;;;;;;;;;;;;;;;;;;;;;;;;;;;;;;;;;;;;;;;;;;;;;;;;;;;;;;;;;;;;;;;;;;;;;;;;;;;;
21.75;1780344021.75;0;2157.745000299215;14.31362202549997;46.6243689;449.4167610981597;68.84991921193214;0.007789351074940248;0.001947337768735062;215.4322890351732;0.3861936203168541;-0.3025609538256188;447453.2026892265;5163651.740698898;-1;;;;;;;;;;;;;;;;;;;;;;;;;;;;;;;;;;;;;;;;;;;;;;;;;;;;;;;;;;;;;;;;;;;;;;;;;;;;;
22;1780344022;0;2158.995000001192;14.313622;46.6243689;449.4180364582846;179.1000002145945;0.05537507568048194;0.013843768920120486;99.9531581301545;0.2333108293081899;-0.2251512222434092;447453.2007370395;5163651.740715898;-1;;;;;;;;;;;;;;;;;;;;;;;;;;;;;;;;;;;;;;;;;;;;;;;;;;;;;;;;;;;;;;;;;;;;;;;;;;;;;
22.25;1780344022.25;0;2160.244999995231;14.313622000000002;46.6243687755;449.4188018328546;135.9000008584037;0.03358086667471284;0.008395216668678212;138.2241534561575;-0.604795193389295;-0.11510268008420504;447453.2006165713;5163651.72688163;-1;;;;;;;;;;;;;;;;;;;;;;;;;;;;;;;;;;;;;;;;;;;;;;;;;;;;;;;;;;;;;;;;;;;;;;;;;;;;;
22.5;1780344022.5;0;2161.495000597238;14.313622;46.6243687;449.4192543670196;95.48280115669246;0.10197990186347488;0.02549497546586872;175.3507497133982;-6.370571012939106;0.3461618414325653;447453.2005435162;5163651.718492176;-1;;;;;;;;;;;;;;;;;;;;;;;;;;;;;;;;;;;;;;;;;;;;;;;;;;;;;;;;;;;;;;;;;;;;;;;;;;;;;
22.75;1780344022.75;0;2162.745000299215;14.31362192549997;46.6243684764999;449.4241866223728;250.3380736082304;0.313578615515065;0.07839465387876624;18.48137938301717;-11.668261982088672;0.3262928977546255;447453.194623795;5163651.693706822;-1;;;;;;;;;;;;;;;;;;;;;;;;;;;;;;;;;;;;;;;;;;;;;;;;;;;;;;;;;;;;;;;;;;;;;;;;;;;;;
23;1780344023;0;2163.995000001192;14.313620904999998;46.6243684;449.4717358750538;270.0000007556611;0.8675209037119948;0.2168802259279987;-1.907416246988482;-12.330333028377846;0.09469178225425728;447453.1164239204;5163651.685886576;-1;;;;;;;;;;;;;;;;;;;;;;;;;;;;;;;;;;;;;;;;;;;;;;;;;;;;;;;;;;;;;;;;;;;;;;;;;;;;;
23.25;1780344023.25;0;2165.244999995231;14.313618065000014;46.6243684;450.0105161922003;270.0000012111789;1.387423366817374;0.3468558417043436;-1.533266921181712;-12.613676999009908;0.01856393694958868;447452.8990036131;5163651.687779872;-1;;;;;;;;;;;;;;;;;;;;;;;;;;;;;;;;;;;;;;;;;;;;;;;;;;;;;;;;;;;;;;;;;;;;;;;;;;;;;
23.5;1780344023.5;0;2166.495000597238;14.313613522997252;46.6243684;449.99918869301;270.0000017793451;1.892966914289847;0.4732417285724618;-0.4728157499474716;-12.42162801251302;-0.03431475345049596;447452.5512840196;5163651.69080783;-1;;;;;;;;;;;;;;;;;;;;;;;;;;;;;;;;;;;;;;;;;;;;;;;;;;;;;;;;;;;;;;;;;;;;;;;;;;;;;
23.75;1780344023.75;0;2167.745000299215;14.313607325998444;46.62436839999998;450.0488180317549;270.0000023436592;2.502216964285749;0.6255542410714374;0.7723826892788316;-12.035493555994744;-0.0225128340563367;447452.0768638085;5163651.694939132;-1;;;;;;;;;;;;;;;;;;;;;;;;;;;;;;;;;;;;;;;;;;;;;;;;;;;;;;;;;;;;;;;;;;;;;;;;;;;;;
24;1780344024;0;2168.995000001192;14.313599134499992;46.6243684;450.0688013344377;270.0000026159994;2.898405667253758;0.7246014168134394;1.637014985815305;-11.639837014387846;0.05017316230564166;447451.4497517926;5163651.700400144;-1;;;;;;;;;;;;;;;;;;;;;;;;;;;;;;;;;;;;;;;;;;;;;;;;;;;;;;;;;;;;;;;;;;;;;;;;;;;;;
24.25;1780344024.25;0;2170.244999995231;14.313589646000044;46.6243684;449.3026556638273;270.5949746039812;3.679769215685995;0.9199423039214988;1.0264605079150772;-11.16776434825589;0.09309875522260442;447450.7233459502;5163651.706725922;-1;;;;;;;;;;;;;;;;;;;;;;;;;;;;;;;;;;;;;;;;;;;;;;;;;;;;;;;;;;;;;;;;;;;;;;;;;;;;;
24.5;1780344024.5;0;2171.495000597238;14.313577601493848;46.62436854850018;448.6547761614718;271.2263714328821;3.910685741175446;0.9776714352938614;-0.10229340098427824;-10.134917815794842;0.03973316228195909;447449.8014050523;5163651.731256984;-1;;;;;;;;;;;;;;;;;;;;;;;;;;;;;;;;;;;;;;;;;;;;;;;;;;;;;;;;;;;;;;;;;;;;;;;;;;;;;
24.75;1780344024.75;0;2172.745000299215;14.313564800996948;46.6243687;448.812966405538;271.0187132514021;4.503424631708757;1.125856157927189;-0.463398946669025;-9.024210901220528;-0.07900301083986914;447448.8215910984;5163651.756625518;-1;;;;;;;;;;;;;;;;;;;;;;;;;;;;;;;;;;;;;;;;;;;;;;;;;;;;;;;;;;;;;;;;;;;;;;;;;;;;;
25;1780344025;0;2173.995000001192;14.313550060999984;46.624368899;449.1900544249645;270.0068412332696;4.625366511745986;1.156341627936497;0.12255354452275454;-7.73304698370523;-0.2631629202131134;447447.6933418846;5163651.788565462;-1;;;;;;;;;;;;;;;;;;;;;;;;;;;;;;;;;;;;;;;;;;;;;;;;;;;;;;;;;;;;;;;;;;;;;;;;;;;;;
25.25;1780344025.25;0;2175.244999995231;14.313534919000066;46.6243689245;448.9995025242569;270.4564176913987;5.148420796544866;1.287105199136217;-0.6473666737028412;-6.730918099847398;-0.3067630231784838;447446.5341488612;5163651.801494596;-1;;;;;;;;;;;;;;;;;;;;;;;;;;;;;;;;;;;;;;;;;;;;;;;;;;;;;;;;;;;;;;;;;;;;;;;;;;;;;
25.5;1780344025.5;0;2176.495000597238;14.313518064992236;46.624369;450.1285456745039;270.0000050799689;5.396192806380484;1.349048201595121;-0.5890212552668076;-5.79998230992333;-0.3915638005669931;447445.2439389842;5163651.82112135;-1;;;;;;;;;;;;;;;;;;;;;;;;;;;;;;;;;;;;;;;;;;;;;;;;;;;;;;;;;;;;;;;;;;;;;;;;;;;;;
25.75;1780344025.75;0;2177.745000299215;14.313500399495542;46.624369;453.739761930588;271.2026494584999;5.873149715395282;1.46828742884882;-2.049651231038006;-2.749554252920265;-0.4266448148729488;447443.8915313406;5163651.832899998;-1;;;;;;;;;;;;;;;;;;;;;;;;;;;;;;;;;;;;;;;;;;;;;;;;;;;;;;;;;;;;;;;;;;;;;;;;;;;;;
26;1780344026;0;2178.995000001192;14.313481177499982;46.6243692985;456.3013581130846;270.008076570233;5.468283564356586;1.367070891089147;-1.219433832402114;5.957584120668878;-0.441544506193339;447442.4202525669;5163651.878885684;-1;;;;;;;;;;;;;;;;;;;;;;;;;;;;;;;;;;;;;;;;;;;;;;;;;;;;;;;;;;;;;;;;;;;;;;;;;;;;;
26.25;1780344026.25;0;2180.244999995231;14.313463276000072;46.6243693;455.7709395228038;269.5211383999129;5.441347676792388;1.360336919198097;-1.431677508254621;10.558900047239858;-0.556728551156715;447441.0497788164;5163651.89098903;-1;;;;;;;;;;;;;;;;;;;;;;;;;;;;;;;;;;;;;;;;;;;;;;;;;;;;;;;;;;;;;;;;;;;;;;;;;;;;;
26.5;1780344026.5;0;2181.495000597238;14.313445463992356;46.62436915149982;452.4961442069754;269.0129536623033;4.956170087226542;1.239042521806636;-1.446377949421779;10.594362314259402;-0.6132845605100878;447439.6860110873;5163651.88636518;-1;;;;;;;;;;;;;;;;;;;;;;;;;;;;;;;;;;;;;;;;;;;;;;;;;;;;;;;;;;;;;;;;;;;;;;;;;;;;;
26.75;1780344026.75;0;2182.745000299215;14.313429240496082;46.624369;449.3841603430799;270.0000041969829;4.363720567094106;1.090930141773526;-3.001459173766033;10.503173053049476;-0.6206151559589996;447438.4438512419;5163651.88034904;-1;;;;;;;;;;;;;;;;;;;;;;;;;;;;;;;;;;;;;;;;;;;;;;;;;;;;;;;;;;;;;;;;;;;;;;;;;;;;;
27;1780344027;0;2183.995000001192;14.313414954999988;46.624369;449.0279439400344;269.2522113724418;4.156090747929771;1.0390226869824426;-3.213599026673377;10.456888407878698;-0.6996082952335786;447437.3502044326;5163651.889875232;-1;;;;;;;;;;;;;;;;;;;;;;;;;;;;;;;;;;;;;;;;;;;;;;;;;;;;;;;;;;;;;;;;;;;;;;;;;;;;;
27.25;1780344027.25;0;2185.244999995232;14.313401350000048;46.6243689;449.0402255519704;269.7476900972463;3.531094022624794;0.8827735056561986;-5.209262016143192;11.318370384446824;-0.973177611746257;447436.3085571981;5163651.887835982;-1;;;;;;;;;;;;;;;;;;;;;;;;;;;;;;;;;;;;;;;;;;;;;;;;;;;;;;;;;;;;;;;;;;;;;;;;;;;;;
27.5;1780344027.5;0;2186.495000597238;14.313389790495162;46.62436885049994;449.0400857894271;269.4799289948136;3.024645385502351;0.7561613463755878;-6.878891640065314;12.620945444455618;-1.471673385485983;447435.4235546721;5163651.890044298;-1;;;;;;;;;;;;;;;;;;;;;;;;;;;;;;;;;;;;;;;;;;;;;;;;;;;;;;;;;;;;;;;;;;;;;;;;;;;;;
27.75;1780344027.75;0;2187.745000299215;14.313379888997666;46.6243688;449.0342837417371;268.9286230302165;2.370821606732548;0.592705401683137;-8.298578432608694;13.63191694464193;-2.030870180512944;447434.6654823314;5163651.891035932;-1;;;;;;;;;;;;;;;;;;;;;;;;;;;;;;;;;;;;;;;;;;;;;;;;;;;;;;;;;;;;;;;;;;;;;;;;;;;;;
28;1780344028;0;2188.995000001192;14.313372128999994;46.6243687005;449.0301303082732;265.2150053750298;1.849082413324402;0.4622706033311004;-6.191731560005772;14.511437367665246;-2.523925048286713;447434.0713081748;5163651.885154686;-1;;;;;;;;;;;;;;;;;;;;;;;;;;;;;;;;;;;;;;;;;;;;;;;;;;;;;;;;;;;;;;;;;;;;;;;;;;;;;
28.25;1780344028.25;0;2190.244999995232;14.313366091500016;46.6243684;449.0198187515597;270.0000011084657;1.108838768609352;0.2772096921523381;-11.421072815250988;13.954058394483976;-2.484670573278628;447433.6088077544;5163651.855789928;-1;;;;;;;;;;;;;;;;;;;;;;;;;;;;;;;;;;;;;;;;;;;;;;;;;;;;;;;;;;;;;;;;;;;;;;;;;;;;;
28.5;1780344028.5;0;2191.495000597238;14.313362461498628;46.6243684;449.0175274438177;264.8938509037865;0.537876234922912;0.134469058730728;-6.630367735215364;11.056621023835754;-1.933517508512176;447433.330907746;5163651.858210782;-1;;;;;;;;;;;;;;;;;;;;;;;;;;;;;;;;;;;;;;;;;;;;;;;;;;;;;;;;;;;;;;;;;;;;;;;;;;;;;
28.75;1780344028.75;0;2192.745000299215;14.31336070399976;46.62436832549998;449.0163570634056;133.2695117479613;0.03387610084826449;0.008469025212066122;124.64530629858764;6.714992859986576;-1.098689301940766;447433.1962877621;5163651.851104526;-1;;;;;;;;;;;;;;;;;;;;;;;;;;;;;;;;;;;;;;;;;;;;;;;;;;;;;;;;;;;;;;;;;;;;;;;;;;;;;
29;1780344029;0;2193.995000001192;14.3133605995;46.6243683;449.016284590946;89.99999962283282;0.2888172596572579;0.07220431491431446;167.7446006874651;2.690039950820617;-0.2422548712906834;447433.1882629496;5163651.848340694;-1;;;;;;;;;;;;;;;;;;;;;;;;;;;;;;;;;;;;;;;;;;;;;;;;;;;;;;;;;;;;;;;;;;;;;;;;;;;;;
29.25;1780344029.25;0;2195.244999995232;14.313361544999996;46.6243683;449.0168949655819;89.99999968146692;0.3969521109642815;0.09923802774107036;167.8594044647395;-0.10088226462474668;0.3696217945672424;447433.2606470688;5163651.847710136;-1;;;;;;;;;;;;;;;;;;;;;;;;;;;;;;;;;;;;;;;;;;;;;;;;;;;;;;;;;;;;;;;;;;;;;;;;;;;;;
29.5;1780344029.5;0;2196.495000597238;14.313362844500656;46.6243683;449.0177636750042;89.9999996250212;0.3972572657229258;0.09931431643073144;168.1692691111021;-1.842611471313549;0.6804711579118944;447433.3601322227;5163651.846843494;-1;;;;;;;;;;;;;;;;;;;;;;;;;;;;;;;;;;;;;;;;;;;;;;;;;;;;;;;;;;;;;;;;;;;;;;;;;;;;;
29.75;1780344029.75;0;2197.745000299215;14.3133641450003;46.6243683;449.018636858275;89.99999973465628;0.3818312954249903;0.09545782385624758;168.3762135485014;-2.944377299271668;0.8198484839282586;447433.4596938551;5163651.845976192;-1;;;;;;;;;;;;;;;;;;;;;;;;;;;;;;;;;;;;;;;;;;;;;;;;;;;;;;;;;;;;;;;;;;;;;;;;;;;;;
30;1780344030;0;2198.995000001192;14.313365395000002;46.6243683;449.0194443472342;89.99999962150612;0.2455304173144572;0.0613826043286143;168.4173676831353;-3.515497622623495;0.8542320398897126;447433.5553893907;5163651.845142564;-1;;;;;;;;;;;;;;;;;;;;;;;;;;;;;;;;;;;;;;;;;;;;;;;;;;;;;;;;;;;;;;;;;;;;;;;;;;;;;
30.25;1780344030.25;0;2200.244999995232;14.313366197999998;46.6243683245;449.0199244597107;74.89815872968236;0.11249980931966668;0.02812495232991667;183.3527625529338;-3.581494965344648;0.8089666973197702;447433.6168879317;5163651.847329452;-1;;;;;;;;;;;;;;;;;;;;;;;;;;;;;;;;;;;;;;;;;;;;;;;;;;;;;;;;;;;;;;;;;;;;;;;;;;;;;
30.5;1780344030.5;0;2201.495000597238;14.31336654950006;46.6243684;449.0201331199864;179.1001075028301;0.0300883498719799;0.007522087467994976;78.96172790190978;-3.202339643481965;0.6324508520689614;447433.6438706097;5163651.85548449;-1;;;;;;;;;;;;;;;;;;;;;;;;;;;;;;;;;;;;;;;;;;;;;;;;;;;;;;;;;;;;;;;;;;;;;;;;;;;;;
30.75;1780344030.75;0;2202.745000299215;14.31336645099994;46.62436839999998;449.0200795523054;300.6507270033999;0.2137737247951869;0.05344343119879672;-42.66708538112481;-2.587399571116532;0.4223559762706991;447433.6363297911;5163651.85555018;-1;;;;;;;;;;;;;;;;;;;;;;;;;;;;;;;;;;;;;;;;;;;;;;;;;;;;;;;;;;;;;;;;;;;;;;;;;;;;;
31;1780344031;0;2203.995000001192;14.3133659025;46.6243686985;449.0198147287947;270.2057094455357;0.2516636193444881;0.06291590483612204;-12.185071770023682;-1.911364510803214;0.2459090517419839;447433.5946275261;5163651.889084878;-1;;;;;;;;;;;;;;;;;;;;;;;;;;;;;;;;;;;;;;;;;;;;;;;;;;;;;;;;;;;;;;;;;;;;;;;;;;;;;
31.25;1780344031.25;0;2205.244999995232;14.313365079500002;46.6243687245;449.0193064779268;278.968162304968;0.3630512921575103;0.09076282303937756;-20.83577198943771;-1.150644970203655;0.03954374071701041;447433.5316467375;5163651.89252282;-1;;;;;;;;;;;;;;;;;;;;;;;;;;;;;;;;;;;;;;;;;;;;;;;;;;;;;;;;;;;;;;;;;;;;;;;;;;;;;
31.5;1780344031.5;0;2206.495000597238;14.313363904999402;46.62436884950006;449.018556134422;274.1836513841548;0.4052114591862848;0.1013028647965712;-15.980338864146536;-0.4559654696837076;-0.1378871486474737;447433.4418521445;5163651.907195928;-1;;;;;;;;;;;;;;;;;;;;;;;;;;;;;;;;;;;;;;;;;;;;;;;;;;;;;;;;;;;;;;;;;;;;;;;;;;;;;
31.75;1780344031.75;0;2207.745000299215;14.313362580499672;46.6243689;449.0176795876062;275.6176193357279;0.422339518713228;0.105584879678307;-17.40873309491552;0.16349344748305;-0.2516728788109973;447433.3405020341;5163651.913690722;-1;;;;;;;;;;;;;;;;;;;;;;;;;;;;;;;;;;;;;;;;;;;;;;;;;;;;;;;;;;;;;;;;;;;;;;;;;;;;;
32;1780344032;0;2208.995000001192;14.313361205499998;46.6243689995;449.0167913617815;270.0377023822523;0.3819841767813905;0.09549604419534762;-11.877079207320452;0.6188255543061646;-0.3606340322305204;447433.2353332607;5163651.925664014;-1;;;;;;;;;;;;;;;;;;;;;;;;;;;;;;;;;;;;;;;;;;;;;;;;;;;;;;;;;;;;;;;;;;;;;;;;;;;;;
32.25;1780344032.25;0;2210.244999995231;14.313359955000004;46.624369;449.016018617747;270.000000272567;0.3667110242703769;0.09167775606759422;-11.905231408069526;1.0186842561874574;-0.4471696769069991;447433.1395999098;5163651.926553538;-1;;;;;;;;;;;;;;;;;;;;;;;;;;;;;;;;;;;;;;;;;;;;;;;;;;;;;;;;;;;;;;;;;;;;;;;;;;;;;
32.5;1780344032.5;0;2211.495000597238;14.313358754499462;46.624369;449.0153459096109;270.0000003130689;0.320891001837525;0.08022275045938126;-11.93440313051262;1.251678423135318;-0.4554835473749524;447433.047693855;5163651.92735416;-1;;;;;;;;;;;;;;;;;;;;;;;;;;;;;;;;;;;;;;;;;;;;;;;;;;;;;;;;;;;;;;;;;;;;;;;;;;;;;
32.75;1780344032.75;0;2212.745000299215;14.313357703999762;46.624369;449.0148509170967;270.0000003669799;0.2750712545104928;0.0687678136276232;-11.927998529639268;1.346898127431111;-0.4353544287788528;447432.9672713307;5163651.928054744;-1;;;;;;;;;;;;;;;;;;;;;;;;;;;;;;;;;;;;;;;;;;;;;;;;;;;;;;;;;;;;;;;;;;;;;;;;;;;;;
33;1780344033;0;2213.995000001192;14.3133568035;46.624369;449.0077368498729;270.0000000018954;0.1837372602569002;0.04593431506422506;-11.89825205648489;1.338386272798179;-0.3849797932945776;447432.8983322702;5163651.928655294;-1;;;;;;;;;;;;;;;;;;;;;;;;;;;;;;;;;;;;;;;;;;;;;;;;;;;;;;;;;;;;;;;;;;;;;;;;;;;;;
33.25;1780344033.25;0;2215.244999995232;14.313356202000002;46.624369;449.0076326117314;270;0.13761208523981;0.0344030213099525;-11.873113229922896;1.22743154684568;-0.3297932914159767;447432.8522835684;5163651.92905644;-1;;;;;;;;;;;;;;;;;;;;;;;;;;;;;;;;;;;;;;;;;;;;;;;;;;;;;;;;;;;;;;;;;;;;;;;;;;;;;
33.5;1780344033.5;0;2216.495000597238;14.31335575149982;46.624369;449.0075417385085;270;0.0917922272193119;0.02294805680482798;-11.87147590863455;1.0335474279248304;-0.2748884271053396;447432.817794875;5163651.929356882;-1;;;;;;;;;;;;;;;;;;;;;;;;;;;;;;;;;;;;;;;;;;;;;;;;;;;;;;;;;;;;;;;;;;;;;;;;;;;;;
33.75;1780344033.75;0;2217.745000299215;14.31335545099994;46.624369;449.007466374987;270;0.07636625820607104;0.01909156455151776;-11.882280619268464;0.8127441607460146;-0.2177244383678875;447432.7947896723;5163651.929557288;-1;;;;;;;;;;;;;;;;;;;;;;;;;;;;;;;;;;;;;;;;;;;;;;;;;;;;;;;;;;;;;;;;;;;;;;;;;;;;;
34;1780344034;0;2218.995000001192;14.313355201;46.624369;449.0073961006642;1.349999678113014;0.0003054651304949893;7.636628262374734e-05;256.7514493978948;0.4073107933201592;-0.1321473926452386;447432.7756505644;5163651.929724016;-1;;;;;;;;;;;;;;;;;;;;;;;;;;;;;;;;;;;;;;;;;;;;;;;;;;;;;;;;;;;;;;;;;;;;;;;;;;;;;
34.25;1780344034.25;0;2220.244999995232;14.3133552;46.624369;449.0073958155958;66.14999871239086;0.015120540780567866;0.003780135195141967;191.9785697047237;-4.175021089992305;-0.5474194156188982;447432.775574008;5163651.929724682;-1;;;;;;;;;;;;;;;;;;;;;;;;;;;;;;;;;;;;;;;;;;;;;;;;;;;;;;;;;;;;;;;;;;;;;;;;;;;;;
34.5;1780344034.5;0;2221.495000597238;14.313355150499942;46.624369;449.0073810743873;265.8991836413534;0.2452464422108746;0.06131161055271864;-7.643973192909368;-11.55873226549144;-1.456265057971613;447432.7717844596;5163651.929757696;-1;;;;;;;;;;;;;;;;;;;;;;;;;;;;;;;;;;;;;;;;;;;;;;;;;;;;;;;;;;;;;;;;;;;;;;;;;;;;;
34.75;1780344034.75;0;2222.745000299215;14.313354354999702;46.62436892549998;449.0071021083769;250.3078637733965;0.7395533696005004;0.1848883424001251;7.953336141000908;-12.722708066850342;-1.553759632392617;447432.7108116733;5163651.922009884;-1;;;;;;;;;;;;;;;;;;;;;;;;;;;;;;;;;;;;;;;;;;;;;;;;;;;;;;;;;;;;;;;;;;;;;;;;;;;;;
35;1780344035;0;2223.995000001192;14.313352109999996;46.624368303;449.0061251359084;253.2777832647817;1.412861101158097;0.3532152752895243;4.687847668752714;-12.511435987842656;-1.398852870003582;447432.5383398973;5163651.85433577;-1;;;;;;;;;;;;;;;;;;;;;;;;;;;;;;;;;;;;;;;;;;;;;;;;;;;;;;;;;;;;;;;;;;;;;;;;;;;;;
35.25;1780344035.25;0;2225.244999995231;14.31334769550002;46.624367355;449.0033073411785;250.7374452820038;1.91147782771076;0.4778694569276902;6.215921473679094;-11.768903147530366;-1.239083040203404;447432.1994637962;5163651.751939428;-1;;;;;;;;;;;;;;;;;;;;;;;;;;;;;;;;;;;;;;;;;;;;;;;;;;;;;;;;;;;;;;;;;;;;;;;;;;;;;
35.5;1780344035.5;0;2226.495000597238;14.313341778496596;46.62436595649922;448.9984208693659;251.908535744078;2.55181936892254;0.637954842230635;4.135149751926918;-11.017471093850344;-1.174289314985858;447431.745125263;5163651.600486142;-1;;;;;;;;;;;;;;;;;;;;;;;;;;;;;;;;;;;;;;;;;;;;;;;;;;;;;;;;;;;;;;;;;;;;;;;;;;;;;
35.75;1780344035.75;0;2227.745000299215;14.313333833997964;46.62436418249956;448.9950435586332;251.5600289917914;2.76976352237693;0.6924408805942326;4.0461132929642;-10.11555534817709;-0.9512891906107188;447431.1352053778;5163651.40866017;-1;;;;;;;;;;;;;;;;;;;;;;;;;;;;;;;;;;;;;;;;;;;;;;;;;;;;;;;;;;;;;;;;;;;;;;;;;;;;;
36;1780344036;0;2228.995000001192;14.313325234499992;46.624362208;448.9933071224037;248.9583276173988;3.526982736421845;0.8817456841054614;6.888555083421522;-9.111377992612718;-0.7255602052634372;447430.474946938;5163651.194991832;-1;;;;;;;;;;;;;;;;;;;;;;;;;;;;;;;;;;;;;;;;;;;;;;;;;;;;;;;;;;;;;;;;;;;;;;;;;;;;;
36.25;1780344036.25;0;2230.244999995232;14.313314417500042;46.6243594345;448.9885828574408;251.7967230570405;3.706083849563937;0.9265209623909842;4.622404018595552;-7.982028959859758;-0.4946278440135898;447429.6441508731;5163650.89401872;-1;;;;;;;;;;;;;;;;;;;;;;;;;;;;;;;;;;;;;;;;;;;;;;;;;;;;;;;;;;;;;;;;;;;;;;;;;;;;;
36.5;1780344036.5;0;2231.495000597238;14.313302901493848;46.62435681199858;448.9752501066864;251.9580684242494;4.013777013990513;1.0034442534976282;4.865970186589458;-6.928280775727088;-0.2112190631307218;447428.7599874533;5163650.610290678;-1;;;;;;;;;;;;;;;;;;;;;;;;;;;;;;;;;;;;;;;;;;;;;;;;;;;;;;;;;;;;;;;;;;;;;;;;;;;;;
36.75;1780344036.75;0;2232.745000299216;14.313290398997068;46.62435403549938;448.9761483896493;251.1543693246996;4.536336602371634;1.134084150592908;5.732548531609264;-5.890524000880268;-0.02527531419287732;447427.8001526407;5163650.310108704;-1;;;;;;;;;;;;;;;;;;;;;;;;;;;;;;;;;;;;;;;;;;;;;;;;;;;;;;;;;;;;;;;;;;;;;;;;;;;;;
37;1780344037;0;2233.995000001192;14.313276357999988;46.624350714;449.0519537891602;252.616439483913;4.772897633228698;1.193224408307175;4.030747008466127;-3.394209110285232;0.3605418570984916;447426.7220079631;5163649.950393374;-1;;;;;;;;;;;;;;;;;;;;;;;;;;;;;;;;;;;;;;;;;;;;;;;;;;;;;;;;;;;;;;;;;;;;;;;;;;;;;
37.25;1780344037.25;0;2235.244999995232;14.313261456000054;46.62434748750002;449.5754397658631;251.9132938290282;4.675332934800744;1.168833233700186;4.527551644487546;4.278063162951243;0.6607507550233816;447425.5780397669;5163649.601808744;-1;;;;;;;;;;;;;;;;;;;;;;;;;;;;;;;;;;;;;;;;;;;;;;;;;;;;;;;;;;;;;;;;;;;;;;;;;;;;;
37.5;1780344037.5;0;2236.495000597238;14.313246911492656;46.62434421399834;449.0363111410099;252.6289323458419;4.465190800358055;1.116297700089514;3.709377744789643;8.909538521431422;0.7266719173736152;447424.4613943051;5163649.247763112;-1;;;;;;;;;;;;;;;;;;;;;;;;;;;;;;;;;;;;;;;;;;;;;;;;;;;;;;;;;;;;;;;;;;;;;;;;;;;;;
37.75;1780344037.75;0;2237.745000299215;14.31323295199689;46.62434123549938;449.4118060025378;252.3473735831509;4.265268857728206;1.066317214432051;4.034076980124516;9.405609401227272;0.7386877732377196;447423.3898207652;5163648.92610774;-1;;;;;;;;;;;;;;;;;;;;;;;;;;;;;;;;;;;;;;;;;;;;;;;;;;;;;;;;;;;;;;;;;;;;;;;;;;;;;
38;1780344038;0;2238.995000001192;14.313219653499988;46.624338312;450.5003534935062;252.5447576270048;3.542907951805845;0.8857269879514612;4.011596849353406;9.348304554121834;0.7313148023910372;447422.3689041112;5163648.61012312;-1;;;;;;;;;;;;;;;;;;;;;;;;;;;;;;;;;;;;;;;;;;;;;;;;;;;;;;;;;;;;;;;;;;;;;;;;;;;;;
38.25;1780344038.25;0;2240.244999995231;14.313208595000042;46.62433591000002;451.9153416198978;252.4848660941615;3.441134505350374;0.8602836263375936;4.209406639164239;9.282959135580418;0.7068645016810758;447421.5199785646;5163648.350592774;-1;;;;;;;;;;;;;;;;;;;;;;;;;;;;;;;;;;;;;;;;;;;;;;;;;;;;;;;;;;;;;;;;;;;;;;;;;;;;;
38.5;1780344038.5;0;2241.495000597238;14.313197839995222;46.62433360799906;451.5991465919318;252.4733298228361;2.823553258459196;0.7058883146147992;4.259576999200276;10.288228650023154;0.7848451703517064;447420.6943842899;5163648.101971846;-1;;;;;;;;;;;;;;;;;;;;;;;;;;;;;;;;;;;;;;;;;;;;;;;;;;;;;;;;;;;;;;;;;;;;;;;;;;;;;
38.75;1780344038.75;0;2242.745000299215;14.313189031998086;46.62433168249954;451.7491612619404;252.5466142041769;2.496812537301046;0.6242031343252616;4.14092173760516;11.756779853534318;0.8709884607559122;447420.0182105786;5163647.893888548;-1;;;;;;;;;;;;;;;;;;;;;;;;;;;;;;;;;;;;;;;;;;;;;;;;;;;;;;;;;;;;;;;;;;;;;;;;;;;;;
39;1780344039;0;2243.995000001192;14.313181230999992;46.6243300065;451.9833781731926;253.7599675608129;1.756464991123499;0.4391162477808748;2.851534136049364;12.96598346627904;0.9099408132604378;447419.4193707185;5163647.712857662;-1;;;;;;;;;;;;;;;;;;;;;;;;;;;;;;;;;;;;;;;;;;;;;;;;;;;;;;;;;;;;;;;;;;;;;;;;;;;;;
39.25;1780344039.25;0;2245.244999995231;14.31317572000002;46.6243288795;452.9770890457864;250.9982257845708;1.328179460611924;0.3320448651529809;5.578613680487938;13.723033535904346;0.9533765583464258;447418.9963766312;5163647.591303282;-1;;;;;;;;;;;;;;;;;;;;;;;;;;;;;;;;;;;;;;;;;;;;;;;;;;;;;;;;;;;;;;;;;;;;;;;;;;;;;
39.5;1780344039.5;0;2246.495000597238;14.313171610998686;46.62432790299964;453.1648989147946;252.8123439900325;0.66626958025895;0.1665673950647375;3.749261518585976;11.905162120311136;0.8249233819229394;447418.6808603658;5163647.48553698;-1;;;;;;;;;;;;;;;;;;;;;;;;;;;;;;;;;;;;;;;;;;;;;;;;;;;;;;;;;;;;;;;;;;;;;;;;;;;;;
39.75;1780344039.75;0;2247.745000299215;14.313169531499612;46.62432745099994;453.2561721027518;266.780260085263;0.1937753281462481;0.04844383203656202;-10.215498892611332;7.58442652615036;0.5554007115917804;447418.5212235374;5163647.436698614;-1;;;;;;;;;;;;;;;;;;;;;;;;;;;;;;;;;;;;;;;;;;;;;;;;;;;;;;;;;;;;;;;;;;;;;;;;;;;;;
40;1780344040;0;2248.995000001192;14.3131689015;46.6243274;453.2858031837532;90.8999997854095;0.228156786978946;0.0570391967447365;165.6816304894603;3.598386969178962;0.3040203989145588;447418.4729435877;5163647.43145184;-1;;;;;;;;;;;;;;;;;;;;;;;;;;;;;;;;;;;;;;;;;;;;;;;;;;;;;;;;;;;;;;;;;;;;;;;;;;;;;
40.25;1780344040.25;0;2250.244999995232;14.313169644999996;46.624327449;453.2502635121498;75.71188023965028;0.3160487539373208;0.0790121884843302;180.8765668563967;0.6919407255066724;0.09612967729890536;447418.5299107925;5163647.43640067;-1;;;;;;;;;;;;;;;;;;;;;;;;;;;;;;;;;;;;;;;;;;;;;;;;;;;;;;;;;;;;;;;;;;;;;;;;;;;;;
40.5;1780344040.5;0;2251.247500298619;14.3131706475003;46.62432762475002;453.2066910115436;76.86059657594326;0.1929290237947063;0.04823225594867658;179.7168752925768;-0.7266850105644732;-0.010027007247321182;447418.6068288815;5163647.45526101;-1;;;;;;;;;;;;;;;;;;;;;;;;;;;;;;;;;;;;;;;;;;;;;;;;;;;;;;;;;;;;;;;;;;;;;;;;;;;;;
40.75;1780344040.75;0;2251.872500149607;14.31317127250015;46.62432768725;453.1730754101486;64.60065744823712;0.415588425032744;0.10389710625818598;191.9613394641567;-1.445068980774931;-0.04764132365254416;447418.6547372007;5163647.461788992;-1;;;;;;;;;;;;;;;;;;;;;;;;;;;;;;;;;;;;;;;;;;;;;;;;;;;;;;;;;;;;;;;;;;;;;;;;;;;;;
41;1780344041;0;2252.995000001192;14.313172494500002;46.624328098;453.1234320096242;81.61745886346284;0.3713043130128157;0.0928260782532039;174.9231527678865;-2.32754836443072;-0.0891162304329303;447418.7486869472;5163647.506615776;-1;;;;;;;;;;;;;;;;;;;;;;;;;;;;;;;;;;;;;;;;;;;;;;;;;;;;;;;;;;;;;;;;;;;;;;;;;;;;;
41.25;1780344041.25;0;2254.244999995232;14.313173695999996;46.6243282245;453.0528837173598;75.8688056453702;0.2859587522548802;0.07148968806372006;180.6647319578406;-2.924781238173046;-0.11432733675201324;447418.8407920689;5163647.519870774;-1;;;;;;;;;;;;;;;;;;;;;;;;;;;;;;;;;;;;;;;;;;;;;;;;;;;;;;;;;;;;;;;;;;;;;;;;;;;;;
41.5;1780344041.5;0;2255.495000597238;14.313174597000358;46.62432839900012;453.006910026513;64.11003356786172;0.1787697793353142;0.04469244483382855;192.4239253541698;-3.130971587810755;-0.1253776253693297;447418.9099384654;5163647.53865994;-1;;;;;;;;;;;;;;;;;;;;;;;;;;;;;;;;;;;;;;;;;;;;;;;;;;;;;;;;;;;;;;;;;;;;;;;;;;;;;
41.75;1780344041.75;0;2256.745000299215;14.31317512350009;46.62432857450004;452.9856506458238;83.39806657764982;0.0549452163374462;0.013736304084361546;173.1470198494817;-2.935834296173646;-0.130828207356431;447418.9504153694;5163647.557810022;-1;;;;;;;;;;;;;;;;;;;;;;;;;;;;;;;;;;;;;;;;;;;;;;;;;;;;;;;;;;;;;;;;;;;;;;;;;;;;;
42;1780344042;0;2257.995000001192;14.3131752995;46.6243286;452.9770291498896;269.1000002145905;0.09896162993275288;0.02474040748318822;-12.549971318300402;-2.537354672914605;-0.12040961459436536;447418.9639139985;5163647.560526138;-1;;;;;;;;;;;;;;;;;;;;;;;;;;;;;;;;;;;;;;;;;;;;;;;;;;;;;;;;;;;;;;;;;;;;;;;;;;;;;
42.25;1780344042.25;0;2259.244999995232;14.313174977500002;46.6243285755;452.9942539334346;250.3382219665674;0.2060894026102009;0.05152235065255024;6.211843935937766;-1.929557476702283;-0.07410491044951352;447418.9392390817;5163647.558018534;-1;;;;;;;;;;;;;;;;;;;;;;;;;;;;;;;;;;;;;;;;;;;;;;;;;;;;;;;;;;;;;;;;;;;;;;;;;;;;;
42.5;1780344042.5;0;2260.495000597238;14.3131743524997;46.62432840099988;453.0219028683766;249.6339014767448;0.2706866117447886;0.06767165293619716;6.909370521728172;-1.269030378649459;-0.05988274513499548;447418.8912222854;5163647.539045252;-1;;;;;;;;;;;;;;;;;;;;;;;;;;;;;;;;;;;;;;;;;;;;;;;;;;;;;;;;;;;;;;;;;;;;;;;;;;;;;
42.75;1780344042.75;0;2261.745000299215;14.31317350399976;46.62432822549998;453.0653508694666;260.5230028972044;0.3404297093255957;0.08510742733139892;-3.989289002375209;-0.6061347082222498;-0.04843203070064746;447418.8260941691;5163647.52010997;-1;;;;;;;;;;;;;;;;;;;;;;;;;;;;;;;;;;;;;;;;;;;;;;;;;;;;;;;;;;;;;;;;;;;;;;;;;;;;;
43;1780344043;0;2262.995000001192;14.313172404499998;46.6243281005;453.1296053095318;250.051637667507;0.3359837071867725;0.08399592679669312;6.479726728964636;-0.0350964522302614;-0.022606817598182;447418.7417992805;5163647.50695361;-1;;;;;;;;;;;;;;;;;;;;;;;;;;;;;;;;;;;;;;;;;;;;;;;;;;;;;;;;;;;;;;;;;;;;;;;;;;;;;
43.25;1780344043.25;0;2264.244999995231;14.313171379500006;46.6243278265;453.1764840120854;250.4530756977521;0.3436274095901842;0.08590685239754604;6.077706802197398;0.5136272693680436;-0.01890579628885755;447418.6630635654;5163647.477190878;-1;;;;;;;;;;;;;;;;;;;;;;;;;;;;;;;;;;;;;;;;;;;;;;;;;;;;;;;;;;;;;;;;;;;;;;;;;;;;;
43.5;1780344043.5;0;2265.495000597238;14.313170303999524;46.6243276;453.2253082313202;261.9630088548146;0.357181604568422;0.0892954011421055;-5.430809351710704;-0.4560547541663876;0.009343792803077392;447418.5805076991;5163647.452739968;-1;;;;;;;;;;;;;;;;;;;;;;;;;;;;;;;;;;;;;;;;;;;;;;;;;;;;;;;;;;;;;;;;;;;;;;;;;;;;;
43.75;1780344043.75;0;2266.745000299215;14.313169154999702;46.62432745099994;453.276493735383;242.0454755038035;0.329609435144336;0.08240235878608398;14.487814297841078;-8.13336633191524;0.04451959428921932;447418.4924000195;5163647.436949774;-1;;;;;;;;;;;;;;;;;;;;;;;;;;;;;;;;;;;;;;;;;;;;;;;;;;;;;;;;;;;;;;;;;;;;;;;;;;;;;
44;1780344044;0;2267.995000001192;14.3131682035;46.6243271015;453.2933429426522;260.6961063525494;0.820140531331266;0.2050351328328165;-4.16549285401917;-17.89019289428817;0.06073921607917488;447418.4192181242;5163647.398748564;-1;;;;;;;;;;;;;;;;;;;;;;;;;;;;;;;;;;;;;;;;;;;;;;;;;;;;;;;;;;;;;;;;;;;;;;;;;;;;;
44.25;1780344044.25;0;2269.244999995232;14.313165567000016;46.62432675300002;453.6119636152842;255.638460636002;1.527099715785988;0.3817749289464971;0.8891749672994702;-18.2215068871411;0.05928439714503482;447418.2170394614;5163647.361782522;-1;;;;;;;;;;;;;;;;;;;;;;;;;;;;;;;;;;;;;;;;;;;;;;;;;;;;;;;;;;;;;;;;;;;;;;;;;;;;;
44.5;1780344044.5;0;2270.495000597238;14.313160722997254;46.62432590399952;454.5514165206784;256.2631106391682;2.321759107011933;0.5804397767529832;0.2593973746980396;-17.74710213955179;0.0553561009506903;447417.8453774789;5163647.27067419;-1;;;;;;;;;;;;;;;;;;;;;;;;;;;;;;;;;;;;;;;;;;;;;;;;;;;;;;;;;;;;;;;;;;;;;;;;;;;;;
44.75;1780344044.75;0;2271.745000299215;14.313153333997966;46.62432468049968;453.9069437953582;256.2008190434535;2.924632455236231;0.7311581138090578;0.3178701056166282;-17.06125478632422;0.0632829699719047;447417.2785168203;5163647.139649814;-1;;;;;;;;;;;;;;;;;;;;;;;;;;;;;;;;;;;;;;;;;;;;;;;;;;;;;;;;;;;;;;;;;;;;;;;;;;;;;
45;1780344045;0;2272.995000001192;14.31314403799999;46.6243231065;452.8847910507606;256.357512143319;4.025480601566782;1.0063701503916956;0.1613652100562711;-15.83770957326596;0.07871811856143956;447416.5653235897;5163646.97095062;-1;;;;;;;;;;;;;;;;;;;;;;;;;;;;;;;;;;;;;;;;;;;;;;;;;;;;;;;;;;;;;;;;;;;;;;;;;;;;;
45.25;1780344045.25;0;2274.244999995232;14.31313122750005;46.62432098350002;449.2531756360397;256.2986142857887;4.522870328614068;1.130717582153517;0.2255882149159013;-14.400554722966634;0.05843058931531482;447415.5825406969;5163646.743591988;-1;;;;;;;;;;;;;;;;;;;;;;;;;;;;;;;;;;;;;;;;;;;;;;;;;;;;;;;;;;;;;;;;;;;;;;;;;;;;;
45.5;1780344045.5;0;2275.495000597238;14.313116864992236;46.62431851199858;448.9747737469286;255.6040669166393;5.426272175675988;1.356568043918997;0.9232608345285946;-12.815858782831366;0.04308479162278313;447414.4806039455;5163646.47854393;-1;;;;;;;;;;;;;;;;;;;;;;;;;;;;;;;;;;;;;;;;;;;;;;;;;;;;;;;;;;;;;;;;;;;;;;;;;;;;;
45.75;1780344045.75;0;2276.745000299215;14.31309964649572;46.62431551199928;448.9725197139727;257.3194012428979;5.501823381100274;1.375455845275068;-0.7947426801727004;-11.147086743805212;0.04822937108497618;447413.1595107735;5163646.156675506;-1;;;;;;;;;;;;;;;;;;;;;;;;;;;;;;;;;;;;;;;;;;;;;;;;;;;;;;;;;;;;;;;;;;;;;;;;;;;;;
46;1780344046;0;2277.995000001192;14.313082069999984;46.6243128105;448.976890917401;256.2085338634737;6.449361114176166;1.612340278544042;0.3133260893796791;-9.6753037086555;0.06718169224140872;447411.8112993477;5163645.868215108;-1;;;;;;;;;;;;;;;;;;;;;;;;;;;;;;;;;;;;;;;;;;;;;;;;;;;;;;;;;;;;;;;;;;;;;;;;;;;;;
46.25;1780344046.25;0;2279.244999995231;14.313061553500076;46.62430938750002;448.968490108277;256.8377266739957;6.546933562605998;1.636733390651499;-0.3172338260181622;-8.394750213159616;0.05549040016203688;447410.2373125495;5163645.50154445;-1;;;;;;;;;;;;;;;;;;;;;;;;;;;;;;;;;;;;;;;;;;;;;;;;;;;;;;;;;;;;;;;;;;;;;;;;;;;;;
46.5;1780344046.5;0;2280.495000597238;14.31304069098913;46.62430601499822;449.5934070352633;256.051080862229;6.881446350178306;1.720361587544576;0.4726758881176636;-7.4595252386148;0.04257250040731974;447408.6368850536;5163645.140716346;-1;;;;;;;;;;;;;;;;;;;;;;;;;;;;;;;;;;;;;;;;;;;;;;;;;;;;;;;;;;;;;;;;;;;;;;;;;;;;;
46.75;1780344046.75;0;2281.745000299215;14.313018834994912;46.6243022649991;451.1671625752996;256.6155871788156;7.450392550002836;1.862598137500709;-0.08752867877248402;-6.513288016706832;0.013793186463690906;447406.9600341413;5163644.738604554;-1;;;;;;;;;;;;;;;;;;;;;;;;;;;;;;;;;;;;;;;;;;;;;;;;;;;;;;;;;;;;;;;;;;;;;;;;;;;;;
47;1780344047;0;2282.995000001192;14.312995097499976;46.6242984155;460.8080281958258;256.8860545773674;7.728558287745394;1.932139571936349;-0.3564779814938654;-5.644194054386698;0.003080808662230384;447405.1390454451;5163644.326692358;-1;;;;;;;;;;;;;;;;;;;;;;;;;;;;;;;;;;;;;;;;;;;;;;;;;;;;;;;;;;;;;;;;;;;;;;;;;;;;;
47.25;1780344047.25;0;2284.244999995232;14.31297046750009;46.62429444050002;465.9395978621068;256.3827411461774;7.639354682979712;1.909838670744928;0.1403309555906807;-4.892754205723136;0.03024181708412904;447403.2496078121;5163643.901430836;-1;;;;;;;;;;;;;;;;;;;;;;;;;;;;;;;;;;;;;;;;;;;;;;;;;;;;;;;;;;;;;;;;;;;;;;;;;;;;;
47.5;1780344047.5;0;2285.495000597238;14.312946154487516;46.62429041699798;465.95971384942;256.4840792021021;7.787295030521442;1.94682375763036;0.06537798826092238;-4.497269778763682;0.01924912586858681;447401.384390389;5163643.470568886;-1;;;;;;;;;;;;;;;;;;;;;;;;;;;;;;;;;;;;;;;;;;;;;;;;;;;;;;;;;;;;;;;;;;;;;;;;;;;;;
47.75;1780344047.75;0;2286.745000299215;14.312921370494286;46.62428631599904;466.4404996516952;256.5695214252218;8.247112384294198;2.06177809607355;0.1479667504389124;-4.374977612418376;0.011072180073058934;447399.4830409845;5163643.031410428;-1;;;;;;;;;;;;;;;;;;;;;;;;;;;;;;;;;;;;;;;;;;;;;;;;;;;;;;;;;;;;;;;;;;;;;;;;;;;;;
48;1780344048;0;2287.995000001192;14.312895107499974;46.6242820175;467.4656571568594;256.2944763308088;7.927640035406368;1.981910008851592;1.367960718056984;-4.189153478721355;0.1641240681343936;447397.4682727488;5163642.571293632;-1;;;;;;;;;;;;;;;;;;;;;;;;;;;;;;;;;;;;;;;;;;;;;;;;;;;;;;;;;;;;;;;;;;;;;;;;;;;;;
48.25;1780344048.25;0;2289.244999995232;14.312869885500106;46.62427781800002;465.8907321600024;256.6125707169876;8.721836672847224;2.180459168211806;2.733471173405498;-4.055993022467566;0.5171791107404938;447395.5332950264;5163642.121483482;-1;;;;;;;;;;;;;;;;;;;;;;;;;;;;;;;;;;;;;;;;;;;;;;;;;;;;;;;;;;;;;;;;;;;;;;;;;;;;;
48.5;1780344048.5;0;2290.495000597238;14.312842111986622;46.6242732684978;461.2307476518488;256.450205827098;8.353294457434998;2.08832361435875;5.867029469541512;-2.548212107575427;1.310455455131369;447393.4026428095;5163641.63448506;-1;;;;;;;;;;;;;;;;;;;;;;;;;;;;;;;;;;;;;;;;;;;;;;;;;;;;;;;;;;;;;;;;;;;;;;;;;;;;;
48.75;1780344048.75;0;2291.745000299215;14.312815527493868;46.62426886699898;457.4991045645146;256.850905876759;8.723618019841026;2.180904504960256;9.50724771022639;4.969781429343528;2.499431684935514;447391.3631610028;5163641.163139692;-1;;;;;;;;;;;;;;;;;;;;;;;;;;;;;;;;;;;;;;;;;;;;;;;;;;;;;;;;;;;;;;;;;;;;;;;;;;;;;
49;1780344049;0;2292.995000001192;14.312787713499972;46.624264418;460.689581453634;257.6163593823684;7.849631876275812;1.962407969068953;13.337168544272706;12.667382944420896;3.901162297141404;447389.2295064404;5163640.687337482;-1;;;;;;;;;;;;;;;;;;;;;;;;;;;;;;;;;;;;;;;;;;;;;;;;;;;;;;;;;;;;;;;;;;;;;;;;;;;;;
49.25;1780344049.25;0;2294.244999995231;14.3127626040001;46.62426066500002;464.1209160067454;258.1824755134486;7.619214484560788;1.904803621140197;15.56627660725238;12.709694027139246;4.492043810103423;447387.3035726612;5163640.287069324;-1;;;;;;;;;;;;;;;;;;;;;;;;;;;;;;;;;;;;;;;;;;;;;;;;;;;;;;;;;;;;;;;;;;;;;;;;;;;;;
49.5;1780344049.5;0;2295.495000597238;14.312738187989488;46.62425716249852;463.118952539585;258.0001094531277;6.9651985972763;1.741299649319075;17.11945108411022;12.293050283991822;4.558546611458374;447385.4309725154;5163639.914173868;-1;;;;;;;;;;;;;;;;;;;;;;;;;;;;;;;;;;;;;;;;;;;;;;;;;;;;;;;;;;;;;;;;;;;;;;;;;;;;;
49.75;1780344049.75;0;2296.745000299215;14.312715889994614;46.6242538884992;463.2129252434788;258.1041217007419;6.650546156175304;1.662636539043826;16.88671240149875;11.805251357181012;4.154440666883527;447383.7207416236;5163639.565255988;-1;;;;;;;;;;;;;;;;;;;;;;;;;;;;;;;;;;;;;;;;;;;;;;;;;;;;;;;;;;;;;;;;;;;;;;;;;;;;;
50;1780344050;0;2297.995000001192;14.312694583999978;46.624250812;464.7102626063438;257.2055843446693;5.547234460922914;1.386808615230729;16.81347441088943;12.2593226065355;3.891919488759817;447382.0866460778;5163639.237622296;-1;;;;;;;;;;;;;;;;;;;;;;;;;;;;;;;;;;;;;;;;;;;;;;;;;;;;;;;;;;;;;;;;;;;;;;;;;;;;;
50.25;1780344050.25;0;2299.244999995232;14.31267684750007;46.62424813450002;464.1636938723732;258.8260056429026;5.261230682168682;1.31530767054217;13.990441818168132;14.947371447873572;4.14882647808313;447380.726205376;5163638.951942438;-1;;;;;;;;;;;;;;;;;;;;;;;;;;;;;;;;;;;;;;;;;;;;;;;;;;;;;;;;;;;;;;;;;;;;;;;;;;;;;
50.5;1780344050.5;0;2300.495000597238;14.312659959992834;46.62424580899892;463.7095369642856;258.0551557445837;4.70531026434336;1.17632756608584;13.796269428008622;17.6864421840873;4.38192378776534;447379.4311016312;5163638.704809718;-1;;;;;;;;;;;;;;;;;;;;;;;;;;;;;;;;;;;;;;;;;;;;;;;;;;;;;;;;;;;;;;;;;;;;;;;;;;;;;
50.75;1780344050.75;0;2301.745000299215;14.31264488549638;46.6242436334995;463.1803340042474;258.7418626135083;3.936003721115658;0.9840009302789146;12.922158702876082;19.5091300714097;4.645294607459066;447378.2749411104;5163638.473134878;-1;;;;;;;;;;;;;;;;;;;;;;;;;;;;;;;;;;;;;;;;;;;;;;;;;;;;;;;;;;;;;;;;;;;;;;;;;;;;;
51;1780344051;0;2302.995000001192;14.312632247999988;46.6242419065;462.9816395470548;259.2443350688755;3.458725710813533;0.8646814277033834;12.984410720645612;21.24237422500216;5.21296980914916;447377.3057836025;5163638.289669958;-1;;;;;;;;;;;;;;;;;;;;;;;;;;;;;;;;;;;;;;;;;;;;;;;;;;;;;;;;;;;;;;;;;;;;;;;;;;;;;
51.25;1780344051.25;0;2304.244999995232;14.312621138000038;46.62424040600002;462.858886171051;257.557533462131;2.614200842435244;0.653550210608811;16.04855772525449;22.66154814384557;6.053504373297616;447376.4537854843;5163638.130353734;-1;;;;;;;;;;;;;;;;;;;;;;;;;;;;;;;;;;;;;;;;;;;;;;;;;;;;;;;;;;;;;;;;;;;;;;;;;;;;;
51.5;1780344051.5;0;2305.495000597238;14.312612776496834;46.62423915349958;463.957676188042;258.0936310114817;1.719615859805802;0.4299039649514505;16.51705540621457;21.14310880941932;6.010243216955948;447375.812443288;5163637.99676;-1;;;;;;;;;;;;;;;;;;;;;;;;;;;;;;;;;;;;;;;;;;;;;;;;;;;;;;;;;;;;;;;;;;;;;;;;;;;;;
51.75;1780344051.75;0;2306.745000299215;14.312607268998862;46.62423835299982;463.7144326830034;262.8244709254666;0.7903179565907046;0.1975794891476762;11.785199280095726;15.760694100153288;4.588347121843796;447375.3900320934;5163637.91148657;-1;;;;;;;;;;;;;;;;;;;;;;;;;;;;;;;;;;;;;;;;;;;;;;;;;;;;;;;;;;;;;;;;;;;;;;;;;;;;;
52;1780344052;0;2307.995000001192;14.312604707999996;46.6242381005;463.6104043667624;269.9740007869323;0.011337064938597528;0.002834266234649382;3.984972633538791;9.764979413855016;2.853001161143343;447375.193725969;5163637.885138966;-1;;;;;;;;;;;;;;;;;;;;;;;;;;;;;;;;;;;;;;;;;;;;;;;;;;;;;;;;;;;;;;;;;;;;;;;;;;;;;
52.25;1780344052.25;0;2309.244999995231;14.312604720499998;46.6242381245;463.6082466077308;81.92848543874376;0.4829453485530446;0.12073633713826114;191.1570340617987;3.883958465641877;1.251963171918908;447375.1947061827;5163637.887797466;-1;;;;;;;;;;;;;;;;;;;;;;;;;;;;;;;;;;;;;;;;;;;;;;;;;;;;;;;;;;;;;;;;;;;;;;;;;;;;;
52.5;1780344052.5;0;2310.495000597238;14.312606291001074;46.62423824950006;463.777027055304;79.62752696083062;0.749026576390742;0.1872566440976855;192.9050669618278;-4.56917186844211;0.02345198027458412;447375.3150595836;5163637.900638772;-1;;;;;;;;;;;;;;;;;;;;;;;;;;;;;;;;;;;;;;;;;;;;;;;;;;;;;;;;;;;;;;;;;;;;;;;;;;;;;
52.75;1780344052.75;0;2311.745000299215;14.312608690000598;46.62423859800012;463.9405171168662;74.81265304412268;0.508075650011264;0.127018912502816;197.6695544560865;-13.617091205490694;-1.0153596713427076;447375.4990566129;5163637.937761952;-1;;;;;;;;;;;;;;;;;;;;;;;;;;;;;;;;;;;;;;;;;;;;;;;;;;;;;;;;;;;;;;;;;;;;;;;;;;;;;
53;1780344053;0;2312.995000001192;14.3126102945;46.624238899;463.9460369815438;334.0980285137681;0.2430399171760636;0.0607599792940159;-61.21618999450704;-18.64654885903664;-1.620016671166741;447375.6221833589;5163637.97013742;-1;;;;;;;;;;;;;;;;;;;;;;;;;;;;;;;;;;;;;;;;;;;;;;;;;;;;;;;;;;;;;;;;;;;;;;;;;;;;;
53.25;1780344053.25;0;2314.244999995232;14.31260968350001;46.624239249;463.9122506467816;277.8628668751624;0.9858098279235812;0.2464524569808953;-4.601201391953826;-19.01348055852066;-1.639356324816941;447375.5757464247;5163638.009436856;-1;;;;;;;;;;;;;;;;;;;;;;;;;;;;;;;;;;;;;;;;;;;;;;;;;;;;;;;;;;;;;;;;;;;;;;;;;;;;;
53.5;1780344053.5;0;2315.495000597238;14.31260646949767;46.62423944950006;463.6855885409052;273.503044499009;1.766441166922555;0.4416102917306388;-0.05594818643441158;-18.45945164689183;-1.527781600655968;447375.3298875361;5163638.033861924;-1;;;;;;;;;;;;;;;;;;;;;;;;;;;;;;;;;;;;;;;;;;;;;;;;;;;;;;;;;;;;;;;;;;;;;;;;;;;;;
53.75;1780344053.75;0;2316.745000299215;14.312600700498474;46.6242397235001;462.2495142408082;272.0881501636878;2.647560324661749;0.6618900811654372;1.263438640965864;-17.34868403060858;-1.300159194498566;447374.888497934;5163638.06816004;-1;;;;;;;;;;;;;;;;;;;;;;;;;;;;;;;;;;;;;;;;;;;;;;;;;;;;;;;;;;;;;;;;;;;;;;;;;;;;;
54;1780344054;0;2317.995000001192;14.312592036999992;46.6242398995;461.6451854303268;270.9078419623696;3.540325733287035;0.8850814333217586;2.194931066348855;-15.525516633798696;-0.9961143636111436;447374.2254202623;5163638.09350106;-1;;;;;;;;;;;;;;;;;;;;;;;;;;;;;;;;;;;;;;;;;;;;;;;;;;;;;;;;;;;;;;;;;;;;;;;;;;;;;
54.25;1780344054.25;0;2319.244999995232;14.312580448000044;46.62424;461.8202613400352;270.0000036891961;4.013365033441718;1.0033412583604296;2.91774650157481;-13.938484796660794;-0.7475818614731614;447373.3383029072;5163638.112405962;-1;;;;;;;;;;;;;;;;;;;;;;;;;;;;;;;;;;;;;;;;;;;;;;;;;;;;;;;;;;;;;;;;;;;;;;;;;;;;;
54.5;1780344054.5;0;2320.495000597238;14.312567309492892;46.62424;461.6154305224832;270.352945486088;4.498410798077209;1.124602699519302;2.49223805829421;-11.959703614265154;-0.4355826025116706;447372.3324631149;5163638.121178142;-1;;;;;;;;;;;;;;;;;;;;;;;;;;;;;;;;;;;;;;;;;;;;;;;;;;;;;;;;;;;;;;;;;;;;;;;;;;;;;
54.75;1780344054.75;0;2321.745000299215;14.3125525834965;46.62424007450002;461.7522813810574;270.181822612588;5.136113968047574;1.284028492011893;2.737588708237288;-9.340357915220538;-0.09245795379452574;447371.2051627016;5163638.139288764;-1;;;;;;;;;;;;;;;;;;;;;;;;;;;;;;;;;;;;;;;;;;;;;;;;;;;;;;;;;;;;;;;;;;;;;;;;;;;;;
55;1780344055;0;2322.995000001192;14.312535769499984;46.6242401;462.3610432943938;270.0000048055904;5.198520299434328;1.299630074858582;3.21352289982502;-6.82385783779347;0.217655058281794;447369.9179645563;5163638.153348938;-1;;;;;;;;;;;;;;;;;;;;;;;;;;;;;;;;;;;;;;;;;;;;;;;;;;;;;;;;;;;;;;;;;;;;;;;;;;;;;
55.25;1780344055.25;0;2324.244999995231;14.312518751500074;46.6242401735;463.210033050411;271.4917845699181;5.934526501049228;1.483631625262307;2.609803259927185;-4.586373399835884;0.6004269976671948;447368.6151951212;5163638.172879332;-1;;;;;;;;;;;;;;;;;;;;;;;;;;;;;;;;;;;;;;;;;;;;;;;;;;;;;;;;;;;;;;;;;;;;;;;;;;;;;
55.5;1780344055.5;0;2325.495000597238;14.312499329490504;46.62424049900012;463.36868792926;270.814680924095;5.753060515070258;1.438265128767565;5.01633554625702;-3.186074226441013;1.08143660432472;447367.1286270577;5163638.22201715;-1;;;;;;;;;;;;;;;;;;;;;;;;;;;;;;;;;;;;;;;;;;;;;;;;;;;;;;;;;;;;;;;;;;;;;;;;;;;;;
55.75;1780344055.75;0;2326.745000299215;14.312480497495662;46.62424067450004;463.57179208724;271.6620041561651;6.116950876036682;1.529237719009171;7.075225025095138;-1.910271290645237;1.830813686288228;447365.687083165;5163638.254093518;-1;;;;;;;;;;;;;;;;;;;;;;;;;;;;;;;;;;;;;;;;;;;;;;;;;;;;;;;;;;;;;;;;;;;;;;;;;;;;;
56;1780344056;0;2327.995000001192;14.31246048199998;46.624241098;463.8074389187812;271.1317810086198;5.783841585059564;1.445960396264891;11.156463003079046;-1.0325475407036104;2.734318863544646;447364.1551748239;5163638.314517954;-1;;;;;;;;;;;;;;;;;;;;;;;;;;;;;;;;;;;;;;;;;;;;;;;;;;;;;;;;;;;;;;;;;;;;;;;;;;;;;
56.25;1780344056.25;0;2329.244999995231;14.31244155750008;46.6242415205;463.3070193167918;274.3872247208921;6.075469219059986;1.518867304764996;12.934488580737644;-0.661684849189588;3.894983035964916;447362.7067884982;5163638.37410314;-1;;;;;;;;;;;;;;;;;;;;;;;;;;;;;;;;;;;;;;;;;;;;;;;;;;;;;;;;;;;;;;;;;;;;;;;;;;;;;
56.5;1780344056.5;0;2330.495000597238;14.3124217244911;46.62424254650042;461.9975490845784;274.7541549246431;6.030511269064474;1.507627817266118;17.76019218639429;-0.2439067698368315;4.976069627561398;447361.1894347811;5163638.501355496;-1;;;;;;;;;;;;;;;;;;;;;;;;;;;;;;;;;;;;;;;;;;;;;;;;;;;;;;;;;;;;;;;;;;;;;;;;;;;;;
56.75;1780344056.75;0;2331.745000299215;14.312402056495124;46.62424371950034;460.981378908487;277.1865739760716;6.213323957814958;1.553330989453739;20.4000891356787;-0.3225022902901109;5.85280820456532;447359.684856452;5163638.644832406;-1;;;;;;;;;;;;;;;;;;;;;;;;;;;;;;;;;;;;;;;;;;;;;;;;;;;;;;;;;;;;;;;;;;;;;;;;;;;;;
57;1780344057;0;2332.995000001192;14.312381880499982;46.6242454925;460.313424606456;277.5935600535602;5.593595057044434;1.398398764261109;23.93960830297527;-0.4904576897201746;6.232738192105118;447358.1419690998;5163638.855320074;-1;;;;;;;;;;;;;;;;;;;;;;;;;;;;;;;;;;;;;;;;;;;;;;;;;;;;;;;;;;;;;;;;;;;;;;;;;;;;;
57.25;1780344057.25;0;2334.244999995232;14.312363778000074;46.62424738799998;454.9089424070326;282.7572928658848;5.814274985386574;1.453568746346644;21.42693979285137;2.336389225998721;6.195944324131708;447356.7579403938;5163639.07803541;-1;;;;;;;;;;;;;;;;;;;;;;;;;;;;;;;;;;;;;;;;;;;;;;;;;;;;;;;;;;;;;;;;;;;;;;;;;;;;;
57.5;1780344057.5;0;2335.495000597238;14.312345218491818;46.62425028900132;451.6669941076774;283.6684481595196;5.550275808334614;1.387568952083654;22.2167655425394;8.115883417541658;5.85911931290506;447355.3398995132;5163639.412786182;-1;;;;;;;;;;;;;;;;;;;;;;;;;;;;;;;;;;;;;;;;;;;;;;;;;;;;;;;;;;;;;;;;;;;;;;;;;;;;;
57.75;1780344057.75;0;2336.745000299215;14.312327571995692;46.62425326250074;451.4380339747686;283.7799456892137;4.910036211168402;1.2275090527921;22.32633413569516;9.31916430029528;5.015741943977916;447353.9918261766;5163639.754983364;-1;;;;;;;;;;;;;;;;;;;;;;;;;;;;;;;;;;;;;;;;;;;;;;;;;;;;;;;;;;;;;;;;;;;;;;;;;;;;;
58;1780344058;0;2337.995000001192;14.312311959999984;46.62425589;451.438154595017;286.4718620977121;4.819192467758352;1.204798116939588;18.78259176622313;9.128630234286382;3.951297450506309;447352.7991719893;5163640.057374884;-1;;;;;;;;;;;;;;;;;;;;;;;;;;;;;;;;;;;;;;;;;;;;;;;;;;;;;;;;;;;;;;;;;;;;;;;;;;;;;
58.25;1780344058.25;0;2339.244999995231;14.312296831500054;46.6242589635;450.4350123313692;286.2424195134438;4.208070108714469;1.0520175271786172;17.80890982238069;9.195903281559794;3.140012869082642;447351.6439651167;5163640.409002704;-1;;;;;;;;;;;;;;;;;;;;;;;;;;;;;;;;;;;;;;;;;;;;;;;;;;;;;;;;;;;;;;;;;;;;;;;;;;;;;
58.5;1780344058.5;0;2340.495000597238;14.312283597494326;46.62426159100108;448.9268621078321;285.6686082930344;3.81566001704663;0.9539150042616574;17.4261567754032;10.57091299691266;2.959180563290704;447350.6333619995;5163640.70980653;-1;;;;;;;;;;;;;;;;;;;;;;;;;;;;;;;;;;;;;;;;;;;;;;;;;;;;;;;;;;;;;;;;;;;;;;;;;;;;;
58.75;1780344058.75;0;2341.745000299215;14.312271573497098;46.62426391550058;448.5352435883405;286.1553133056713;3.31820111084938;0.829550277712345;16.73557274129677;12.320868766950088;3.192844877627499;447349.7150993418;5163640.976133168;-1;;;;;;;;;;;;;;;;;;;;;;;;;;;;;;;;;;;;;;;;;;;;;;;;;;;;;;;;;;;;;;;;;;;;;;;;;;;;;
59;1780344059;0;2342.995000001192;14.312261139999992;46.62426599200002;448.5196596257783;284.8353587730243;2.906182052347379;0.7265455130868446;18.43153398468809;13.48684392799682;3.62048580431895;447348.9183595797;5163641.21384011;-1;;;;;;;;;;;;;;;;;;;;;;;;;;;;;;;;;;;;;;;;;;;;;;;;;;;;;;;;;;;;;;;;;;;;;;;;;;;;;
59.25;1780344059.25;0;2344.244999995232;14.312251954500028;46.624267694;448.5182595631853;285.1720093391703;2.21806459992082;0.554516149980205;18.76118959672037;14.394113446597798;4.206413734266564;447348.2167991938;5163641.409099678;-1;;;;;;;;;;;;;;;;;;;;;;;;;;;;;;;;;;;;;;;;;;;;;;;;;;;;;;;;;;;;;;;;;;;;;;;;;;;;;
59.5;1780344059.5;0;2345.495000597238;14.312244925996894;46.62426894650042;448.5115156539994;282.0094988837933;1.704526199506445;0.4261315498766111;22.45137128149487;14.914829614531972;4.917800945482724;447347.6799353465;5163641.552970708;-1;;;;;;;;;;;;;;;;;;;;;;;;;;;;;;;;;;;;;;;;;;;;;;;;;;;;;;;;;;;;;;;;;;;;;;;;;;;;;
59.75;1780344059.75;0;2346.745000299215;14.312239468998862;46.62426974700018;448.5078719463817;285.3977026167412;0.936507678819367;0.2341269197048418;18.89768804433594;12.966358188506268;7.238737784297412;447347.2629423425;5163641.645566346;-1;;;;;;;;;;;;;;;;;;;;;;;;;;;;;;;;;;;;;;;;;;;;;;;;;;;;;;;;;;;;;;;;;;;;;;;;;;;;;
60;1780344060;0;2347.995000001192;14.312236509999996;46.624270298;448.5247302655398;279.2252391854816;0.2705636059002468;0.0676409014750617;24.31151246795381;9.250466473069534;8.417634532085728;447347.0369457266;5163641.70876927;-1;;;;;;;;;;;;;;;;;;;;;;;;;;;;;;;;;;;;;;;;;;;;;;;;;;;;;;;;;;;;;;;;;;;;;;;;;;;;;
60.25;1780344060.25;0;2349.244999995231;14.312235673499996;46.624270498;448.5254884922188;38.07505792154153;0.33282936873105;0.0832073421827625;264.6645410323423;5.129896532245672;5.85808696678016;447346.9731000572;5163641.73155177;-1;;;;;;;;;;;;;;;;;;;;;;;;;;;;;;;;;;;;;;;;;;;;;;;;;;;;;;;;;;;;;;;;;;;;;;;;;;;;;
60.5;1780344060.5;0;2350.495000597238;14.312236543500778;46.62427094850018;448.5214160854375;66.44585149174216;0.6242563554698242;0.156064088867456;235.8291819589319;0.792736485514009;4.522124776548102;447347.0401411345;5163641.781029562;-1;;;;;;;;;;;;;;;;;;;;;;;;;;;;;;;;;;;;;;;;;;;;;;;;;;;;;;;;;;;;;;;;;;;;;;;;;;;;;
60.75;1780344060.75;0;2351.745000299215;14.312238392000478;46.62427154700018;448.5107686400721;57.93848622171894;0.8683601916599584;0.2170900479149896;244.101640418559;-2.752556287127321;5.96256262376156;447347.1822362403;5163641.846299256;-1;;;;;;;;;;;;;;;;;;;;;;;;;;;;;;;;;;;;;;;;;;;;;;;;;;;;;;;;;;;;;;;;;;;;;;;;;;;;;
61;1780344061;0;2352.995000001192;14.312240790000002;46.6242725955;448.5092474921508;51.5687882369999;1.08124757646021;0.2703118941150525;250.4420570297682;-4.253381543271036;7.091296519067656;447347.3668354757;5163641.961205242;-1;;;;;;;;;;;;;;;;;;;;;;;;;;;;;;;;;;;;;;;;;;;;;;;;;;;;;;;;;;;;;;;;;;;;;;;;;;;;;
61.25;1780344061.25;0;2354.244999995232;14.312243489999992;46.6242741675;448.5116178034258;39.58777104805948;1.239603760081941;0.3099009400204853;262.5213042800573;-4.336912067608808;1.0773071073534;447347.5750623866;5163642.134080112;-1;;;;;;;;;;;;;;;;;;;;;;;;;;;;;;;;;;;;;;;;;;;;;;;;;;;;;;;;;;;;;;;;;;;;;;;;;;;;;
61.5;1780344061.5;0;2355.495000597238;14.312245940501136;46.62427638900132;448.518129937374;29.580863607969;1.290469248887497;0.3226173122218744;272.5502783152248;-4.063752223846097;-1.945048510416939;447347.7648182368;5163642.379293326;-1;;;;;;;;;;;;;;;;;;;;;;;;;;;;;;;;;;;;;;;;;;;;;;;;;;;;;;;;;;;;;;;;;;;;;;;;;;;;;
61.75;1780344061.75;0;2356.745000299215;14.312248017500448;46.62427891550058;448.5251238316405;23.22224214256077;1.242021266258875;0.3105053165647188;278.8374464934455;-3.547345897837495;-2.606015360521489;447347.9262757647;5163642.658646984;-1;;;;;;;;;;;;;;;;;;;;;;;;;;;;;;;;;;;;;;;;;;;;;;;;;;;;;;;;;;;;;;;;;;;;;;;;;;;;;
62;1780344062;0;2357.995000001192;14.312249594;46.62428148950002;448.5338149820716;11.690887743353992;1.143472326488321;0.2858680816220802;290.2413092593661;-2.815061348896425;-2.936030863817084;447348.0494627886;5163642.943613128;-1;;;;;;;;;;;;;;;;;;;;;;;;;;;;;;;;;;;;;;;;;;;;;;;;;;;;;;;;;;;;;;;;;;;;;;;;;;;;;
62.25;1780344062.25;0;2359.244999995231;14.312250297999996;46.62428401449998;448.5358959328306;6.134072071013756;1.128632972395182;0.2821582430987955;295.6839656419367;-1.670465504153169;-3.897032998960901;447348.1058067228;5163643.223717338;-1;;;;;;;;;;;;;;;;;;;;;;;;;;;;;;;;;;;;;;;;;;;;;;;;;;;;;;;;;;;;;;;;;;;;;;;;;;;;;
62.5;1780344062.5;0;2360.495000597238;14.312250649500062;46.62428654050114;448.5435815334042;175.6134809851476;0.9584012911437658;0.2396003227859415;126.08396589317536;-0.1553740900758966;-5.993447054290852;447348.1351654409;5163643.504168258;-1;;;;;;;;;;;;;;;;;;;;;;;;;;;;;;;;;;;;;;;;;;;;;;;;;;;;;;;;;;;;;;;;;;;;;;;;;;;;;
62.75;1780344062.75;0;2361.745000299215;14.31225047649991;46.62428869200048;448.5508117984829;345.0263397103376;0.7842576604008178;0.1960644151002045;-43.39052478889397;0.8062457982698478;-6.221350949339338;447348.1240071288;5163643.74335542;-1;;;;;;;;;;;;;;;;;;;;;;;;;;;;;;;;;;;;;;;;;;;;;;;;;;;;;;;;;;;;;;;;;;;;;;;;;;;;;
63;1780344063;0;2362.995000001192;14.312249802999998;46.6242903935;448.5519657392262;329.0640745476684;0.5177899177693332;0.1294474794423333;-27.42815999419202;1.28820552986025;-4.72294554088725;447348.0740959808;5163643.932873556;-1;;;;;;;;;;;;;;;;;;;;;;;;;;;;;;;;;;;;;;;;;;;;;;;;;;;;;;;;;;;;;;;;;;;;;;;;;;;;;
63.25;1780344063.25;0;2364.244999995231;14.312248830500006;46.62429134699998;448.546991398117;306.4386376147641;0.4977750026795018;0.12444375066987544;-4.81558427073387;1.575646743050689;-3.349394117552314;447348.0005691992;5163644.039474756;-1;;;;;;;;;;;;;;;;;;;;;;;;;;;;;;;;;;;;;;;;;;;;;;;;;;;;;;;;;;;;;;;;;;;;;;;;;;;;;
63.5;1780344063.5;0;2365.495000597238;14.312247504999404;46.62429199800024;448.5470659524329;288.9924546304032;0.422867269925797;0.10571681748144924;12.601730739735562;1.773381740702919;-2.008885307123713;447347.8997246202;5163644.11269841;-1;;;;;;;;;;;;;;;;;;;;;;;;;;;;;;;;;;;;;;;;;;;;;;;;;;;;;;;;;;;;;;;;;;;;;;;;;;;;;
63.75;1780344063.75;0;2366.745000299215;14.31224618049967;46.62429227450004;448.5466549011715;271.9228039623082;0.4201681216122678;0.10504203040306694;29.63334774475935;1.836625888848606;-0.8701008436687472;447347.7985935661;5163644.14430743;-1;;;;;;;;;;;;;;;;;;;;;;;;;;;;;;;;;;;;;;;;;;;;;;;;;;;;;;;;;;;;;;;;;;;;;;;;;;;;;
64;1780344064;0;2367.995000001192;14.312244805499998;46.6242923;448.5458382706602;260.8559393030556;0.3550495403125155;0.08876238507812886;40.68405174704504;1.78826364099832;-0.006749952722126774;447347.6933530547;5163644.148059432;-1;;;;;;;;;;;;;;;;;;;;;;;;;;;;;;;;;;;;;;;;;;;;;;;;;;;;;;;;;;;;;;;;;;;;;;;;;;;;;
64.25;1780344064.25;0;2369.244999995231;14.312243679500004;46.624292102;448.5448831370851;241.8119908275922;0.3367751254099552;0.08419378135248878;59.73114182885714;1.629367234425826;0.707999780409597;447347.6069584033;5163644.126810106;-1;;;;;;;;;;;;;;;;;;;;;;;;;;;;;;;;;;;;;;;;;;;;;;;;;;;;;;;;;;;;;;;;;;;;;;;;;;;;;
64.5;1780344064.5;0;2370.495000597238;14.312242702999642;46.62429175049994;448.5438730234901;256.3592411488554;0.2357487531235887;0.05893718828089718;45.19341840273914;1.429558431783597;1.157667247711743;447347.5318601012;5163644.088404202;-1;;;;;;;;;;;;;;;;;;;;;;;;;;;;;;;;;;;;;;;;;;;;;;;;;;;;;;;;;;;;;;;;;;;;;;;;;;;;;
64.75;1780344064.75;0;2371.745000299215;14.31224195299982;46.62429162549998;448.5432544461647;239.6599110366517;0.1957022611228055;0.04892556528070136;61.89961441330796;1.176902247135386;1.432949344099798;447347.4743215052;5163644.075015372;-1;;;;;;;;;;;;;;;;;;;;;;;;;;;;;;;;;;;;;;;;;;;;;;;;;;;;;;;;;;;;;;;;;;;;;;;;;;;;;
65;1780344065;0;2372.995000001192;14.312241402;46.624291401;448.5426894389481;214.5777955254554;0.1801549823408011;0.04503874558520026;86.98338181820696;0.9199238809493742;1.536762268114386;447347.4319211907;5163644.050437308;-1;;;;;;;;;;;;;;;;;;;;;;;;;;;;;;;;;;;;;;;;;;;;;;;;;;;;;;;;;;;;;;;;;;;;;;;;;;;;;
65.25;1780344065.25;0;2374.244999995231;14.312241051;46.6242910755;448.5421760725314;220.72774965663;0.0722400427708638;0.01806001069271595;80.8204054475288;0.6441521618939088;1.457998970490028;447347.4047342472;5163644.01450267;-1;;;;;;;;;;;;;;;;;;;;;;;;;;;;;;;;;;;;;;;;;;;;;;;;;;;;;;;;;;;;;;;;;;;;;;;;;;;;;
65.5;1780344065.5;0;2375.495000597238;14.3122409;46.62429095049994;448.5419733865893;90.89989249716986;0.0224613493876018;0.00561533734690045;210.6335791545174;0.4165582627459365;1.254638199380118;447347.3930530127;5163644.000713706;-1;;;;;;;;;;;;;;;;;;;;;;;;;;;;;;;;;;;;;;;;;;;;;;;;;;;;;;;;;;;;;;;;;;;;;;;;;;;;;
65.75;1780344065.75;0;2376.745000299215;14.3122409;46.6242909;448.5419284685417;67.05002692929998;0.06078764378121662;0.015196910945304156;234.4748399176658;0.2124931339741542;0.9540879888065478;447347.3930040499;5163643.995102224;-1;;;;;;;;;;;;;;;;;;;;;;;;;;;;;;;;;;;;;;;;;;;;;;;;;;;;;;;;;;;;;;;;;;;;;;;;;;;;;
66;1780344066;0;2377.995000001192;14.312241099000002;46.6242909;448.5420482261668;54.12432325671266;0.0943303959347352;0.0235825989836838;247.4044024074683;0.04479274802455439;0.6570643246451526;447347.4082388035;5163643.994969294;-1;;;;;;;;;;;;;;;;;;;;;;;;;;;;;;;;;;;;;;;;;;;;;;;;;;;;;;;;;;;;;;;;;;;;;;;;;;;;;
66.25;1780344066.25;0;2379.244999995231;14.312241349;46.6242910245;448.5423132545557;62.77774937222128;0.08342364996476982;0.02085591249119246;238.7576626485405;-0.03121527850944964;0.4121939663560691;447347.4274986536;5163644.00863656;-1;;;;;;;;;;;;;;;;;;;;;;;;;;;;;;;;;;;;;;;;;;;;;;;;;;;;;;;;;;;;;;;;;;;;;;;;;;;;;
66.5;1780344066.5;0;2380.495000597238;14.31224159900012;46.6242911;448.5425384251907;57.62736395183374;0.1253548278512783;0.03133870696281958;243.9141372585962;-0.0743789998390155;0.1871086322153551;447347.4467110022;5163644.016859018;-1;;;;;;;;;;;;;;;;;;;;;;;;;;;;;;;;;;;;;;;;;;;;;;;;;;;;;;;;;;;;;;;;;;;;;;;;;;;;;
66.75;1780344066.75;0;2381.745000299215;14.31224184900006;46.6242913235001;448.5429037738752;46.46152733227944;0.10936071696134476;0.02734017924033619;255.0824686683082;-0.1201351632387187;-0.02352490844848138;447347.4660668338;5163644.041527038;-1;;;;;;;;;;;;;;;;;;;;;;;;;;;;;;;;;;;;;;;;;;;;;;;;;;;;;;;;;;;;;;;;;;;;;;;;;;;;;
67;1780344067;0;2382.995000001192;14.312242099;46.6242914995;448.543230059772;45.8918384398708;0.1280885674238647;0.03202214185596617;255.6448393658763;-0.0948072100870506;-0.1747454121100129;447347.4853766099;5163644.060916904;-1;;;;;;;;;;;;;;;;;;;;;;;;;;;;;;;;;;;;;;;;;;;;;;;;;;;;;;;;;;;;;;;;;;;;;;;;;;;;;
67.25;1780344067.25;0;2384.244999995231;14.3122424;46.6242917;448.5436198899684;0;0.02201662495034549;0.005504156237586372;301.5339277033966;-0.06361094992375696;-0.2929577172118461;447347.5086145303;5163644.08299512;-1;;;;;;;;;;;;;;;;;;;;;;;;;;;;;;;;;;;;;;;;;;;;;;;;;;;;;;;;;;;;;;;;;;;;;;;;;;;;;
67.5;1780344067.5;0;2385.495000597238;14.3122424;46.62429174950006;448.5436674007628;0;0.12186964968597556;0.03046741242149389;301.5357376187545;-0.02181723196019626;-0.3468696712630321;447347.5086625236;5163644.088495498;-1;;;;;;;;;;;;;;;;;;;;;;;;;;;;;;;;;;;;;;;;;;;;;;;;;;;;;;;;;;;;;;;;;;;;;;;;;;;;;
67.75;1780344067.75;0;2386.745000299215;14.312242400000002;46.62429202350008;448.5439328926911;0;0.0782811905898887;0.01957029764747217;301.5418591019848;0.003495954275553218;-0.3074321238496581;447347.5089281831;5163644.118941994;-1;;;;;;;;;;;;;;;;;;;;;;;;;;;;;;;;;;;;;;;;;;;;;;;;;;;;;;;;;;;;;;;;;;;;;;;;;;;;;
68;1780344068;0;2387.995000001192;14.3122424;46.6242921995;448.5441047615515;0;0.04470036183937461;0.011175090459843652;301.5470803926108;0.0707495530298661;-0.2964288649200295;447347.5090988256;5163644.13849886;-1;;;;;;;;;;;;;;;;;;;;;;;;;;;;;;;;;;;;;;;;;;;;;;;;;;;;;;;;;;;;;;;;;;;;;;;;;;;;;
68.25;1780344068.25;0;2389.244999995231;14.3122424;46.6242923;448.5442037447038;0;0.0220166186296457;0.005504154657411426;301.5476996013594;0.1691905669976074;-0.2442362884389617;447347.5091962664;5163644.14966628;-1;;;;;;;;;;;;;;;;;;;;;;;;;;;;;;;;;;;;;;;;;;;;;;;;;;;;;;;;;;;;;;;;;;;;;;;;;;;;;
68.5;1780344068.5;0;2390.495000597238;14.3122424;46.62429234950006;448.5442526833052;0;0.02246134622725191;0.005615336556812978;301.5419283819785;0.231520024253882;-0.1590442859628595;447347.5092442598;5163644.155166658;-1;;;;;;;;;;;;;;;;;;;;;;;;;;;;;;;;;;;;;;;;;;;;;;;;;;;;;;;;;;;;;;;;;;;;;;;;;;;;;
68.75;1780344068.75;0;2391.745000299215;14.312242400000002;46.6242924;448.544302610446;0;5.426157966353028e-10;1.356539491588257e-10;301.5350667948157;0.2396984039527851;-0.07918030976421168;447347.5092932225;5163644.160778142;-1;;;;;;;;;;;;;;;;;;;;;;;;;;;;;;;;;;;;;;;;;;;;;;;;;;;;;;;;;;;;;;;;;;;;;;;;;;;;;
69;1780344069;0;2392.995000001192;14.3122424;46.6242924;448.544302610446;0;0;0;301.5345357902799;0.2119002753473731;-0.013727061709430378;447347.5092932225;5163644.160778142;-1;;;;;;;;;;;;;;;;;;;;;;;;;;;;;;;;;;;;;;;;;;;;;;;;;;;;;;;;;;;;;;;;;;;;;;;;;;;;;
69.25;1780344069.25;0;2394.244999995232;14.3122424;46.6242924;448.544302610446;0;0;0;301.5403282885216;0.2122958624230735;0.06702622804569668;447347.5092932225;5163644.160778142;-1;;;;;;;;;;;;;;;;;;;;;;;;;;;;;;;;;;;;;;;;;;;;;;;;;;;;;;;;;;;;;;;;;;;;;;;;;;;;;
69.5;1780344069.5;0;2395.495000597238;14.3122424;46.6242924;448.544302610446;0;5.426157966353028e-10;1.356539491588257e-10;301.5469735980832;0.1981061616121364;0.09657219898772526;447347.5092932225;5163644.160778142;-1;;;;;;;;;;;;;;;;;;;;;;;;;;;;;;;;;;;;;;;;;;;;;;;;;;;;;;;;;;;;;;;;;;;;;;;;;;;;;
69.75;1780344069.75;0;2396.745000299215;14.312242400000002;46.6242924;448.544302610446;0;5.426157966353028e-10;1.356539491588257e-10;301.5486714949038;0.2199663232973235;0.11720780270726308;447347.5092932225;5163644.160778142;-1;;;;;;;;;;;;;;;;;;;;;;;;;;;;;;;;;;;;;;;;;;;;;;;;;;;;;;;;;;;;;;;;;;;;;;;;;;;;;
70;1780344070;0;2397.995000001192;14.3122424;46.6242924;448.544302610446;0;0;0;301.5478425042326;0.2449473562739093;0.1423549448444668;447347.5092932225;5163644.160778142;-1;;;;;;;;;;;;;;;;;;;;;;;;;;;;;;;;;;;;;;;;;;;;;;;;;;;;;;;;;;;;;;;;;;;;;;;;;;;;;
70.25;1780344070.25;0;2399.244999995232;14.3122424;46.6242924;448.544302610446;0;0;0;301.5422660201318;0.2408397881890705;0.1505126084212984;447347.5092932225;5163644.160778142;-1;;;;;;;;;;;;;;;;;;;;;;;;;;;;;;;;;;;;;;;;;;;;;;;;;;;;;;;;;;;;;;;;;;;;;;;;;;;;;
70.5;1780344070.5;0;2400.495000597238;14.3122424;46.6242924;448.544302610446;0;5.426157966353028e-10;1.356539491588257e-10;301.5376074043442;0.1895100041953282;0.1425503920412618;447347.5092932225;5163644.160778142;-1;;;;;;;;;;;;;;;;;;;;;;;;;;;;;;;;;;;;;;;;;;;;;;;;;;;;;;;;;;;;;;;;;;;;;;;;;;;;;
70.75;1780344070.75;0;2401.745000299215;14.312242400000002;46.6242924;448.544302610446;0;5.426157966353028e-10;1.356539491588257e-10;301.5394079070996;0.1574661882596017;0.09745947293655826;447347.5092932225;5163644.160778142;-1;;;;;;;;;;;;;;;;;;;;;;;;;;;;;;;;;;;;;;;;;;;;;;;;;;;;;;;;;;;;;;;;;;;;;;;;;;;;;
71;1780344071;0;2402.995000001192;14.3122424;46.6242924;448.544302610446;0;0;0;301.5459913106593;0.1348721989154778;0.08179174640992458;447347.5092932225;5163644.160778142;-1;;;;;;;;;;;;;;;;;;;;;;;;;;;;;;;;;;;;;;;;;;;;;;;;;;;;;;;;;;;;;;;;;;;;;;;;;;;;;
71.25;1780344071.25;0;2404.244999995231;14.3122424;46.6242924;448.544302610446;0;0;0;301.5501575048617;0.09558323833508494;0.07834211229031436;447347.5092932225;5163644.160778142;-1;;;;;;;;;;;;;;;;;;;;;;;;;;;;;;;;;;;;;;;;;;;;;;;;;;;;;;;;;;;;;;;;;;;;;;;;;;;;;
71.5;1780344071.5;0;2405.495000597238;14.3122424;46.6242924;448.544302610446;0;5.426157966353028e-10;1.356539491588257e-10;301.5479980119497;0.0951990627674743;0.07148003056071886;447347.5092932225;5163644.160778142;-1;;;;;;;;;;;;;;;;;;;;;;;;;;;;;;;;;;;;;;;;;;;;;;;;;;;;;;;;;;;;;;;;;;;;;;;;;;;;;
71.75;1780344071.75;0;2406.745000299215;14.312242400000002;46.6242924;448.544302610446;0;5.426157966353028e-10;1.356539491588257e-10;301.5444441570354;0.11231978800708806;0.0596463093787682;447347.5092932225;5163644.160778142;-1;;;;;;;;;;;;;;;;;;;;;;;;;;;;;;;;;;;;;;;;;;;;;;;;;;;;;;;;;;;;;;;;;;;;;;;;;;;;;
72;1780344072;0;2407.995000001192;14.3122424;46.6242924;448.544302610446;0;0;0;301.5415515469214;0.04423355770119057;0.0490914848617795;447347.5092932225;5163644.160778142;-1;;;;;;;;;;;;;;;;;;;;;;;;;;;;;;;;;;;;;;;;;;;;;;;;;;;;;;;;;;;;;;;;;;;;;;;;;;;;;
72.25;1780344072.25;0;2409.244999995231;14.3122424;46.6242924;448.544302610446;79.75228152862284;0.08012657089575134;0.02003164272393783;221.7839424704929;-6.3197376749677;0.03388157135908133;447347.5092932225;5163644.160778142;-1;;;;;;;;;;;;;;;;;;;;;;;;;;;;;;;;;;;;;;;;;;;;;;;;;;;;;;;;;;;;;;;;;;;;;;;;;;;;;
72.5;1780344072.5;0;2410.495000597238;14.312242251499822;46.62429254850016;448.5443495340434;308.7583184844316;0.3402873039263839;0.08507182598159598;-7.222302982180822;-13.364914248252752;0.03462621381549083;447347.4980685401;5163644.17737847;-1;;;;;;;;;;;;;;;;;;;;;;;;;;;;;;;;;;;;;;;;;;;;;;;;;;;;;;;;;;;;;;;;;;;;;;;;;;;;;
72.75;1780344072.75;0;2411.745000299215;14.31224128049967;46.62429292350008;448.5440846027693;302.3846240935927;0.9166845819132598;0.229171145478315;-0.8332041037049698;-15.288132459958212;0.02471358804351722;447347.4240957017;5163644.219696558;-1;;;;;;;;;;;;;;;;;;;;;;;;;;;;;;;;;;;;;;;;;;;;;;;;;;;;;;;;;;;;;;;;;;;;;;;;;;;;;
73;1780344073;0;2412.995000001192;14.312238810999998;46.6242940945;448.5438249121648;298.8884121974937;1.694915116379316;0.4237287790948291;2.67877905242041;-15.371038019116198;0.025632743476051;447347.2361746814;5163644.35146604;-1;;;;;;;;;;;;;;;;;;;;;;;;;;;;;;;;;;;;;;;;;;;;;;;;;;;;;;;;;;;;;;;;;;;;;;;;;;;;;
73.25;1780344073.25;0;2414.244999995232;14.312233997500022;46.62429599;448.5331860925711;302.4416242037607;2.347212982856905;0.5868032457142262;-0.8957291627147502;-14.81129190429507;0.02839508733506748;447346.8695075549;5163644.565306752;-1;;;;;;;;;;;;;;;;;;;;;;;;;;;;;;;;;;;;;;;;;;;;;;;;;;;;;;;;;;;;;;;;;;;;;;;;;;;;;
73.5;1780344073.5;0;2415.495000597238;14.312227481496236;46.62429878700156;448.5352799283013;301.0216966474949;3.12586800344616;0.78146700086154;0.3420132195900989;-14.00410410955304;0.08083718502502192;447346.3733767228;5163644.880458362;-1;;;;;;;;;;;;;;;;;;;;;;;;;;;;;;;;;;;;;;;;;;;;;;;;;;;;;;;;;;;;;;;;;;;;;;;;;;;;;
73.75;1780344073.75;0;2416.745000299215;14.312218712497754;46.62430240950094;448.5359171268509;300.3085779404251;3.420829426481308;0.855207356620327;0.3426950558129125;-12.672161551382376;0.11630735364816614;447345.7055648589;5163645.288843206;-1;;;;;;;;;;;;;;;;;;;;;;;;;;;;;;;;;;;;;;;;;;;;;;;;;;;;;;;;;;;;;;;;;;;;;;;;;;;;;
74;1780344074;0;2417.995000001192;14.31220903899999;46.6243062845;448.519634724588;301.8669103149967;4.289492137000835;1.072373034250209;-2.273526436091321;-11.178646541799156;0.05861719112597356;447344.9687525746;5163645.72588976;-1;;;;;;;;;;;;;;;;;;;;;;;;;;;;;;;;;;;;;;;;;;;;;;;;;;;;;;;;;;;;;;;;;;;;;;;;;;;;;
74.25;1780344074.25;0;2419.244999995231;14.312197072500046;46.62431133099998;448.4994842438899;300.4802695183096;4.570090792811802;1.14252269820295;-2.23668279071141;-9.653516799248896;-0.1298262641767195;447344.0575320423;5163646.294643764;-1;;;;;;;;;;;;;;;;;;;;;;;;;;;;;;;;;;;;;;;;;;;;;;;;;;;;;;;;;;;;;;;;;;;;;;;;;;;;;
74.5;1780344074.5;0;2420.495000597238;14.312184207493132;46.62431657600288;448.4980025769743;300.4769111150023;4.955814892063606;1.238953723015902;-3.486030597024676;-7.697210168772256;-0.3722803035825535;447343.0777175923;5163646.886055516;-1;;;;;;;;;;;;;;;;;;;;;;;;;;;;;;;;;;;;;;;;;;;;;;;;;;;;;;;;;;;;;;;;;;;;;;;;;;;;;
74.75;1780344074.75;0;2421.745000299215;14.31217020499671;46.6243222035013;448.4954341143914;300.361437875528;5.505880342431048;1.376470085607762;-4.327947625002278;-4.831611245273014;-0.6661421513287594;447342.0111919795;5163647.520729698;-1;;;;;;;;;;;;;;;;;;;;;;;;;;;;;;;;;;;;;;;;;;;;;;;;;;;;;;;;;;;;;;;;;;;;;;;;;;;;;
75;1780344075;0;2422.995000001192;14.312154663999984;46.624328474;448.4836122921446;299.8426104280387;5.717929902402346;1.429482475600587;-4.050728628084226;-3.403990360632616;-0.8014403544335796;447340.8275078884;5163648.227881194;-1;;;;;;;;;;;;;;;;;;;;;;;;;;;;;;;;;;;;;;;;;;;;;;;;;;;;;;;;;;;;;;;;;;;;;;;;;;;;;
75.25;1780344075.25;0;2424.244999995231;14.312138411000058;46.62433485149998;448.4479160509344;299.0439131761487;5.595436870423366;1.398859217605841;-3.424866132904797;-2.966110246585444;-0.8150568234692824;447339.5894193928;5163648.947398462;-1;;;;;;;;;;;;;;;;;;;;;;;;;;;;;;;;;;;;;;;;;;;;;;;;;;;;;;;;;;;;;;;;;;;;;;;;;;;;;
75.5;1780344075.5;0;2425.495000597238;14.312122368991758;46.62434092450304;448.4111752673014;298.6474495692567;5.696308446433858;1.424077111608465;-4.180684346418012;-2.372643324394966;-0.9383289954826566;447338.3671886821;5163649.632939748;-1;;;;;;;;;;;;;;;;;;;;;;;;;;;;;;;;;;;;;;;;;;;;;;;;;;;;;;;;;;;;;;;;;;;;;;;;;;;;;
75.75;1780344075.75;0;2426.745000299215;14.31210601299623;46.62434707600144;448.3753708571122;298.5231292267016;6.061103815106044;1.515275953776511;-6.49645090919329;-2.060721094908574;-1.287740590033621;447337.1209965935;5163650.327413338;-1;;;;;;;;;;;;;;;;;;;;;;;;;;;;;;;;;;;;;;;;;;;;;;;;;;;;;;;;;;;;;;;;;;;;;;;;;;;;;
76;1780344076;0;2427.995000001192;14.312088571499982;46.6243535735;448.3497176421888;297.9483228354781;5.71120923318071;1.427802308295178;-9.905674635224476;-2.125250895183866;-1.972297245015846;447335.7920382256;5163651.061059506;-1;;;;;;;;;;;;;;;;;;;;;;;;;;;;;;;;;;;;;;;;;;;;;;;;;;;;;;;;;;;;;;;;;;;;;;;;;;;;;
76.25;1780344076.25;0;2429.244999995232;14.31207202300007;46.62435954949998;448.3415462719869;296.6230280267434;6.275164503353918;1.568791125838479;-13.209868496955182;-2.466062170850457;-2.836999416617765;447334.5309391007;5163651.736161144;-1;;;;;;;;;;;;;;;;;;;;;;;;;;;;;;;;;;;;;;;;;;;;;;;;;;;;;;;;;;;;;;;;;;;;;;;;;;;;;
76.5;1780344076.5;0;2430.495000597238;14.312053624491102;46.62436582550294;448.340960091722;295.1580013049109;5.955431956002188;1.488857989000547;-16.64892625314614;-2.884915662702443;-3.713882809054802;447333.1285010666;5163652.445835078;-1;;;;;;;;;;;;;;;;;;;;;;;;;;;;;;;;;;;;;;;;;;;;;;;;;;;;;;;;;;;;;;;;;;;;;;;;;;;;;
76.75;1780344076.75;0;2431.745000299215;14.31203596799593;46.6243715035013;448.4571235186915;294.2570604825033;6.260405059478508;1.565101264869627;-20.19101857243485;-2.099820681731634;-4.432622980144334;447331.7822893012;5163653.088564082;-1;;;;;;;;;;;;;;;;;;;;;;;;;;;;;;;;;;;;;;;;;;;;;;;;;;;;;;;;;;;;;;;;;;;;;;;;;;;;;
77;1780344077;0;2432.995000001192;14.312017276499982;46.62437727650002;449.058586934705;291.5775999455265;5.863014820479378;1.465753705119845;-21.3777395484063;0.2873673728638046;-4.931940868774712;447330.3569339876;5163653.742541282;-1;;;;;;;;;;;;;;;;;;;;;;;;;;;;;;;;;;;;;;;;;;;;;;;;;;;;;;;;;;;;;;;;;;;;;;;;;;;;;
77.25;1780344077.25;0;2434.244999995232;14.311999402500072;46.62438207999998;450.0766162252417;290.3818134117161;5.971063062736986;1.492765765684246;-23.66408402106325;6.698035184182442;-5.268285476312148;447328.9932232603;5163654.288243244;-1;;;;;;;;;;;;;;;;;;;;;;;;;;;;;;;;;;;;;;;;;;;;;;;;;;;;;;;;;;;;;;;;;;;;;;;;;;;;;
77.5;1780344077.5;0;2435.495000597238;14.311981066991998;46.62438673350198;452.8842701112902;288.8079229467191;5.542765188459274;1.385691297114818;-24.52225407985552;8.782082612423474;-5.188304993811772;447327.5940358608;5163654.817586326;-1;;;;;;;;;;;;;;;;;;;;;;;;;;;;;;;;;;;;;;;;;;;;;;;;;;;;;;;;;;;;;;;;;;;;;;;;;;;;;
77.75;1780344077.75;0;2436.745000299215;14.31196386999581;46.62439070950092;454.1334120117278;288.8220910982867;5.328155784817564;1.332038946204391;-25.75028340244796;8.586388983178794;-4.746073972651044;447326.2813519385;5163655.270885718;-1;;;;;;;;;;;;;;;;;;;;;;;;;;;;;;;;;;;;;;;;;;;;;;;;;;;;;;;;;;;;;;;;;;;;;;;;;;;;;
78;1780344078;0;2437.995000001192;14.311947364999984;46.6243945845;457.9203969806254;288.9923556058746;4.455815865497623;1.113953966374406;-26.24764887862659;8.439275745387288;-5.919248872879444;447325.0215472944;5163655.712499966;-1;;;;;;;;;;;;;;;;;;;;;;;;;;;;;;;;;;;;;;;;;;;;;;;;;;;;;;;;;;;;;;;;;;;;;;;;;;;;;
78.25;1780344078.25;0;2439.244999995231;14.311933556000052;46.6243978125;458.0679921421466;286.8657671823323;4.142685007651634;1.0356712519129086;-23.41750351431243;8.019689590105512;-17.00644730923063;447323.9675110142;5163656.080419162;-1;;;;;;;;;;;;;;;;;;;;;;;;;;;;;;;;;;;;;;;;;;;;;;;;;;;;;;;;;;;;;;;;;;;;;;;;;;;;;
78.5;1780344078.5;0;2440.495000597238;14.311920545994506;46.6244004425009;458.2290627412184;278.5181331400071;3.566634999728271;0.8916587499320678;-13.854790878879566;7.265692122964468;-20.81285856141412;447322.9740629127;5163656.381355736;-1;;;;;;;;;;;;;;;;;;;;;;;;;;;;;;;;;;;;;;;;;;;;;;;;;;;;;;;;;;;;;;;;;;;;;;;;;;;;;
78.75;1780344078.75;0;2441.745000299215;14.311908971497218;46.62440149800014;458.4826384600924;262.7285600078346;3.030086041970756;0.757521510492689;3.001863730564469;6.225705012650232;-16.0629393349653;447322.0889849288;5163656.506376674;-1;;;;;;;;;;;;;;;;;;;;;;;;;;;;;;;;;;;;;;;;;;;;;;;;;;;;;;;;;;;;;;;;;;;;;;;;;;;;;
79;1780344079;0;2442.995000001192;14.31189913749999;46.624400605;458.5952040639138;250.0426318414248;3.088760663990774;0.7721901659976934;16.12435809101512;5.10743288830145;-14.187371425892628;447321.3352632646;5163656.413719992;-1;;;;;;;;;;;;;;;;;;;;;;;;;;;;;;;;;;;;;;;;;;;;;;;;;;;;;;;;;;;;;;;;;;;;;;;;;;;;;
79.25;1780344079.25;0;2444.244999995231;14.311889785000034;46.62439796500002;458.2778312679048;235.0496393645604;3.08745463658444;0.77186365914611;31.09018535647635;4.137468047407132;-16.38724684289522;447320.6167085747;5163656.12661742;-1;;;;;;;;;;;;;;;;;;;;;;;;;;;;;;;;;;;;;;;;;;;;;;;;;;;;;;;;;;;;;;;;;;;;;;;;;;;;;
79.5;1780344079.5;0;2445.495000597238;14.311881678496598;46.62439381899774;456.2851706414594;222.4704326158125;3.352440622639493;0.8381101556598732;43.46961503804755;3.304221155180725;-7.976400148697822;447319.9920819073;5163655.67133731;-1;;;;;;;;;;;;;;;;;;;;;;;;;;;;;;;;;;;;;;;;;;;;;;;;;;;;;;;;;;;;;;;;;;;;;;;;;;;;;
79.75;1780344079.75;0;2446.745000299215;14.311874404498234;46.6243881749985;453.2906757507044;216.4572973637708;3.34079273513708;0.83519818378427;49.29433047755242;2.636988153931574;1.493606478669211;447319.4297355752;5163655.04904553;-1;;;;;;;;;;;;;;;;;;;;;;;;;;;;;;;;;;;;;;;;;;;;;;;;;;;;;;;;;;;;;;;;;;;;;;;;;;;;;
80;1780344080;0;2447.995000001192;14.311867924999992;46.624382124;449.1497142662028;213.980922081807;3.441507319764035;0.8603768299410088;51.82171641368154;2.151566006413158;4.813123277396872;447318.9278184001;5163654.380997598;-1;;;;;;;;;;;;;;;;;;;;;;;;;;;;;;;;;;;;;;;;;;;;;;;;;;;;;;;;;;;;;;;;;;;;;;;;;;;;;
80.25;1780344080.25;0;2449.244999995232;14.311861597500022;46.62437572200002;448.8590773807253;215.210878772954;2.44193519902334;0.610483799755835;50.56108625015746;0.1784721835662422;7.872834333788298;447318.4371970401;5163653.673845334;-1;;;;;;;;;;;;;;;;;;;;;;;;;;;;;;;;;;;;;;;;;;;;;;;;;;;;;;;;;;;;;;;;;;;;;;;;;;;;;
80.5;1780344080.5;0;2450.247500298619;14.311856987248538;46.6243712367486;448.5991943805144;217.6775232147437;1.606916997803207;0.4017292494508017;47.10787097804006;-5.739165059561458;13.289253170075424;447318.0799014552;5163653.178531776;-1;;;;;;;;;;;;;;;;;;;;;;;;;;;;;;;;;;;;;;;;;;;;;;;;;;;;;;;;;;;;;;;;;;;;;;;;;;;;;
80.75;1780344080.75;0;2450.872500149608;14.311853924749266;46.6243682992493;448.3058488754043;222.916766781442;2.600526608989831;0.6501316522474578;40.8523874151813;-9.92460697242538;15.568778339962542;447317.8425977171;5163652.854167828;-1;;;;;;;;;;;;;;;;;;;;;;;;;;;;;;;;;;;;;;;;;;;;;;;;;;;;;;;;;;;;;;;;;;;;;;;;;;;;;
81;1780344081;0;2451.995000001192;14.311848125999994;46.6243640185;448.2342857134569;236.34681078177;2.694263262771959;0.6735658156929898;26.644008674702;-12.808563359054208;17.59546245707036;447317.3945132584;5163652.382372656;-1;;;;;;;;;;;;;;;;;;;;;;;;;;;;;;;;;;;;;;;;;;;;;;;;;;;;;;;;;;;;;;;;;;;;;;;;;;;;;
81.25;1780344081.25;0;2453.244999995231;14.311840513500036;46.62436095900002;448.211391211158;254.3178646841423;3.104351461476512;0.776087865369128;8.687716145858076;-12.53684349845244;18.06888551023587;447316.808759164;5163652.047493316;-1;;;;;;;;;;;;;;;;;;;;;;;;;;;;;;;;;;;;;;;;;;;;;;;;;;;;;;;;;;;;;;;;;;;;;;;;;;;;;
81.5;1780344081.5;0;2454.495000597238;14.311830640995102;46.62435930299964;448.3262108681227;268.8737545843616;3.677318996768614;0.9193297491921534;-5.295688702826078;-9.7356179823764;11.786695738774132;447316.0513486227;5163651.870079512;-1;;;;;;;;;;;;;;;;;;;;;;;;;;;;;;;;;;;;;;;;;;;;;;;;;;;;;;;;;;;;;;;;;;;;;;;;;;;;;
81.75;1780344081.75;0;2455.745000299215;14.311818602996828;46.62435937250014;448.988744503517;276.4037382900977;3.982310576877781;0.9955776442194452;-12.604541178052334;-8.84374254194832;5.191568910994764;447315.1298295412;5163651.885848468;-1;;;;;;;;;;;;;;;;;;;;;;;;;;;;;;;;;;;;;;;;;;;;;;;;;;;;;;;;;;;;;;;;;;;;;;;;;;;;;
82;1780344082;0;2456.995000001192;14.311805651499988;46.62436039550002;449.6940373553392;278.0809432217244;4.81618723542896;1.20404680885724;-14.42514601027037;-10.876308002752558;1.929466628533804;447314.1393013069;5163652.008179666;-1;;;;;;;;;;;;;;;;;;;;;;;;;;;;;;;;;;;;;;;;;;;;;;;;;;;;;;;;;;;;;;;;;;;;;;;;;;;;;
82.25;1780344082.25;0;2458.244999995231;14.311790041500062;46.6243619185;449.4774706683501;278.1607928405167;5.069664157551274;1.267416039387818;-14.482790132697854;-10.096427371302608;-0.09744096725417332;447312.9457326416;5163652.187847386;-1;;;;;;;;;;;;;;;;;;;;;;;;;;;;;;;;;;;;;;;;;;;;;;;;;;;;;;;;;;;;;;;;;;;;;;;;;;;;;
82.5;1780344082.5;0;2459.495000597238;14.311773614492296;46.62436354350078;449.3268763328316;277.1931954870478;5.48844321823405;1.372110804558512;-13.475393661173208;-8.496791794182054;-1.822325638169891;447311.6897157824;5163652.379395644;-1;;;;;;;;;;;;;;;;;;;;;;;;;;;;;;;;;;;;;;;;;;;;;;;;;;;;;;;;;;;;;;;;;;;;;;;;;;;;;
82.75;1780344082.75;0;2460.745000299215;14.311755775995452;46.62436501950034;449.0564621831401;275.9574967293694;5.468617022921234;1.367154255730309;-12.252150043400014;-7.112729584300872;-3.137022400525706;447310.325495835;5163652.555330878;-1;;;;;;;;;;;;;;;;;;;;;;;;;;;;;;;;;;;;;;;;;;;;;;;;;;;;;;;;;;;;;;;;;;;;;;;;;;;;;
83;1780344083;0;2461.995000001192;14.311737969999986;46.624366295;448.4400289690054;274.1218979105996;6.084800815356424;1.521200203839106;-10.945725506049112;-0.5518313610446226;-4.267941501600759;447308.9635696105;5163652.708965406;-1;;;;;;;;;;;;;;;;;;;;;;;;;;;;;;;;;;;;;;;;;;;;;;;;;;;;;;;;;;;;;;;;;;;;;;;;;;;;;
83.25;1780344083.25;0;2463.244999995232;14.31171809850007;46.624367247;448.2695451747523;272.6964420127634;5.798679543840466;1.449669885960117;-10.416050764888568;7.486059467527366;-4.834401418368838;447307.4432018842;5163652.82803424;-1;;;;;;;;;;;;;;;;;;;;;;;;;;;;;;;;;;;;;;;;;;;;;;;;;;;;;;;;;;;;;;;;;;;;;;;;;;;;;
83.5;1780344083.5;0;2464.495000597238;14.311699129490504;46.62436774950006;448.6352230634629;271.3957773593108;5.777354328133024;1.444338582033256;-10.10136505782679;10.34253475318987;-4.93659123850041;447305.9914894989;5163652.896552312;-1;;;;;;;;;;;;;;;;;;;;;;;;;;;;;;;;;;;;;;;;;;;;;;;;;;;;;;;;;;;;;;;;;;;;;;;;;;;;;
83.75;1780344083.75;0;2465.745000299215;14.311680222995632;46.62436809800012;448.3042615495126;270.0772546529706;4.875680155192852;1.218920038798213;-9.574236728528902;10.61035657522493;-4.702371939608742;447304.5444136114;5163652.947916652;-1;;;;;;;;;;;;;;;;;;;;;;;;;;;;;;;;;;;;;;;;;;;;;;;;;;;;;;;;;;;;;;;;;;;;;;;;;;;;;
84;1780344084;0;2466.995000001192;14.311664261499984;46.6243681005;448.1414161481454;268.0209822791476;4.656051204261664;1.164012801065416;-7.796001860284834;8.688841844890108;-4.248146972671989;447303.3224606611;5163652.958865384;-1;;;;;;;;;;;;;;;;;;;;;;;;;;;;;;;;;;;;;;;;;;;;;;;;;;;;;;;;;;;;;;;;;;;;;;;;;;;;;
84.25;1780344084.25;0;2468.244999995231;14.31164902750005;46.624367751;448.2751008228185;267.8973953911954;4.133997302507183;1.0334993256267956;-6.93888840913128;2.792667121064922;-3.300994524220349;447302.1558606193;5163652.930214278;-1;;;;;;;;;;;;;;;;;;;;;;;;;;;;;;;;;;;;;;;;;;;;;;;;;;;;;;;;;;;;;;;;;;;;;;;;;;;;;
84.5;1780344084.5;0;2469.495000597238;14.311635506493252;46.6243673524997;448.8786823016972;265.6668884697443;4.030875630134236;1.0077189075335588;-4.095116127529456;0.331225687843661;-2.325068511105616;447301.1203536772;5163652.894973272;-1;;;;;;;;;;;;;;;;;;;;;;;;;;;;;;;;;;;;;;;;;;;;;;;;;;;;;;;;;;;;;;;;;;;;;;;;;;;;;
84.75;1780344084.75;0;2470.745000299215;14.311622349997008;46.62436665299984;449.2587661892463;263.6194179141812;4.118346561518937;1.0295866403797342;-1.632346692123437;-0.5924479888048046;-1.411364897478061;447300.1124602544;5163652.826042074;-1;;;;;;;;;;;;;;;;;;;;;;;;;;;;;;;;;;;;;;;;;;;;;;;;;;;;;;;;;;;;;;;;;;;;;;;;;;;;;
85;1780344085;0;2471.995000001192;14.311608954499986;46.6243656045;449.2805218177901;262.4630042300584;4.162421702618741;1.0406054256546852;-0.3915983291495123;-1.538906744642445;-0.7234035228222678;447299.0859310698;5163652.718490446;-1;;;;;;;;;;;;;;;;;;;;;;;;;;;;;;;;;;;;;;;;;;;;;;;;;;;;;;;;;;;;;;;;;;;;;;;;;;;;;
85.25;1780344085.25;0;2473.244999995231;14.311595450000048;46.624364355;449.7344375131843;261.9463312883776;4.053195556058091;1.0132988890145226;-0.1289575184882598;-2.374941822440529;-0.1835628849107043;447298.0508618981;5163652.58867704;-1;;;;;;;;;;;;;;;;;;;;;;;;;;;;;;;;;;;;;;;;;;;;;;;;;;;;;;;;;;;;;;;;;;;;;;;;;;;;;
85.5;1780344085.5;0;2474.495000597238;14.311582306493252;46.6243631049994;449.097614865876;262.3469128631641;4.147314591534265;1.0368286478835662;-0.8009442734897516;-2.875288559183282;0.2181677184134912;447297.0434285483;5163652.458566806;-1;;;;;;;;;;;;;;;;;;;;;;;;;;;;;;;;;;;;;;;;;;;;;;;;;;;;;;;;;;;;;;;;;;;;;;;;;;;;;
85.75;1780344085.75;0;2475.745000299215;14.311568851996888;46.6243618549997;448.7840384158678;261.6926042457802;4.443545024381558;1.110886256095389;-0.2780671219245806;-3.060687954788018;0.4802429540878686;447296.0121868968;5163652.32866477;-1;;;;;;;;;;;;;;;;;;;;;;;;;;;;;;;;;;;;;;;;;;;;;;;;;;;;;;;;;;;;;;;;;;;;;;;;;;;;;
86;1780344086;0;2476.995000001192;14.311554458999988;46.624360406;448.959478596543;261.6402853911645;4.301284835930617;1.075321208982654;-0.1556970133376176;-3.152574620924539;0.6496796304295552;447294.9089037908;5163652.177277844;-1;;;;;;;;;;;;;;;;;;;;;;;;;;;;;;;;;;;;;;;;;;;;;;;;;;;;;;;;;;;;;;;;;;;;;;;;;;;;;
86.25;1780344086.25;0;2478.244999995232;14.31154051100006;46.6243590795;449.1397262556422;263.6100900970446;4.765149891115576;1.191287472778894;-1.968786756027199;-3.130959960083203;0.7505029014362318;447293.8398069038;5163652.039205574;-1;;;;;;;;;;;;;;;;;;;;;;;;;;;;;;;;;;;;;;;;;;;;;;;;;;;;;;;;;;;;;;;;;;;;;;;;;;;;;
86.5;1780344086.5;0;2479.495000597238;14.311525013492414;46.62435785549934;448.6658528733077;262.4452317591372;4.616857673209514;1.154214418302378;-0.6817561574620798;-2.956611073564211;0.7383688294691478;447292.6521846235;5163651.91355921;-1;;;;;;;;;;;;;;;;;;;;;;;;;;;;;;;;;;;;;;;;;;;;;;;;;;;;;;;;;;;;;;;;;;;;;;;;;;;;;
86.75;1780344086.75;0;2480.745000299215;14.311510032496558;46.62435648049968;448.2211009424718;262.3605063445008;4.951380769348442;1.237845192337111;-0.5769761144884156;-2.706604827421999;0.643809745355452;447291.5039580489;5163651.770788874;-1;;;;;;;;;;;;;;;;;;;;;;;;;;;;;;;;;;;;;;;;;;;;;;;;;;;;;;;;;;;;;;;;;;;;;;;;;;;;;
87;1780344087;0;2481.995000001192;14.311493965999984;46.624355006;448.1617577661144;265.1316630337718;4.716070230087794;1.179017557521948;-3.42738647822194;-2.918939694810296;0.4779270991699158;447290.272532745;5163651.617688338;-1;;;;;;;;;;;;;;;;;;;;;;;;;;;;;;;;;;;;;;;;;;;;;;;;;;;;;;;;;;;;;;;;;;;;;;;;;;;;;
87.25;1780344087.25;0;2483.244999995232;14.311478592500066;46.6243540305;448.1740234197765;263.5872219970578;5.033172843403344;1.258293210850836;-1.966017846802942;-2.748701683666271;0.3236675069647474;447289.0946450915;5163651.519572802;-1;;;;;;;;;;;;;;;;;;;;;;;;;;;;;;;;;;;;;;;;;;;;;;;;;;;;;;;;;;;;;;;;;;;;;;;;;;;;;
87.5;1780344087.5;0;2484.495000597238;14.311462212492536;46.62435280399952;448.2303955319785;264.0807505091131;5.143121102880964;1.285780275720241;-2.425960915669901;-2.398846815755442;0.1224561507197038;447287.8394590976;5163651.39423976;-1;;;;;;;;;;;;;;;;;;;;;;;;;;;;;;;;;;;;;;;;;;;;;;;;;;;;;;;;;;;;;;;;;;;;;;;;;;;;;
87.75;1780344087.75;0;2485.745000299215;14.31144546999581;46.62435158049968;448.3634190823727;263.5413191749189;5.440907812705038;1.36022695317626;-1.414027050400757;-2.028238934521062;-0.02139139626563983;447286.5565250665;5163651.26948282;-1;;;;;;;;;;;;;;;;;;;;;;;;;;;;;;;;;;;;;;;;;;;;;;;;;;;;;;;;;;;;;;;;;;;;;;;;;;;;;
88;1780344088;0;2486.995000001192;14.311427770999982;46.6243502055;448.4797189308083;264.1962515558179;5.07433882827434;1.268584707068585;-1.354625750719442;-1.617341010851978;-0.0688049056437884;447285.2002177236;5163651.128531376;-1;;;;;;;;;;;;;;;;;;;;;;;;;;;;;;;;;;;;;;;;;;;;;;;;;;;;;;;;;;;;;;;;;;;;;;;;;;;;;
88.25;1780344088.25;0;2488.244999995231;14.31141124750007;46.62434903050002;448.5056827715766;263.5331300210276;5.359877262954658;1.339969315738664;-0.2964420856235315;-1.195462398263559;-0.0502349043773322;447283.934096272;5163651.009017786;-1;;;;;;;;;;;;;;;;;;;;;;;;;;;;;;;;;;;;;;;;;;;;;;;;;;;;;;;;;;;;;;;;;;;;;;;;;;;;;
88.5;1780344088.5;0;2489.495000597238;14.311393815492178;46.62434765549936;448.5004302827818;263.9409394028088;5.371101872704638;1.34277546817616;-0.7571781674799148;-0.8428943735488008;-0.09703668463500926;447282.5982284502;5163650.867888274;-1;;;;;;;;;;;;;;;;;;;;;;;;;;;;;;;;;;;;;;;;;;;;;;;;;;;;;;;;;;;;;;;;;;;;;;;;;;;;;
88.75;1780344088.75;0;2490.745000299215;14.311376322995632;46.62434642949974;448.3300743231386;263.5378884968322;5.182790692286982;1.295697673071746;-0.4975250593723288;-0.6655997677652208;-0.1795265515215711;447281.257874412;5163650.743356296;-1;;;;;;;;;;;;;;;;;;;;;;;;;;;;;;;;;;;;;;;;;;;;;;;;;;;;;;;;;;;;;;;;;;;;;;;;;;;;;
89;1780344089;0;2491.995000001192;14.311359465999984;46.6243451055;449.5647368015649;263.8196912892998;5.675418271565614;1.418854567891403;-0.2582651159868686;-0.6003010383461936;-0.2062218365395982;447279.9660768879;5163650.607509916;-1;;;;;;;;;;;;;;;;;;;;;;;;;;;;;;;;;;;;;;;;;;;;;;;;;;;;;;;;;;;;;;;;;;;;;;;;;;;;;
89.25;1780344089.25;0;2493.244999995231;14.31134099850007;46.624343706;449.6819513460878;263.1871882468778;5.424619348145574;1.356154837036393;2.023009430097586;-0.6097784104547238;0.06096097644556098;447278.5509114568;5163650.46435157;-1;;;;;;;;;;;;;;;;;;;;;;;;;;;;;;;;;;;;;;;;;;;;;;;;;;;;;;;;;;;;;;;;;;;;;;;;;;;;;
89.5;1780344089.5;0;2494.495000597238;14.311323365992116;46.62434225549934;448.323095646284;262.8984161348821;5.446634436826484;1.361658609206621;3.993747431576396;-0.5510181094780542;0.410294167446056;447277.1996204889;5163650.314967904;-1;;;;;;;;;;;;;;;;;;;;;;;;;;;;;;;;;;;;;;;;;;;;;;;;;;;;;;;;;;;;;;;;;;;;;;;;;;;;;
89.75;1780344089.75;0;2495.745000299215;14.311305673995572;46.62434073149962;448.1780400844604;264.3843322287355;5.189094911151032;1.297273727787758;3.777817327702995;-0.520210558820484;0.7014398008372758;447275.8437038538;5163650.157457216;-1;;;;;;;;;;;;;;;;;;;;;;;;;;;;;;;;;;;;;;;;;;;;;;;;;;;;;;;;;;;;;;;;;;;;;;;;;;;;;
90;1780344090;0;2496.995000001192;14.311288765999986;46.624339604;448.1649311534512;263.7875871900012;5.539646760397734;1.384911690099434;4.994846406771578;-0.6110981478731844;0.870366010243731;447274.5481924723;5163650.04348092;-1;;;;;;;;;;;;;;;;;;;;;;;;;;;;;;;;;;;;;;;;;;;;;;;;;;;;;;;;;;;;;;;;;;;;;;;;;;;;;
90.25;1780344090.25;0;2498.244999995232;14.311270741500064;46.6243382305;448.1592900926355;263.8437417683336;5.315890544405424;1.328972636101356;4.98883874223712;-0.6338812141982252;0.92440940304514;447273.1669665277;5163649.902916586;-1;;;;;;;;;;;;;;;;;;;;;;;;;;;;;;;;;;;;;;;;;;;;;;;;;;;;;;;;;;;;;;;;;;;;;;;;;;;;;
90.5;1780344090.5;0;2499.495000597238;14.31125342349122;46.62433705349958;448.1690607537814;265.4922658822403;5.654054603501876;1.413513650875469;2.843202124406441;-0.6587522598831336;0.8096477248624528;447271.8400177876;5163649.783714714;-1;;;;;;;;;;;;;;;;;;;;;;;;;;;;;;;;;;;;;;;;;;;;;;;;;;;;;;;;;;;;;;;;;;;;;;;;;;;;;
90.75;1780344090.75;0;2500.745000299215;14.311234973995572;46.62433602949974;448.1822196186268;264.4858273614671;5.188988019245032;1.297247004811258;3.628214639259458;-0.7125758889422568;0.674461274405584;447270.426594892;5163649.682271252;-1;;;;;;;;;;;;;;;;;;;;;;;;;;;;;;;;;;;;;;;;;;;;;;;;;;;;;;;;;;;;;;;;;;;;;;;;;;;;;
91;1780344091;0;2501.995000001192;14.311218065999984;46.6243349045;448.1661488491779;266.025131285893;5.527093467392538;1.381773366848135;2.395680012264989;-0.739443869530879;0.5484059930432454;447269.1310857109;5163649.568573902;-1;;;;;;;;;;;;;;;;;;;;;;;;;;;;;;;;;;;;;;;;;;;;;;;;;;;;;;;;;;;;;;;;;;;;;;;;;;;;;
91.25;1780344091.25;0;2503.244999995232;14.311200017000064;46.6243340285;449.6284159319765;265.3485084543416;5.36271151135454;1.340677877838635;3.941002155518552;-0.7904136862147312;0.60172954101078;447267.7484669663;5163649.483308702;-1;;;;;;;;;;;;;;;;;;;;;;;;;;;;;;;;;;;;;;;;;;;;;;;;;;;;;;;;;;;;;;;;;;;;;;;;;;;;;
91.5;1780344091.5;0;2504.495000597238;14.311182524491102;46.6243330049994;450.6200878756268;265.3485682558743;5.387355563744086;1.346838890936022;5.193460594440018;-0.8648715362672788;0.7303117812472924;447266.4083079435;5163649.38128145;-1;;;;;;;;;;;;;;;;;;;;;;;;;;;;;;;;;;;;;;;;;;;;;;;;;;;;;;;;;;;;;;;;;;;;;;;;;;;;;
91.75;1780344091.75;0;2505.745000299215;14.311164942495962;46.62433205299982;448.7345543130906;266.5558756619725;5.590201056071694;1.397550264017924;5.31969613903988;-0.9519986855920912;0.9021818679607688;447265.0613675616;5163649.287259434;-1;;;;;;;;;;;;;;;;;;;;;;;;;;;;;;;;;;;;;;;;;;;;;;;;;;;;;;;;;;;;;;;;;;;;;;;;;;;;;
92;1780344092;0;2506.995000001192;14.311146674499984;46.62433130299998;448.1563149060634;266.6665868324829;5.615646505648202;1.40391162641205;6.182413305001782;-0.9025746586531658;1.076488001113916;447263.6621054737;5163649.216142618;-1;;;;;;;;;;;;;;;;;;;;;;;;;;;;;;;;;;;;;;;;;;;;;;;;;;;;;;;;;;;;;;;;;;;;;;;;;;;;;
92.25;1780344092.25;0;2508.244999995231;14.311128317000064;46.6243306265;448.162744303812;268.0455603796743;5.361800819786506;1.340450204946626;5.35743171370498;-0.8344627787520512;1.141487718588897;447262.2560626143;5163649.15325324;-1;;;;;;;;;;;;;;;;;;;;;;;;;;;;;;;;;;;;;;;;;;;;;;;;;;;;;;;;;;;;;;;;;;;;;;;;;;;;;
92.5;1780344092.5;0;2509.495000597238;14.311110774991042;46.62433020199976;448.1691151390957;267.3490761718955;5.392173725102126;1.348043431275532;6.425498791462314;-0.7536259367901538;1.127400510472055;447260.9126955777;5163649.117820406;-1;;;;;;;;;;;;;;;;;;;;;;;;;;;;;;;;;;;;;;;;;;;;;;;;;;;;;;;;;;;;;;;;;;;;;;;;;;;;;
92.75;1780344092.75;0;2510.745000299215;14.31109314249596;46.62432962749986;448.1692085887855;268.3951462076061;5.673279718104786;1.418319929526196;5.376899398682038;-0.4654751243708882;1.407068908016644;447259.5622555495;5163649.065780642;-1;;;;;;;;;;;;;;;;;;;;;;;;;;;;;;;;;;;;;;;;;;;;;;;;;;;;;;;;;;;;;;;;;;;;;;;;;;;;;
93;1780344093;0;2511.995000001192;14.311074575999984;46.624329301;448.1699849022457;268.7739729279369;5.301295200940356;1.325323800235089;4.754295972694882;0.4178299805598709;2.45197379903768;447258.140552514;5163649.041923558;-1;;;;;;;;;;;;;;;;;;;;;;;;;;;;;;;;;;;;;;;;;;;;;;;;;;;;;;;;;;;;;;;;;;;;;;;;;;;;;
93.25;1780344093.25;0;2513.244999995231;14.31105722500007;46.624329051;448.163198477988;269.4364557361675;5.697283552045016;1.424320888011254;3.797879450309333;1.402159088193109;3.470892085367935;447256.8119778849;5163649.025754062;-1;;;;;;;;;;;;;;;;;;;;;;;;;;;;;;;;;;;;;;;;;;;;;;;;;;;;;;;;;;;;;;;;;;;;;;;;;;;;;
93.5;1780344093.5;0;2514.495000597238;14.31103857399116;46.62432899900012;448.1551366547385;271.5146296791043;5.266213472145338;1.316553368036334;1.588810210519196;1.584149857285302;3.393443325860955;447255.3840714153;5163649.032456254;-1;;;;;;;;;;;;;;;;;;;;;;;;;;;;;;;;;;;;;;;;;;;;;;;;;;;;;;;;;;;;;;;;;;;;;;;;;;;;;
93.75;1780344093.75;0;2515.745000299215;14.31102134049608;46.6243293235001;448.1515782028377;273.0735492630869;5.405419849851178;1.351354962462794;0.13680282598646;1.656656297680923;2.870049480897084;447254.0650505255;5163649.080046334;-1;;;;;;;;;;;;;;;;;;;;;;;;;;;;;;;;;;;;;;;;;;;;;;;;;;;;;;;;;;;;;;;;;;;;;;;;;;;;;
94;1780344094;0;2516.995000001192;14.311003671999982;46.624329997;448.1460916610466;273.9024175155371;4.991596612777114;1.247899153194279;-0.495416940522209;1.498573398130154;1.843264106486021;447252.7130664828;5163649.166708186;-1;;;;;;;;;;;;;;;;;;;;;;;;;;;;;;;;;;;;;;;;;;;;;;;;;;;;;;;;;;;;;;;;;;;;;;;;;;;;;
94.25;1780344094.25;0;2518.244999995232;14.310987370000066;46.6243307715;448.1455435826619;274.9470243224544;5.125982037005096;1.281495509251274;-1.399210363872555;1.203114735266499;0.1576296681365594;447251.4657947451;5163649.263678886;-1;;;;;;;;;;;;;;;;;;;;;;;;;;;;;;;;;;;;;;;;;;;;;;;;;;;;;;;;;;;;;;;;;;;;;;;;;;;;;
94.5;1780344094.5;0;2519.495000597238;14.310970661992596;46.62433184450066;448.1494753071195;276.1224859586011;5.056559100153614;1.264139775038403;-2.575561247885212;-0.157428546400087;-0.1930203753453574;447250.1877304742;5163649.394090516;-1;;;;;;;;;;;;;;;;;;;;;;;;;;;;;;;;;;;;;;;;;;;;;;;;;;;;;;;;;;;;;;;;;;;;;;;;;;;;;
94.75;1780344094.75;0;2520.745000299215;14.3109541934959;46.62433299600026;448.1466104199808;275.3396982735633;5.223640329675622;1.305910082418906;-1.874820146364938;-2.519456700055024;-0.4594531973088688;447248.92807861;5163649.533064816;-1;;;;;;;;;;;;;;;;;;;;;;;;;;;;;;;;;;;;;;;;;;;;;;;;;;;;;;;;;;;;;;;;;;;;;;;;;;;;;
95;1780344095;0;2521.995000001192;14.310937167999982;46.6243340955;448.1412054738507;275.2830418643697;4.943959462692616;1.235989865673154;-1.915410012130029;-3.373682481249104;-0.6428811999111154;447247.6257343768;5163649.666633988;-1;;;;;;;;;;;;;;;;;;;;;;;;;;;;;;;;;;;;;;;;;;;;;;;;;;;;;;;;;;;;;;;;;;;;;;;;;;;;;
95.25;1780344095.25;0;2523.244999995231;14.310921045500066;46.6243350715;448.1686698670564;274.3760717986296;5.233680865376456;1.308420216344114;-1.0367755564064264;-3.480462886680948;-0.731686200537068;447246.3924004389;5163649.785876006;-1;;;;;;;;;;;;;;;;;;;;;;;;;;;;;;;;;;;;;;;;;;;;;;;;;;;;;;;;;;;;;;;;;;;;;;;;;;;;;
95.5;1780344095.5;0;2524.495000597238;14.310903964992236;46.62433599600048;448.1501592842451;274.535871167058;5.389183215830444;1.347295803957611;-1.274760804124587;-3.500529614880455;-0.742151164841196;447245.0856747906;5163649.900036894;-1;;;;;;;;;;;;;;;;;;;;;;;;;;;;;;;;;;;;;;;;;;;;;;;;;;;;;;;;;;;;;;;;;;;;;;;;;;;;;
95.75;1780344095.75;0;2525.745000299215;14.310886373995572;46.62433692150022;448.1209952249315;273.7631223806231;5.2672928850299;1.316823221257475;-0.95954772475554;-3.048790017569796;-0.9347734580444084;447243.7398689238;5163650.014650768;-1;;;;;;;;;;;;;;;;;;;;;;;;;;;;;;;;;;;;;;;;;;;;;;;;;;;;;;;;;;;;;;;;;;;;;;;;;;;;;
96;1780344096;0;2526.995000001192;14.310869167499984;46.624337697;448.1097772755231;273.270270209522;5.854495529088094;1.463623882272024;-1.36484163131603;-2.327009195503592;-1.486487405955633;447242.4233534269;5163650.11233979;-1;;;;;;;;;;;;;;;;;;;;;;;;;;;;;;;;;;;;;;;;;;;;;;;;;;;;;;;;;;;;;;;;;;;;;;;;;;;;;
96.25;1780344096.25;0;2528.244999995231;14.310850027000074;46.6243383735;448.1116758456988;272.1015483137178;5.673301858481182;1.418325464620295;-0.6660778676254682;-2.186938675217808;-1.0310607177549312;447240.9586812163;5163650.200322928;-1;;;;;;;;;;;;;;;;;;;;;;;;;;;;;;;;;;;;;;;;;;;;;;;;;;;;;;;;;;;;;;;;;;;;;;;;;;;;;
96.5;1780344096.5;0;2529.495000597238;14.310831469991638;46.62433889700036;448.1156790660314;272.8482635431554;5.761474633947158;1.44036865848679;-1.352834065655453;-2.154375994095191;-0.564567653864165;447239.5385304536;5163650.27091473;-1;;;;;;;;;;;;;;;;;;;;;;;;;;;;;;;;;;;;;;;;;;;;;;;;;;;;;;;;;;;;;;;;;;;;;;;;;;;;;
96.75;1780344096.75;0;2530.745000299215;14.310812628995272;46.62433949800012;448.8802550162093;271.4136111252861;5.54825242142013;1.387063105355032;0.5276921134637932;-2.400476278293787;-0.8353235513343564;447238.0967138941;5163650.350308586;-1;;;;;;;;;;;;;;;;;;;;;;;;;;;;;;;;;;;;;;;;;;;;;;;;;;;;;;;;;;;;;;;;;;;;;;;;;;;;;
97;1780344097;0;2531.995000001192;14.310794470999984;46.624339799;449.7397290523944;272.0673339778184;6.04277634775673;1.510694086939182;0.309769559686007;-2.692434784118132;-1.981696075263659;447236.706894046;5163650.395909998;-1;;;;;;;;;;;;;;;;;;;;;;;;;;;;;;;;;;;;;;;;;;;;;;;;;;;;;;;;;;;;;;;;;;;;;;;;;;;;;
97.25;1780344097.25;0;2533.244999995232;14.31077469850007;46.6243402245;448.1019962274578;270.5531045418461;5.870239610961564;1.467559902740391;1.950818246054238;-2.618774059955585;-2.122872498823896;447235.1935943879;5163650.456426824;-1;;;;;;;;;;;;;;;;;;;;;;;;;;;;;;;;;;;;;;;;;;;;;;;;;;;;;;;;;;;;;;;;;;;;;;;;;;;;;
97.5;1780344097.5;0;2534.495000597238;14.310755481990206;46.62434034950006;448.1168429109121;269.7623758079693;6.330459600015698;1.582614900003924;2.592710075612856;-2.365643825151193;-2.072978091736439;447233.7225674122;5163650.483180692;-1;;;;;;;;;;;;;;;;;;;;;;;;;;;;;;;;;;;;;;;;;;;;;;;;;;;;;;;;;;;;;;;;;;;;;;;;;;;;;
97.75;1780344097.75;0;2535.745000299215;14.310734758495004;46.62434025099994;448.1263929651968;268.0996334553394;5.893669732005058;1.473417433001265;3.984222076762707;-2.184709559975715;-1.894130304305374;447232.1359537716;5163650.48610873;-1;;;;;;;;;;;;;;;;;;;;;;;;;;;;;;;;;;;;;;;;;;;;;;;;;;;;;;;;;;;;;;;;;;;;;;;;;;;;;
98;1780344098;0;2536.995000001192;14.31071547549998;46.624339802;448.1456563935721;269.0066955926345;6.339350592020182;1.584837648005046;2.890483618386271;-1.985949160221732;-1.338784102117281;447230.6592791706;5163650.449125738;-1;;;;;;;;;;;;;;;;;;;;;;;;;;;;;;;;;;;;;;;;;;;;;;;;;;;;;;;;;;;;;;;;;;;;;;;;;;;;;
98.25;1780344098.25;0;2538.244999995232;14.310694727000072;46.624339502;448.2172850235812;267.6523562961607;6.158145136687384;1.539536284171846;4.248612045573374;-1.849609954870079;-1.0475439564572318;447229.0705554312;5163650.429680966;-1;;;;;;;;;;;;;;;;;;;;;;;;;;;;;;;;;;;;;;;;;;;;;;;;;;;;;;;;;;;;;;;;;;;;;;;;;;;;;
98.5;1780344098.5;0;2539.495000597238;14.310674585989726;46.62433890299964;448.2488370556236;266.9449362620551;6.212349854609634;1.553087463652408;5.087974813993218;-1.850375025794282;-0.8141326328682634;447227.5280483795;5163650.376605378;-1;;;;;;;;;;;;;;;;;;;;;;;;;;;;;;;;;;;;;;;;;;;;;;;;;;;;;;;;;;;;;;;;;;;;;;;;;;;;;
98.75;1780344098.75;0;2540.745000299215;14.310654277995332;46.6243381529998;448.2610146644292;266.6850816734504;6.514626257654426;1.628656564413606;5.480936513907372;-1.931808870559986;-0.4432604638005375;447225.9726108429;5163650.30686311;-1;;;;;;;;;;;;;;;;;;;;;;;;;;;;;;;;;;;;;;;;;;;;;;;;;;;;;;;;;;;;;;;;;;;;;;;;;;;;;
99;1780344099;0;2541.995000001192;14.310632986999978;46.6243373035;448.2644083531225;267.171638163041;6.624183123972128;1.656045780993032;5.039499586611868;-1.958889008968402;-0.138337899645635;447224.3418214683;5163650.226723106;-1;;;;;;;;;;;;;;;;;;;;;;;;;;;;;;;;;;;;;;;;;;;;;;;;;;;;;;;;;;;;;;;;;;;;;;;;;;;;;
99.25;1780344099.25;0;2543.244999995231;14.310611329000074;46.62433655300002;448.2715349798444;266.8075914844224;6.345325455243514;1.586331363810878;5.371097378733526;-1.833663059932993;0.0315717756824964;447222.6830316716;5163650.157830042;-1;;;;;;;;;;;;;;;;;;;;;;;;;;;;;;;;;;;;;;;;;;;;;;;;;;;;;;;;;;;;;;;;;;;;;;;;;;;;;
99.5;1780344099.5;0;2544.495000597238;14.310590588989368;46.62433575349958;448.5738773784181;266.8075103706593;6.419610405717854;1.604902601429463;5.290669260143838;-1.719687640383184;0.05779102336841566;447221.0944722384;5163650.08287789;-1;;;;;;;;;;;;;;;;;;;;;;;;;;;;;;;;;;;;;;;;;;;;;;;;;;;;;;;;;;;;;;;;;;;;;;;;;;;;;
99.75;1780344099.75;0;2545.745000299215;14.310569605495182;46.62433495299982;448.593751294709;266.4340932373803;6.707869513205924;1.676967378301481;5.608607007008094;-1.670790352193288;0.07596170282699238;447219.4872715496;5163650.00797812;-1;;;;;;;;;;;;;;;;;;;;;;;;;;;;;;;;;;;;;;;;;;;;;;;;;;;;;;;;;;;;;;;;;;;;;;;;;;;;;
100;1780344100;0;2546.995000001192;14.310547689499978;46.624334004;448.5135040368923;265.9142085052235;6.375789819046012;1.593947454761503;6.118805517396838;-1.663048852664527;0.10659028060859152;447217.8085374736;5163649.917202086;-1;;;;;;;;;;;;;;;;;;;;;;;;;;;;;;;;;;;;;;;;;;;;;;;;;;;;;;;;;;;;;;;;;;;;;;;;;;;;;
100.25;1780344100.25;0;2548.244999995231;14.310526865500086;46.6243330285;448.2939165019819;266.8969641040197;6.951100931682772;1.737775232920693;5.178188354173852;-1.711807797119524;0.11000259728112926;447216.2133769082;5163649.822750644;-1;;;;;;;;;;;;;;;;;;;;;;;;;;;;;;;;;;;;;;;;;;;;;;;;;;;;;;;;;;;;;;;;;;;;;;;;;;;;;
100.5;1780344100.5;0;2549.495000597238;14.310504141489072;46.62433220299966;448.9942642081808;266.8593426987136;6.565381007436824;1.641345251859206;5.255813380387716;-1.756558098271469;0.0931195599727399;447214.472903897;5163649.746239756;-1;;;;;;;;;;;;;;;;;;;;;;;;;;;;;;;;;;;;;;;;;;;;;;;;;;;;;;;;;;;;;;;;;;;;;;;;;;;;;
100.75;1780344100.75;0;2550.745000299215;14.310482681995094;46.6243313784998;449.325503249626;267.07886759865;6.908922913354136;1.727230728338534;5.053844155490778;-1.72704685212048;0.05793753612331902;447212.8292388003;5163649.668993668;-1;;;;;;;;;;;;;;;;;;;;;;;;;;;;;;;;;;;;;;;;;;;;;;;;;;;;;;;;;;;;;;;;;;;;;;;;;;;;;
101;1780344101;0;2551.995000001192;14.310460092499978;46.624330603;448.4894068298954;266.9889029284579;6.492646538349484;1.623161634587371;5.132168622018596;-1.572926960138303;0.0160931760459061;447211.0991123608;5163649.597949622;-1;;;;;;;;;;;;;;;;;;;;;;;;;;;;;;;;;;;;;;;;;;;;;;;;;;;;;;;;;;;;;;;;;;;;;;;;;;;;;
101.25;1780344101.25;0;2553.244999995231;14.31043886750009;46.6243298285;448.4743681191365;266.8940925810901;6.83183379290883;1.707958448227208;5.201883939803266;-1.495169088907176;-0.04472708582630072;447209.4734478129;5163649.526103362;-1;;;;;;;;;;;;;;;;;;;;;;;;;;;;;;;;;;;;;;;;;;;;;;;;;;;;;;;;;;;;;;;;;;;;;;;;;;;;;
101.5;1780344101.5;0;2554.495000597238;14.310416534489906;46.62432900299964;448.4926840818047;266.7411717379742;6.874222015568034;1.718555503892008;5.339579955107328;-1.511746646423268;-0.08895398105177822;447207.7629082538;5163649.449332526;-1;;;;;;;;;;;;;;;;;;;;;;;;;;;;;;;;;;;;;;;;;;;;;;;;;;;;;;;;;;;;;;;;;;;;;;;;;;;;;
101.75;1780344101.75;0;2555.745000299215;14.310394068494408;46.62432810399976;448.4438348984741;266.1204670238343;7.187301060362426;1.796825265090607;5.96661577735996;-1.577765464132161;-0.09231096862680476;447206.0421162992;5163649.36448408;-1;;;;;;;;;;;;;;;;;;;;;;;;;;;;;;;;;;;;;;;;;;;;;;;;;;;;;;;;;;;;;;;;;;;;;;;;;;;;;
102;1780344102;0;2556.995000001192;14.310370593999978;46.6243270045;448.4578989619975;267.05289093821;6.64505154591336;1.66126288647834;5.045248160768056;-1.62001906803076;-0.09890100214184328;447204.2439222165;5163649.258032328;-1;;;;;;;;;;;;;;;;;;;;;;;;;;;;;;;;;;;;;;;;;;;;;;;;;;;;;;;;;;;;;;;;;;;;;;;;;;;;;
102.25;1780344102.25;0;2558.244999995231;14.31034886950009;46.6243262285;448.4972188968691;266.8336847536803;6.955349163221568;1.738837290805392;5.265900893842458;-1.565964692205007;-0.03605398883791639;447202.5800160331;5163649.186355816;-1;;;;;;;;;;;;;;;;;;;;;;;;;;;;;;;;;;;;;;;;;;;;;;;;;;;;;;;;;;;;;;;;;;;;;;;;;;;;;
102.5;1780344102.5;0;2559.495000597238;14.310326135489788;46.62432535349958;448.493473056038;266.1194676658962;7.001532505879728;1.750383126469932;5.981686933402214;-1.560839659251249;0.03863535075816283;447200.8387289634;5163649.104355168;-1;;;;;;;;;;;;;;;;;;;;;;;;;;;;;;;;;;;;;;;;;;;;;;;;;;;;;;;;;;;;;;;;;;;;;;;;;;;;;
102.75;1780344102.75;0;2560.745000299215;14.310303270494284;46.62432425499972;448.5381927587162;266.7220783803455;6.72618500688615;1.681546251721538;5.380307020150564;-1.527913262743767;0.07161457348170126;447199.0871967604;5163648.997607812;-1;;;;;;;;;;;;;;;;;;;;;;;;;;;;;;;;;;;;;;;;;;;;;;;;;;;;;;;;;;;;;;;;;;;;;;;;;;;;;
103;1780344103;0;2561.995000001192;14.31028128599998;46.62432340299998;448.7095029411346;266.9619120978051;7.338429368846756;1.834607342211689;5.13995170455396;-1.516756531456983;0.0531029466364271;447197.4033122683;5163648.917661844;-1;;;;;;;;;;;;;;;;;;;;;;;;;;;;;;;;;;;;;;;;;;;;;;;;;;;;;;;;;;;;;;;;;;;;;;;;;;;;;
103.25;1780344103.25;0;2563.244999995231;14.310257296000092;46.6243225285;448.4557865319245;266.8796710229218;7.054625073918138;1.763656268479534;5.217314868243506;-1.598214318501489;0.10447113805246076;447195.5658713323;5163648.836559734;-1;;;;;;;;;;;;;;;;;;;;;;;;;;;;;;;;;;;;;;;;;;;;;;;;;;;;;;;;;;;;;;;;;;;;;;;;;;;;;
103.5;1780344103.5;0;2564.495000597238;14.310234236489666;46.62432165349958;448.4635302297272;266.394150903176;7.12092547155096;1.78023136788774;5.699772882552878;-1.627638252334276;0.1514819117306273;447193.7996648795;5163648.754779174;-1;;;;;;;;;;;;;;;;;;;;;;;;;;;;;;;;;;;;;;;;;;;;;;;;;;;;;;;;;;;;;;;;;;;;;;;;;;;;;
103.75;1780344103.75;0;2565.745000299215;14.310210972494166;46.62432062949972;448.4692624493702;266.5220587942775;6.819894993638882;1.70497374840972;5.575125302787484;-1.615655549877965;0.1851456909674172;447192.017658815;5163648.656579516;-1;;;;;;;;;;;;;;;;;;;;;;;;;;;;;;;;;;;;;;;;;;;;;;;;;;;;;;;;;;;;;;;;;;;;;;;;;;;;;
104;1780344104;0;2566.995000001192;14.310188686999978;46.6243197035;448.4818972724146;267.4176690109338;7.269954362779226;1.817488590694807;4.681444085658398;-1.605422894772958;0.2441784926627158;447190.3106586392;5163648.568614404;-1;;;;;;;;;;;;;;;;;;;;;;;;;;;;;;;;;;;;;;;;;;;;;;;;;;;;;;;;;;;;;;;;;;;;;;;;;;;;;
104.25;1780344104.25;0;2568.244999995231;14.310164912500082;46.62431895300002;448.5646930700995;267.1129080594974;7.008617304356968;1.752154326089242;4.988241536654138;-1.614847718550509;0.2845010085792369;447188.4898359824;5163648.501148764;-1;;;;;;;;;;;;;;;;;;;;;;;;;;;;;;;;;;;;;;;;;;;;;;;;;;;;;;;;;;;;;;;;;;;;;;;;;;;;;
104.5;1780344104.5;0;2569.495000597238;14.310141997988294;46.6243181534996;448.6151343172569;267.0306266260883;7.516739355435236;1.879184838858809;5.068598171402108;-1.505798792203873;0.309091011362383;447186.734803316;5163648.42766259;-1;;;;;;;;;;;;;;;;;;;;;;;;;;;;;;;;;;;;;;;;;;;;;;;;;;;;;;;;;;;;;;;;;;;;;;;;;;;;;
104.75;1780344104.75;0;2570.745000299215;14.310117423494106;46.6243172784998;448.615354199942;267.1276437263494;6.892449893973426;1.723112473493356;4.97005326240977;-1.391223063937737;0.3169152491707818;447184.8526147048;5163648.34689979;-1;;;;;;;;;;;;;;;;;;;;;;;;;;;;;;;;;;;;;;;;;;;;;;;;;;;;;;;;;;;;;;;;;;;;;;;;;;;;;
105;1780344105;0;2571.995000001192;14.310094887999978;46.624316503;448.6052195777588;267.4719845773954;7.421732786458516;1.855433196614629;4.624002213393016;-1.201912320795975;0.2558934884201521;447183.1266215511;5163648.275827562;-1;;;;;;;;;;;;;;;;;;;;;;;;;;;;;;;;;;;;;;;;;;;;;;;;;;;;;;;;;;;;;;;;;;;;;;;;;;;;;
105.25;1780344105.25;0;2573.244999995231;14.310070614500084;46.6243157775;448.6709618452395;267.5195824289638;7.129358618124528;1.782339654531132;4.715490510397344;-1.195429261723142;0.2548621725384391;447181.2676213048;5163648.21147644;-1;;;;;;;;;;;;;;;;;;;;;;;;;;;;;;;;;;;;;;;;;;;;;;;;;;;;;;;;;;;;;;;;;;;;;;;;;;;;;
105.5;1780344105.5;0;2574.495000597238;14.310047298988174;46.6243150534996;448.9095870342421;267.358966089413;7.135191217803938;1.783797804450984;5.328039838992874;-1.225212888636346;0.3826758201851872;447179.4819626916;5163648.146650538;-1;;;;;;;;;;;;;;;;;;;;;;;;;;;;;;;;;;;;;;;;;;;;;;;;;;;;;;;;;;;;;;;;;;;;;;;;;;;;;
105.75;1780344105.75;0;2575.745000299215;14.310023964494644;46.62431432749986;448.8929077002378;267.5333371675512;7.449635986709424;1.862408996677356;5.613609654887588;-1.267201144081083;0.4995728518673694;447177.6948489248;5163648.081615686;-1;;;;;;;;;;;;;;;;;;;;;;;;;;;;;;;;;;;;;;;;;;;;;;;;;;;;;;;;;;;;;;;;;;;;;;;;;;;;;
106;1780344106;0;2576.995000001192;14.309999599499976;46.624313603;448.7463114967157;267.8921787641065;7.42304236384163;1.855760590960408;5.395880933715128;-1.366065359907421;0.5420802117169276;447175.8288449892;5163648.017438632;-1;;;;;;;;;;;;;;;;;;;;;;;;;;;;;;;;;;;;;;;;;;;;;;;;;;;;;;;;;;;;;;;;;;;;;;;;;;;;;
106.25;1780344106.25;0;2578.244999995231;14.309975314500084;46.624313002;449.0145987616081;268.1801658266426;7.125553961992622;1.781388490498156;4.897816485843058;-1.3158393207853;0.4729948959083408;447173.9690852553;5163647.966931724;-1;;;;;;;;;;;;;;;;;;;;;;;;;;;;;;;;;;;;;;;;;;;;;;;;;;;;;;;;;;;;;;;;;;;;;;;;;;;;;
106.5;1780344106.5;0;2579.495000597238;14.309951998988174;46.62431250199976;449.0273281907276;267.9962386220311;7.13245967410782;1.783114918526955;4.79352798994124;-1.069073692055559;0.3732754500742363;447172.183644364;5163647.926998566;-1;;;;;;;;;;;;;;;;;;;;;;;;;;;;;;;;;;;;;;;;;;;;;;;;;;;;;;;;;;;;;;;;;;;;;;;;;;;;;
106.75;1780344106.75;0;2580.745000299215;14.309928664494646;46.62431192749986;448.8853332619311;268.4692648057002;7.445074996078566;1.861268749019641;4.361083245785485;-0.9719274860565518;0.291882808501183;447170.3966777983;5163647.878800324;-1;;;;;;;;;;;;;;;;;;;;;;;;;;;;;;;;;;;;;;;;;;;;;;;;;;;;;;;;;;;;;;;;;;;;;;;;;;;;;
107;1780344107;0;2581.995000001192;14.309904299499976;46.6243115015;449.0452926367939;268.1598843702908;7.067075591082982;1.766768897770745;5.268390215249452;-1.038219212925293;0.3196760784281165;447168.5309640828;5163647.847794424;-1;;;;;;;;;;;;;;;;;;;;;;;;;;;;;;;;;;;;;;;;;;;;;;;;;;;;;;;;;;;;;;;;;;;;;;;;;;;;;
107.25;1780344107.25;0;2583.244999995231;14.309881175500096;46.62431100200002;448.8789797098242;268.4418607586604;7.67743793529966;1.919359483824915;5.750487391131374;-1.150280342844781;0.4641277488077878;447166.7601850732;5163647.807790112;-1;;;;;;;;;;;;;;;;;;;;;;;;;;;;;;;;;;;;;;;;;;;;;;;;;;;;;;;;;;;;;;;;;;;;;;;;;;;;;
107.5;1780344107.5;0;2584.495000597238;14.309856050487994;46.62431055149982;448.7345188517656;268.4539170718649;7.19969283396977;1.799923208492442;5.994077370378356;-1.241817095348687;0.550932302285656;447164.8362631643;5163647.77457238;-1;;;;;;;;;;;;;;;;;;;;;;;;;;;;;;;;;;;;;;;;;;;;;;;;;;;;;;;;;;;;;;;;;;;;;;;;;;;;;
107.75;1780344107.75;0;2585.745000299215;14.309832489994614;46.62431010199988;448.730242130044;269.2182073224019;7.511775418577782;1.877943854644445;5.03049575387941;-1.217255298855066;0.5362268480164974;447163.0321163148;5163647.740417626;-1;;;;;;;;;;;;;;;;;;;;;;;;;;;;;;;;;;;;;;;;;;;;;;;;;;;;;;;;;;;;;;;;;;;;;;;;;;;;;
108;1780344108;0;2586.995000001192;14.309807900499976;46.6243099005;448.727435043475;269.0807767069975;7.064939450416228;1.766234862604057;4.768136740842344;-1.14642462282659;0.437697468399266;447161.1494339782;5163647.73451062;-1;;;;;;;;;;;;;;;;;;;;;;;;;;;;;;;;;;;;;;;;;;;;;;;;;;;;;;;;;;;;;;;;;;;;;;;;;;;;;
108.25;1780344108.25;0;2588.244999995231;14.309784775500094;46.6243096265;448.7292804001648;268.9464966160434;7.358315263298774;1.839578815824694;4.567427878502948;-1.0022771127226342;0.3043232288549192;447159.3787977139;5163647.719566386;-1;;;;;;;;;;;;;;;;;;;;;;;;;;;;;;;;;;;;;;;;;;;;;;;;;;;;;;;;;;;;;;;;;;;;;;;;;;;;;
108.5;1780344108.5;0;2589.495000597238;14.30976068998925;46.62430935049994;448.7330689190931;269.5605031212011;7.3510819353388;1.8377704838347;3.952427032985258;-0.9832586353917728;0.247304905576699;447157.5346261028;5163647.705044326;-1;;;;;;;;;;;;;;;;;;;;;;;;;;;;;;;;;;;;;;;;;;;;;;;;;;;;;;;;;;;;;;;;;;;;;;;;;;;;;
108.75;1780344108.75;0;2590.745000299215;14.309736625493986;46.62430922549996;449.6740347941235;268.6576401144476;7.67712862109166;1.919282155272915;5.032092452497338;-1.0411531103299306;0.2600309324631195;447155.6922102897;5163647.70728765;-1;;;;;;;;;;;;;;;;;;;;;;;;;;;;;;;;;;;;;;;;;;;;;;;;;;;;;;;;;;;;;;;;;;;;;;;;;;;;;
109;1780344109;0;2591.995000001192;14.309711500499974;46.624308802;448.9311073370013;269.9917077228678;7.056404529029074;1.764101132257269;3.946960532973447;-1.141100217797688;0.284295622001062;447153.7683158894;5163647.67707361;-1;;;;;;;;;;;;;;;;;;;;;;;;;;;;;;;;;;;;;;;;;;;;;;;;;;;;;;;;;;;;;;;;;;;;;;;;;;;;;
109.25;1780344109.25;0;2593.244999995231;14.309688400000094;46.6243088;448.7238246007961;269.8870837765721;7.349382183733772;1.837345545933443;4.116438756175191;-1.130498271413259;0.2812825938357768;447151.9998198882;5163647.692339378;-1;;;;;;;;;;;;;;;;;;;;;;;;;;;;;;;;;;;;;;;;;;;;;;;;;;;;;;;;;;;;;;;;;;;;;;;;;;;;;
109.5;1780344109.5;0;2594.495000597238;14.30966434048919;46.62430875049994;448.7190113118385;269.5617961999938;7.36650756324861;1.841626890812153;4.390329656947009;-1.158909815896325;0.2508171834895798;447150.1578591068;5163647.7029705;-1;;;;;;;;;;;;;;;;;;;;;;;;;;;;;;;;;;;;;;;;;;;;;;;;;;;;;;;;;;;;;;;;;;;;;;;;;;;;;
109.75;1780344109.75;0;2595.745000299215;14.309640225493986;46.62430862549998;448.7333128659061;269.5507895403011;7.067159964679116;1.766789991169779;4.274781354313437;-1.234966836183956;0.2035756056273135;447148.3115771598;5163647.705249936;-1;;;;;;;;;;;;;;;;;;;;;;;;;;;;;;;;;;;;;;;;;;;;;;;;;;;;;;;;;;;;;;;;;;;;;;;;;;;;;
110;1780344110;0;2596.995000001192;14.309617090499978;46.6243085005;448.7548050030377;269.9977027394371;7.664351429436152;1.916087857359038;3.730054772277944;-1.197118012335818;0.1630976841657478;447146.5403206927;5163647.706872772;-1;;;;;;;;;;;;;;;;;;;;;;;;;;;;;;;;;;;;;;;;;;;;;;;;;;;;;;;;;;;;;;;;;;;;;;;;;;;;;
110.25;1780344110.25;0;2598.244999995231;14.309592000000096;46.6243084265;448.7543045352801;269.0553489620785;7.350039711019148;1.837509927754787;4.660763969670988;-1.177865360731688;0.1534987722655953;447144.619407114;5163647.71547454;-1;;;;;;;;;;;;;;;;;;;;;;;;;;;;;;;;;;;;;;;;;;;;;;;;;;;;;;;;;;;;;;;;;;;;;;;;;;;;;
110.5;1780344110.5;0;2599.495000597238;14.30956794048919;46.6243082;448.7482965245337;270.0000069513925;7.389055005936062;1.847263751484015;3.78343620208229;-1.153853710792544;0.1774660135632447;447142.7772740369;5163647.706439932;-1;;;;;;;;;;;;;;;;;;;;;;;;;;;;;;;;;;;;;;;;;;;;;;;;;;;;;;;;;;;;;;;;;;;;;;;;;;;;;
110.75;1780344110.75;0;2600.745000299215;14.309543750993954;46.6243082;448.7614178135763;270.0000068198674;7.135518298783446;1.783879574695861;3.849738528754382;-1.127006458995955;0.2159265506553455;447140.9254102623;5163647.72266141;-1;;;;;;;;;;;;;;;;;;;;;;;;;;;;;;;;;;;;;;;;;;;;;;;;;;;;;;;;;;;;;;;;;;;;;;;;;;;;;
111;1780344111;0;2601.995000001192;14.30952039149998;46.6243082;448.7920975070426;270.0000073684474;7.598452993980812;1.899613248495203;3.885058478189563;-1.13799714427384;0.2516879068835072;447139.1370885034;5163647.738326794;-1;;;;;;;;;;;;;;;;;;;;;;;;;;;;;;;;;;;;;;;;;;;;;;;;;;;;;;;;;;;;;;;;;;;;;;;;;;;;;
111.25;1780344111.25;0;2603.244999995231;14.309495516500086;46.6243082;448.775314262731;270.0000068199967;7.289936653139054;1.822484163284763;3.860079638878356;-1.217463568538304;0.2268679182843826;447137.2327448736;5163647.75500916;-1;;;;;;;;;;;;;;;;;;;;;;;;;;;;;;;;;;;;;;;;;;;;;;;;;;;;;;;;;;;;;;;;;;;;;;;;;;;;;
111.5;1780344111.5;0;2604.495000597238;14.309471651487876;46.6243082;448.7780960990272;270.0000073721037;7.75118390214775;1.937795975536937;3.824339358154808;-1.271035662820945;0.1961861419426797;447135.4057223933;5163647.771014738;-1;;;;;;;;;;;;;;;;;;;;;;;;;;;;;;;;;;;;;;;;;;;;;;;;;;;;;;;;;;;;;;;;;;;;;;;;;;;;;
111.75;1780344111.75;0;2605.745000299215;14.309446276493926;46.6243082;448.8130718271473;270.0000068001848;7.112913847228378;1.778228461807095;3.794045316016596;-1.132124526422324;0.1674077636851531;447133.463100956;5163647.788033594;-1;;;;;;;;;;;;;;;;;;;;;;;;;;;;;;;;;;;;;;;;;;;;;;;;;;;;;;;;;;;;;;;;;;;;;;;;;;;;;
112;1780344112;0;2606.995000001192;14.309422990999978;46.6243082;448.9635980618839;271.2205510303513;7.622729404570184;1.905682351142546;2.5701210517081;-0.173067455196424;0.4299870121726459;447131.6804443819;5163647.803651552;-1;;;;;;;;;;;;;;;;;;;;;;;;;;;;;;;;;;;;;;;;;;;;;;;;;;;;;;;;;;;;;;;;;;;;;;;;;;;;;
112.25;1780344112.25;0;2608.244999995231;14.309398041000086;46.6243085245;448.9869733022742;270.3460830221921;7.19134957995833;1.797837394989582;3.518389271931855;4.52716505384743;0.739835550899074;447129.7706749396;5163647.856444566;-1;;;;;;;;;;;;;;;;;;;;;;;;;;;;;;;;;;;;;;;;;;;;;;;;;;;;;;;;;;;;;;;;;;;;;;;;;;;;;
112.5;1780344112.5;0;2609.495000597238;14.309374498988174;46.6243086;448.8960225771074;270.2387081050382;6.9914168856549;1.747854221413725;3.694076204087856;8.415940391663722;0.7375722944544052;447127.9684537605;5163647.880625192;-1;;;;;;;;;;;;;;;;;;;;;;;;;;;;;;;;;;;;;;;;;;;;;;;;;;;;;;;;;;;;;;;;;;;;;;;;;;;;;
112.75;1780344112.75;0;2610.745000299215;14.309351611494822;46.62430867450004;448.9000986056116;270.4663527947756;6.849064833693848;1.712266208423462;3.497160802839816;10.680630699367696;0.7315300113578478;447126.2163392824;5163647.904256154;-1;;;;;;;;;;;;;;;;;;;;;;;;;;;;;;;;;;;;;;;;;;;;;;;;;;;;;;;;;;;;;;;;;;;;;;;;;;;;;
113;1780344113;0;2611.995000001192;14.309329190499978;46.62430879950002;448.9303486706839;270.0023108065915;6.344515789969186;1.586128947492297;3.953161506963209;10.809080022278924;0.647249392119759;447124.4999874866;5163647.933186166;-1;;;;;;;;;;;;;;;;;;;;;;;;;;;;;;;;;;;;;;;;;;;;;;;;;;;;;;;;;;;;;;;;;;;;;;;;;;;;;
113.25;1780344113.25;0;2613.244999995231;14.309308421000068;46.624308898;448.95496585895;271.9104731323501;5.530068515210646;1.382517128802661;2.026839188120246;10.440812954934848;0.5949873817423084;447122.9100426127;5163647.958064178;-1;;;;;;;;;;;;;;;;;;;;;;;;;;;;;;;;;;;;;;;;;;;;;;;;;;;;;;;;;;;;;;;;;;;;;;;;;;;;;
113.5;1780344113.5;0;2614.495000597238;14.309290324491102;46.62430924950006;449.1242908944962;270.615770314688;5.120664719315124;1.280166179828781;3.307493673326993;9.907754894429968;0.5088346627450058;447121.5249789973;5163648.009262416;-1;;;;;;;;;;;;;;;;;;;;;;;;;;;;;;;;;;;;;;;;;;;;;;;;;;;;;;;;;;;;;;;;;;;;;;;;;;;;;
113.75;1780344113.75;0;2615.745000299215;14.30927356199629;46.62430937450004;449.3741789353391;270.1715596553553;4.825907978664858;1.206476994666214;3.753973853366734;9.762624222309272;0.455069792288219;447120.2418223371;5163648.034397614;-1;;;;;;;;;;;;;;;;;;;;;;;;;;;;;;;;;;;;;;;;;;;;;;;;;;;;;;;;;;;;;;;;;;;;;;;;;;;;;
114;1780344114;0;2616.995000001192;14.309257763499984;46.6243094;449.3942233570006;272.3703413045404;4.000230829763426;1.0000577074408564;1.56316668136394;10.39320646116124;0.4561886177665026;447119.0323691684;5163648.047830052;-1;;;;;;;;;;;;;;;;;;;;;;;;;;;;;;;;;;;;;;;;;;;;;;;;;;;;;;;;;;;;;;;;;;;;;;;;;;;;;
114.25;1780344114.25;0;2618.244999995231;14.309244676500046;46.6243097245;449.2995148706245;270.6114893644401;3.736453084206118;0.9341132710515294;3.33604100194195;11.372350389505282;0.488059836314919;447118.0307899086;5163648.092668062;-1;;;;;;;;;;;;;;;;;;;;;;;;;;;;;;;;;;;;;;;;;;;;;;;;;;;;;;;;;;;;;;;;;;;;;;;;;;;;;
114.5;1780344114.5;0;2619.495000597238;14.309232444994624;46.6243098;449.1670416976072;270.5984112958169;2.958770054658843;0.7396925136647108;3.366064235005864;12.702073532625846;0.5689261993853242;447117.0944618706;5163648.109263738;-1;;;;;;;;;;;;;;;;;;;;;;;;;;;;;;;;;;;;;;;;;;;;;;;;;;;;;;;;;;;;;;;;;;;;;;;;;;;;;
114.75;1780344114.75;0;2620.745000299215;14.309222759497934;46.62430987450004;448.9543447723024;271.2946523151265;2.452906077304703;0.6132265193261758;2.681770915356545;14.063587676658644;0.6366895418917822;447116.3530464447;5163648.124040254;-1;;;;;;;;;;;;;;;;;;;;;;;;;;;;;;;;;;;;;;;;;;;;;;;;;;;;;;;;;;;;;;;;;;;;;;;;;;;;;
115;1780344115;0;2621.995000001192;14.309214731499992;46.6243099995;448.9180859254171;270.0066215402368;1.577576263621809;0.3943940659054523;3.975942124237594;14.995657160576892;0.6800600738850176;447115.7385725439;5163648.143316278;-1;;;;;;;;;;;;;;;;;;;;;;;;;;;;;;;;;;;;;;;;;;;;;;;;;;;;;;;;;;;;;;;;;;;;;;;;;;;;;
115.25;1780344115.25;0;2623.244999995231;14.309209567000016;46.62431;448.9181238132391;270.0000010872145;1.056299818265112;0.264074954566278;3.956576703196811;12.377389645479306;0.5078644482130872;447115.3431968573;5163648.146836878;-1;;;;;;;;;;;;;;;;;;;;;;;;;;;;;;;;;;;;;;;;;;;;;;;;;;;;;;;;;;;;;;;;;;;;;;;;;;;;;
115.5;1780344115.5;0;2624.495000597238;14.309206108998926;46.62431;448.9197082181385;270.0000004291192;0.5052395975701898;0.1263098993925474;3.934616990721758;8.566329064364768;0.3282748556616188;447115.0784643089;5163648.149156982;-1;;;;;;;;;;;;;;;;;;;;;;;;;;;;;;;;;;;;;;;;;;;;;;;;;;;;;;;;;;;;;;;;;;;;;;;;;;;;;
115.75;1780344115.75;0;2625.745000299215;14.309204454999702;46.62431;448.9202373605899;243.1382913785868;0.1455714132027879;0.03639285330069699;30.78677382849763;4.88048907236104;0.1487816240466187;447114.9518398752;5163648.150266718;-1;;;;;;;;;;;;;;;;;;;;;;;;;;;;;;;;;;;;;;;;;;;;;;;;;;;;;;;;;;;;;;;;;;;;;;;;;;;;;
116;1780344116;0;2626.995000001192;14.309204001;46.6243099005;448.9205273602169;126.59540786596446;0.11285264833815654;0.02821316208453914;147.334919244552;1.534756322209481;0.0043932943155111;447114.9169863368;5163648.139515022;-1;;;;;;;;;;;;;;;;;;;;;;;;;;;;;;;;;;;;;;;;;;;;;;;;;;;;;;;;;;;;;;;;;;;;;;;;;;;;;
116.25;1780344116.25;0;2628.244999995231;14.309204322499998;46.6243097755;448.920682671972;102.25842294947556;0.1789740464081462;0.04474351160203656;171.6829414408787;-0.885523847662576;-0.07698929327904482;447114.9414775304;5163648.12540949;-1;;;;;;;;;;;;;;;;;;;;;;;;;;;;;;;;;;;;;;;;;;;;;;;;;;;;;;;;;;;;;;;;;;;;;;;;;;;;;
116.5;1780344116.5;0;2629.495000597238;14.309204898000238;46.6243097;448.9206704752816;117.4822008768;0.1636326409925947;0.04090816024814867;156.4615191276178;-1.833047055065744;-0.0540241440822787;447114.9854623032;5163648.116633908;-1;;;;;;;;;;;;;;;;;;;;;;;;;;;;;;;;;;;;;;;;;;;;;;;;;;;;;;;;;;;;;;;;;;;;;;;;;;;;;
116.75;1780344116.75;0;2630.745000299215;14.30920532350009;46.62430947649992;448.920978287494;104.15746372755472;0.06362454521100208;0.01590613630275052;169.7834848698345;-2.351517412668151;0.004435900206639298;447115.0178194394;5163648.091513406;-1;;;;;;;;;;;;;;;;;;;;;;;;;;;;;;;;;;;;;;;;;;;;;;;;;;;;;;;;;;;;;;;;;;;;;;;;;;;;;
117;1780344117;0;2631.995000001192;14.3092054995;46.6243094;448.9210700440274;269.1000002145714;0.06032942426530376;0.015082356066325938;4.838805785404944;-2.473324011636015;0.05899318842360778;447115.0312188822;5163648.08289476;-1;;;;;;;;;;;;;;;;;;;;;;;;;;;;;;;;;;;;;;;;;;;;;;;;;;;;;;;;;;;;;;;;;;;;;;;;;;;;;
117.25;1780344117.25;0;2633.244999995231;14.309205302;46.6243094;448.9211353800652;266.0221012924949;0.1692911076246296;0.04232277690615739;7.914963405165548;-2.256733498049305;0.1174092869073767;447115.0160989686;5163648.08302727;-1;;;;;;;;;;;;;;;;;;;;;;;;;;;;;;;;;;;;;;;;;;;;;;;;;;;;;;;;;;;;;;;;;;;;;;;;;;;;;
117.5;1780344117.5;0;2634.495000597238;14.309204752499702;46.62430935049994;448.9214098723551;256.6945232541588;0.2650833649662384;0.0662708412415596;17.24062134441191;-1.770673363456867;0.1771633913677784;447114.9739829289;5163648.077895574;-1;;;;;;;;;;;;;;;;;;;;;;;;;;;;;;;;;;;;;;;;;;;;;;;;;;;;;;;;;;;;;;;;;;;;;;;;;;;;;
117.75;1780344117.75;0;2635.745000299215;14.30920390399976;46.62430922549996;448.9219133434251;267.369568663755;0.3056758571737808;0.0764189642934452;6.563375491854652;-1.16506039626831;0.2263607639701639;447114.9089029915;5163648.064575046;-1;;;;;;;;;;;;;;;;;;;;;;;;;;;;;;;;;;;;;;;;;;;;;;;;;;;;;;;;;;;;;;;;;;;;;;;;;;;;;
118;1780344118;0;2636.995000001192;14.309202904000002;46.6243092;448.9222223012582;262.497285824516;0.4192363983881139;0.10480909959702848;11.433342827296264;-0.4734378231143332;0.2639275686249487;447114.83232165;5163648.06241247;-1;;;;;;;;;;;;;;;;;;;;;;;;;;;;;;;;;;;;;;;;;;;;;;;;;;;;;;;;;;;;;;;;;;;;;;;;;;;;;
118.25;1780344118.25;0;2638.244999995231;14.309201555000004;46.6243090265;448.9230901591402;252.1844575116747;0.4095368068988919;0.10238420172472296;21.74969018907109;0.0785418657961644;0.2964875850368577;447114.7288779336;5163648.044038494;-1;;;;;;;;;;;;;;;;;;;;;;;;;;;;;;;;;;;;;;;;;;;;;;;;;;;;;;;;;;;;;;;;;;;;;;;;;;;;;
118.5;1780344118.5;0;2639.495000597238;14.309200255499344;46.6243088;448.9267073676566;270.0000004625419;0.4427720709653496;0.11069301774133738;3.936507088724665;0.6015584915784488;0.327632973587679;447114.6291720984;5163648.019742024;-1;;;;;;;;;;;;;;;;;;;;;;;;;;;;;;;;;;;;;;;;;;;;;;;;;;;;;;;;;;;;;;;;;;;;;;;;;;;;;
118.75;1780344118.75;0;2640.745000299215;14.309198805999642;46.6243088;448.9293677991912;270.0000003104518;0.3974104350785639;0.09935260876964096;3.936793534027438;0.9983803949456544;0.3813751440509797;447114.5182034364;5163648.020714564;-1;;;;;;;;;;;;;;;;;;;;;;;;;;;;;;;;;;;;;;;;;;;;;;;;;;;;;;;;;;;;;;;;;;;;;;;;;;;;;
119;1780344119;0;2641.995000001192;14.309197504999998;46.6243088;448.9295822902417;270.0000004813571;0.397410542516459;0.09935263562911474;3.940432167318679;1.327365087379174;0.4001660002581788;447114.4186034227;5163648.021587466;-1;;;;;;;;;;;;;;;;;;;;;;;;;;;;;;;;;;;;;;;;;;;;;;;;;;;;;;;;;;;;;;;;;;;;;;;;;;;;;
119.25;1780344119.25;0;2643.244999995231;14.309196204000002;46.6243088;448.9300249834093;270.0000003226503;0.3205861493185278;0.08014653732963194;3.942158923991201;1.522001500290545;0.3752253545225682;447114.31900338;5163648.022460368;-1;;;;;;;;;;;;;;;;;;;;;;;;;;;;;;;;;;;;;;;;;;;;;;;;;;;;;;;;;;;;;;;;;;;;;;;;;;;;;
119.5;1780344119.5;0;2644.495000597238;14.309195154499462;46.6243088;448.9303905954364;270.000000148887;0.2753769895096369;0.06884424737740924;3.942001400623986;1.593409556280445;0.313394582022132;447114.2386572644;5163648.02316453;-1;;;;;;;;;;;;;;;;;;;;;;;;;;;;;;;;;;;;;;;;;;;;;;;;;;;;;;;;;;;;;;;;;;;;;;;;;;;;;
119.75;1780344119.75;0;2645.745000299215;14.30919425299982;46.6243088;448.9306825358381;270;0.2290990293801971;0.05727475734504926;3.940378949765205;1.572997403755185;0.2614346840428885;447114.169641583;5163648.023769394;-1;;;;;;;;;;;;;;;;;;;;;;;;;;;;;;;;;;;;;;;;;;;;;;;;;;;;;;;;;;;;;;;;;;;;;;;;;;;;;
120;1780344120;0;2646.995000001192;14.309193502999998;46.6243088;448.9308982513943;270;0.1864727194143621;0.04661817985359054;3.93976145280039;1.514265257108266;0.21638162059674;447114.1122241999;5163648.024272608;-1;;;;;;;;;;;;;;;;;;;;;;;;;;;;;;;;;;;;;;;;;;;;;;;;;;;;;;;;;;;;;;;;;;;;;;;;;;;;;
120.25;1780344120.25;0;2648.244999995231;14.309192902000002;46.6243088735;448.9308837761971;305.8772145241665;0.1472332480604012;0.03680831201510029;-31.933490774724;1.375704143797824;0.1806399204305602;447114.0662853061;5163648.032843066;-1;;;;;;;;;;;;;;;;;;;;;;;;;;;;;;;;;;;;;;;;;;;;;;;;;;;;;;;;;;;;;;;;;;;;;;;;;;;;;
120.5;1780344120.5;0;2649.247500298619;14.30919255049994;46.6243091;448.930451617579;278.9238631233712;0.03818317108046227;0.009545792770115568;-4.977978974428416;1.236076965595384;0.1539885901727776;447114.0395962614;5163648.05824727;-1;;;;;;;;;;;;;;;;;;;;;;;;;;;;;;;;;;;;;;;;;;;;;;;;;;;;;;;;;;;;;;;;;;;;;;;;;;;;;
120.75;1780344120.75;0;2649.872500149608;14.30919242549997;46.6243091;448.930478111515;301.4588384485883;0.08161715063994684;0.02040428765998671;-27.51274179701116;1.130440738012532;0.1242410322054732;447114.0300266983;5163648.05833114;-1;;;;;;;;;;;;;;;;;;;;;;;;;;;;;;;;;;;;;;;;;;;;;;;;;;;;;;;;;;;;;;;;;;;;;;;;;;;;;
121;1780344121;0;2650.995000001192;14.309192201;46.6243091995;448.9303057556498;1.530279480745602;0.04470140238499661;0.011175350596249152;272.4153630183798;0.928511934735253;0.06602432730296108;447114.0129366608;5163648.069538068;-1;;;;;;;;;;;;;;;;;;;;;;;;;;;;;;;;;;;;;;;;;;;;;;;;;;;;;;;;;;;;;;;;;;;;;;;;;;;;;
121.25;1780344121.25;0;2652.244999995231;14.3091922;46.6243093;448.9300904744742;0;0.0220166217899956;0.0055041554474989;273.9499482907052;0.719521452764205;0.008681416718605266;447114.0129579772;5163648.08070616;-1;;;;;;;;;;;;;;;;;;;;;;;;;;;;;;;;;;;;;;;;;;;;;;;;;;;;;;;;;;;;;;;;;;;;;;;;;;;;;
121.5;1780344121.5;0;2653.495000597238;14.3091922;46.62430934950006;448.9299868973401;0;0.0224613493876018;0.00561533734690045;273.9528018902884;0.5191771859510408;-0.04876636513985826;447114.0130061833;5163648.086206538;-1;;;;;;;;;;;;;;;;;;;;;;;;;;;;;;;;;;;;;;;;;;;;;;;;;;;;;;;;;;;;;;;;;;;;;;;;;;;;;
121.75;1780344121.75;0;2654.745000299215;14.3091922;46.6243094;448.9298812279912;0;0;0;273.9494692989747;0.3432806615729579;-0.0667128810672601;447114.0130553632;5163648.091818018;-1;;;;;;;;;;;;;;;;;;;;;;;;;;;;;;;;;;;;;;;;;;;;;;;;;;;;;;;;;;;;;;;;;;;;;;;;;;;;;
122;1780344122;0;2655.995000001192;14.3091922;46.6243094;448.9298812279912;0;0;0;273.9489588950027;0.2429323864683898;-0.06058788732804834;447114.0130553632;5163648.091818018;-1;;;;;;;;;;;;;;;;;;;;;;;;;;;;;;;;;;;;;;;;;;;;;;;;;;;;;;;;;;;;;;;;;;;;;;;;;;;;;
122.25;1780344122.25;0;2657.244999995231;14.3091922;46.6243094;448.9298812279912;0;0;0;273.9482683955876;0.1859491869258186;-0.04486240584319178;447114.0130553632;5163648.091818018;-1;;;;;;;;;;;;;;;;;;;;;;;;;;;;;;;;;;;;;;;;;;;;;;;;;;;;;;;;;;;;;;;;;;;;;;;;;;;;;
122.5;1780344122.5;0;2658.495000597238;14.3091922;46.6243094;448.9298812279912;0;0;0;273.9503763979397;0.1699495648667585;-0.007464004288557472;447114.0130553632;5163648.091818018;-1;;;;;;;;;;;;;;;;;;;;;;;;;;;;;;;;;;;;;;;;;;;;;;;;;;;;;;;;;;;;;;;;;;;;;;;;;;;;;
122.75;1780344122.75;0;2659.745000299215;14.3091922;46.6243094;448.9298812279912;0;0;0;273.9470447825874;0.1541024973391959;0.03681668435140494;447114.0130553632;5163648.091818018;-1;;;;;;;;;;;;;;;;;;;;;;;;;;;;;;;;;;;;;;;;;;;;;;;;;;;;;;;;;;;;;;;;;;;;;;;;;;;;;
123;1780344123;0;2660.995000001192;14.3091922;46.6243094;448.9298812279912;0;0;0;273.9453422019655;0.1663173531318139;0.06575030651960248;447114.0130553632;5163648.091818018;-1;;;;;;;;;;;;;;;;;;;;;;;;;;;;;;;;;;;;;;;;;;;;;;;;;;;;;;;;;;;;;;;;;;;;;;;;;;;;;
123.25;1780344123.25;0;2662.244999995231;14.3091922;46.6243094;448.9298812279912;0;0;0;273.9479246942155;0.2073109734804732;0.0823239543420924;447114.0130553632;5163648.091818018;-1;;;;;;;;;;;;;;;;;;;;;;;;;;;;;;;;;;;;;;;;;;;;;;;;;;;;;;;;;;;;;;;;;;;;;;;;;;;;;
123.5;1780344123.5;0;2663.495000597238;14.3091922;46.6243094;448.9298812279912;0;0;0;273.9516184053046;0.2442013228043013;0.07587260064378048;447114.0130553632;5163648.091818018;-1;;;;;;;;;;;;;;;;;;;;;;;;;;;;;;;;;;;;;;;;;;;;;;;;;;;;;;;;;;;;;;;;;;;;;;;;;;;;;
123.75;1780344123.75;0;2664.745000299215;14.3091922;46.6243094;448.9298812279912;0;0;0;273.9560201059005;0.2440274176244667;0.06774986362722358;447114.0130553632;5163648.091818018;-1;;;;;;;;;;;;;;;;;;;;;;;;;;;;;;;;;;;;;;;;;;;;;;;;;;;;;;;;;;;;;;;;;;;;;;;;;;;;;
124;1780344124;0;2665.995000001192;14.3091922;46.6243094;448.9298812279912;0;0;0;273.9551880085609;0.2691726162084529;0.08540349166588122;447114.0130553632;5163648.091818018;-1;;;;;;;;;;;;;;;;;;;;;;;;;;;;;;;;;;;;;;;;;;;;;;;;;;;;;;;;;;;;;;;;;;;;;;;;;;;;;
124.25;1780344124.25;0;2667.244999995231;14.3091922;46.6243094;448.9298812279912;0;0;0;273.9520401982498;0.2725990064315954;0.09118566431062276;447114.0130553632;5163648.091818018;-1;;;;;;;;;;;;;;;;;;;;;;;;;;;;;;;;;;;;;;;;;;;;;;;;;;;;;;;;;;;;;;;;;;;;;;;;;;;;;
124.5;1780344124.5;0;2668.495000597238;14.3091922;46.6243094;448.9298812279912;0;0;0;273.9496089981473;0.2768418144784438;0.08882809776873996;447114.0130553632;5163648.091818018;-1;;;;;;;;;;;;;;;;;;;;;;;;;;;;;;;;;;;;;;;;;;;;;;;;;;;;;;;;;;;;;;;;;;;;;;;;;;;;;
124.75;1780344124.75;0;2669.745000299215;14.3091922;46.6243094;448.9298812279912;0;0;0;273.9503837070606;0.2378770501745101;0.08169069422314828;447114.0130553632;5163648.091818018;-1;;;;;;;;;;;;;;;;;;;;;;;;;;;;;;;;;;;;;;;;;;;;;;;;;;;;;;;;;;;;;;;;;;;;;;;;;;;;;
125;1780344125;0;2670.995000001192;14.3091922;46.6243094;448.9298812279912;0;0;0;273.9514177003332;0.2133182017567874;0.06487807186562144;447114.0130553632;5163648.091818018;-1;;;;;;;;;;;;;;;;;;;;;;;;;;;;;;;;;;;;;;;;;;;;;;;;;;;;;;;;;;;;;;;;;;;;;;;;;;;;;
125.25;1780344125.25;0;2672.244999995231;14.3091922;46.6243094;448.9298812279912;0;0;0;273.9479045962786;0.2238536104498458;0.03682636537485902;447114.0130553632;5163648.091818018;-1;;;;;;;;;;;;;;;;;;;;;;;;;;;;;;;;;;;;;;;;;;;;;;;;;;;;;;;;;;;;;;;;;;;;;;;;;;;;;
125.5;1780344125.5;0;2673.495000597238;14.3091922;46.6243094;448.9298812279912;0;0;0;273.94498720368;0.2380725079987792;0.03230026239073224;447114.0130553632;5163648.091818018;-1;;;;;;;;;;;;;;;;;;;;;;;;;;;;;;;;;;;;;;;;;;;;;;;;;;;;;;;;;;;;;;;;;;;;;;;;;;;;;
125.75;1780344125.75;0;2674.745000299215;14.3091922;46.6243094;448.9298812279912;0;0;0;273.9458840941932;0.2186352158837906;0.03519249094433836;447114.0130553632;5163648.091818018;-1;;;;;;;;;;;;;;;;;;;;;;;;;;;;;;;;;;;;;;;;;;;;;;;;;;;;;;;;;;;;;;;;;;;;;;;;;;;;;
126;1780344126;0;2675.995000001192;14.3091922;46.6243094;448.9298812279912;0;0;0;273.9517931068871;0.2012725871460939;0.04704981807400446;447114.0130553632;5163648.091818018;-1;;;;;;;;;;;;;;;;;;;;;;;;;;;;;;;;;;;;;;;;;;;;;;;;;;;;;;;;;;;;;;;;;;;;;;;;;;;;;
126.25;1780344126.25;0;2677.244999995231;14.3091922;46.6243094;448.9298812279912;0;0;0;273.954715050501;0.2041659345325279;0.06635664971953972;447114.0130553632;5163648.091818018;-1;;;;;;;;;;;;;;;;;;;;;;;;;;;;;;;;;;;;;;;;;;;;;;;;;;;;;;;;;;;;;;;;;;;;;;;;;;;;;
126.5;1780344126.5;0;2678.495000597238;14.3091922;46.6243094;448.9298812279912;0;0;0;273.9565379518895;0.2020622837911088;0.07043939422729378;447114.0130553632;5163648.091818018;-1;;;;;;;;;;;;;;;;;;;;;;;;;;;;;;;;;;;;;;;;;;;;;;;;;;;;;;;;;;;;;;;;;;;;;;;;;;;;;
126.75;1780344126.75;0;2679.745000299215;14.3091922;46.6243094;448.9298812279912;0;0;0;273.9567657608423;0.2010975834678737;0.07269457425305782;447114.0130553632;5163648.091818018;-1;;;;;;;;;;;;;;;;;;;;;;;;;;;;;;;;;;;;;;;;;;;;;;;;;;;;;;;;;;;;;;;;;;;;;;;;;;;;;
127;1780344127;0;2680.995000001192;14.3091922;46.6243094;448.9298812279912;0;0;0;273.9520727631509;0.2004842544179743;0.09012476774754008;447114.0130553632;5163648.091818018;-1;;;;;;;;;;;;;;;;;;;;;;;;;;;;;;;;;;;;;;;;;;;;;;;;;;;;;;;;;;;;;;;;;;;;;;;;;;;;;
127.25;1780344127.25;0;2682.244999995231;14.3091922;46.6243094;448.9298812279912;0;0;0;273.9466643969843;0.1883383768761576;0.06927627192962196;447114.0130553632;5163648.091818018;-1;;;;;;;;;;;;;;;;;;;;;;;;;;;;;;;;;;;;;;;;;;;;;;;;;;;;;;;;;;;;;;;;;;;;;;;;;;;;;
127.5;1780344127.5;0;2683.495000597238;14.3091922;46.6243094;448.9298812279912;0;0;0;273.9456237983728;0.1812726921535873;0.07644288673941824;447114.0130553632;5163648.091818018;-1;;;;;;;;;;;;;;;;;;;;;;;;;;;;;;;;;;;;;;;;;;;;;;;;;;;;;;;;;;;;;;;;;;;;;;;;;;;;;
127.75;1780344127.75;0;2684.745000299215;14.3091922;46.6243094;448.9298812279912;0;0;0;273.945768949608;0.1753328163414541;0.06754106209410064;447114.0130553632;5163648.091818018;-1;;;;;;;;;;;;;;;;;;;;;;;;;;;;;;;;;;;;;;;;;;;;;;;;;;;;;;;;;;;;;;;;;;;;;;;;;;;;;
128;1780344128;0;2685.995000001192;14.3091922;46.6243094;448.9298812279912;0;0;0;273.9487658554574;0.1890605229574525;0.05378097743413098;447114.0130553632;5163648.091818018;-1;;;;;;;;;;;;;;;;;;;;;;;;;;;;;;;;;;;;;;;;;;;;;;;;;;;;;;;;;;;;;;;;;;;;;;;;;;;;;
128.25;1780344128.25;0;2687.244999995231;14.3091922;46.6243094;448.9298812279912;0;5.426156262407008e-10;1.356539065601752e-10;273.9541119492956;0.2121698109490317;0.04687117774283158;447114.0130553632;5163648.091818018;-1;;;;;;;;;;;;;;;;;;;;;;;;;;;;;;;;;;;;;;;;;;;;;;;;;;;;;;;;;;;;;;;;;;;;;;;;;;;;;
128.5;1780344128.5;0;2688.495000597238;14.309192199999998;46.6243094;448.9298812279912;0;1.0852312524814016e-09;2.713078131203504e-10;273.9566282987817;0.2832129950113929;-0.01933218934382053;447114.0130553632;5163648.091818018;-1;;;;;;;;;;;;;;;;;;;;;;;;;;;;;;;;;;;;;;;;;;;;;;;;;;;;;;;;;;;;;;;;;;;;;;;;;;;;;
128.75;1780344128.75;0;2689.745000299215;14.309192200000002;46.6243094;448.9298812279912;0;5.426156262407008e-10;1.356539065601752e-10;273.9550418035983;0.3934925850292868;-0.11319973878743176;447114.0130553632;5163648.091818018;-1;;;;;;;;;;;;;;;;;;;;;;;;;;;;;;;;;;;;;;;;;;;;;;;;;;;;;;;;;;;;;;;;;;;;;;;;;;;;;
129;1780344129;0;2690.995000001192;14.3091922;46.6243094;448.9298812279912;0;0;0;273.9501217000238;0.2527468635176259;-0.02863883966410317;447114.0130553632;5163648.091818018;-1;;;;;;;;;;;;;;;;;;;;;;;;;;;;;;;;;;;;;;;;;;;;;;;;;;;;;;;;;;;;;;;;;;;;;;;;;;;;;
129.25;1780344129.25;0;2692.244999995231;14.3091922;46.6243094;448.9298812279912;0;5.426156262407008e-10;1.356539065601752e-10;273.9490034540371;0.4406240484491522;-0.0835966419725617;447114.0130553632;5163648.091818018;-1;;;;;;;;;;;;;;;;;;;;;;;;;;;;;;;;;;;;;;;;;;;;;;;;;;;;;;;;;;;;;;;;;;;;;;;;;;;;;
129.5;1780344129.5;0;2693.495000597238;14.309192199999998;46.6243094;448.9298812279912;62.39777959387592;0.05629883707303572;0.014074709268258928;211.5439917620797;1.617062970401435;-0.6527070885480352;447114.0130553632;5163648.091818018;-1;;;;;;;;;;;;;;;;;;;;;;;;;;;;;;;;;;;;;;;;;;;;;;;;;;;;;;;;;;;;;;;;;;;;;;;;;;;;;
129.75;1780344129.75;0;2694.745000299215;14.30919234900006;46.62430932549998;448.9300083782352;118.48228919870862;0.12036946017338228;0.03009236504334557;155.4344953429;3.028749101355295;-1.349821312631288;447114.0243897368;5163648.083439708;-1;;;;;;;;;;;;;;;;;;;;;;;;;;;;;;;;;;;;;;;;;;;;;;;;;;;;;;;;;;;;;;;;;;;;;;;;;;;;;
130;1780344130;0;2695.995000001192;14.3091926985;46.6243092005;448.9302016012483;134.0573403540191;0.3142934148714419;0.07857335371786046;139.8157460838119;4.422119215588226;-2.038297122666301;447114.0510245064;5163648.069315388;-1;;;;;;;;;;;;;;;;;;;;;;;;;;;;;;;;;;;;;;;;;;;;;;;;;;;;;;;;;;;;;;;;;;;;;;;;;;;;;
130.25;1780344130.25;0;2697.244999995231;14.309193520499996;46.6243087755;448.9309471530322;104.3418095256608;0.4648969967892292;0.11622424919730728;169.4754112039136;5.635442260384336;-2.648116581962742;447114.1135400803;5163648.02153846;-1;;;;;;;;;;;;;;;;;;;;;;;;;;;;;;;;;;;;;;;;;;;;;;;;;;;;;;;;;;;;;;;;;;;;;;;;;;;;;
130.5;1780344130.5;0;2698.495000597238;14.309194942500894;46.62430840299964;448.9314351985144;118.07549269937774;0.7226231970629678;0.1806557992657419;155.6776193947848;6.86518286164959;-3.278982756148132;447114.222040769;5163647.979192648;-1;;;;;;;;;;;;;;;;;;;;;;;;;;;;;;;;;;;;;;;;;;;;;;;;;;;;;;;;;;;;;;;;;;;;;;;;;;;;;
130.75;1780344130.75;0;2699.745000299215;14.309197041000538;46.62430765299982;448.9328174481136;120.16951983167204;0;0;153.5132430520305;8.074381450687668;-3.925568846843935;447114.3819642248;5163647.89444573;-1;;;;;;;;;;;;;;;;;;;;;;;;;;;;;;;;;;;;;;;;;;;;;;;;;;;;;;;;;;;;;;;;;;;;;;;;;;;;;
